{
  "num_parcels": 3000,
  "capa": {
    "algorithm": "capa",
    "batch_size": 30,
    "config": {
      "utility_balance_gamma": 0.5,
      "threshold_omega": 1.0,
      "local_payment_ratio_zeta": 0.2,
      "local_sharing_rate_mu1": 0.5,
      "cross_platform_sharing_rate_mu2": 0.4
    },
    "metrics": {
      "TR": 17544.785223325856,
      "CR": 0.999,
      "BPT": 1.0988806839422978,
      "delivered_parcels": 2997,
      "accepted_assignments": 2997
    }
  },
  "greedy": {
    "algorithm": "greedy",
    "batch_size": 30,
    "metrics": {
      "TR": 8404.87999999985,
      "CR": 0.416,
      "BPT": 1.523035423913825,
      "delivered_parcels": 1248,
      "accepted_assignments": 1248
    }
  },
  "basegta": {
    "algorithm": "basegta",
    "metrics": {
      "TR": 21096.3439300002,
      "CR": 0.9913333333333333,
      "BPT": 1.0372723803448025,
      "delivered_parcels": 2974,
      "accepted_assignments": 2974
    }
  },
  "impgta": {
    "algorithm": "impgta",
    "prediction_window_seconds": 180,
    "metrics": {
      "TR": 23282.006120000122,
      "CR": 0.9806666666666667,
      "BPT": 1.9986521599093976,
      "delivered_parcels": 2942,
      "accepted_assignments": 2942
    }
  },
  "mra": {
    "algorithm": "mra",
    "batch_size": 30,
    "metrics": {
      "TR": 8009.007999999881,
      "CR": 0.39266666666666666,
      "BPT": 26.728138106604092,
      "delivered_parcels": 1178,
      "accepted_assignments": 1178
    }
  },
  "ramcom": {
    "algorithm": "ramcom",
    "random_seed": 1,
    "metrics": {
      "TR": 7743.38799999987,
      "CR": 0.6493333333333333,
      "BPT": 2.9223558498342754,
      "delivered_parcels": 1948,
      "accepted_assignments": 1948
    }
  }
}