{
  "num_parcels": 3000,
  "capa": {
    "algorithm": "capa",
    "batch_size": 30,
    "config": {
      "utility_balance_gamma": 0.5,
      "threshold_omega": 1.0,
      "local_payment_ratio_zeta": 0.2,
      "local_sharing_rate_mu1": 0.5,
      "cross_platform_sharing_rate_mu2": 0.4
    },
    "metrics": {
      "TR": 18300.568248027517,
      "CR": 0.999,
      "BPT": 2.0117563819044335,
      "delivered_parcels": 2997,
      "accepted_assignments": 2997
    }
  },
  "greedy": {
    "algorithm": "greedy",
    "batch_size": 30,
    "metrics": {
      "TR": 9274.015999999818,
      "CR": 0.45966666666666667,
      "BPT": 5.03719029592321,
      "delivered_parcels": 1379,
      "accepted_assignments": 1379
    }
  },
  "basegta": {
    "algorithm": "basegta",
    "metrics": {
      "TR": 21145.23344000021,
      "CR": 0.9936666666666667,
      "BPT": 2.255062671010819,
      "delivered_parcels": 2981,
      "accepted_assignments": 2981
    }
  },
  "impgta": {
    "algorithm": "impgta",
    "prediction_window_seconds": 180,
    "metrics": {
      "TR": 23229.017190000184,
      "CR": 0.9786666666666667,
      "BPT": 4.760949293511658,
      "delivered_parcels": 2936,
      "accepted_assignments": 2936
    }
  },
  "mra": {
    "algorithm": "mra",
    "batch_size": 30,
    "metrics": {
      "TR": 7838.879999999898,
      "CR": 0.379,
      "BPT": 80.26876511159207,
      "delivered_parcels": 1137,
      "accepted_assignments": 1137
    }
  },
  "ramcom": {
    "algorithm": "ramcom",
    "random_seed": 1,
    "metrics": {
      "TR": 9312.315999999826,
      "CR": 0.6943333333333334,
      "BPT": 8.74695497821449,
      "delivered_parcels": 2083,
      "accepted_assignments": 2083
    }
  }
}