parcel_id,platform_id,true_release_time,observed_release_time,true_deadline,observed_deadline,is_delayed,weight,fare,location_node,lng,lat
121804,P4,0.0,0.0,720.0,720.0,False,0.96,8.0,314622956,30.6469045,104.0472313
12214,P4,0.0,0.0,720.0,720.0,False,1.73,9.46,3034040785,30.7004902,104.0186486
126169,P4,0.0,0.0,720.0,720.0,False,0.09,8.0,2366951323,30.6480711,104.1134414
128430,P4,0.0,0.0,720.0,720.0,False,1.16,8.32,4548209325,30.6630577,104.0382741
131345,P4,0.0,0.0,720.0,720.0,False,0.73,8.0,1506428007,30.705024,104.0696225
134929,P4,0.0,0.0,720.0,720.0,False,1.01,8.02,2712314632,30.7064434,104.0356675
139297,P4,0.0,0.0,720.0,720.0,False,0.3,8.0,1313998763,30.6345891,104.0887087
143936,P4,0.0,0.0,720.0,720.0,False,2.07,10.14,4799195761,30.6222623,103.99831
146063,P4,0.0,0.0,720.0,720.0,False,1.18,8.36,432432620,30.658394,104.029106
147416,P4,0.0,0.0,720.0,720.0,False,1.13,8.26,1458550333,30.6826429,104.1031569
156144,P4,0.0,0.0,720.0,720.0,False,1.18,8.36,2259835274,30.625347,104.1026569
157223,P4,0.0,0.0,720.0,720.0,False,2.55,11.1,2472030046,30.6617,104.0625
176786,P4,0.0,0.0,720.0,720.0,False,0.3,8.0,4748183731,30.6255167,104.0173584
189876,P4,0.0,0.0,720.0,720.0,False,1.56,9.12,4393223481,30.6264928,104.0461577
192917,P4,0.0,0.0,720.0,720.0,False,1.08,8.16,4693610156,30.6346775,104.0677857
202849,P4,0.0,0.0,720.0,720.0,False,0.48,8.0,3927876952,30.6762396,103.9878173
37365,P4,0.0,0.0,720.0,720.0,False,1.2,8.4,2532972245,30.7069398,104.0929
42894,P4,0.0,0.0,720.0,720.0,False,0.27,8.0,1916386454,30.6473557,104.0068671
44616,P4,0.0,0.0,720.0,720.0,False,1.13,8.26,318083108,30.6764502,103.9732295
49291,P4,0.0,0.0,720.0,720.0,False,1.03,8.06,3034393462,30.68475,104.04533
5987,P4,0.0,0.0,720.0,720.0,False,0.03,8.0,1504208589,30.7120846,104.0985726
66081,P4,0.0,0.0,720.0,720.0,False,0.76,8.0,5213238434,30.6406894,104.0326418
68153,P4,0.0,0.0,720.0,720.0,False,0.27,8.0,5141458199,30.6328301,104.071764
77559,P4,0.0,0.0,720.0,720.0,False,1.46,8.92,3562047401,30.723017,104.0621
77863,P4,0.0,0.0,720.0,720.0,False,1.34,8.68,1506537735,30.7166217,104.0720665
89015,P4,0.0,0.0,720.0,720.0,False,0.08,8.0,441187597,30.69091,104.05382
90589,P4,0.0,0.0,720.0,720.0,False,1.03,8.06,5211337171,30.6355659,104.0033779
95031,P4,0.0,0.0,720.0,720.0,False,0.6,8.0,1861145348,30.67245,104.10944
144884,P4,1.0,1.0,721.0,721.0,False,0.53,8.0,432452904,30.614518,104.0746835
155425,P4,1.0,1.0,721.0,721.0,False,2.03,10.06,5141468685,30.6375532,104.0942474
163813,P4,1.0,1.0,721.0,721.0,False,1.54,9.08,4972894323,30.6102292,104.0463125
172128,P4,1.0,1.0,721.0,721.0,False,0.92,8.0,603415283,30.7075026,104.095552
178527,P4,1.0,1.0,721.0,721.0,False,1.6,9.2,4106681985,30.64341,103.98667
179135,P4,1.0,1.0,721.0,721.0,False,0.62,8.0,4794975972,30.64539,104.05809
186839,P4,1.0,1.0,721.0,721.0,False,0.46,8.0,672406316,30.652073,104.06968
187078,P4,1.0,1.0,721.0,721.0,False,1.87,9.74,2785843772,30.6893868,104.0104448
188641,P4,1.0,1.0,721.0,721.0,False,0.57,8.0,672349217,30.7266503,104.0721605
191909,P4,1.0,1.0,721.0,721.0,False,2.96,11.92,1459023387,30.644176,104.1108717
197369,P4,1.0,1.0,721.0,721.0,False,1.86,9.72,1388412853,30.6847641,104.0700667
203097,P4,1.0,1.0,721.0,721.0,False,0.92,8.0,3541364357,30.6190013,104.0785575
206407,P4,1.0,1.0,721.0,721.0,False,1.54,9.08,529952557,30.6980299,104.0639187
29010,P4,1.0,1.0,721.0,721.0,False,1.73,9.46,4601261196,30.6589078,104.0617639
45837,P4,1.0,1.0,721.0,721.0,False,0.57,8.0,3562033464,30.7086247,104.0779672
52129,P4,1.0,1.0,721.0,721.0,False,0.81,8.0,2710589458,30.6187032,104.0660638
74931,P4,1.0,1.0,721.0,721.0,False,0.24,8.0,4548211612,30.6471577,104.0206618
7938,P4,1.0,1.0,721.0,721.0,False,0.62,8.0,5141328510,30.6115152,104.0574439
83843,P4,1.0,1.0,721.0,721.0,False,1.34,8.68,1156126798,30.66572,104.04163
8441,P4,1.0,1.0,721.0,721.0,False,1.34,8.68,4695640643,30.6114947,104.0245835
85109,P4,1.0,1.0,721.0,721.0,False,1.54,9.08,4772463270,30.6619113,104.0461651
86787,P4,1.0,1.0,721.0,721.0,False,0.53,8.0,4106682203,30.6620623,103.9734265
88204,P4,1.0,1.0,721.0,721.0,False,0.73,8.0,5053143822,30.7124187,104.0054782
103277,P4,2.0,2.0,722.0,722.0,False,0.66,8.0,671591330,30.6751212,104.0554058
104284,P4,2.0,2.0,722.0,722.0,False,0.13,8.0,2933855166,30.6111757,103.9801937
106343,P4,2.0,2.0,722.0,722.0,False,1.82,9.64,3579529393,30.6206579,104.025361
108906,P4,2.0,2.0,722.0,722.0,False,1.89,9.78,4585553612,30.6533973,104.0273931
11865,P4,2.0,2.0,722.0,722.0,False,1.54,9.08,5367317629,30.6625857,103.979658
13237,P4,2.0,2.0,722.0,722.0,False,0.54,8.0,432452874,30.615053,104.053595
140971,P4,2.0,2.0,722.0,722.0,False,2.43,10.86,4548211657,30.66465,104.03688
179178,P4,2.0,2.0,722.0,722.0,False,2.18,10.36,5375783868,30.6617396,103.9979022
182084,P4,2.0,2.0,722.0,722.0,False,1.83,9.66,4106682193,30.6584169,103.9777891
187041,P4,2.0,2.0,722.0,722.0,False,0.28,8.0,4220546259,30.654465,104.0754705
198845,P4,2.0,2.0,722.0,722.0,False,1.58,9.16,4693610154,30.6343798,104.0678027
25775,P4,2.0,2.0,722.0,722.0,False,0.25,8.0,3614070497,30.67386,104.05733
33206,P4,2.0,2.0,722.0,722.0,False,0.66,8.0,2441172198,30.6749063,104.0074496
43059,P4,2.0,2.0,722.0,722.0,False,1.54,9.08,628641785,30.68237,104.08511
57404,P4,2.0,2.0,722.0,722.0,False,2.25,10.5,432442508,30.6717013,104.0065705
59024,P4,2.0,2.0,722.0,722.0,False,0.13,8.0,318090605,30.6598101,104.0130367
63167,P4,2.0,2.0,722.0,722.0,False,0.54,8.0,432453008,30.65649,104.08631
66232,P4,2.0,2.0,722.0,722.0,False,0.25,8.0,4695640583,30.6121963,104.0259698
91871,P4,2.0,2.0,722.0,722.0,False,1.78,9.56,1072704390,30.699589,104.0773613
95767,P4,2.0,2.0,722.0,722.0,False,1.83,9.66,1458570758,30.692417,104.08926
119765,P4,3.0,3.0,723.0,723.0,False,1.5,9.0,2653570475,30.6693079,104.0918115
137603,P4,3.0,3.0,723.0,723.0,False,0.8,8.0,314623162,30.657412,104.066414
138352,P4,3.0,3.0,723.0,723.0,False,1.72,9.44,3034330084,30.6656401,104.0762812
156799,P4,3.0,3.0,723.0,723.0,False,2.26,10.52,4548209336,30.6325431,104.0237382
159149,P4,3.0,3.0,723.0,723.0,False,1.44,8.88,439751840,30.6555765,103.9815136
186599,P4,3.0,3.0,723.0,723.0,False,1.1,8.2,3034409014,30.70882,104.09647
193750,P4,3.0,3.0,723.0,723.0,False,0.31,8.0,4549993126,30.6988926,104.028733
194733,P4,3.0,3.0,723.0,723.0,False,1.92,9.84,4550701194,30.6238498,104.0339028
43852,P4,3.0,3.0,723.0,723.0,False,2.26,10.52,4693610144,30.6353523,104.0684007
59295,P4,3.0,3.0,723.0,723.0,False,0.45,8.0,4400595031,30.67499,104.07742
88737,P4,3.0,3.0,723.0,723.0,False,1.22,8.44,3927877868,30.6765814,103.9869561
89591,P4,3.0,3.0,723.0,723.0,False,0.43,8.0,2039550422,30.67737,104.1136
94395,P4,3.0,3.0,723.0,723.0,False,1.44,8.88,4218012539,30.6250297,104.0420657
114902,P4,4.0,4.0,724.0,724.0,False,0.35,8.0,1301932981,30.6516301,104.0808431
117534,P4,4.0,4.0,724.0,724.0,False,0.14,8.0,2915973103,30.6364124,104.1157663
12007,P4,4.0,4.0,724.0,724.0,False,0.98,8.0,1457843770,30.688178,104.0993623
132917,P4,4.0,4.0,724.0,724.0,False,0.04,8.0,1313065650,30.6326198,104.0808098
138495,P4,4.0,4.0,724.0,724.0,False,0.91,8.0,3562047402,30.7140719,104.0379946
145416,P4,4.0,4.0,724.0,724.0,False,0.51,8.0,3034330083,30.6615722,104.0847498
145798,P4,4.0,4.0,724.0,724.0,False,2.2,10.4,4772463301,30.6623382,104.0450365
153867,P4,4.0,4.0,724.0,724.0,False,2.2,10.4,2712421556,30.63435,104.0586
163483,P4,4.0,4.0,724.0,724.0,False,1.87,9.74,1156126793,30.681287,104.0534015
16988,P4,4.0,4.0,724.0,724.0,False,1.96,9.92,2217714910,30.6609371,104.0664485
183174,P4,4.0,4.0,724.0,724.0,False,0.79,8.0,3541405001,30.6844028,104.0556549
189505,P4,4.0,4.0,724.0,724.0,False,0.78,8.0,4505485126,30.6351228,104.0839511
190936,P4,4.0,4.0,724.0,724.0,False,0.97,8.0,4106682236,30.6808464,104.0025244
199835,P4,4.0,4.0,724.0,724.0,False,0.0,8.0,4601261200,30.658632,104.075294
202089,P4,4.0,4.0,724.0,724.0,False,1.87,9.74,672360562,30.6422578,104.0860643
27240,P4,4.0,4.0,724.0,724.0,False,0.03,8.0,1459039155,30.645191,104.1072745
35555,P4,4.0,4.0,724.0,724.0,False,1.07,8.14,3034040785,30.7004902,104.0186486
42993,P4,4.0,4.0,724.0,724.0,False,1.07,8.14,1159145482,30.6659111,104.0680981
73477,P4,4.0,4.0,724.0,724.0,False,0.5,8.0,4794975945,30.639873,104.0639714
73866,P4,4.0,4.0,724.0,724.0,False,0.58,8.0,3680412792,30.6578669,104.016147
80745,P4,4.0,4.0,724.0,724.0,False,1.55,9.1,1458995150,30.6597666,104.0982723
83805,P4,4.0,4.0,724.0,724.0,False,1.08,8.16,4987534985,30.6217372,104.0036956
91131,P4,4.0,4.0,724.0,724.0,False,0.97,8.0,1159176574,30.6305504,104.0581825
96511,P4,4.0,4.0,724.0,724.0,False,0.69,8.0,1916517839,30.6586864,103.9877811
107883,P4,5.0,5.0,725.0,725.0,False,1.34,8.68,872832476,30.6579442,104.063453
1119,P4,5.0,5.0,725.0,725.0,False,0.42,8.0,3541404998,30.683483,104.04994
11962,P4,5.0,5.0,725.0,725.0,False,0.2,8.0,3562047401,30.7213669,104.0617703
157178,P4,5.0,5.0,725.0,725.0,False,0.34,8.0,5141468669,30.6379789,104.0921738
171553,P4,5.0,5.0,725.0,725.0,False,0.34,8.0,4695601317,30.6113495,104.0285226
177833,P4,5.0,5.0,725.0,725.0,False,1.24,8.48,4106682240,30.6826398,103.9986684
200011,P4,5.0,5.0,725.0,725.0,False,0.9,8.0,5213238604,30.6353619,104.0488733
34651,P4,5.0,5.0,725.0,725.0,False,0.88,8.0,4701464323,30.6110672,104.0650627
34922,P4,5.0,5.0,725.0,725.0,False,1.6,9.2,5367317627,30.6588996,103.979849
49912,P4,5.0,5.0,725.0,725.0,False,1.59,9.18,2717970033,30.6295411,104.0640997
73091,P4,5.0,5.0,725.0,725.0,False,1.25,8.5,1159234181,30.69469,104.07387
8577,P4,5.0,5.0,725.0,725.0,False,1.64,9.28,2912291131,30.6426049,104.0968024
93091,P4,5.0,5.0,725.0,725.0,False,1.34,8.68,5055908305,30.7142601,104.1148794
127375,P4,6.0,6.0,726.0,726.0,False,0.96,8.0,3562047447,30.7147003,104.072085
134847,P4,6.0,6.0,726.0,726.0,False,2.1,10.2,4549759293,30.66739,104.05877
134960,P4,6.0,6.0,726.0,726.0,False,1.01,8.02,1295783630,30.6408375,104.0794357
136416,P4,6.0,6.0,726.0,726.0,False,0.58,8.0,2733352548,30.6168435,104.0797026
151467,P4,6.0,6.0,726.0,726.0,False,1.54,9.08,3582243030,30.71003,104.00233
163607,P4,6.0,6.0,726.0,726.0,False,2.67,11.34,4359391023,30.72502,104.11004
17079,P4,6.0,6.0,726.0,726.0,False,1.54,9.08,4230611261,30.6511304,104.0716652
189051,P4,6.0,6.0,726.0,726.0,False,0.52,8.0,4963999555,30.7124599,104.0356925
191406,P4,6.0,6.0,726.0,726.0,False,2.1,10.2,2718635888,30.6707393,103.9886401
196118,P4,6.0,6.0,726.0,726.0,False,2.67,11.34,2852215058,30.7171192,104.0927985
2733,P4,6.0,6.0,726.0,726.0,False,0.08,8.0,4972899550,30.6142437,104.0472559
33623,P4,6.0,6.0,726.0,726.0,False,1.07,8.14,3436486413,30.6413896,104.0486322
38543,P4,6.0,6.0,726.0,726.0,False,2.79,11.58,5213238503,30.65967,104.0738
68967,P4,6.0,6.0,726.0,726.0,False,0.52,8.0,4782067643,30.62304,104.0317
72003,P4,6.0,6.0,726.0,726.0,False,0.29,8.0,2539837361,30.7054771,104.0922147
142549,P4,7.0,7.0,727.0,727.0,False,0.74,8.0,1159481534,30.6728847,104.069903
143665,P4,7.0,7.0,727.0,727.0,False,0.29,8.0,4972894332,30.6114996,104.0454648
145620,P4,7.0,7.0,727.0,727.0,False,0.55,8.0,1072698538,30.717676,104.0701695
157478,P4,7.0,7.0,727.0,727.0,False,2.32,10.64,2662847697,30.6753784,104.0045085
178747,P4,7.0,7.0,727.0,727.0,False,0.02,8.0,3562015383,30.66023,104.08155
183824,P4,7.0,7.0,727.0,727.0,False,1.07,8.14,1947583867,30.685756,104.0865277
19193,P4,7.0,7.0,727.0,727.0,False,1.57,9.14,314635503,30.6253797,104.0422971
198437,P4,7.0,7.0,727.0,727.0,False,2.01,10.02,1458998773,30.6598021,104.0979504
204059,P4,7.0,7.0,727.0,727.0,False,2.24,10.48,1305816742,30.65211,104.07832
25755,P4,7.0,7.0,727.0,727.0,False,0.29,8.0,5141468805,30.6294733,104.0984475
39753,P4,7.0,7.0,727.0,727.0,False,1.57,9.14,4987535024,30.6291307,104.0064751
52758,P4,7.0,7.0,727.0,727.0,False,1.06,8.12,4294975866,30.6480272,103.9928105
88227,P4,7.0,7.0,727.0,727.0,False,0.11,8.0,4972899580,30.6331037,104.0482294
1126,P4,8.0,8.0,728.0,728.0,False,0.49,8.0,1388442962,30.6477004,104.0724143
126115,P4,8.0,8.0,728.0,728.0,False,0.14,8.0,1815741542,30.69018,104.07667
130476,P4,8.0,8.0,728.0,728.0,False,0.34,8.0,1987226861,30.663292,104.0523509
13094,P4,8.0,8.0,728.0,728.0,False,0.74,8.0,5186309506,30.6747224,104.0088021
155769,P4,8.0,8.0,728.0,728.0,False,2.39,10.78,3538911124,30.6260096,104.0879165
187128,P4,8.0,8.0,728.0,728.0,False,0.92,8.0,1916386576,30.6349922,104.0127817
193033,P4,8.0,8.0,728.0,728.0,False,0.9,8.0,4296641707,30.6483298,104.091056
65792,P4,8.0,8.0,728.0,728.0,False,0.9,8.0,1506449541,30.7050514,104.0638781
79963,P4,8.0,8.0,728.0,728.0,False,0.9,8.0,1159477636,30.6716606,104.0577856
83083,P4,8.0,8.0,728.0,728.0,False,0.49,8.0,4701577748,30.6196554,104.0814593
124303,P4,9.0,9.0,729.0,729.0,False,0.56,8.0,4772430859,30.6773669,104.0058719
146754,P4,9.0,9.0,729.0,729.0,False,0.56,8.0,2915973106,30.6392139,104.1150132
17215,P4,9.0,9.0,729.0,729.0,False,0.63,8.0,4638105420,30.712595,104.06487
173896,P4,9.0,9.0,729.0,729.0,False,0.23,8.0,432432462,30.651193,104.0546271
197016,P4,9.0,9.0,729.0,729.0,False,1.19,8.38,1159138407,30.6645523,104.0963011
29946,P4,9.0,9.0,729.0,729.0,False,0.64,8.0,4106682232,30.6785206,104.0010581
37246,P4,9.0,9.0,729.0,729.0,False,1.19,8.38,4772216123,30.6781556,104.0068845
40622,P4,9.0,9.0,729.0,729.0,False,0.55,8.0,2041527424,30.6916682,104.0967891
57969,P4,9.0,9.0,729.0,729.0,False,1.58,9.16,2315717850,30.6346176,104.1006639
63707,P4,9.0,9.0,729.0,729.0,False,1.21,8.42,5055911221,30.715113,104.10369
69222,P4,9.0,9.0,729.0,729.0,False,0.55,8.0,2852227693,30.6870368,104.0671329
79040,P4,9.0,9.0,729.0,729.0,False,0.57,8.0,1460307830,30.6558563,104.1123162
88446,P4,9.0,9.0,729.0,729.0,False,1.19,8.38,3076737453,30.6598053,104.0515883
111937,P4,10.0,10.0,730.0,730.0,False,0.28,8.0,5141468694,30.6351947,104.0922324
136616,P4,10.0,10.0,730.0,730.0,False,1.3,8.6,2344329063,30.6548505,104.0541164
165044,P4,10.0,10.0,730.0,730.0,False,1.74,9.48,3541364357,30.6190013,104.0785575
195390,P4,10.0,10.0,730.0,730.0,False,2.06,10.12,3614070498,30.6725382,104.0591759
21475,P4,10.0,10.0,730.0,730.0,False,1.0,8.0,5213253161,30.71606,104.07837
31452,P4,10.0,10.0,730.0,730.0,False,1.26,8.52,432442847,30.6692858,103.9955816
38012,P4,10.0,10.0,730.0,730.0,False,1.56,9.12,1159477627,30.6743851,104.0517283
44456,P4,10.0,10.0,730.0,730.0,False,0.82,8.0,1827955129,30.6635175,104.0579957
53558,P4,10.0,10.0,730.0,730.0,False,1.96,9.92,4695601329,30.6104205,104.0290549
132164,P4,11.0,11.0,731.0,731.0,False,0.29,8.0,5213238478,30.6369,104.0496014
133576,P4,11.0,11.0,731.0,731.0,False,2.76,11.52,3614062391,30.6737255,104.0495054
136104,P4,11.0,11.0,731.0,731.0,False,1.3,8.6,4701400695,30.6217339,104.0647417
13744,P4,11.0,11.0,731.0,731.0,False,2.96,11.92,5213237277,30.6608521,104.0695973
207690,P4,11.0,11.0,731.0,731.0,False,1.17,8.34,5102886111,30.6913898,103.9831726
23554,P4,11.0,11.0,731.0,731.0,False,2.44,10.88,1159131822,30.6658182,104.0810467
58074,P4,11.0,11.0,731.0,731.0,False,1.41,8.82,1916530947,30.632881,103.9806073
60734,P4,11.0,11.0,731.0,731.0,False,0.21,8.0,5375783863,30.6624038,103.9960617
89610,P4,11.0,11.0,731.0,731.0,False,0.33,8.0,4550018980,30.6503912,104.0582477
100375,P4,12.0,12.0,732.0,732.0,False,2.35,10.7,1159131854,30.66672,104.072845
115413,P4,12.0,12.0,732.0,732.0,False,0.42,8.0,2717786564,30.6251659,104.0814952
120980,P4,12.0,12.0,732.0,732.0,False,1.21,8.42,432442519,30.683134,104.0127396
129505,P4,12.0,12.0,732.0,732.0,False,0.33,8.0,3680455697,30.6579432,104.013725
149836,P4,12.0,12.0,732.0,732.0,False,0.86,8.0,2080646464,30.6268006,104.0954968
166039,P4,12.0,12.0,732.0,732.0,False,1.34,8.68,5040759944,30.68331,104.10027
21495,P4,12.0,12.0,732.0,732.0,False,1.66,9.32,1964427885,30.6674,104.10562
26474,P4,12.0,12.0,732.0,732.0,False,0.33,8.0,2981319480,30.7065632,104.0099932
64421,P4,12.0,12.0,732.0,732.0,False,0.43,8.0,1885342891,30.6778662,104.0979848
66629,P4,12.0,12.0,732.0,732.0,False,0.36,8.0,3927877871,30.6765872,103.9878448
68728,P4,12.0,12.0,732.0,732.0,False,2.08,10.16,2039561246,30.6862981,104.1013971
77636,P4,12.0,12.0,732.0,732.0,False,1.1,8.2,2709174919,30.6268579,104.0817617
90099,P4,12.0,12.0,732.0,732.0,False,0.51,8.0,1918491702,30.6517349,103.9786164
150196,P4,13.0,13.0,733.0,733.0,False,0.75,8.0,4106681904,30.6116212,103.9898154
184751,P4,13.0,13.0,733.0,733.0,False,0.04,8.0,1469155007,30.6324562,104.1136863
20728,P4,13.0,13.0,733.0,733.0,False,1.12,8.24,1159134903,30.6594044,104.0891979
5458,P4,13.0,13.0,733.0,733.0,False,0.76,8.0,3087817464,30.6371899,104.0180949
77163,P4,13.0,13.0,733.0,733.0,False,0.79,8.0,1756176909,30.67541,104.07027
104177,P4,14.0,14.0,734.0,734.0,False,1.53,9.06,4550764057,30.6253733,104.1024878
110718,P4,14.0,14.0,734.0,734.0,False,0.39,8.0,5256947454,30.6769636,104.0948991
114176,P4,14.0,14.0,734.0,734.0,False,0.73,8.0,2843286556,30.6884143,104.0574989
128187,P4,14.0,14.0,734.0,734.0,False,1.02,8.04,5218133405,30.647212,104.1099806
147540,P4,14.0,14.0,734.0,734.0,False,1.4,8.8,1947583849,30.6895832,104.0875461
159884,P4,14.0,14.0,734.0,734.0,False,0.39,8.0,3541422914,30.7093211,104.0624142
161071,P4,14.0,14.0,734.0,734.0,False,1.02,8.04,4118527460,30.70082,104.0985
179519,P4,14.0,14.0,734.0,734.0,False,0.75,8.0,3087817489,30.6636698,104.0101255
191595,P4,14.0,14.0,734.0,734.0,False,0.73,8.0,4972899561,30.6209499,104.0489497
35618,P4,14.0,14.0,734.0,734.0,False,0.4,8.0,3541393470,30.6871359,104.0260069
38487,P4,14.0,14.0,734.0,734.0,False,1.02,8.04,1902099047,30.7077718,104.0633477
44028,P4,14.0,14.0,734.0,734.0,False,1.84,9.68,2214043180,30.6285207,104.087315
72019,P4,14.0,14.0,734.0,734.0,False,0.01,8.0,5213253142,30.6656392,104.1094973
81458,P4,14.0,14.0,734.0,734.0,False,0.39,8.0,2843286575,30.6963703,104.0574894
109421,P4,15.0,15.0,735.0,735.0,False,1.67,9.34,5141468724,30.6353547,104.0937824
113455,P4,15.0,15.0,735.0,735.0,False,4.01,14.02,2691023099,30.7092,103.99653
124163,P4,15.0,15.0,735.0,735.0,False,0.22,8.0,3780408673,30.630479,104.057504
134708,P4,15.0,15.0,735.0,735.0,False,2.66,11.32,2662847700,30.6784339,103.994226
136658,P4,15.0,15.0,735.0,735.0,False,1.72,9.44,4695640522,30.6157924,104.0243738
144429,P4,15.0,15.0,735.0,735.0,False,1.63,9.26,4701464734,30.616402,104.0613394
144948,P4,15.0,15.0,735.0,735.0,False,0.25,8.0,4773916459,30.6579268,104.0016249
148033,P4,15.0,15.0,735.0,735.0,False,1.63,9.26,5141328772,30.6157441,104.0622497
158467,P4,15.0,15.0,735.0,735.0,False,0.01,8.0,1159462960,30.67479,104.02326
199607,P4,15.0,15.0,735.0,735.0,False,0.63,8.0,2366951323,30.646955,104.113396
22749,P4,15.0,15.0,735.0,735.0,False,0.23,8.0,5141468745,30.6320169,104.0974905
29140,P4,15.0,15.0,735.0,735.0,False,2.8,11.6,1916386576,30.6349922,104.0127817
60892,P4,15.0,15.0,735.0,735.0,False,0.23,8.0,1815855048,30.6764152,103.9825875
66955,P4,15.0,15.0,735.0,735.0,False,2.8,11.6,5141328631,30.6120588,104.0592249
77191,P4,15.0,15.0,735.0,735.0,False,0.45,8.0,5310712648,30.66168,104.10822
86908,P4,15.0,15.0,735.0,735.0,False,0.54,8.0,5141468625,30.6348357,104.0914317
88708,P4,15.0,15.0,735.0,735.0,False,0.01,8.0,5336411841,30.6456972,104.0350005
102251,P4,16.0,16.0,736.0,736.0,False,0.87,8.0,2823785848,30.67698,104.07357
109060,P4,16.0,16.0,736.0,736.0,False,0.87,8.0,4782067644,30.624048,104.0293485
120876,P4,16.0,16.0,736.0,736.0,False,0.25,8.0,5213237302,30.6592821,104.0787494
121939,P4,16.0,16.0,736.0,736.0,False,1.68,9.36,4699007141,30.60919,104.03752
122275,P4,16.0,16.0,736.0,736.0,False,0.58,8.0,4064178182,30.6742941,103.9768594
153967,P4,16.0,16.0,736.0,736.0,False,0.44,8.0,4078817932,30.70716,104.081665
171635,P4,16.0,16.0,736.0,736.0,False,2.3,10.6,1956501938,30.687,104.1049
189580,P4,16.0,16.0,736.0,736.0,False,0.28,8.0,1819305372,30.6369329,104.1056596
27167,P4,16.0,16.0,736.0,736.0,False,1.12,8.24,1159155007,30.65142,104.08632
41821,P4,16.0,16.0,736.0,736.0,False,0.75,8.0,4772463277,30.6602566,104.0469174
52015,P4,16.0,16.0,736.0,736.0,False,0.39,8.0,5354813690,30.65926,104.06046
87165,P4,16.0,16.0,736.0,736.0,False,1.07,8.14,4548141082,30.6226915,104.0684086
87987,P4,16.0,16.0,736.0,736.0,False,0.87,8.0,672349708,30.6969306,104.0705922
89807,P4,16.0,16.0,736.0,736.0,False,1.75,9.5,3614070500,30.6740138,104.0639403
133095,P4,17.0,17.0,737.0,737.0,False,0.64,8.0,3979164207,30.6751625,104.0891486
142930,P4,17.0,17.0,737.0,737.0,False,2.41,10.82,4987535059,30.6305476,104.0142447
151755,P4,17.0,17.0,737.0,737.0,False,0.74,8.0,5213238458,30.6353996,104.0522992
153579,P4,17.0,17.0,737.0,737.0,False,0.37,8.0,3562110266,30.6533,104.01486
156415,P4,17.0,17.0,737.0,737.0,False,1.9,9.8,1159134936,30.6680286,104.0952597
160120,P4,17.0,17.0,737.0,737.0,False,0.87,8.0,1504190710,30.7132008,104.078031
186859,P4,17.0,17.0,737.0,737.0,False,1.9,9.8,432442902,30.672148,104.02714
195718,P4,17.0,17.0,737.0,737.0,False,0.32,8.0,4548211255,30.6796797,104.0394063
196088,P4,17.0,17.0,737.0,737.0,False,1.01,8.02,4550769605,30.6330559,104.103782
199139,P4,17.0,17.0,737.0,737.0,False,1.38,8.76,1159137575,30.658674,104.09253
48631,P4,17.0,17.0,737.0,737.0,False,1.1,8.2,3582230411,30.639757,103.9723877
71766,P4,17.0,17.0,737.0,737.0,False,0.64,8.0,4548211304,30.6686056,104.0380599
85902,P4,17.0,17.0,737.0,737.0,False,1.65,9.3,2852215053,30.7159354,104.1016384
102871,P4,18.0,18.0,738.0,738.0,False,0.07,8.0,3445813128,30.67282,104.079
109999,P4,18.0,18.0,738.0,738.0,False,0.67,8.0,1159176227,30.6247,104.06089
129561,P4,18.0,18.0,738.0,738.0,False,2.36,10.72,1492575477,30.6189207,104.0645451
132887,P4,18.0,18.0,738.0,738.0,False,1.98,9.96,1947583808,30.6942533,104.0805489
137207,P4,18.0,18.0,738.0,738.0,False,1.98,9.96,1159491545,30.685596,104.07525
166950,P4,18.0,18.0,738.0,738.0,False,2.71,11.42,314622954,30.6506182,104.0541871
175246,P4,18.0,18.0,738.0,738.0,False,0.41,8.0,4703149460,30.6110835,104.0660773
203563,P4,18.0,18.0,738.0,738.0,False,0.91,8.0,4550701194,30.6238498,104.0339028
29046,P4,18.0,18.0,738.0,738.0,False,1.3,8.6,4934383662,30.6183255,104.1124386
52487,P4,18.0,18.0,738.0,738.0,False,0.97,8.0,4550769857,30.64941,104.11296
5961,P4,18.0,18.0,738.0,738.0,False,1.37,8.74,2135942432,30.6108656,104.0240882
66207,P4,18.0,18.0,738.0,738.0,False,1.97,9.94,432442576,30.68433,104.02816
72136,P4,18.0,18.0,738.0,738.0,False,0.49,8.0,2956775835,30.7152772,104.0378524
91604,P4,18.0,18.0,738.0,738.0,False,0.76,8.0,3087817492,30.6661933,104.0116005
91660,P4,18.0,18.0,738.0,738.0,False,0.41,8.0,1455005333,30.6962868,104.1054007
118207,P4,19.0,19.0,739.0,739.0,False,1.53,9.06,2039561232,30.67158,104.10374
125147,P4,19.0,19.0,739.0,739.0,False,0.82,8.0,4505485116,30.6351107,104.0758277
137239,P4,19.0,19.0,739.0,739.0,False,2.15,10.3,4772463248,30.6629599,104.0461897
148568,P4,19.0,19.0,739.0,739.0,False,0.33,8.0,4549993338,30.6507132,103.9859408
155885,P4,19.0,19.0,739.0,739.0,False,0.43,8.0,1455111118,30.6959242,104.1061696
162356,P4,19.0,19.0,739.0,739.0,False,0.89,8.0,1902099081,30.7231748,104.0661476
175225,P4,19.0,19.0,739.0,739.0,False,0.2,8.0,432429383,30.6392966,104.0528762
175803,P4,19.0,19.0,739.0,739.0,False,1.53,9.06,4992013246,30.621778,104.0745079
184283,P4,19.0,19.0,739.0,739.0,False,1.8,9.6,2560005511,30.6295021,104.0209116
189366,P4,19.0,19.0,739.0,739.0,False,0.43,8.0,1301933042,30.6550569,104.0789302
24502,P4,19.0,19.0,739.0,739.0,False,0.46,8.0,2333096988,30.6241657,103.9868991
33576,P4,19.0,19.0,739.0,739.0,False,0.82,8.0,1492574988,30.6217426,104.0643473
48583,P4,19.0,19.0,739.0,739.0,False,2.06,10.12,3034376772,30.6802544,104.0634516
57939,P4,19.0,19.0,739.0,739.0,False,0.01,8.0,2823785826,30.66011,104.05628
63067,P4,19.0,19.0,739.0,739.0,False,1.28,8.56,1918491735,30.6303994,103.9813864
133961,P4,20.0,20.0,740.0,740.0,False,1.29,8.58,4294771686,30.6230257,104.0378721
149222,P4,20.0,20.0,740.0,740.0,False,0.14,8.0,4548211481,30.6650832,104.0446397
161337,P4,20.0,20.0,740.0,740.0,False,0.28,8.0,1339762122,30.7045446,104.0435058
166849,P4,20.0,20.0,740.0,740.0,False,2.17,10.34,4782067656,30.6248016,104.0266882
167679,P4,20.0,20.0,740.0,740.0,False,3.36,12.72,4585624086,30.675016,104.029495
174623,P4,20.0,20.0,740.0,740.0,False,1.18,8.36,803147944,30.63919,104.07956
175002,P4,20.0,20.0,740.0,740.0,False,0.54,8.0,2315717850,30.6346176,104.1006639
185474,P4,20.0,20.0,740.0,740.0,False,0.85,8.0,3632988786,30.6642933,104.032285
190143,P4,20.0,20.0,740.0,740.0,False,0.85,8.0,2733352544,30.61829,104.07679
194816,P4,20.0,20.0,740.0,740.0,False,1.28,8.56,4549993227,30.706241,104.0018387
197960,P4,20.0,20.0,740.0,740.0,False,2.5,11.0,1504174277,30.7178845,104.0700815
199539,P4,20.0,20.0,740.0,740.0,False,0.28,8.0,2843289945,30.69966,104.05755
3507,P4,20.0,20.0,740.0,740.0,False,0.52,8.0,2333193192,30.6306223,104.0982423
36852,P4,20.0,20.0,740.0,740.0,False,0.85,8.0,1947583834,30.6887158,104.086253
45847,P4,20.0,20.0,740.0,740.0,False,2.17,10.34,1159149121,30.65483,104.07331
95811,P4,20.0,20.0,740.0,740.0,False,0.33,8.0,3034330081,30.66191,104.0858
128947,P4,21.0,21.0,741.0,741.0,False,2.56,11.12,1159490053,30.6905324,104.0707845
148471,P4,21.0,21.0,741.0,741.0,False,2.35,10.7,1301933029,30.65351,104.06958
2627,P4,21.0,21.0,741.0,741.0,False,0.01,8.0,3523298662,30.62938,104.05533
73399,P4,21.0,21.0,741.0,741.0,False,2.31,10.62,3541389071,30.67408,104.055
86975,P4,21.0,21.0,741.0,741.0,False,0.09,8.0,4701400722,30.622465,104.07049
108435,P4,22.0,22.0,742.0,742.0,False,1.09,8.18,3614062391,30.67342,104.05014
111392,P4,22.0,22.0,742.0,742.0,False,0.02,8.0,3562086841,30.6763615,104.0432669
134975,P4,22.0,22.0,742.0,742.0,False,1.29,8.58,1159155247,30.6473,104.09419
1551,P4,22.0,22.0,742.0,742.0,False,0.63,8.0,1469171331,30.63933,104.08902
170563,P4,22.0,22.0,742.0,742.0,False,1.79,9.58,1460293504,30.6518606,104.1112427
179872,P4,22.0,22.0,742.0,742.0,False,1.79,9.58,4106682120,30.6442026,103.9718285
193950,P4,22.0,22.0,742.0,742.0,False,0.24,8.0,2330197895,30.6950997,104.0873302
195360,P4,22.0,22.0,742.0,742.0,False,0.17,8.0,4695640580,30.6121794,104.0253352
206889,P4,22.0,22.0,742.0,742.0,False,1.7,9.4,5283966195,30.7018488,104.1144818
43755,P4,22.0,22.0,742.0,742.0,False,0.34,8.0,628641785,30.68238,104.08494
48218,P4,22.0,22.0,742.0,742.0,False,1.7,9.4,4106681972,30.6401081,103.9809856
50007,P4,22.0,22.0,742.0,742.0,False,1.56,9.12,1506426847,30.709522,104.07179
51243,P4,22.0,22.0,742.0,742.0,False,1.64,9.28,3523314188,30.6256411,104.0520132
56360,P4,22.0,22.0,742.0,742.0,False,1.56,9.12,1885342898,30.6769671,104.0969535
70143,P4,22.0,22.0,742.0,742.0,False,0.65,8.0,432432557,30.654964,104.047775
80073,P4,22.0,22.0,742.0,742.0,False,1.79,9.58,1159145919,30.6691126,104.0698482
85315,P4,22.0,22.0,742.0,742.0,False,2.38,10.76,2653330901,30.65723,104.10988
115017,P4,23.0,23.0,743.0,743.0,False,1.96,9.92,4699007272,30.6153025,104.0359379
12392,P4,23.0,23.0,743.0,743.0,False,0.19,8.0,432452903,30.6143936,104.0696007
130291,P4,23.0,23.0,743.0,743.0,False,2.27,10.54,1159227442,30.69331,104.05032
131691,P4,23.0,23.0,743.0,743.0,False,0.2,8.0,3034409154,30.71847,104.07419
134564,P4,23.0,23.0,743.0,743.0,False,1.58,9.16,1159483868,30.6844889,104.0719629
138240,P4,23.0,23.0,743.0,743.0,False,0.49,8.0,4078817932,30.7044827,104.0812617
13879,P4,23.0,23.0,743.0,743.0,False,3.15,12.3,2039550405,30.67066,104.11328
139959,P4,23.0,23.0,743.0,743.0,False,0.06,8.0,671587267,30.64556,104.06668
148208,P4,23.0,23.0,743.0,743.0,False,0.39,8.0,4106681969,30.6358956,103.9875688
150420,P4,23.0,23.0,743.0,743.0,False,1.96,9.92,5133238793,30.6292254,104.0739904
164658,P4,23.0,23.0,743.0,743.0,False,2.08,10.16,2081197471,30.6184332,104.1106035
167007,P4,23.0,23.0,743.0,743.0,False,2.27,10.54,838319885,30.6473933,104.1084131
182727,P4,23.0,23.0,743.0,743.0,False,2.48,10.96,2852754455,30.6655251,104.1132533
189677,P4,23.0,23.0,743.0,743.0,False,1.45,8.9,432442957,30.6813532,104.019252
193178,P4,23.0,23.0,743.0,743.0,False,2.03,10.06,4963999613,30.7191388,104.0316629
196317,P4,23.0,23.0,743.0,743.0,False,2.48,10.96,3034376768,30.6803432,104.0632667
23247,P4,23.0,23.0,743.0,743.0,False,1.96,9.92,2852215057,30.71528,104.11239
5355,P4,23.0,23.0,743.0,743.0,False,0.69,8.0,1305816678,30.6491402,104.0820003
63807,P4,23.0,23.0,743.0,743.0,False,0.73,8.0,3071355054,30.6279334,104.1131365
73942,P4,23.0,23.0,743.0,743.0,False,2.27,10.54,1312616016,30.6437566,104.0425232
77481,P4,23.0,23.0,743.0,743.0,False,0.49,8.0,4703149486,30.6115743,104.0682118
79342,P4,23.0,23.0,743.0,743.0,False,0.48,8.0,1507363110,30.6971113,104.0789935
101005,P4,24.0,24.0,744.0,744.0,False,1.07,8.14,1586706334,30.7063279,103.9849236
105717,P4,24.0,24.0,744.0,744.0,False,0.7,8.0,4549993177,30.7060055,104.0327694
122321,P4,24.0,24.0,744.0,744.0,False,3.5,13.0,5213238403,30.6359474,104.064871
127031,P4,24.0,24.0,744.0,744.0,False,0.4,8.0,3562028076,30.66067,104.09365
132678,P4,24.0,24.0,744.0,744.0,False,0.99,8.0,4521050319,30.6519183,104.0833406
148272,P4,24.0,24.0,744.0,744.0,False,0.5,8.0,1459023393,30.6449201,104.1095759
57475,P4,24.0,24.0,744.0,744.0,False,0.75,8.0,5283966128,30.6340299,104.1075509
62564,P4,24.0,24.0,744.0,744.0,False,3.5,13.0,2214045510,30.6229632,104.0867903
86816,P4,24.0,24.0,744.0,744.0,False,2.28,10.56,4550019097,30.6516575,104.0549409
100115,P4,25.0,25.0,745.0,745.0,False,0.31,8.0,4550019031,30.6506528,104.0541084
106383,P4,25.0,25.0,745.0,745.0,False,0.36,8.0,4903105801,30.65939,104.07982
189406,P4,25.0,25.0,745.0,745.0,False,0.36,8.0,4106682234,30.6797444,104.0048938
5389,P4,25.0,25.0,745.0,745.0,False,0.9,8.0,4548318082,30.6258223,104.0947612
57795,P4,25.0,25.0,745.0,745.0,False,2.39,10.78,1159475863,30.692,104.04546
6087,P4,25.0,25.0,745.0,745.0,False,0.83,8.0,4548258452,30.68803,104.05103
66477,P4,25.0,25.0,745.0,745.0,False,0.69,8.0,4242369819,30.687423,104.0223832
69214,P4,25.0,25.0,745.0,745.0,False,0.43,8.0,2929538604,30.6749061,104.0712603
95835,P4,25.0,25.0,745.0,745.0,False,2.36,10.72,4794944066,30.67991,104.05783
99373,P4,25.0,25.0,745.0,745.0,False,0.44,8.0,5211393709,30.6641592,103.9823326
104693,P4,26.0,26.0,746.0,746.0,False,0.92,8.0,4695640670,30.6161099,104.0253786
10915,P4,26.0,26.0,746.0,746.0,False,0.8,8.0,2039550421,30.67481,104.113945
170716,P4,26.0,26.0,746.0,746.0,False,1.12,8.24,5249392176,30.6348954,103.9671368
179791,P4,26.0,26.0,746.0,746.0,False,0.8,8.0,1815857509,30.6715442,103.971448
19251,P4,26.0,26.0,746.0,746.0,False,2.32,10.64,1192818270,30.6633416,104.0903889
194047,P4,26.0,26.0,746.0,746.0,False,0.21,8.0,4719831092,30.6913749,104.0184119
201589,P4,26.0,26.0,746.0,746.0,False,1.61,9.22,5013455446,30.6151252,104.057327
208430,P4,26.0,26.0,746.0,746.0,False,1.93,9.86,1493185374,30.6142971,104.0649015
208615,P4,26.0,26.0,746.0,746.0,False,1.61,9.22,4987535020,30.6259363,104.014581
78729,P4,26.0,26.0,746.0,746.0,False,0.43,8.0,4548259649,30.676216,103.9825873
83518,P4,26.0,26.0,746.0,746.0,False,1.51,9.02,2662847700,30.6784339,103.994226
140521,P4,27.0,27.0,747.0,747.0,False,2.57,11.14,4505485114,30.6366175,104.0748642
160574,P4,27.0,27.0,747.0,747.0,False,0.29,8.0,5100157863,30.6330719,104.0796135
163796,P4,27.0,27.0,747.0,747.0,False,1.13,8.26,3633001073,30.6656921,104.0310534
27911,P4,27.0,27.0,747.0,747.0,False,1.31,8.62,628641734,30.6905232,104.0489147
82547,P4,27.0,27.0,747.0,747.0,False,0.2,8.0,3633008402,30.6685677,104.0383566
84905,P4,27.0,27.0,747.0,747.0,False,0.72,8.0,5141468664,30.6386238,104.0939893
148820,P4,28.0,28.0,748.0,748.0,False,1.45,8.9,4695700280,30.6110924,104.0173551
1876,P4,28.0,28.0,748.0,748.0,False,1.45,8.9,3034408999,30.7030082,104.0896208
203158,P4,28.0,28.0,748.0,748.0,False,1.72,9.44,2852215057,30.7146643,104.1119325
23665,P4,28.0,28.0,748.0,748.0,False,1.16,8.32,4118527280,30.6829899,104.0634187
72806,P4,28.0,28.0,748.0,748.0,False,1.9,9.8,4772216123,30.6781556,104.0068845
84324,P4,28.0,28.0,748.0,748.0,False,0.62,8.0,2923196175,30.7259467,104.0067958
90150,P4,28.0,28.0,748.0,748.0,False,0.94,8.0,441221408,30.6459042,104.0229053
168652,P4,29.0,29.0,749.0,749.0,False,0.86,8.0,5002301693,30.6648392,104.0194244
194071,P4,29.0,29.0,749.0,749.0,False,1.49,8.98,4548259674,30.67696,103.98134
195724,P4,29.0,29.0,749.0,749.0,False,0.27,8.0,1916386581,30.6325464,104.0197256
195915,P4,29.0,29.0,749.0,749.0,False,0.8,8.0,1459895596,30.6437648,104.1063618
199465,P4,29.0,29.0,749.0,749.0,False,1.42,8.84,4550019068,30.6529955,104.0532503
208415,P4,29.0,29.0,749.0,749.0,False,0.74,8.0,3034330074,30.660677,104.07924
64345,P4,29.0,29.0,749.0,749.0,False,1.3,8.6,4695640559,30.6130623,104.0285961
75179,P4,29.0,29.0,749.0,749.0,False,1.17,8.34,3541422909,30.70927,104.06655
119524,P4,30.0,30.0,750.0,750.0,False,3.5,13.0,3680400057,30.6589107,104.0136654
1339,P4,30.0,30.0,750.0,750.0,False,1.97,9.94,3562055478,30.71902,104.03813
143398,P4,30.0,30.0,750.0,750.0,False,0.48,8.0,3445794963,30.6616976,104.0734766
151091,P4,30.0,30.0,750.0,750.0,False,1.27,8.54,1159488285,30.68812,104.07505
153355,P4,30.0,30.0,750.0,750.0,False,2.73,11.46,2823785844,30.6681902,104.0598572
49326,P4,30.0,30.0,750.0,750.0,False,3.5,13.0,2160890933,30.7050201,104.0713395
50186,P4,30.0,30.0,750.0,750.0,False,0.28,8.0,2653330902,30.6563142,104.11232
55055,P4,30.0,30.0,750.0,750.0,False,0.65,8.0,4772463247,30.6640618,104.0469487
65639,P4,30.0,30.0,750.0,750.0,False,1.97,9.94,1492416227,30.6273948,104.0641628
110633,P4,31.0,31.0,751.0,751.0,False,1.89,9.78,4772430863,30.6778499,104.006853
11500,P4,31.0,31.0,751.0,751.0,False,1.2,8.4,2733352544,30.6189326,104.0770769
123282,P4,31.0,31.0,751.0,751.0,False,0.06,8.0,1313998737,30.6344134,104.085936
129371,P4,31.0,31.0,751.0,751.0,False,1.9,9.8,432442576,30.6845446,104.0280711
145036,P4,31.0,31.0,751.0,751.0,False,0.03,8.0,4550769857,30.648202,104.113376
188911,P4,31.0,31.0,751.0,751.0,False,0.34,8.0,4903105804,30.6547911,104.0759776
189663,P4,31.0,31.0,751.0,751.0,False,1.11,8.22,1916386562,30.6434,104.05811
25177,P4,31.0,31.0,751.0,751.0,False,1.09,8.18,2534035138,30.6758238,104.0718857
52292,P4,31.0,31.0,751.0,751.0,False,2.0,10.0,3445813128,30.6725658,104.0787595
62074,P4,31.0,31.0,751.0,751.0,False,2.35,10.7,2039550414,30.6762776,104.1094401
124374,P4,32.0,32.0,752.0,752.0,False,0.4,8.0,3199773565,30.7001212,104.114449
152359,P4,32.0,32.0,752.0,752.0,False,0.47,8.0,1159148928,30.65833,104.07297
157599,P4,32.0,32.0,752.0,752.0,False,0.4,8.0,3034393457,30.66803,104.05252
161148,P4,32.0,32.0,752.0,752.0,False,1.6,9.2,4699185731,30.6116138,104.054971
200044,P4,32.0,32.0,752.0,752.0,False,1.45,8.9,432442863,30.672203,104.0015513
64257,P4,32.0,32.0,752.0,752.0,False,0.4,8.0,4987534953,30.6175186,104.0092058
10664,P4,33.0,33.0,753.0,753.0,False,1.85,9.7,4695601585,30.6108388,104.0332912
121009,P4,33.0,33.0,753.0,753.0,False,1.89,9.78,1339701411,30.7055223,104.0471255
147977,P4,33.0,33.0,753.0,753.0,False,2.64,11.28,432442934,30.6617623,104.0234309
158385,P4,33.0,33.0,753.0,753.0,False,1.17,8.34,2041527433,30.6906512,104.0970227
173720,P4,33.0,33.0,753.0,753.0,False,1.85,9.7,1507393760,30.6955194,104.0788145
182628,P4,33.0,33.0,753.0,753.0,False,0.7,8.0,1159226747,30.7017413,104.054964
189924,P4,33.0,33.0,753.0,753.0,False,0.7,8.0,5375783956,30.6627362,103.9978362
199025,P4,33.0,33.0,753.0,753.0,False,1.37,8.74,4782097008,30.6270058,104.0236448
29687,P4,33.0,33.0,753.0,753.0,False,1.37,8.74,4118527280,30.68359,104.0628
30785,P4,33.0,33.0,753.0,753.0,False,3.47,12.94,3436489822,30.6409116,104.0452684
42083,P4,33.0,33.0,753.0,753.0,False,0.84,8.0,3562028082,30.660812,104.08403
5127,P4,33.0,33.0,753.0,753.0,False,1.39,8.78,1159225483,30.7067,104.05143
51943,P4,33.0,33.0,753.0,753.0,False,1.38,8.76,4548259633,30.70062,104.04351
52461,P4,33.0,33.0,753.0,753.0,False,2.64,11.28,5375783865,30.6620769,103.9978798
63115,P4,33.0,33.0,753.0,753.0,False,1.09,8.18,803149470,30.662224,104.09885
86882,P4,33.0,33.0,753.0,753.0,False,0.9,8.0,1313998789,30.6349883,104.0875847
105145,P4,34.0,34.0,754.0,754.0,False,1.56,9.12,4548211190,30.6294211,104.0210117
105258,P4,34.0,34.0,754.0,754.0,False,0.08,8.0,4915834581,30.6969288,104.0708395
118507,P4,34.0,34.0,754.0,754.0,False,0.2,8.0,4967265721,30.70298,104.0032296
124098,P4,34.0,34.0,754.0,754.0,False,0.37,8.0,5053143822,30.7124187,104.0054782
163167,P4,34.0,34.0,754.0,754.0,False,0.59,8.0,5218132872,30.642216,104.110112
21710,P4,34.0,34.0,754.0,754.0,False,0.46,8.0,4903112580,30.6591867,104.0786876
28175,P4,34.0,34.0,754.0,754.0,False,2.05,10.1,4550018702,30.6474191,104.019815
30527,P4,34.0,34.0,754.0,754.0,False,1.31,8.62,4878041006,30.6224856,104.0994667
53739,P4,34.0,34.0,754.0,754.0,False,1.23,8.46,3562111926,30.66694,104.08884
88293,P4,34.0,34.0,754.0,754.0,False,1.11,8.22,1457843799,30.6884963,104.0995444
121162,P4,35.0,35.0,755.0,755.0,False,0.26,8.0,4118527330,30.6963771,104.106098
133342,P4,35.0,35.0,755.0,755.0,False,2.37,10.74,4779165710,30.6362246,104.0255253
136745,P4,35.0,35.0,755.0,755.0,False,1.45,8.9,4698894024,30.6115316,104.0353434
138963,P4,35.0,35.0,755.0,755.0,False,0.1,8.0,1458937192,30.6764909,104.0951605
14429,P4,35.0,35.0,755.0,755.0,False,2.37,10.74,672406138,30.6515847,104.0641503
147760,P4,35.0,35.0,755.0,755.0,False,1.98,9.96,4701577705,30.6175321,104.0727403
153587,P4,35.0,35.0,755.0,755.0,False,0.18,8.0,1947583861,30.6867677,104.0893553
160555,P4,35.0,35.0,755.0,755.0,False,0.03,8.0,1493185374,30.6142971,104.0649015
184779,P4,35.0,35.0,755.0,755.0,False,1.39,8.78,1313065623,30.6355359,104.076713
190389,P4,35.0,35.0,755.0,755.0,False,0.75,8.0,318090605,30.6598101,104.0130367
31813,P4,35.0,35.0,755.0,755.0,False,1.6,9.2,4107377030,30.6384798,103.9990926
35571,P4,35.0,35.0,755.0,755.0,False,0.93,8.0,4102485554,30.692245,104.0486634
41944,P4,35.0,35.0,755.0,755.0,False,1.46,8.92,432453013,30.6552907,104.0872423
4697,P4,35.0,35.0,755.0,755.0,False,2.02,10.04,3089029126,30.6601973,104.0530264
60708,P4,35.0,35.0,755.0,755.0,False,0.18,8.0,5218239987,30.6979349,104.0525637
60997,P4,35.0,35.0,755.0,755.0,False,1.98,9.96,3087817504,30.6681831,103.9926696
61018,P4,35.0,35.0,755.0,755.0,False,0.93,8.0,5213238479,30.6605857,104.0593624
6153,P4,35.0,35.0,755.0,755.0,False,1.98,9.96,5283966211,30.7016962,104.1007108
78675,P4,35.0,35.0,755.0,755.0,False,0.03,8.0,1159941938,30.667255,104.0186
127586,P4,36.0,36.0,756.0,756.0,False,1.84,9.68,4521034133,30.6521703,104.0838805
159028,P4,36.0,36.0,756.0,756.0,False,0.94,8.0,4136052237,30.6101995,104.0478514
166463,P4,36.0,36.0,756.0,756.0,False,1.96,9.92,1815741571,30.68703,104.07351
18106,P4,36.0,36.0,756.0,756.0,False,0.15,8.0,3927876939,30.6750845,103.9870927
185081,P4,36.0,36.0,756.0,756.0,False,0.37,8.0,4550018654,30.6130074,104.0420306
205287,P4,36.0,36.0,756.0,756.0,False,1.66,9.32,1159145485,30.665258,104.0665
53362,P4,36.0,36.0,756.0,756.0,False,3.61,13.22,3089075663,30.6504118,104.054373
56328,P4,36.0,36.0,756.0,756.0,False,0.42,8.0,5213253154,30.706061,104.0947877
64697,P4,36.0,36.0,756.0,756.0,False,2.25,10.5,4550019071,30.6525654,104.0537008
80585,P4,36.0,36.0,756.0,756.0,False,0.89,8.0,1885342896,30.6788746,104.0972576
89657,P4,36.0,36.0,756.0,756.0,False,0.3,8.0,1916530800,30.6351519,103.979867
91798,P4,36.0,36.0,756.0,756.0,False,0.43,8.0,1159496594,30.6884286,104.0434886
9340,P4,36.0,36.0,756.0,756.0,False,0.15,8.0,1507366180,30.6959997,104.0835137
116373,P4,37.0,37.0,757.0,757.0,False,0.99,8.0,4695700279,30.6113756,104.0173529
120195,P4,37.0,37.0,757.0,757.0,False,0.21,8.0,2726912083,30.67935,104.05639
17700,P4,37.0,37.0,757.0,757.0,False,2.77,11.54,1500638639,30.6906254,104.0349723
185341,P4,37.0,37.0,757.0,757.0,False,2.07,10.14,2119081134,30.6112409,104.1045488
194651,P4,37.0,37.0,757.0,757.0,False,0.27,8.0,1159143355,30.66208,104.10088
197255,P4,37.0,37.0,757.0,757.0,False,1.99,9.98,1159465753,30.6779072,104.0242009
33537,P4,37.0,37.0,757.0,757.0,False,2.09,10.18,4230839432,30.6548004,104.0663426
44160,P4,37.0,37.0,757.0,757.0,False,2.07,10.14,671600440,30.6639302,104.0475646
56561,P4,37.0,37.0,757.0,757.0,False,2.28,10.56,1159486350,30.6969557,104.0671883
63074,P4,37.0,37.0,757.0,757.0,False,2.48,10.96,3613960006,30.6724147,104.0459399
100443,P4,38.0,38.0,758.0,758.0,False,0.98,8.0,1305816693,30.6618,104.10777
119981,P4,38.0,38.0,758.0,758.0,False,1.32,8.64,2135942408,30.6153685,104.0164765
164967,P4,38.0,38.0,758.0,758.0,False,2.4,10.8,1301933017,30.6412529,104.0779618
180569,P4,38.0,38.0,758.0,758.0,False,1.33,8.66,3541427585,30.7051471,104.0719426
187328,P4,38.0,38.0,758.0,758.0,False,1.47,8.94,441159654,30.7212134,104.0993884
191813,P4,38.0,38.0,758.0,758.0,False,2.4,10.8,1159171719,30.6146361,104.0791327
207127,P4,38.0,38.0,758.0,758.0,False,0.88,8.0,5312164196,30.668999,104.10376
31559,P4,38.0,38.0,758.0,758.0,False,1.39,8.78,1159143854,30.67743,104.08382
36732,P4,38.0,38.0,758.0,758.0,False,0.34,8.0,3597820283,30.701601,104.0233206
52923,P4,38.0,38.0,758.0,758.0,False,0.25,8.0,1159472371,30.69656,104.03799
82402,P4,38.0,38.0,758.0,758.0,False,0.83,8.0,4548209336,30.6325431,104.0237382
110867,P4,39.0,39.0,759.0,759.0,False,2.23,10.46,672360898,30.65556,104.07533
116170,P4,39.0,39.0,759.0,759.0,False,3.26,12.52,3633018391,30.6678065,104.0647205
160027,P4,39.0,39.0,759.0,759.0,False,3.26,12.52,4750955766,30.711906,104.11448
34541,P4,39.0,39.0,759.0,759.0,False,1.98,9.96,1457843757,30.6880064,104.0998047
60993,P4,39.0,39.0,759.0,759.0,False,0.3,8.0,1388445910,30.6467232,104.0725925
109647,P4,40.0,40.0,760.0,760.0,False,2.5,11.0,4964134717,30.7093854,104.0176164
11795,P4,40.0,40.0,760.0,760.0,False,2.88,11.76,4294722531,30.63944,104.00716
150929,P4,40.0,40.0,760.0,760.0,False,1.76,9.52,3087817493,30.6639983,104.0119996
152770,P4,40.0,40.0,760.0,760.0,False,2.09,10.18,4693610155,30.6346676,104.0671726
173462,P4,40.0,40.0,760.0,760.0,False,1.03,8.06,1958204348,30.6687212,104.0873526
191162,P4,40.0,40.0,760.0,760.0,False,0.74,8.0,504315317,30.6972544,104.1052658
197998,P4,40.0,40.0,760.0,760.0,False,0.52,8.0,3087817511,30.6658238,103.997649
22654,P4,40.0,40.0,760.0,760.0,False,0.54,8.0,3562047401,30.7213669,104.0617703
30223,P4,40.0,40.0,760.0,760.0,False,1.03,8.06,4107377040,30.6434926,103.989248
30916,P4,40.0,40.0,760.0,760.0,False,2.87,11.74,1159175700,30.6187925,104.0714431
35515,P4,40.0,40.0,760.0,760.0,False,0.54,8.0,4106682171,30.6509,103.97955
59165,P4,40.0,40.0,760.0,760.0,False,1.34,8.68,3691210147,30.6494199,104.0179582
61054,P4,40.0,40.0,760.0,760.0,False,2.56,11.12,5055908305,30.7142601,104.1148794
68795,P4,40.0,40.0,760.0,760.0,False,2.87,11.74,3614070503,30.67549,104.06163
77043,P4,40.0,40.0,760.0,760.0,False,1.92,9.84,5141468727,30.6350359,104.0959071
78648,P4,40.0,40.0,760.0,760.0,False,1.38,8.76,4991426391,30.6500873,103.9830204
93619,P4,40.0,40.0,760.0,760.0,False,0.26,8.0,1458992384,30.661224,104.09833
107383,P4,41.0,41.0,761.0,761.0,False,0.4,8.0,4106682177,30.6552098,103.9774566
122755,P4,41.0,41.0,761.0,761.0,False,1.88,9.76,3034393462,30.683254,104.04617
124132,P4,41.0,41.0,761.0,761.0,False,0.48,8.0,3632988779,30.664558,104.0324639
130335,P4,41.0,41.0,761.0,761.0,False,0.29,8.0,4701577721,30.6109852,104.0717086
14406,P4,41.0,41.0,761.0,761.0,False,0.72,8.0,5053143851,30.7217675,104.0032403
147502,P4,41.0,41.0,761.0,761.0,False,0.79,8.0,4701464739,30.614716,104.0620243
149354,P4,41.0,41.0,761.0,761.0,False,0.02,8.0,2204171432,30.7214787,104.0991562
158135,P4,41.0,41.0,761.0,761.0,False,2.72,11.44,1159497947,30.691153,104.04225
182735,P4,41.0,41.0,761.0,761.0,False,2.04,10.08,1301932981,30.651793,104.0799
19051,P4,41.0,41.0,761.0,761.0,False,0.72,8.0,4695601309,30.6115849,104.0287347
191211,P4,41.0,41.0,761.0,761.0,False,0.4,8.0,5375783788,30.6547059,104.000337
57122,P4,41.0,41.0,761.0,761.0,False,1.0,8.0,4548211466,30.6368072,104.0267682
127186,P4,42.0,42.0,762.0,762.0,False,1.15,8.3,1159144966,30.6625746,104.0663991
149835,P4,42.0,42.0,762.0,762.0,False,1.15,8.3,1947583867,30.68451,104.08656
178344,P4,42.0,42.0,762.0,762.0,False,0.85,8.0,1902099031,30.7263571,104.0673591
192897,P4,42.0,42.0,762.0,762.0,False,0.44,8.0,1459057462,30.6448957,104.1069577
207555,P4,42.0,42.0,762.0,762.0,False,0.37,8.0,432452895,30.62042,104.05751
207661,P4,42.0,42.0,762.0,762.0,False,1.13,8.26,441159818,30.7174666,104.1011618
88485,P4,42.0,42.0,762.0,762.0,False,0.14,8.0,1469155005,30.6321893,104.1142331
135875,P4,43.0,43.0,763.0,763.0,False,0.83,8.0,1159491545,30.68561,104.0739
138055,P4,43.0,43.0,763.0,763.0,False,0.42,8.0,3034409152,30.721598,104.07659
143236,P4,43.0,43.0,763.0,763.0,False,1.46,8.92,4230593015,30.6417114,104.088153
151810,P4,43.0,43.0,763.0,763.0,False,1.91,9.82,4548141048,30.6230517,104.0811775
157386,P4,43.0,43.0,763.0,763.0,False,1.26,8.52,4106682180,30.6570925,103.9807985
171235,P4,43.0,43.0,763.0,763.0,False,1.46,8.92,5283966373,30.711563,104.09652
27989,P4,43.0,43.0,763.0,763.0,False,0.42,8.0,314635450,30.6340301,104.0373755
51375,P4,43.0,43.0,763.0,763.0,False,0.26,8.0,3613960004,30.6696875,104.0535936
59331,P4,43.0,43.0,763.0,763.0,False,0.77,8.0,2981319480,30.70718,104.00972
69852,P4,43.0,43.0,763.0,763.0,False,2.95,11.9,5141468666,30.6380439,104.0932194
119535,P4,44.0,44.0,764.0,764.0,False,1.58,9.16,3034393451,30.66896,104.04228
12368,P4,44.0,44.0,764.0,764.0,False,0.62,8.0,2041530108,30.6917482,104.0851926
138659,P4,44.0,44.0,764.0,764.0,False,0.72,8.0,1469157760,30.6421674,104.1002107
142795,P4,44.0,44.0,764.0,764.0,False,0.16,8.0,4693609813,30.6348708,104.0708702
145543,P4,44.0,44.0,764.0,764.0,False,0.72,8.0,1159950973,30.65373,104.08913
165163,P4,44.0,44.0,764.0,764.0,False,1.01,8.02,3614070501,30.672366,104.0539944
194136,P4,44.0,44.0,764.0,764.0,False,0.41,8.0,4572409863,30.6613945,104.0383471
194183,P4,44.0,44.0,764.0,764.0,False,0.43,8.0,4987535030,30.62724,104.013872
22331,P4,44.0,44.0,764.0,764.0,False,1.58,9.16,3541389073,30.6818708,104.034434
71570,P4,44.0,44.0,764.0,764.0,False,0.43,8.0,2852759807,30.6653477,104.1107531
73683,P4,44.0,44.0,764.0,764.0,False,0.62,8.0,1159483868,30.685453,104.07316
77088,P4,44.0,44.0,764.0,764.0,False,2.51,11.02,2039561228,30.688943,104.1165114
11299,P4,45.0,45.0,765.0,765.0,False,0.93,8.0,2823785848,30.67727,104.07295
168396,P4,45.0,45.0,765.0,765.0,False,1.92,9.84,4963999555,30.7124599,104.0356925
174995,P4,45.0,45.0,765.0,765.0,False,0.93,8.0,3541376434,30.7234432,104.0481747
195995,P4,45.0,45.0,765.0,765.0,False,0.74,8.0,4069514790,30.7217314,103.9724636
204027,P4,45.0,45.0,765.0,765.0,False,0.32,8.0,4695601779,30.6093612,104.0295695
20446,P4,45.0,45.0,765.0,765.0,False,2.6,11.2,2564226637,30.6373924,104.0276019
32021,P4,45.0,45.0,765.0,765.0,False,0.93,8.0,5141328662,30.6133844,104.0643656
56029,P4,45.0,45.0,765.0,765.0,False,1.38,8.76,4695640681,30.6165318,104.0277399
65451,P4,45.0,45.0,765.0,765.0,False,1.06,8.12,3034393462,30.68475,104.04533
76007,P4,45.0,45.0,765.0,765.0,False,1.06,8.12,4773916446,30.6587019,104.002388
120149,P4,46.0,46.0,766.0,766.0,False,0.01,8.0,1072704360,30.7027829,104.0773547
180843,P4,46.0,46.0,766.0,766.0,False,0.75,8.0,1458553198,30.68217,104.10598
26537,P4,46.0,46.0,766.0,766.0,False,0.45,8.0,5283966192,30.7032928,104.116391
44418,P4,46.0,46.0,766.0,766.0,False,0.87,8.0,1458909662,30.6822297,104.0863899
54271,P4,46.0,46.0,766.0,766.0,False,2.55,11.1,803149470,30.662231,104.09899
59199,P4,46.0,46.0,766.0,766.0,False,2.77,11.54,4550018865,30.6232731,104.0152825
60139,P4,46.0,46.0,766.0,766.0,False,0.09,8.0,1159137575,30.65617,104.09109
62731,P4,46.0,46.0,766.0,766.0,False,1.28,8.56,1312615973,30.6470462,104.0475745
87519,P4,46.0,46.0,766.0,766.0,False,0.47,8.0,3445813118,30.66525,104.0777
115589,P4,47.0,47.0,767.0,767.0,False,1.9,9.8,5141468648,30.6338985,104.0928327
141617,P4,47.0,47.0,767.0,767.0,False,0.89,8.0,4550700987,30.6183602,104.0380316
144766,P4,47.0,47.0,767.0,767.0,False,1.22,8.44,1459023389,30.6442939,104.1109403
149362,P4,47.0,47.0,767.0,767.0,False,1.9,9.8,3034409019,30.7109828,104.0907071
151077,P4,47.0,47.0,767.0,767.0,False,1.77,9.54,803149786,30.6791052,104.0920183
165327,P4,47.0,47.0,767.0,767.0,False,1.77,9.54,4102465470,30.681526,104.04853
187650,P4,47.0,47.0,767.0,767.0,False,0.21,8.0,1815855109,30.6763892,103.9766457
188846,P4,47.0,47.0,767.0,767.0,False,1.77,9.54,314623119,30.6501008,104.0321723
197673,P4,47.0,47.0,767.0,767.0,False,0.21,8.0,2823785826,30.6602111,104.0563873
198012,P4,47.0,47.0,767.0,767.0,False,1.1,8.2,5141468747,30.6322155,104.0954862
31303,P4,47.0,47.0,767.0,767.0,False,0.61,8.0,1861145360,30.66891,104.11062
70291,P4,47.0,47.0,767.0,767.0,False,1.22,8.44,5213238503,30.65956,104.07361
71551,P4,47.0,47.0,767.0,767.0,False,1.63,9.26,4903105794,30.67288,104.06744
82730,P4,47.0,47.0,767.0,767.0,False,2.06,10.12,4878041005,30.6219621,104.0995531
101698,P4,48.0,48.0,768.0,768.0,False,0.46,8.0,1312615939,30.6405721,104.0801374
102747,P4,48.0,48.0,768.0,768.0,False,1.59,9.18,2282015063,30.6134756,103.9694127
103460,P4,48.0,48.0,768.0,768.0,False,1.13,8.26,2785841182,30.6883007,104.0188268
122995,P4,48.0,48.0,768.0,768.0,False,0.79,8.0,1756176909,30.67584,104.07027
12499,P4,48.0,48.0,768.0,768.0,False,1.7,9.4,288416380,30.683283,104.08035
142239,P4,48.0,48.0,768.0,768.0,False,0.42,8.0,3927877898,30.6791243,103.9892573
168159,P4,48.0,48.0,768.0,768.0,False,0.81,8.0,1918491764,30.6509854,103.980506
172069,P4,48.0,48.0,768.0,768.0,False,0.34,8.0,432442889,30.6969248,103.9777283
18601,P4,48.0,48.0,768.0,768.0,False,0.46,8.0,3034029048,30.6845106,103.9979889
192573,P4,48.0,48.0,768.0,768.0,False,0.72,8.0,1159445869,30.682406,104.0313778
197623,P4,48.0,48.0,768.0,768.0,False,0.34,8.0,4106681973,30.6405714,103.9752821
53144,P4,48.0,48.0,768.0,768.0,False,0.81,8.0,4219908386,30.6259205,104.0430854
58482,P4,48.0,48.0,768.0,768.0,False,1.05,8.1,4699007278,30.6133108,104.0346788
68228,P4,48.0,48.0,768.0,768.0,False,1.7,9.4,1916530818,30.6193991,103.9686301
8019,P4,48.0,48.0,768.0,768.0,False,1.26,8.52,5034131303,30.6513901,103.990594
81000,P4,48.0,48.0,768.0,768.0,False,0.42,8.0,5382831202,30.6774918,104.0944491
83255,P4,48.0,48.0,768.0,768.0,False,0.72,8.0,4877268821,30.6996921,104.0642633
90763,P4,48.0,48.0,768.0,768.0,False,0.46,8.0,1492368570,30.6571,104.0634553
96747,P4,48.0,48.0,768.0,768.0,False,1.02,8.04,2276405725,30.6196787,104.0927444
103293,P4,49.0,49.0,769.0,769.0,False,0.54,8.0,4296641707,30.6483298,104.091056
105013,P4,49.0,49.0,769.0,769.0,False,1.84,9.68,4444112337,30.718907,104.101845
163286,P4,49.0,49.0,769.0,769.0,False,0.54,8.0,2956775836,30.715469,104.0400366
167721,P4,49.0,49.0,769.0,769.0,False,0.34,8.0,1159477630,30.6732712,104.0543974
196863,P4,49.0,49.0,769.0,769.0,False,0.17,8.0,4505485129,30.63424,104.08472
66291,P4,49.0,49.0,769.0,769.0,False,0.78,8.0,3541376443,30.7171014,104.1011129
70724,P4,49.0,49.0,769.0,769.0,False,0.17,8.0,4549993213,30.7040707,104.037364
79704,P4,49.0,49.0,769.0,769.0,False,0.54,8.0,4695601445,30.6116619,104.0278827
99803,P4,49.0,49.0,769.0,769.0,False,1.82,9.64,439751729,30.7079083,104.0154953
122335,P4,50.0,50.0,770.0,770.0,False,1.05,8.1,2956775874,30.7014651,104.038424
122471,P4,50.0,50.0,770.0,770.0,False,0.23,8.0,1964427886,30.670528,104.10324
130283,P4,50.0,50.0,770.0,770.0,False,0.02,8.0,4967265777,30.705456,104.01363
13775,P4,50.0,50.0,770.0,770.0,False,1.06,8.12,5375783451,30.6231738,104.0080194
167299,P4,50.0,50.0,770.0,770.0,False,1.06,8.12,1506449541,30.7050514,104.0638781
172444,P4,50.0,50.0,770.0,770.0,False,2.03,10.06,1159160252,30.615529,104.0966132
182174,P4,50.0,50.0,770.0,770.0,False,0.37,8.0,4548211649,30.6912378,104.0367322
190203,P4,50.0,50.0,770.0,770.0,False,1.21,8.42,4964134716,30.7100184,104.0178395
191953,P4,50.0,50.0,770.0,770.0,False,1.04,8.08,1159226736,30.6931254,104.0546776
200730,P4,50.0,50.0,770.0,770.0,False,1.71,9.42,5102886110,30.6896485,103.9960596
206018,P4,50.0,50.0,770.0,770.0,False,1.04,8.08,3199773742,30.7033074,104.1132
20775,P4,50.0,50.0,770.0,770.0,False,0.06,8.0,4572409813,30.6856588,103.9732607
43693,P4,50.0,50.0,770.0,770.0,False,2.03,10.06,2726978412,30.6110285,104.0511406
50518,P4,50.0,50.0,770.0,770.0,False,0.36,8.0,2411594433,30.6217358,104.100452
73498,P4,50.0,50.0,770.0,770.0,False,0.06,8.0,3523294441,30.6488521,104.0517235
84018,P4,50.0,50.0,770.0,770.0,False,0.23,8.0,5283966348,30.7073561,104.0890891
149573,P4,51.0,51.0,771.0,771.0,False,1.27,8.54,3516900123,30.6712689,104.0733689
167466,P4,51.0,51.0,771.0,771.0,False,0.59,8.0,1072698584,30.723694,104.0452856
178107,P4,51.0,51.0,771.0,771.0,False,1.79,9.58,2560005422,30.6325866,104.0236106
22879,P4,51.0,51.0,771.0,771.0,False,0.11,8.0,3445794973,30.6621836,104.0786846
38735,P4,51.0,51.0,771.0,771.0,False,0.72,8.0,2204171432,30.7214787,104.0991562
463,P4,51.0,51.0,771.0,771.0,False,2.43,10.86,672405808,30.65819,104.08013
69679,P4,51.0,51.0,771.0,771.0,False,0.72,8.0,1845199172,30.6788,104.06963
111265,P4,52.0,52.0,772.0,772.0,False,0.83,8.0,3034376764,30.6745274,104.0622918
127471,P4,52.0,52.0,772.0,772.0,False,2.98,11.96,2729413203,30.6276078,104.0468427
137696,P4,52.0,52.0,772.0,772.0,False,1.94,9.88,4069514798,30.7191275,103.9762321
17240,P4,52.0,52.0,772.0,772.0,False,2.98,11.96,5055908304,30.7122775,104.1115633
182915,P4,52.0,52.0,772.0,772.0,False,0.5,8.0,3736570433,30.6978436,104.0697627
184247,P4,52.0,52.0,772.0,772.0,False,0.31,8.0,4548211609,30.6261413,104.0474114
18789,P4,52.0,52.0,772.0,772.0,False,1.12,8.24,4794944074,30.660741,104.0695936
35959,P4,52.0,52.0,772.0,772.0,False,0.2,8.0,2722829541,30.7067571,104.0496794
36282,P4,52.0,52.0,772.0,772.0,False,0.95,8.0,1159234180,30.694905,104.0671903
40327,P4,52.0,52.0,772.0,772.0,False,0.31,8.0,2472030046,30.66143,104.062225
5480,P4,52.0,52.0,772.0,772.0,False,1.12,8.24,5218239984,30.6976641,104.0522938
56356,P4,52.0,52.0,772.0,772.0,False,2.01,10.02,1159463802,30.6759922,104.0215593
94911,P4,52.0,52.0,772.0,772.0,False,1.82,9.64,3541427561,30.70712,104.04392
97547,P4,52.0,52.0,772.0,772.0,False,2.98,11.96,3597608246,30.718672,104.031204
103699,P4,53.0,53.0,773.0,773.0,False,1.28,8.56,4693610145,30.635339,104.0672745
133937,P4,53.0,53.0,773.0,773.0,False,1.24,8.48,3176012317,30.7050203,104.0719481
14426,P4,53.0,53.0,773.0,773.0,False,0.85,8.0,2712338398,30.7073784,104.0390462
152140,P4,53.0,53.0,773.0,773.0,False,0.96,8.0,4987536556,30.6443371,103.9951947
161579,P4,53.0,53.0,773.0,773.0,False,1.84,9.68,4078817932,30.7042,104.08227
164379,P4,53.0,53.0,773.0,773.0,False,1.18,8.36,672362109,30.6466976,104.0727046
164793,P4,53.0,53.0,773.0,773.0,False,2.68,11.36,5249392200,30.6458603,103.9702717
197102,P4,53.0,53.0,773.0,773.0,False,0.85,8.0,1458561799,30.6895814,104.0966979
22468,P4,53.0,53.0,773.0,773.0,False,1.56,9.12,2823785855,30.6788083,104.0766341
23593,P4,53.0,53.0,773.0,773.0,False,0.99,8.0,2956775229,30.7124387,104.0371229
30327,P4,53.0,53.0,773.0,773.0,False,2.52,11.04,3436486425,30.6405678,104.0447316
54403,P4,53.0,53.0,773.0,773.0,False,0.07,8.0,4701577745,30.6196556,104.0804098
58555,P4,53.0,53.0,773.0,773.0,False,0.96,8.0,2714528004,30.62829,104.05193
76086,P4,53.0,53.0,773.0,773.0,False,0.42,8.0,4799100438,30.648059,104.0303384
81652,P4,53.0,53.0,773.0,773.0,False,1.85,9.7,5141328624,30.6120545,104.058005
94707,P4,53.0,53.0,773.0,773.0,False,0.07,8.0,3445813123,30.67096,104.07072
95469,P4,53.0,53.0,773.0,773.0,False,2.52,11.04,3445813553,30.664565,104.0733284
114358,P4,54.0,54.0,774.0,774.0,False,0.05,8.0,3034393456,30.6734127,104.0457758
61444,P4,54.0,54.0,774.0,774.0,False,1.34,8.68,1918491760,30.6425369,104.0041939
133376,P4,55.0,55.0,775.0,775.0,False,1.16,8.32,5436607858,30.6339154,104.0737223
14912,P4,55.0,55.0,775.0,775.0,False,1.27,8.54,5218239994,30.6982821,104.0524691
151241,P4,55.0,55.0,775.0,775.0,False,0.48,8.0,1445516613,30.6497955,104.0637013
159523,P4,55.0,55.0,775.0,775.0,False,0.11,8.0,5213238581,30.6420484,104.1151796
20253,P4,55.0,55.0,775.0,775.0,False,1.34,8.68,5382831194,30.6773243,104.0981611
58060,P4,55.0,55.0,775.0,775.0,False,1.24,8.48,1815857516,30.6714839,103.9673978
5850,P4,55.0,55.0,775.0,775.0,False,0.21,8.0,5213238734,30.6389549,104.051067
74860,P4,55.0,55.0,775.0,775.0,False,1.33,8.66,5422574961,30.6883373,104.0671693
97389,P4,55.0,55.0,775.0,775.0,False,1.03,8.06,672406202,30.6509609,104.0664306
135358,P4,56.0,56.0,776.0,776.0,False,0.39,8.0,3582243027,30.7209293,104.0097864
146214,P4,56.0,56.0,776.0,776.0,False,0.31,8.0,1469172057,30.633796,104.0919911
176064,P4,56.0,56.0,776.0,776.0,False,0.49,8.0,2691023119,30.7143756,103.9922691
176180,P4,56.0,56.0,776.0,776.0,False,2.33,10.66,1916386580,30.6418601,104.0559219
17951,P4,56.0,56.0,776.0,776.0,False,0.14,8.0,1159148928,30.659275,104.073586
182568,P4,56.0,56.0,776.0,776.0,False,1.93,9.86,2282016051,30.6109499,103.9681329
188945,P4,56.0,56.0,776.0,776.0,False,3.18,12.36,4972899586,30.6335436,104.0437864
208889,P4,56.0,56.0,776.0,776.0,False,1.45,8.9,1159447649,30.6777163,104.0311397
37560,P4,56.0,56.0,776.0,776.0,False,2.27,10.54,4773916439,30.6587323,104.0026072
7598,P4,56.0,56.0,776.0,776.0,False,1.93,9.86,1506487129,30.715398,104.0721394
78323,P4,56.0,56.0,776.0,776.0,False,2.33,10.66,1159231823,30.68813,104.0796
141883,P4,57.0,57.0,777.0,777.0,False,1.1,8.2,1459005270,30.65726,104.10825
158395,P4,57.0,57.0,777.0,777.0,False,1.09,8.18,3176000073,30.702719,104.06729
185671,P4,57.0,57.0,777.0,777.0,False,0.18,8.0,1493202239,30.6110118,104.0628904
196319,P4,57.0,57.0,777.0,777.0,False,2.32,10.64,1313065877,30.6296185,104.0872624
198275,P4,57.0,57.0,777.0,777.0,False,0.22,8.0,3562055478,30.718763,104.03774
208599,P4,57.0,57.0,777.0,777.0,False,1.72,9.44,4217837156,30.6274212,104.0437542
32014,P4,57.0,57.0,777.0,777.0,False,1.63,9.26,1159149345,30.6534575,104.0564051
34356,P4,57.0,57.0,777.0,777.0,False,0.65,8.0,314635503,30.6253797,104.0422971
44683,P4,57.0,57.0,777.0,777.0,False,1.52,9.04,1458687639,30.68091,104.09379
61602,P4,57.0,57.0,777.0,777.0,False,1.63,9.26,288416374,30.7147948,104.1000902
63729,P4,57.0,57.0,777.0,777.0,False,2.32,10.64,2204171432,30.7214787,104.0991562
68509,P4,57.0,57.0,777.0,777.0,False,0.78,8.0,4548211342,30.6708306,104.0578328
114431,P4,58.0,58.0,778.0,778.0,False,0.11,8.0,432442880,30.6853516,103.9833976
115208,P4,58.0,58.0,778.0,778.0,False,1.96,9.92,3087817458,30.6502531,104.0244444
123472,P4,58.0,58.0,778.0,778.0,False,1.02,8.04,5367313640,30.6351029,103.9797164
147101,P4,58.0,58.0,778.0,778.0,False,1.81,9.62,1918491720,30.6498474,103.9800004
153132,P4,58.0,58.0,778.0,778.0,False,2.2,10.4,3680078468,30.6565435,104.0263571
161531,P4,58.0,58.0,778.0,778.0,False,0.01,8.0,1301933003,30.6501713,104.0798815
167830,P4,58.0,58.0,778.0,778.0,False,1.81,9.62,4934383687,30.6157501,104.1162622
18863,P4,58.0,58.0,778.0,778.0,False,0.55,8.0,4359390980,30.72307,104.05452
203107,P4,58.0,58.0,778.0,778.0,False,2.11,10.22,4521050320,30.6523396,104.0842433
203180,P4,58.0,58.0,778.0,778.0,False,0.83,8.0,2717786564,30.6251659,104.0814952
208082,P4,58.0,58.0,778.0,778.0,False,3.24,12.48,3691362657,30.6406983,104.0471504
24238,P4,58.0,58.0,778.0,778.0,False,1.96,9.92,2823785847,30.6766211,104.0701856
62571,P4,58.0,58.0,778.0,778.0,False,0.83,8.0,2981319491,30.71086,104.01471
71543,P4,58.0,58.0,778.0,778.0,False,1.55,9.1,2956775226,30.713383,104.045364
80003,P4,58.0,58.0,778.0,778.0,False,2.57,11.14,5382831199,30.6750989,104.0965444
133714,P4,59.0,59.0,779.0,779.0,False,2.29,10.58,4136052218,30.6099998,104.0471512
168976,P4,59.0,59.0,779.0,779.0,False,0.85,8.0,1492633096,30.6213214,104.0646592
174404,P4,59.0,59.0,779.0,779.0,False,0.52,8.0,4748173618,30.6230928,104.0188087
200095,P4,59.0,59.0,779.0,779.0,False,0.85,8.0,1827955129,30.6631,104.0562
20572,P4,59.0,59.0,779.0,779.0,False,1.79,9.58,432432534,30.6541969,104.0386483
26659,P4,59.0,59.0,779.0,779.0,False,0.81,8.0,4794992619,30.63937,104.06626
64495,P4,59.0,59.0,779.0,779.0,False,1.14,8.28,2380755498,30.682329,104.0251564
67152,P4,59.0,59.0,779.0,779.0,False,0.66,8.0,5055908320,30.7151913,104.1070969
89674,P4,59.0,59.0,779.0,779.0,False,0.11,8.0,4772430853,30.6773543,104.0068206
90171,P4,59.0,59.0,779.0,779.0,False,1.0,8.0,1159450070,30.66843,104.03257
114509,P4,60.0,60.0,780.0,780.0,False,0.7,8.0,2823785849,30.6772748,104.0756106
120327,P4,60.0,60.0,780.0,780.0,False,0.7,8.0,1947583867,30.685756,104.0865277
120633,P4,60.0,60.0,780.0,780.0,False,1.56,9.12,1458911516,30.6773932,104.0909244
134879,P4,60.0,60.0,780.0,780.0,False,1.43,8.86,1301932985,30.6532299,104.0793162
144937,P4,60.0,60.0,780.0,780.0,False,1.01,8.02,4106682212,30.6665612,103.9788178
152054,P4,60.0,60.0,780.0,780.0,False,1.97,9.94,432429420,30.6358259,104.0359135
154950,P4,60.0,60.0,780.0,780.0,False,0.02,8.0,1460296423,30.6496678,104.110043
163332,P4,60.0,60.0,780.0,780.0,False,1.97,9.94,4550568567,30.6358796,104.0647311
165755,P4,60.0,60.0,780.0,780.0,False,1.38,8.76,3541396092,30.68271,103.98547
176348,P4,60.0,60.0,780.0,780.0,False,0.48,8.0,5100157874,30.6331505,104.0804283
185114,P4,60.0,60.0,780.0,780.0,False,1.97,9.94,4703149489,30.61253,104.0649842
188919,P4,60.0,60.0,780.0,780.0,False,0.42,8.0,5382831196,30.6752066,104.0976675
193659,P4,60.0,60.0,780.0,780.0,False,1.97,9.94,3541389064,30.6736,104.05619
43643,P4,60.0,60.0,780.0,780.0,False,1.34,8.68,4585443318,30.6632784,104.0501348
5919,P4,60.0,60.0,780.0,780.0,False,1.43,8.86,1305816676,30.646517,104.08515
68743,P4,60.0,60.0,780.0,780.0,False,1.62,9.24,1819305291,30.6408383,104.1069709
73335,P4,60.0,60.0,780.0,780.0,False,1.97,9.94,4548211274,30.6696446,104.0579016
92406,P4,60.0,60.0,780.0,780.0,False,1.01,8.02,1819305291,30.6408383,104.1069709
124171,P4,61.0,61.0,781.0,781.0,False,0.53,8.0,4294975865,30.65101,103.99595
166630,P4,61.0,61.0,781.0,781.0,False,0.16,8.0,5254240656,30.6208808,103.9723007
169311,P4,61.0,61.0,781.0,781.0,False,1.42,8.84,1159131456,30.67064,104.06027
190014,P4,61.0,61.0,781.0,781.0,False,0.16,8.0,1956538080,30.6819793,104.1092987
38701,P4,61.0,61.0,781.0,781.0,False,2.24,10.48,3680455707,30.6593692,104.0138061
38787,P4,61.0,61.0,781.0,781.0,False,0.39,8.0,3541376587,30.72185,104.05993
47622,P4,61.0,61.0,781.0,781.0,False,1.42,8.84,4549759292,30.6672728,104.0578932
47913,P4,61.0,61.0,781.0,781.0,False,3.33,12.66,5141468689,30.6371137,104.0931689
61577,P4,61.0,61.0,781.0,781.0,False,0.07,8.0,5375784055,30.6563586,103.9989238
80527,P4,61.0,61.0,781.0,781.0,False,2.42,10.84,4359390982,30.72465,104.11094
129311,P4,62.0,62.0,782.0,782.0,False,0.65,8.0,4548211259,30.6691814,104.0381505
144588,P4,62.0,62.0,782.0,782.0,False,0.97,8.0,2329094595,30.7254157,104.0413492
147843,P4,62.0,62.0,782.0,782.0,False,1.75,9.5,1964427886,30.67061,104.10299
15563,P4,62.0,62.0,782.0,782.0,False,1.88,9.76,2838556820,30.6244798,104.1039932
157369,P4,62.0,62.0,782.0,782.0,False,1.28,8.56,3562086848,30.6732419,104.0595487
169199,P4,62.0,62.0,782.0,782.0,False,2.33,10.66,1159176888,30.6301219,104.0535225
171767,P4,62.0,62.0,782.0,782.0,False,0.53,8.0,2712338424,30.70862,104.03714
183118,P4,62.0,62.0,782.0,782.0,False,1.09,8.18,314635462,30.6439497,104.0318293
186227,P4,62.0,62.0,782.0,782.0,False,2.33,10.66,5102886113,30.68688,103.9936
199788,P4,62.0,62.0,782.0,782.0,False,2.23,10.46,5218133365,30.6429199,104.1082479
204059,P4,62.0,62.0,782.0,782.0,False,2.25,10.5,4967265721,30.70298,104.0032296
21167,P4,62.0,62.0,782.0,782.0,False,1.26,8.52,1916401291,30.6120007,104.0314094
35074,P4,62.0,62.0,782.0,782.0,False,0.78,8.0,1159486373,30.6864357,104.0671135
5242,P4,62.0,62.0,782.0,782.0,False,2.33,10.66,2204171405,30.7243039,104.0793434
66632,P4,62.0,62.0,782.0,782.0,False,2.25,10.5,1507261226,30.7122732,104.0696739
67419,P4,62.0,62.0,782.0,782.0,False,0.49,8.0,4699007282,30.6137868,104.0350444
82431,P4,62.0,62.0,782.0,782.0,False,1.3,8.6,1458992381,30.6582235,104.0970132
86129,P4,62.0,62.0,782.0,782.0,False,1.6,9.2,3199773565,30.7001212,104.114449
9363,P4,62.0,62.0,782.0,782.0,False,0.26,8.0,1902099081,30.7231748,104.0661476
104436,P4,63.0,63.0,783.0,783.0,False,1.53,9.06,4779165789,30.6357646,104.0737879
11239,P4,63.0,63.0,783.0,783.0,False,0.19,8.0,1313998761,30.637688,104.08685
136056,P4,63.0,63.0,783.0,783.0,False,0.71,8.0,4799195762,30.6127737,103.9863544
138379,P4,63.0,63.0,783.0,783.0,False,1.28,8.56,1956501938,30.686768,104.10532
158718,P4,63.0,63.0,783.0,783.0,False,1.32,8.64,3582243027,30.7209293,104.0097864
178108,P4,63.0,63.0,783.0,783.0,False,0.73,8.0,1964578647,30.6633959,104.114913
190583,P4,63.0,63.0,783.0,783.0,False,1.14,8.28,4572410233,30.709215,103.99197
200039,P4,63.0,63.0,783.0,783.0,False,0.21,8.0,1159474715,30.69375,104.04562
37278,P4,63.0,63.0,783.0,783.0,False,1.35,8.7,2118909749,30.7128003,104.0867421
38522,P4,63.0,63.0,783.0,783.0,False,1.48,8.96,1964394686,30.6701145,104.1060267
43061,P4,63.0,63.0,783.0,783.0,False,0.5,8.0,1492368570,30.6571,104.0634553
46739,P4,63.0,63.0,783.0,783.0,False,0.73,8.0,504315289,30.699339,104.101715
83576,P4,63.0,63.0,783.0,783.0,False,1.47,8.94,3613960005,30.6700377,104.0536038
93843,P4,63.0,63.0,783.0,783.0,False,1.48,8.96,2039561229,30.685604,104.11501
114548,P4,64.0,64.0,784.0,784.0,False,0.19,8.0,4548209338,30.66478,104.019543
11712,P4,64.0,64.0,784.0,784.0,False,0.28,8.0,3523298663,30.6429248,104.0448164
119318,P4,64.0,64.0,784.0,784.0,False,0.87,8.0,3203414180,30.6376953,104.0343917
141779,P4,64.0,64.0,784.0,784.0,False,0.27,8.0,5211337094,30.6478855,104.0016635
172953,P4,64.0,64.0,784.0,784.0,False,0.28,8.0,4549993115,30.6489444,103.982456
179103,P4,64.0,64.0,784.0,784.0,False,0.92,8.0,1072704325,30.71272,104.05479
179434,P4,64.0,64.0,784.0,784.0,False,0.62,8.0,4972899545,30.6133716,104.0453088
19511,P4,64.0,64.0,784.0,784.0,False,1.22,8.44,1504199880,30.710148,104.097145
197292,P4,64.0,64.0,784.0,784.0,False,1.74,9.48,1301932970,30.6484527,104.0800728
203917,P4,64.0,64.0,784.0,784.0,False,0.87,8.0,5314457254,30.6929502,104.0546678
22188,P4,64.0,64.0,784.0,784.0,False,0.42,8.0,4701577772,30.6241518,104.081555
26271,P4,64.0,64.0,784.0,784.0,False,0.27,8.0,1445484321,30.6358323,104.0640426
42055,P4,64.0,64.0,784.0,784.0,False,0.48,8.0,1159227581,30.6931,104.0528
50868,P4,64.0,64.0,784.0,784.0,False,1.22,8.44,4782097004,30.6252518,104.0233075
66073,P4,64.0,64.0,784.0,784.0,False,0.19,8.0,1301933030,30.6445203,104.0738433
79504,P4,64.0,64.0,784.0,784.0,False,0.27,8.0,2981056896,30.6261677,104.0775737
103944,P4,65.0,65.0,785.0,785.0,False,1.31,8.62,4699007411,30.6137133,104.0445728
116752,P4,65.0,65.0,785.0,785.0,False,1.88,9.76,3680455697,30.6579432,104.013725
129113,P4,65.0,65.0,785.0,785.0,False,0.5,8.0,1492607720,30.6228945,104.0645365
178251,P4,65.0,65.0,785.0,785.0,False,1.01,8.02,1301932975,30.65459,104.07045
207536,P4,65.0,65.0,785.0,785.0,False,1.03,8.06,3516900114,30.6680637,104.0802444
47116,P4,65.0,65.0,785.0,785.0,False,1.01,8.02,3632988786,30.6642933,104.032285
51147,P4,65.0,65.0,785.0,785.0,False,0.02,8.0,1987226888,30.667348,104.0491602
59263,P4,65.0,65.0,785.0,785.0,False,0.82,8.0,4693646377,30.6314498,104.0690773
59705,P4,65.0,65.0,785.0,785.0,False,1.86,9.72,2131996474,30.6234285,104.1050717
96049,P4,65.0,65.0,785.0,785.0,False,1.03,8.06,3445813114,30.6618463,104.0770904
107340,P4,66.0,66.0,786.0,786.0,False,1.2,8.4,4693609876,30.6319966,104.0696843
126217,P4,66.0,66.0,786.0,786.0,False,0.46,8.0,2923196175,30.7259467,104.0067958
14590,P4,66.0,66.0,786.0,786.0,False,1.08,8.16,3541371613,30.6680667,104.0492802
155995,P4,66.0,66.0,786.0,786.0,False,1.74,9.48,1947583845,30.68568,104.08303
158703,P4,66.0,66.0,786.0,786.0,False,1.1,8.2,3034393457,30.66733,104.05227
17016,P4,66.0,66.0,786.0,786.0,False,0.37,8.0,1313065875,30.6418278,104.086438
49418,P4,66.0,66.0,786.0,786.0,False,1.35,8.7,2956775843,30.7229705,104.0460363
64300,P4,66.0,66.0,786.0,786.0,False,2.05,10.1,1159223039,30.7067071,104.0200456
71859,P4,66.0,66.0,786.0,786.0,False,0.15,8.0,5141468652,30.6399839,104.0936737
74599,P4,66.0,66.0,786.0,786.0,False,1.2,8.4,2309311958,30.694036,104.0878296
76285,P4,66.0,66.0,786.0,786.0,False,1.13,8.26,4772214781,30.6797356,104.0054318
85986,P4,66.0,66.0,786.0,786.0,False,1.08,8.16,1507266871,30.6992009,104.0788752
168131,P4,67.0,67.0,787.0,787.0,False,0.43,8.0,1159226949,30.691174,104.0515734
197195,P4,67.0,67.0,787.0,787.0,False,1.63,9.26,3469876108,30.7077543,104.0383284
51530,P4,67.0,67.0,787.0,787.0,False,1.63,9.26,3633006579,30.6602556,104.0583621
83476,P4,67.0,67.0,787.0,787.0,False,0.89,8.0,3613960014,30.671382,104.0496632
95550,P4,67.0,67.0,787.0,787.0,False,0.43,8.0,3562110275,30.672854,104.0640851
1185,P4,68.0,68.0,788.0,788.0,False,0.04,8.0,4987535028,30.6287477,104.0117356
131228,P4,68.0,68.0,788.0,788.0,False,0.04,8.0,2080646270,30.6223983,104.1039768
172647,P4,68.0,68.0,788.0,788.0,False,1.05,8.1,4772463248,30.66277,104.04712
188342,P4,68.0,68.0,788.0,788.0,False,1.66,9.32,4550701195,30.6234342,104.0347121
202387,P4,68.0,68.0,788.0,788.0,False,0.93,8.0,4550018796,30.6157898,104.0365485
205971,P4,68.0,68.0,788.0,788.0,False,0.04,8.0,4548211432,30.67875,104.0361
207899,P4,68.0,68.0,788.0,788.0,False,0.4,8.0,2118910078,30.70893,104.0898666
86207,P4,68.0,68.0,788.0,788.0,False,1.2,8.4,3445813130,30.67108,104.0765
121765,P4,69.0,69.0,789.0,789.0,False,0.38,8.0,4638050376,30.7009156,104.0640557
126568,P4,69.0,69.0,789.0,789.0,False,0.24,8.0,4550018750,30.6111333,103.9800135
32834,P4,69.0,69.0,789.0,789.0,False,1.11,8.22,4107377015,30.6321849,104.0007438
54323,P4,69.0,69.0,789.0,789.0,False,0.84,8.0,2785841182,30.6883007,104.0188268
62300,P4,69.0,69.0,789.0,789.0,False,0.91,8.0,4779165712,30.6366168,104.0250542
105843,P4,70.0,70.0,790.0,790.0,False,3.25,12.5,5141328432,30.6121324,104.0578381
120813,P4,70.0,70.0,790.0,790.0,False,0.67,8.0,2843294150,30.6996492,104.0467669
14154,P4,70.0,70.0,790.0,790.0,False,3.25,12.5,4585624085,30.6801395,104.0231442
167670,P4,70.0,70.0,790.0,790.0,False,0.13,8.0,432442855,30.6731132,103.9920115
191308,P4,70.0,70.0,790.0,790.0,False,0.25,8.0,1159172511,30.6195441,104.074636
192119,P4,70.0,70.0,790.0,790.0,False,0.05,8.0,4548211259,30.6691814,104.0381505
43382,P4,70.0,70.0,790.0,790.0,False,0.62,8.0,838319885,30.6473933,104.1084131
43491,P4,70.0,70.0,790.0,790.0,False,0.62,8.0,2653571754,30.6744222,104.0835944
44042,P4,70.0,70.0,790.0,790.0,False,0.25,8.0,1457862034,30.6875784,104.0991898
74723,P4,70.0,70.0,790.0,790.0,False,0.3,8.0,1159143437,30.662544,104.1008
96760,P4,70.0,70.0,790.0,790.0,False,0.37,8.0,5375784048,30.6561051,103.997904
106659,P4,71.0,71.0,791.0,791.0,False,1.1,8.2,1457834347,30.6947679,104.1084834
132327,P4,71.0,71.0,791.0,791.0,False,0.31,8.0,3176012319,30.699657,104.07149
13951,P4,71.0,71.0,791.0,791.0,False,2.01,10.02,4981594499,30.6324128,103.9966808
18067,P4,71.0,71.0,791.0,791.0,False,2.57,11.14,672349263,30.7254834,104.0736286
20879,P4,71.0,71.0,791.0,791.0,False,0.73,8.0,5211337094,30.6478855,104.0016635
20911,P4,71.0,71.0,791.0,791.0,False,2.01,10.02,1458749296,30.6780134,104.0937322
41135,P4,71.0,71.0,791.0,791.0,False,0.18,8.0,4748166157,30.614878,104.0236663
42362,P4,71.0,71.0,791.0,791.0,False,0.73,8.0,5218046221,30.6127824,104.1100981
65031,P4,71.0,71.0,791.0,791.0,False,0.3,8.0,1159228848,30.68459,104.10538
69271,P4,71.0,71.0,791.0,791.0,False,2.35,10.7,4548211638,30.664661,104.06236
178492,P4,72.0,72.0,792.0,792.0,False,0.74,8.0,4799100438,30.648059,104.0303384
190220,P4,72.0,72.0,792.0,792.0,False,0.19,8.0,4972893912,30.6129315,104.0465191
194103,P4,72.0,72.0,792.0,792.0,False,2.41,10.82,3562110271,30.652779,104.08009
108397,P4,73.0,73.0,793.0,793.0,False,2.0,10.0,4748166162,30.6138824,104.0234089
136255,P4,73.0,73.0,793.0,793.0,False,0.59,8.0,3034409154,30.720613,104.077065
160793,P4,73.0,73.0,793.0,793.0,False,1.8,9.6,314655039,30.6274242,104.0445292
164031,P4,73.0,73.0,793.0,793.0,False,0.18,8.0,4550019014,30.64734,104.05585
171864,P4,73.0,73.0,793.0,793.0,False,0.85,8.0,2217790313,30.6616415,104.0581034
194086,P4,73.0,73.0,793.0,793.0,False,1.54,9.08,4549993123,30.7022539,104.0343397
201552,P4,73.0,73.0,793.0,793.0,False,1.45,8.9,2956775227,30.7127155,104.0404005
204056,P4,73.0,73.0,793.0,793.0,False,1.8,9.6,4242369821,30.6871877,104.0222008
44068,P4,73.0,73.0,793.0,793.0,False,2.0,10.0,4294975860,30.6446675,103.9995713
46627,P4,73.0,73.0,793.0,793.0,False,1.54,9.08,1457843773,30.6882327,104.0999781
50382,P4,73.0,73.0,793.0,793.0,False,0.59,8.0,5382831202,30.6774918,104.0944491
56888,P4,73.0,73.0,793.0,793.0,False,0.14,8.0,5367313640,30.6351029,103.9797164
76569,P4,73.0,73.0,793.0,793.0,False,0.62,8.0,5436607863,30.6466031,104.0726158
91861,P4,73.0,73.0,793.0,793.0,False,0.14,8.0,672349439,30.7229547,104.0720011
108683,P4,74.0,74.0,794.0,794.0,False,0.78,8.0,3561962961,30.6627022,104.0024668
109475,P4,74.0,74.0,794.0,794.0,False,0.06,8.0,1964427885,30.66748,104.10584
110411,P4,74.0,74.0,794.0,794.0,False,2.14,10.28,4548211652,30.6703553,104.0580108
131732,P4,74.0,74.0,794.0,794.0,False,1.18,8.36,4700724418,30.6273867,104.0436214
145444,P4,74.0,74.0,794.0,794.0,False,1.1,8.2,5141468671,30.6376413,104.0910206
161122,P4,74.0,74.0,794.0,794.0,False,3.51,13.02,1507238858,30.7082982,104.078071
168711,P4,74.0,74.0,794.0,794.0,False,2.18,10.36,3445794965,30.6619843,104.0728022
169030,P4,74.0,74.0,794.0,794.0,False,2.14,10.28,1469172045,30.6319422,104.0923756
177586,P4,74.0,74.0,794.0,794.0,False,0.78,8.0,4934383670,30.617146,104.1126044
188606,P4,74.0,74.0,794.0,794.0,False,0.69,8.0,1159230080,30.6812421,104.0782844
21396,P4,74.0,74.0,794.0,794.0,False,0.06,8.0,1819305441,30.6279064,104.0944812
21692,P4,74.0,74.0,794.0,794.0,False,1.08,8.16,3632988773,30.664925,104.0312362
22469,P4,74.0,74.0,794.0,794.0,False,0.12,8.0,672349463,30.720436,104.0716919
41852,P4,74.0,74.0,794.0,794.0,False,2.37,10.74,4703149494,30.6125541,104.0671311
4731,P4,74.0,74.0,794.0,794.0,False,1.56,9.12,1159453978,30.6612994,104.0449906
60283,P4,74.0,74.0,794.0,794.0,False,2.76,11.52,1964325479,30.672123,104.09881
60385,P4,74.0,74.0,794.0,794.0,False,2.03,10.06,2041527427,30.6900383,104.0915495
83627,P4,74.0,74.0,794.0,794.0,False,0.16,8.0,1156126794,30.67832,104.04858
96599,P4,74.0,74.0,794.0,794.0,False,1.08,8.16,1964427886,30.669909,104.10321
113280,P4,75.0,75.0,795.0,795.0,False,0.71,8.0,2327780254,30.6191328,104.1029508
148334,P4,75.0,75.0,795.0,795.0,False,0.71,8.0,2081197474,30.6288588,104.0970974
158866,P4,75.0,75.0,795.0,795.0,False,1.52,9.04,1159131822,30.6658182,104.0810467
172899,P4,75.0,75.0,795.0,795.0,False,0.16,8.0,4703149490,30.6125572,104.0674101
206231,P4,75.0,75.0,795.0,795.0,False,0.83,8.0,3445813552,30.669,104.071556
21553,P4,75.0,75.0,795.0,795.0,False,0.86,8.0,3034376778,30.678366,104.062231
2357,P4,75.0,75.0,795.0,795.0,False,2.01,10.02,432432621,30.6565848,104.0300828
33604,P4,75.0,75.0,795.0,795.0,False,0.16,8.0,4701464361,30.6145706,104.0557517
59299,P4,75.0,75.0,795.0,795.0,False,1.65,9.3,4794944089,30.6451373,104.0707094
161509,P4,76.0,76.0,796.0,796.0,False,0.34,8.0,2653567540,30.6688585,104.0924007
205779,P4,76.0,76.0,796.0,796.0,False,0.4,8.0,4699007404,30.61721,104.04358
10499,P4,77.0,77.0,797.0,797.0,False,1.36,8.72,3562055473,30.71454,104.04157
12984,P4,77.0,77.0,797.0,797.0,False,1.19,8.38,3597807845,30.7165062,104.0106957
138283,P4,77.0,77.0,797.0,797.0,False,1.63,9.26,5040759944,30.68157,104.10102
153251,P4,77.0,77.0,797.0,797.0,False,0.54,8.0,1159497991,30.68924,104.04265
163574,P4,77.0,77.0,797.0,797.0,False,0.08,8.0,4548211251,30.667978,104.0381806
171261,P4,77.0,77.0,797.0,797.0,False,2.15,10.3,1492615695,30.6244396,104.0643719
40522,P4,77.0,77.0,797.0,797.0,False,0.78,8.0,4695601538,30.6120316,104.0308051
53559,P4,77.0,77.0,797.0,797.0,False,1.19,8.38,4393216985,30.6223709,104.0562627
121422,P4,78.0,78.0,798.0,798.0,False,0.71,8.0,4699007283,30.6149014,104.0327849
12598,P4,78.0,78.0,798.0,798.0,False,2.76,11.52,2714528005,30.6277855,104.0555694
126928,P4,78.0,78.0,798.0,798.0,False,0.04,8.0,4748183722,30.6234372,104.0192515
135876,P4,78.0,78.0,798.0,798.0,False,0.78,8.0,2041527400,30.6929967,104.0976903
153453,P4,78.0,78.0,798.0,798.0,False,1.33,8.66,4548211467,30.6309116,104.022645
156325,P4,78.0,78.0,798.0,798.0,False,0.25,8.0,3523294443,30.6601842,104.0431961
170209,P4,78.0,78.0,798.0,798.0,False,0.46,8.0,5213238459,30.6368515,104.0499072
170506,P4,78.0,78.0,798.0,798.0,False,1.53,9.06,2956775872,30.699632,104.040622
19539,P4,78.0,78.0,798.0,798.0,False,0.81,8.0,2712338398,30.7073784,104.0390462
28555,P4,78.0,78.0,798.0,798.0,False,0.74,8.0,4106681933,30.618868,103.986305
42867,P4,78.0,78.0,798.0,798.0,False,2.76,11.52,1947584056,30.68286,104.08193
52427,P4,78.0,78.0,798.0,798.0,False,0.87,8.0,3516900116,30.672737,104.07659
57315,P4,78.0,78.0,798.0,798.0,False,0.09,8.0,1492613673,30.6221089,104.0629493
7055,P4,78.0,78.0,798.0,798.0,False,0.71,8.0,3523314177,30.6272052,104.0539713
8238,P4,78.0,78.0,798.0,798.0,False,2.3,10.6,4222812854,30.64601,104.0215387
91627,P4,78.0,78.0,798.0,798.0,False,0.04,8.0,1305816693,30.66203,104.104965
93701,P4,78.0,78.0,798.0,798.0,False,0.64,8.0,2135946740,30.613576,104.0190514
107687,P4,79.0,79.0,799.0,799.0,False,1.49,8.98,5211368069,30.67051,103.96644
153376,P4,79.0,79.0,799.0,799.0,False,1.92,9.84,1506387806,30.7051584,104.0696217
161157,P4,79.0,79.0,799.0,799.0,False,1.84,9.68,1507337734,30.6969488,104.0747885
183435,P4,79.0,79.0,799.0,799.0,False,1.31,8.62,1459023387,30.644176,104.1108717
186544,P4,79.0,79.0,799.0,799.0,False,0.05,8.0,1964325479,30.6726221,104.0966472
191046,P4,79.0,79.0,799.0,799.0,False,0.34,8.0,5213238604,30.6353619,104.0488733
50785,P4,79.0,79.0,799.0,799.0,False,0.94,8.0,441187409,30.6848744,104.0616361
63043,P4,79.0,79.0,799.0,799.0,False,1.26,8.52,4064178139,30.6685246,103.977975
87659,P4,79.0,79.0,799.0,799.0,False,0.0,8.0,3579530515,30.65095,104.11427
96802,P4,79.0,79.0,799.0,799.0,False,0.94,8.0,4695640583,30.6121963,104.0259698
110413,P4,80.0,80.0,800.0,800.0,False,2.27,10.54,4106682124,30.644609,103.9855675
133179,P4,80.0,80.0,800.0,800.0,False,2.32,10.64,5141468645,30.6337168,104.092846
141255,P4,80.0,80.0,800.0,800.0,False,1.61,9.22,4549759366,30.693884,104.03417
204320,P4,80.0,80.0,800.0,800.0,False,0.23,8.0,439751608,30.6648738,103.9835015
36895,P4,80.0,80.0,800.0,800.0,False,0.23,8.0,4549993411,30.6925901,104.037526
41975,P4,80.0,80.0,800.0,800.0,False,0.14,8.0,432442859,30.6727101,103.9961226
59330,P4,80.0,80.0,800.0,800.0,False,1.39,8.78,4548141029,30.6228164,104.072907
59578,P4,80.0,80.0,800.0,800.0,False,1.12,8.24,1458037196,30.6877515,104.100315
70844,P4,80.0,80.0,800.0,800.0,False,1.01,8.02,4572410254,30.6858528,103.9731053
76199,P4,80.0,80.0,800.0,800.0,False,1.65,9.3,1159226736,30.693703,104.055275
112941,P4,81.0,81.0,801.0,801.0,False,1.84,9.68,2956775866,30.7059456,104.0407825
129442,P4,81.0,81.0,801.0,801.0,False,0.15,8.0,1459025654,30.645698,104.1084009
36592,P4,81.0,81.0,801.0,801.0,False,0.3,8.0,1459916404,30.6471107,104.1046095
40218,P4,81.0,81.0,801.0,801.0,False,1.76,9.52,5375783939,30.6601104,103.9962333
55268,P4,81.0,81.0,801.0,801.0,False,0.08,8.0,1459062204,30.6449174,104.1079486
76539,P4,81.0,81.0,801.0,801.0,False,1.84,9.68,5359113192,30.676962,104.0118695
82196,P4,81.0,81.0,801.0,801.0,False,0.31,8.0,1918491700,30.6341459,104.0045802
82346,P4,81.0,81.0,801.0,801.0,False,0.06,8.0,4991425514,30.650584,103.9858654
97864,P4,81.0,81.0,801.0,801.0,False,0.31,8.0,3034409145,30.7179159,104.1075828
111105,P4,82.0,82.0,802.0,802.0,False,1.19,8.38,2690137358,30.7096802,104.0182155
123237,P4,82.0,82.0,802.0,802.0,False,1.33,8.66,2259833248,30.6290034,104.0965908
173973,P4,82.0,82.0,802.0,802.0,False,0.19,8.0,4772214782,30.6797153,104.0055931
195331,P4,82.0,82.0,802.0,802.0,False,0.02,8.0,4548259685,30.69062,104.04752
67543,P4,82.0,82.0,802.0,802.0,False,0.87,8.0,1815741542,30.689234,104.076675
92079,P4,82.0,82.0,802.0,802.0,False,0.06,8.0,1507263105,30.7120874,104.07183
101666,P4,83.0,83.0,803.0,803.0,False,0.11,8.0,4693609881,30.6334978,104.0694914
118699,P4,83.0,83.0,803.0,803.0,False,2.49,10.98,2041527461,30.693292,104.0970895
135575,P4,83.0,83.0,803.0,803.0,False,0.78,8.0,5213253322,30.722224,104.071879
151387,P4,83.0,83.0,803.0,803.0,False,0.4,8.0,1916530842,30.6485722,103.9805666
175188,P4,83.0,83.0,803.0,803.0,False,1.08,8.16,3087817477,30.6604233,103.9987709
186377,P4,83.0,83.0,803.0,803.0,False,2.69,11.38,3979164218,30.6751072,104.0891915
208073,P4,83.0,83.0,803.0,803.0,False,0.56,8.0,1498768416,30.7260562,104.0740828
58851,P4,83.0,83.0,803.0,803.0,False,1.18,8.36,4877246214,30.6272722,104.0995561
6223,P4,83.0,83.0,803.0,803.0,False,0.84,8.0,1159511641,30.653976,104.0658
70333,P4,83.0,83.0,803.0,803.0,False,2.23,10.46,1159131919,30.669681,104.0854025
81272,P4,83.0,83.0,803.0,803.0,False,0.11,8.0,4078817927,30.7034695,104.0812181
81754,P4,83.0,83.0,803.0,803.0,False,2.49,10.98,4695640654,30.6157973,104.0245243
94535,P4,83.0,83.0,803.0,803.0,False,1.23,8.46,3579517900,30.66752,104.05605
103493,P4,84.0,84.0,804.0,804.0,False,1.41,8.82,504315315,30.698928,104.1041965
11203,P4,84.0,84.0,804.0,804.0,False,2.06,10.12,5211372132,30.6894,103.9681662
164578,P4,84.0,84.0,804.0,804.0,False,0.25,8.0,5141328649,30.6129791,104.0629351
190095,P4,84.0,84.0,804.0,804.0,False,1.49,8.98,1312615942,30.6489747,104.0560347
195906,P4,84.0,84.0,804.0,804.0,False,0.99,8.0,2534035138,30.6758238,104.0718857
37770,P4,84.0,84.0,804.0,804.0,False,0.31,8.0,5375783808,30.6561972,104.0007448
4756,P4,84.0,84.0,804.0,804.0,False,1.76,9.52,4550701366,30.6165608,103.9842508
63195,P4,84.0,84.0,804.0,804.0,False,1.33,8.66,4548211642,30.62191,104.05937
67643,P4,84.0,84.0,804.0,804.0,False,2.06,10.12,432452989,30.62788,104.07349
10027,P4,85.0,85.0,805.0,805.0,False,0.78,8.0,4701577693,30.6166676,104.0695484
10055,P4,85.0,85.0,805.0,805.0,False,0.03,8.0,2717452481,30.6171488,104.0550426
123347,P4,85.0,85.0,805.0,805.0,False,2.63,11.26,5213253153,30.6942778,104.0869612
126582,P4,85.0,85.0,805.0,805.0,False,1.07,8.14,4550019097,30.6516575,104.0549409
192312,P4,85.0,85.0,805.0,805.0,False,0.78,8.0,2041527399,30.692028,104.0979478
193,P4,85.0,85.0,805.0,805.0,False,2.33,10.66,5375783424,30.62574,104.0023166
67820,P4,85.0,85.0,805.0,805.0,False,2.12,10.24,3176012318,30.6987816,104.0728155
89971,P4,85.0,85.0,805.0,805.0,False,3.44,12.88,1964471393,30.6655426,104.1085626
90442,P4,85.0,85.0,805.0,805.0,False,2.33,10.66,4987534933,30.6228829,104.0147805
100733,P4,86.0,86.0,806.0,806.0,False,1.97,9.94,2217790313,30.6616415,104.0581034
117551,P4,86.0,86.0,806.0,806.0,False,0.77,8.0,4548211344,30.6836,104.06019
153373,P4,86.0,86.0,806.0,806.0,False,1.61,9.22,1458561796,30.6892727,104.0975161
18525,P4,86.0,86.0,806.0,806.0,False,0.84,8.0,4078817927,30.7034695,104.0812181
203707,P4,86.0,86.0,806.0,806.0,False,0.77,8.0,1492574993,30.6251745,104.0642359
30205,P4,86.0,86.0,806.0,806.0,False,1.15,8.3,5102959117,30.6893464,104.0050216
6867,P4,86.0,86.0,806.0,806.0,False,1.61,9.22,441221454,30.64817,104.02461
71812,P4,86.0,86.0,806.0,806.0,False,0.45,8.0,1947138494,30.6920212,104.0853742
80051,P4,86.0,86.0,806.0,806.0,False,0.84,8.0,4548259651,30.6720335,104.0229889
121192,P4,87.0,87.0,807.0,807.0,False,1.14,8.28,4549993291,30.6501848,103.9847515
189740,P4,87.0,87.0,807.0,807.0,False,0.13,8.0,2082821595,30.6103387,104.0876684
192203,P4,87.0,87.0,807.0,807.0,False,2.99,11.98,3199773570,30.69898,104.11308
26389,P4,87.0,87.0,807.0,807.0,False,0.09,8.0,5375783939,30.6601104,103.9962333
75291,P4,87.0,87.0,807.0,807.0,False,0.83,8.0,1500638719,30.7080075,104.0885952
8227,P4,87.0,87.0,807.0,807.0,False,0.4,8.0,4549993184,30.705957,104.0279388
84492,P4,87.0,87.0,807.0,807.0,False,0.45,8.0,3069351961,30.6281566,103.9820995
86444,P4,87.0,87.0,807.0,807.0,False,0.66,8.0,1492620059,30.6224681,104.0616508
118474,P4,88.0,88.0,808.0,808.0,False,1.11,8.22,5375783436,30.6193095,104.008829
138718,P4,88.0,88.0,808.0,808.0,False,1.51,9.02,5375784005,30.6558788,103.9937979
140435,P4,88.0,88.0,808.0,808.0,False,1.18,8.36,3516900110,30.6681337,104.084441
146150,P4,88.0,88.0,808.0,808.0,False,0.14,8.0,4572409877,30.6883075,104.0706146
175622,P4,88.0,88.0,808.0,808.0,False,1.28,8.56,4699007122,30.6106663,104.0382725
205543,P4,88.0,88.0,808.0,808.0,False,2.12,10.24,5213238351,30.6434127,104.1128764
3548,P4,88.0,88.0,808.0,808.0,False,1.99,9.98,1159231408,30.6849598,104.0881861
5087,P4,88.0,88.0,808.0,808.0,False,1.07,8.14,2847752854,30.65897,104.10627
6606,P4,88.0,88.0,808.0,808.0,False,2.83,11.66,1159175201,30.6261832,104.0692804
73443,P4,88.0,88.0,808.0,808.0,False,1.83,9.66,1504189436,30.71311,104.09307
101199,P4,89.0,89.0,809.0,809.0,False,0.41,8.0,1159137566,30.65414,104.09027
103870,P4,89.0,89.0,809.0,809.0,False,0.18,8.0,4550019021,30.6453625,104.055167
111494,P4,89.0,89.0,809.0,809.0,False,1.47,8.94,4230593029,30.6426155,104.0877824
113223,P4,89.0,89.0,809.0,809.0,False,0.13,8.0,3523308829,30.6416653,104.0811521
156018,P4,89.0,89.0,809.0,809.0,False,0.02,8.0,5002301691,30.6618178,104.0204821
171578,P4,89.0,89.0,809.0,809.0,False,0.28,8.0,2309311958,30.694036,104.0878296
171721,P4,89.0,89.0,809.0,809.0,False,0.18,8.0,4772463303,30.661617,104.0449828
186195,P4,89.0,89.0,809.0,809.0,False,0.28,8.0,4550769658,30.6324072,104.0990275
189619,P4,89.0,89.0,809.0,809.0,False,0.2,8.0,1445485650,30.6361,104.06199
44123,P4,89.0,89.0,809.0,809.0,False,0.68,8.0,2080643555,30.6216724,104.0996009
6003,P4,89.0,89.0,809.0,809.0,False,2.85,11.7,5213238519,30.659077,104.080055
7303,P4,89.0,89.0,809.0,809.0,False,1.0,8.0,1159131854,30.66587,104.07401
142717,P4,90.0,90.0,810.0,810.0,False,0.85,8.0,4548211370,30.6708997,104.057974
145307,P4,90.0,90.0,810.0,810.0,False,1.16,8.32,2329097173,30.7047667,104.003764
194403,P4,90.0,90.0,810.0,810.0,False,2.24,10.48,1458561799,30.6895814,104.0966979
195452,P4,90.0,90.0,810.0,810.0,False,1.77,9.54,4218012567,30.6276483,104.0428316
209395,P4,90.0,90.0,810.0,810.0,False,1.27,8.54,5283966326,30.704668,104.0957
57903,P4,90.0,90.0,810.0,810.0,False,1.26,8.52,4549759292,30.6672728,104.0578932
67997,P4,90.0,90.0,810.0,810.0,False,2.24,10.48,3633018387,30.6667602,104.0632288
92783,P4,90.0,90.0,810.0,810.0,False,1.29,8.58,3780408667,30.63136,104.05982
95764,P4,90.0,90.0,810.0,810.0,False,0.68,8.0,5359113204,30.6778101,104.0089782
120121,P4,91.0,91.0,811.0,811.0,False,1.29,8.58,3562110284,30.6545166,104.0800496
12398,P4,91.0,91.0,811.0,811.0,False,0.97,8.0,4187237189,30.6816442,104.0094268
135087,P4,91.0,91.0,811.0,811.0,False,0.48,8.0,1947584056,30.682764,104.08359
137008,P4,91.0,91.0,811.0,811.0,False,0.62,8.0,432442880,30.6853516,103.9833976
137979,P4,91.0,91.0,811.0,811.0,False,1.23,8.46,3199773742,30.7033074,104.1132
15549,P4,91.0,91.0,811.0,811.0,False,0.62,8.0,2344329063,30.6548505,104.0541164
16705,P4,91.0,91.0,811.0,811.0,False,3.06,12.12,4550770090,30.632084,104.1058371
191244,P4,91.0,91.0,811.0,811.0,False,1.1,8.2,4782097003,30.6252512,104.0248876
22109,P4,91.0,91.0,811.0,811.0,False,1.19,8.38,4548211359,30.6740614,104.0578691
38421,P4,91.0,91.0,811.0,811.0,False,2.03,10.06,4548259375,30.6965629,104.0474365
42976,P4,91.0,91.0,811.0,811.0,False,1.1,8.2,1455131234,30.695092,104.1080399
73283,P4,91.0,91.0,811.0,811.0,False,0.93,8.0,432432560,30.651348,104.04058
74181,P4,91.0,91.0,811.0,811.0,False,1.1,8.2,5375783835,30.6491272,104.0008199
80021,P4,91.0,91.0,811.0,811.0,False,0.34,8.0,4701577732,30.6381638,104.0735076
90538,P4,91.0,91.0,811.0,811.0,False,0.49,8.0,3541427579,30.7099241,104.0328295
94784,P4,91.0,91.0,811.0,811.0,False,1.1,8.2,4107377021,30.6364012,103.9941504
104448,P4,92.0,92.0,812.0,812.0,False,0.58,8.0,441187666,30.710912,104.0486169
114188,P4,92.0,92.0,812.0,812.0,False,0.66,8.0,5323268678,30.7196742,104.098008
129290,P4,92.0,92.0,812.0,812.0,False,0.06,8.0,1159172253,30.6136098,104.0827875
171684,P4,92.0,92.0,812.0,812.0,False,0.42,8.0,4748166140,30.6148417,104.0221795
17793,P4,92.0,92.0,812.0,812.0,False,1.78,9.56,3436486450,30.6407124,104.0458668
182971,P4,92.0,92.0,812.0,812.0,False,1.83,9.66,3158040415,30.64456,104.04998
201004,P4,92.0,92.0,812.0,812.0,False,0.25,8.0,672406288,30.6511704,104.0686696
58401,P4,92.0,92.0,812.0,812.0,False,0.39,8.0,3436486456,30.6405625,104.0471289
59711,P4,92.0,92.0,812.0,812.0,False,0.44,8.0,4585469576,30.6563651,104.060512
16006,P4,93.0,93.0,813.0,813.0,False,0.77,8.0,4572365814,30.6773685,104.057906
160952,P4,93.0,93.0,813.0,813.0,False,0.2,8.0,4106682100,30.6430626,103.9805398
163540,P4,93.0,93.0,813.0,813.0,False,0.23,8.0,1159477627,30.6743851,104.0517283
176455,P4,93.0,93.0,813.0,813.0,False,1.98,9.96,4106681988,30.6423854,103.981756
191385,P4,93.0,93.0,813.0,813.0,False,1.51,9.02,4934383684,30.616535,104.1164446
32584,P4,93.0,93.0,813.0,813.0,False,0.48,8.0,3445813123,30.6706637,104.0706051
56495,P4,93.0,93.0,813.0,813.0,False,0.7,8.0,4400595031,30.67526,104.076
67957,P4,93.0,93.0,813.0,813.0,False,0.86,8.0,3943038372,30.6441449,104.0691576
89051,P4,93.0,93.0,813.0,813.0,False,0.23,8.0,5213238503,30.6608833,104.07303
101091,P4,94.0,94.0,814.0,814.0,False,1.4,8.8,1885342917,30.68322,104.10008
103698,P4,94.0,94.0,814.0,814.0,False,1.01,8.02,314622956,30.6469045,104.0472313
115543,P4,94.0,94.0,814.0,814.0,False,0.57,8.0,4903112572,30.653221,104.075836
119991,P4,94.0,94.0,814.0,814.0,False,0.35,8.0,5375783936,30.657277,103.9966464
15888,P4,94.0,94.0,814.0,814.0,False,0.57,8.0,4703149495,30.6117216,104.0671848
162167,P4,94.0,94.0,814.0,814.0,False,1.4,8.8,4548259642,30.6675864,104.0056781
175911,P4,94.0,94.0,814.0,814.0,False,1.4,8.8,2956775227,30.7127155,104.0404005
1888,P4,94.0,94.0,814.0,814.0,False,1.45,8.9,4772463269,30.663461,104.0458275
195795,P4,94.0,94.0,814.0,814.0,False,1.38,8.76,2564226634,30.640661,104.02541
2853,P4,94.0,94.0,814.0,814.0,False,1.22,8.44,432441931,30.6302643,104.03195
30545,P4,94.0,94.0,814.0,814.0,False,1.11,8.22,4106681966,30.6328569,103.9919272
55314,P4,94.0,94.0,814.0,814.0,False,2.22,10.44,2912291165,30.6410523,104.1040394
9091,P4,94.0,94.0,814.0,814.0,False,2.63,11.26,1947583851,30.6882477,104.0903482
118803,P4,95.0,95.0,815.0,815.0,False,0.86,8.0,2134826932,30.6719712,103.9856682
125222,P4,95.0,95.0,815.0,815.0,False,1.76,9.52,432442941,30.6799138,104.0286719
139861,P4,95.0,95.0,815.0,815.0,False,0.05,8.0,3562047421,30.7161418,104.0610998
147632,P4,95.0,95.0,815.0,815.0,False,0.34,8.0,4444112339,30.7189594,104.1017075
149247,P4,95.0,95.0,815.0,815.0,False,1.2,8.4,1159148557,30.66378,104.07217
187243,P4,95.0,95.0,815.0,815.0,False,0.17,8.0,4695700278,30.6102494,104.0225995
187368,P4,95.0,95.0,815.0,815.0,False,0.64,8.0,1500638636,30.7038047,104.093203
194180,P4,95.0,95.0,815.0,815.0,False,1.06,8.12,3633018391,30.6678065,104.0647205
21861,P4,95.0,95.0,815.0,815.0,False,2.36,10.72,3582230413,30.6459318,103.970247
40565,P4,95.0,95.0,815.0,815.0,False,1.89,9.78,4548259350,30.6425634,104.0179388
4694,P4,95.0,95.0,815.0,815.0,False,1.89,9.78,4773916440,30.6576258,104.0019011
59962,P4,95.0,95.0,815.0,815.0,False,0.86,8.0,314623091,30.6463693,104.0312716
68567,P4,95.0,95.0,815.0,815.0,False,0.05,8.0,3033986301,30.6607829,104.0264952
79396,P4,95.0,95.0,815.0,815.0,False,0.62,8.0,2718635888,30.6707393,103.9886401
164921,P4,96.0,96.0,816.0,816.0,False,0.9,8.0,4106682093,30.6426156,103.9745464
174989,P4,96.0,96.0,816.0,816.0,False,0.11,8.0,4547074343,30.6109764,104.0714529
188103,P4,96.0,96.0,816.0,816.0,False,0.94,8.0,3445813552,30.668554,104.07083
39526,P4,96.0,96.0,816.0,816.0,False,2.72,11.44,432442636,30.6855883,104.0193808
75103,P4,96.0,96.0,816.0,816.0,False,0.64,8.0,4721452999,30.705019,104.08328
8739,P4,96.0,96.0,816.0,816.0,False,2.72,11.44,3516896165,30.66444,104.0705
89312,P4,96.0,96.0,816.0,816.0,False,0.58,8.0,2315717850,30.6346176,104.1006639
129490,P4,97.0,97.0,817.0,817.0,False,2.69,11.38,1458937192,30.6764909,104.0951605
131926,P4,97.0,97.0,817.0,817.0,False,0.09,8.0,4550769314,30.653185,104.115036
144124,P4,97.0,97.0,817.0,817.0,False,0.68,8.0,314623107,30.6486102,104.0368163
152701,P4,97.0,97.0,817.0,817.0,False,1.27,8.54,5213238535,30.6610698,104.0747047
170655,P4,97.0,97.0,817.0,817.0,False,0.09,8.0,2039561245,30.68241,104.11293
17627,P4,97.0,97.0,817.0,817.0,False,2.83,11.66,4106682216,30.6693803,104.0011708
192121,P4,97.0,97.0,817.0,817.0,False,0.68,8.0,1457813627,30.6948686,104.1050796
203122,P4,97.0,97.0,817.0,817.0,False,0.22,8.0,4900292715,30.6661834,104.0685248
26699,P4,97.0,97.0,817.0,817.0,False,2.2,10.4,432432565,30.659918,104.038795
37565,P4,97.0,97.0,817.0,817.0,False,2.69,11.38,3927876953,30.6762446,103.985108
75158,P4,97.0,97.0,817.0,817.0,False,0.31,8.0,3562045369,30.7155573,104.0721401
86458,P4,97.0,97.0,817.0,817.0,False,0.33,8.0,5375783854,30.6529392,103.9950693
90087,P4,97.0,97.0,817.0,817.0,False,1.57,9.14,3113656969,30.66506,104.05165
90346,P4,97.0,97.0,817.0,817.0,False,0.03,8.0,432442863,30.672203,104.0015513
98023,P4,97.0,97.0,817.0,817.0,False,2.83,11.66,4773199397,30.6713851,104.0143523
9987,P4,97.0,97.0,817.0,817.0,False,0.37,8.0,4550018622,30.6097035,103.9804203
150207,P4,98.0,98.0,818.0,818.0,False,1.37,8.74,3028924418,30.6308253,104.0459236
169895,P4,98.0,98.0,818.0,818.0,False,1.91,9.82,803149786,30.67849,104.09179
17761,P4,98.0,98.0,818.0,818.0,False,1.91,9.82,2956775869,30.6986178,104.0390225
179222,P4,98.0,98.0,818.0,818.0,False,1.37,8.74,1156126856,30.6688818,104.0913585
79119,P4,98.0,98.0,818.0,818.0,False,0.81,8.0,4967265420,30.7045843,104.0033762
80135,P4,98.0,98.0,818.0,818.0,False,2.11,10.22,1159488285,30.68811,104.07345
123590,P4,99.0,99.0,819.0,819.0,False,0.5,8.0,3780408673,30.630479,104.057504
146161,P4,99.0,99.0,819.0,819.0,False,0.08,8.0,4695700261,30.6164117,104.0176447
150391,P4,99.0,99.0,819.0,819.0,False,0.08,8.0,3436486420,30.6412447,104.0459499
37234,P4,99.0,99.0,819.0,819.0,False,0.5,8.0,3541426298,30.7026933,104.0719858
100411,P4,100.0,100.0,820.0,820.0,False,0.74,8.0,4549993276,30.6486719,103.9805232
108563,P4,100.0,100.0,820.0,820.0,False,2.19,10.38,5375783790,30.6544968,103.9990219
117287,P4,100.0,100.0,820.0,820.0,False,0.19,8.0,4548259614,30.694473,104.04791
122889,P4,100.0,100.0,820.0,820.0,False,3.4,12.8,962955219,30.6098424,104.1163879
149395,P4,100.0,100.0,820.0,820.0,False,4.28,14.56,4695601451,30.6095745,104.0276019
153933,P4,100.0,100.0,820.0,820.0,False,0.12,8.0,4701400722,30.6225238,104.0693425
173110,P4,100.0,100.0,820.0,820.0,False,1.43,8.86,1159941201,30.6696951,104.0191351
185320,P4,100.0,100.0,820.0,820.0,False,0.77,8.0,3562099189,30.6524666,104.0064191
21810,P4,100.0,100.0,820.0,820.0,False,2.19,10.38,1072698608,30.7167248,104.0716358
25924,P4,100.0,100.0,820.0,820.0,False,1.47,8.94,3034330079,30.6587488,104.0836754
51159,P4,100.0,100.0,820.0,820.0,False,1.43,8.86,3582245793,30.7233609,103.9909702
61307,P4,100.0,100.0,820.0,820.0,False,0.74,8.0,3582243031,30.7079381,104.0028381
106072,P4,101.0,101.0,821.0,821.0,False,0.84,8.0,1492615691,30.6242323,104.0643304
120275,P4,101.0,101.0,821.0,821.0,False,3.68,13.36,2119004937,30.6986814,104.0269566
12419,P4,101.0,101.0,821.0,821.0,False,0.19,8.0,3582245796,30.721409,103.99512
14116,P4,101.0,101.0,821.0,821.0,False,0.17,8.0,3034409145,30.7179159,104.1075828
176675,P4,101.0,101.0,821.0,821.0,False,0.13,8.0,4740867225,30.613173,104.0922027
178010,P4,101.0,101.0,821.0,821.0,False,0.84,8.0,1159463804,30.6784941,104.0223553
188584,P4,101.0,101.0,821.0,821.0,False,0.17,8.0,432432621,30.6565848,104.0300828
35199,P4,101.0,101.0,821.0,821.0,False,0.07,8.0,1819305436,30.62471,104.09094
35742,P4,101.0,101.0,821.0,821.0,False,0.98,8.0,4748173619,30.6227748,104.0183999
55531,P4,101.0,101.0,821.0,821.0,False,2.67,11.34,2852225599,30.64022,104.06127
61017,P4,101.0,101.0,821.0,821.0,False,0.64,8.0,1827955130,30.6645306,104.0543503
75693,P4,101.0,101.0,821.0,821.0,False,1.76,9.52,432429376,30.6372473,104.0536809
7676,P4,101.0,101.0,821.0,821.0,False,1.57,9.14,4106682221,30.6724514,103.9988918
78667,P4,101.0,101.0,821.0,821.0,False,0.07,8.0,1460300831,30.6518887,104.111184
15761,P4,102.0,102.0,822.0,822.0,False,3.12,12.24,4550018931,30.6531037,104.0603723
193231,P4,102.0,102.0,822.0,822.0,False,1.77,9.54,3445813130,30.6715,104.07845
54481,P4,102.0,102.0,822.0,822.0,False,0.11,8.0,5141328739,30.6110513,104.0641877
81187,P4,102.0,102.0,822.0,822.0,False,1.08,8.16,4695640608,30.6119402,104.0259882
85047,P4,102.0,102.0,822.0,822.0,False,0.95,8.0,4106681969,30.6358956,103.9875688
85449,P4,102.0,102.0,822.0,822.0,False,1.17,8.34,3523308809,30.6411248,104.0756891
91953,P4,102.0,102.0,822.0,822.0,False,2.33,10.66,4550018836,30.6230217,104.0149227
96204,P4,102.0,102.0,822.0,822.0,False,0.11,8.0,432442865,30.6734613,103.9884603
106650,P4,103.0,103.0,823.0,823.0,False,1.78,9.56,1492614623,30.6230895,104.0646457
110910,P4,103.0,103.0,823.0,823.0,False,1.43,8.86,432442882,30.6860971,103.9813332
120759,P4,103.0,103.0,823.0,823.0,False,0.28,8.0,5375783920,30.6571479,103.9965859
124807,P4,103.0,103.0,823.0,823.0,False,1.51,9.02,1156126836,30.649598,104.0649956
149109,P4,103.0,103.0,823.0,823.0,False,1.87,9.74,4572407388,30.690535,104.0706995
17268,P4,103.0,103.0,823.0,823.0,False,0.53,8.0,4779165748,30.6189049,104.0380076
17688,P4,103.0,103.0,823.0,823.0,False,0.94,8.0,1947583845,30.6865865,104.084708
177395,P4,103.0,103.0,823.0,823.0,False,0.28,8.0,1159143853,30.67638,104.08578
185391,P4,103.0,103.0,823.0,823.0,False,2.83,11.66,3541401927,30.6867,104.01268
49323,P4,103.0,103.0,823.0,823.0,False,2.4,10.8,1819305189,30.6383429,104.1069867
152415,P4,104.0,104.0,824.0,824.0,False,1.52,9.04,1159488285,30.68811,104.07345
182804,P4,104.0,104.0,824.0,824.0,False,2.08,10.16,1159929697,30.6765696,103.9913824
183379,P4,104.0,104.0,824.0,824.0,False,1.52,9.04,2039550419,30.6384474,104.1095985
186109,P4,104.0,104.0,824.0,824.0,False,1.53,9.06,1458561796,30.6892727,104.0975161
2770,P4,104.0,104.0,824.0,824.0,False,1.78,9.56,2653571754,30.6744222,104.0835944
34815,P4,104.0,104.0,824.0,824.0,False,1.03,8.06,1457834347,30.6947679,104.1084834
49156,P4,104.0,104.0,824.0,824.0,False,1.53,9.06,1159450070,30.6683962,104.0309036
56731,P4,104.0,104.0,824.0,824.0,False,0.12,8.0,4548211662,30.6560954,104.0197676
94551,P4,104.0,104.0,824.0,824.0,False,1.02,8.04,1159138407,30.664179,104.09691
105327,P4,105.0,105.0,825.0,825.0,False,3.7,13.4,4107377004,30.6295558,103.9987763
121404,P4,105.0,105.0,825.0,825.0,False,0.64,8.0,1312615933,30.6588757,104.0582065
144551,P4,105.0,105.0,825.0,825.0,False,3.7,13.4,3445813118,30.66459,104.07716
179611,P4,105.0,105.0,825.0,825.0,False,0.2,8.0,5283966124,30.64036,104.10197
187799,P4,105.0,105.0,825.0,825.0,False,0.22,8.0,3034393462,30.68345,104.04865
43448,P4,105.0,105.0,825.0,825.0,False,0.64,8.0,1313998740,30.6354039,104.0864149
73542,P4,105.0,105.0,825.0,825.0,False,2.14,10.28,5283966206,30.7016672,104.1045249
92858,P4,105.0,105.0,825.0,825.0,False,0.22,8.0,3927876946,30.6760235,103.988443
970,P4,105.0,105.0,825.0,825.0,False,0.94,8.0,1159941942,30.6672644,104.0211265
104242,P4,106.0,106.0,826.0,826.0,False,0.92,8.0,4102485559,30.6919154,104.0374748
131704,P4,106.0,106.0,826.0,826.0,False,1.49,8.98,1159461706,30.6741038,104.040131
152072,P4,106.0,106.0,826.0,826.0,False,0.09,8.0,4549993011,30.6970288,104.0471477
15330,P4,106.0,106.0,826.0,826.0,False,0.04,8.0,3087817488,30.6615289,104.0103156
154793,P4,106.0,106.0,826.0,826.0,False,1.09,8.18,4106682094,30.6426409,103.9832551
35706,P4,106.0,106.0,826.0,826.0,False,1.51,9.02,1947583862,30.6870969,104.0885486
43445,P4,106.0,106.0,826.0,826.0,False,1.47,8.94,1072698509,30.696981,104.0637688
105613,P4,107.0,107.0,827.0,827.0,False,1.98,9.96,4693609828,30.6305093,104.0739003
111519,P4,107.0,107.0,827.0,827.0,False,1.9,9.8,5213253181,30.701248,104.092255
113017,P4,107.0,107.0,827.0,827.0,False,0.4,8.0,1918491727,30.6532608,103.9756239
128522,P4,107.0,107.0,827.0,827.0,False,0.52,8.0,5141468747,30.6322155,104.0954862
129189,P4,107.0,107.0,827.0,827.0,False,1.98,9.96,441159817,30.7229418,104.1034305
158139,P4,107.0,107.0,827.0,827.0,False,1.04,8.08,1159471913,30.6889471,104.0385997
1825,P4,107.0,107.0,827.0,827.0,False,0.52,8.0,2213049521,30.6190829,104.1093596
20409,P4,107.0,107.0,827.0,827.0,False,0.6,8.0,3089075663,30.6504118,104.054373
208797,P4,107.0,107.0,827.0,827.0,False,1.04,8.08,2041527426,30.6891247,104.0945023
3890,P4,107.0,107.0,827.0,827.0,False,1.9,9.8,2119075573,30.6134307,104.1046502
47943,P4,107.0,107.0,827.0,827.0,False,1.78,9.56,2282013879,30.6292715,103.9671206
75945,P4,107.0,107.0,827.0,827.0,False,1.45,8.9,1159149010,30.6578865,104.0694373
8048,P4,107.0,107.0,827.0,827.0,False,0.6,8.0,5375783797,30.6555302,103.9989669
108118,P4,108.0,108.0,828.0,828.0,False,1.96,9.92,2843289913,30.6854891,104.0600785
129583,P4,108.0,108.0,828.0,828.0,False,0.06,8.0,4693609859,30.634835,104.0698688
129796,P4,108.0,108.0,828.0,828.0,False,1.84,9.68,314655170,30.628819,104.0491371
133901,P4,108.0,108.0,828.0,828.0,False,1.62,9.24,4773199417,30.6698554,104.0112435
146849,P4,108.0,108.0,828.0,828.0,False,0.52,8.0,2134824445,30.6763259,103.9844006
169225,P4,108.0,108.0,828.0,828.0,False,1.96,9.92,4294975865,30.6497285,103.9955946
43847,P4,108.0,108.0,828.0,828.0,False,1.05,8.1,2722829581,30.6992355,104.067399
59498,P4,108.0,108.0,828.0,828.0,False,0.27,8.0,4963999594,30.7185975,104.0332279
7591,P4,108.0,108.0,828.0,828.0,False,0.96,8.0,2041535225,30.66503,104.07992
99938,P4,108.0,108.0,828.0,828.0,False,1.36,8.72,5436607074,30.6377477,104.0649867
132031,P4,109.0,109.0,829.0,829.0,False,0.42,8.0,3033991447,30.6646004,104.0303454
165301,P4,109.0,109.0,829.0,829.0,False,0.56,8.0,4693647106,30.632803,104.0719674
46552,P4,109.0,109.0,829.0,829.0,False,0.42,8.0,5283966324,30.7062296,104.0994664
53291,P4,109.0,109.0,829.0,829.0,False,0.56,8.0,803149470,30.66212,104.09877
101789,P4,110.0,110.0,830.0,830.0,False,0.04,8.0,5283966367,30.7108936,104.0914035
101900,P4,110.0,110.0,830.0,830.0,False,1.75,9.5,3541401908,30.6917465,104.0095708
111861,P4,110.0,110.0,830.0,830.0,False,0.26,8.0,5283966206,30.7016672,104.1045249
115434,P4,110.0,110.0,830.0,830.0,False,1.03,8.06,338247023,30.6113395,104.0650388
13319,P4,110.0,110.0,830.0,830.0,False,0.04,8.0,4549993260,30.6492,103.9823516
15553,P4,110.0,110.0,830.0,830.0,False,0.74,8.0,3541420734,30.6926479,104.0708075
156619,P4,110.0,110.0,830.0,830.0,False,0.29,8.0,2930487781,30.7216101,104.0997178
193771,P4,110.0,110.0,830.0,830.0,False,2.88,11.76,5213253137,30.70525,104.09418
199538,P4,110.0,110.0,830.0,830.0,False,0.05,8.0,5213253145,30.664923,104.1108604
200739,P4,110.0,110.0,830.0,830.0,False,0.37,8.0,3523294437,30.6513355,104.048751
208543,P4,110.0,110.0,830.0,830.0,False,1.75,9.5,2712338424,30.7079704,104.0380787
209133,P4,110.0,110.0,830.0,830.0,False,0.05,8.0,1339701413,30.7095608,104.0407814
34314,P4,110.0,110.0,830.0,830.0,False,0.82,8.0,4230593062,30.6434869,104.0869192
52761,P4,110.0,110.0,830.0,830.0,False,0.19,8.0,4701400379,30.6118142,104.0552323
61861,P4,110.0,110.0,830.0,830.0,False,0.05,8.0,1885342904,30.6791715,104.0982216
70206,P4,110.0,110.0,830.0,830.0,False,2.88,11.76,1756193221,30.6408146,104.0268912
74427,P4,110.0,110.0,830.0,830.0,False,1.03,8.06,2908601186,30.6431578,104.0885913
75039,P4,110.0,110.0,830.0,830.0,False,1.05,8.1,1500638653,30.69491,104.02689
79212,P4,110.0,110.0,830.0,830.0,False,2.88,11.76,4699007163,30.6121935,104.0361577
92951,P4,110.0,110.0,830.0,830.0,False,1.26,8.52,3680078462,30.65387,104.0183
97859,P4,110.0,110.0,830.0,830.0,False,0.23,8.0,3087817471,30.635726,104.0123693
98442,P4,110.0,110.0,830.0,830.0,False,1.37,8.74,3523308819,30.6418678,104.0831107
105607,P4,111.0,111.0,831.0,831.0,False,1.1,8.2,1159511641,30.65417,104.06555
111069,P4,111.0,111.0,831.0,831.0,False,2.87,11.74,2041530108,30.6917482,104.0851926
120303,P4,111.0,111.0,831.0,831.0,False,2.22,10.44,5218240019,30.7002164,104.048641
127611,P4,111.0,111.0,831.0,831.0,False,2.5,11.0,4012382184,30.66156,104.0749
27223,P4,111.0,111.0,831.0,831.0,False,1.71,9.42,1947583834,30.68911,104.0864
41119,P4,111.0,111.0,831.0,831.0,False,0.73,8.0,4294010427,30.7132668,104.078226
41483,P4,111.0,111.0,831.0,831.0,False,0.16,8.0,4225497272,30.6472772,104.0433876
44234,P4,111.0,111.0,831.0,831.0,False,0.43,8.0,2329097172,30.7060081,104.0021055
63310,P4,111.0,111.0,831.0,831.0,False,1.72,9.44,2727024777,30.6169622,104.0519626
83170,P4,111.0,111.0,831.0,831.0,False,1.75,9.5,4547074337,30.6110262,104.0748027
98845,P4,111.0,111.0,831.0,831.0,False,1.13,8.26,3579529397,30.6119805,104.0278842
106107,P4,112.0,112.0,832.0,832.0,False,1.85,9.7,2399471758,30.64043,104.10275
107975,P4,112.0,112.0,832.0,832.0,False,1.1,8.2,3034040776,30.70092,104.01755
144409,P4,112.0,112.0,832.0,832.0,False,2.36,10.72,5213238535,30.6610698,104.0747047
156494,P4,112.0,112.0,832.0,832.0,False,0.76,8.0,4794944084,30.6455207,104.0595186
164109,P4,112.0,112.0,832.0,832.0,False,0.61,8.0,5436607833,30.6354732,104.0639735
189045,P4,112.0,112.0,832.0,832.0,False,2.39,10.78,314622924,30.6502058,104.0538486
26901,P4,112.0,112.0,832.0,832.0,False,0.61,8.0,3250470326,30.6369267,104.0266846
26952,P4,112.0,112.0,832.0,832.0,False,0.53,8.0,439752000,30.7251238,104.0406087
35006,P4,112.0,112.0,832.0,832.0,False,0.15,8.0,4572410068,30.722279,104.0007597
58271,P4,112.0,112.0,832.0,832.0,False,0.79,8.0,3613983372,30.66625,104.05197
84219,P4,112.0,112.0,832.0,832.0,False,0.44,8.0,3943038380,30.64381,104.06246
114622,P4,113.0,113.0,833.0,833.0,False,0.23,8.0,4695640608,30.6119402,104.0259882
134725,P4,113.0,113.0,833.0,833.0,False,0.18,8.0,4548259534,30.6533949,104.0296284
143469,P4,113.0,113.0,833.0,833.0,False,0.62,8.0,4222812805,30.6424088,104.0181343
147666,P4,113.0,113.0,833.0,833.0,False,0.18,8.0,432442896,30.6649296,104.0244961
150122,P4,113.0,113.0,833.0,833.0,False,0.23,8.0,4779165781,30.6360577,104.0730284
160174,P4,113.0,113.0,833.0,833.0,False,0.88,8.0,5283966126,30.6376499,104.0974186
192530,P4,113.0,113.0,833.0,833.0,False,0.92,8.0,4572410271,30.7193766,103.9970407
207209,P4,113.0,113.0,833.0,833.0,False,1.96,9.92,4695640609,30.6111195,104.0260517
21126,P4,113.0,113.0,833.0,833.0,False,0.77,8.0,1159173786,30.6360052,104.0708288
83344,P4,113.0,113.0,833.0,833.0,False,0.07,8.0,1159451475,30.6718808,104.0387308
191821,P4,114.0,114.0,834.0,834.0,False,1.61,9.22,2330199410,30.7196881,104.1127212
205223,P4,114.0,114.0,834.0,834.0,False,1.11,8.22,5213253193,30.66637,104.110275
35862,P4,114.0,114.0,834.0,834.0,False,1.27,8.54,4548211238,30.6705398,104.0380758
38402,P4,114.0,114.0,834.0,834.0,False,1.47,8.94,5141328645,30.6111069,104.0611279
62651,P4,114.0,114.0,834.0,834.0,False,1.61,9.22,4750955766,30.71113,104.11421
74840,P4,114.0,114.0,834.0,834.0,False,0.27,8.0,5213238582,30.6358767,104.0631586
102371,P4,115.0,115.0,835.0,835.0,False,0.98,8.0,4294975865,30.6496,103.99679
105434,P4,115.0,115.0,835.0,835.0,False,0.39,8.0,4987536562,30.6568159,103.9834305
113091,P4,115.0,115.0,835.0,835.0,False,4.42,14.84,4107377052,30.6471796,103.9893877
149855,P4,115.0,115.0,835.0,835.0,False,1.38,8.76,4549993311,30.69681,104.04819
17943,P4,115.0,115.0,835.0,835.0,False,0.7,8.0,4548211384,30.6729777,104.0699648
19782,P4,115.0,115.0,835.0,835.0,False,0.98,8.0,2852759807,30.6653477,104.1107531
60877,P4,115.0,115.0,835.0,835.0,False,1.65,9.3,432442955,30.676432,104.0195962
120143,P4,116.0,116.0,836.0,836.0,False,1.65,9.3,1861145348,30.67248,104.10939
127775,P4,116.0,116.0,836.0,836.0,False,0.26,8.0,4548259615,30.6634443,104.0054198
127820,P4,116.0,116.0,836.0,836.0,False,2.25,10.5,4773916440,30.6576258,104.0019011
146971,P4,116.0,116.0,836.0,836.0,False,0.25,8.0,4550018636,30.6160566,104.0360146
170857,P4,116.0,116.0,836.0,836.0,False,1.56,9.12,529952563,30.7023399,104.0640217
18111,P4,116.0,116.0,836.0,836.0,False,2.84,11.68,4394309254,30.63036,104.03719
197194,P4,116.0,116.0,836.0,836.0,False,1.52,9.04,2039517044,30.6775009,104.0967332
31901,P4,116.0,116.0,836.0,836.0,False,0.34,8.0,4693610086,30.6242448,104.0721193
60822,P4,116.0,116.0,836.0,836.0,False,0.26,8.0,4572409813,30.6856588,103.9732607
66796,P4,116.0,116.0,836.0,836.0,False,0.96,8.0,4548258487,30.6762249,103.9763893
72262,P4,116.0,116.0,836.0,836.0,False,0.71,8.0,4550018614,30.6336875,104.0134541
123036,P4,117.0,117.0,837.0,837.0,False,0.91,8.0,4701464751,30.615852,104.0596613
130347,P4,117.0,117.0,837.0,837.0,False,2.46,10.92,1918491758,30.64398,104.00255
135527,P4,117.0,117.0,837.0,837.0,False,0.53,8.0,4400595031,30.67478,104.07774
147495,P4,117.0,117.0,837.0,837.0,False,0.92,8.0,5141328662,30.6133844,104.0643656
191879,P4,117.0,117.0,837.0,837.0,False,2.48,10.96,3597608246,30.718313,104.031784
37543,P4,117.0,117.0,837.0,837.0,False,2.09,10.18,5213253193,30.66638,104.1101
3867,P4,117.0,117.0,837.0,837.0,False,0.57,8.0,4521050320,30.6523396,104.0842433
50323,P4,117.0,117.0,837.0,837.0,False,0.57,8.0,3516892731,30.66664,104.05713
60797,P4,117.0,117.0,837.0,837.0,False,2.48,10.96,3445777695,30.6403661,104.1041886
69370,P4,117.0,117.0,837.0,837.0,False,1.4,8.8,1459047527,30.6451948,104.1087318
85775,P4,117.0,117.0,837.0,837.0,False,1.68,9.36,2217790316,30.6622591,104.0581724
108810,P4,118.0,118.0,838.0,838.0,False,1.12,8.24,4695601573,30.6111338,104.0330168
123915,P4,118.0,118.0,838.0,838.0,False,3.17,12.34,1072698608,30.7167248,104.0716358
145446,P4,118.0,118.0,838.0,838.0,False,0.33,8.0,4779165713,30.6363545,104.0246969
14712,P4,118.0,118.0,838.0,838.0,False,0.44,8.0,1156126861,30.6748679,104.0815632
175520,P4,118.0,118.0,838.0,838.0,False,0.3,8.0,314635456,30.64085,104.0325602
176225,P4,118.0,118.0,838.0,838.0,False,1.02,8.04,432442560,30.698394,104.0188014
34940,P4,118.0,118.0,838.0,838.0,False,1.23,8.46,2907361697,30.6435724,104.0925075
579,P4,118.0,118.0,838.0,838.0,False,1.35,8.7,963638438,30.70266,104.04591
155511,P4,119.0,119.0,839.0,839.0,False,0.42,8.0,4695601327,30.6099991,104.0302369
184485,P4,119.0,119.0,839.0,839.0,False,0.27,8.0,5141468763,30.6263963,104.0941468
185692,P4,119.0,119.0,839.0,839.0,False,0.36,8.0,4572410232,30.7120563,103.9900015
209223,P4,119.0,119.0,839.0,839.0,False,0.27,8.0,1159149121,30.6544621,104.0723536
35925,P4,119.0,119.0,839.0,839.0,False,0.36,8.0,2472055935,30.6999896,104.05011
65374,P4,119.0,119.0,839.0,839.0,False,1.29,8.58,4772214768,30.6801443,104.005953
94542,P4,119.0,119.0,839.0,839.0,False,0.27,8.0,4548141088,30.6188957,104.0747497
117983,P4,120.0,120.0,840.0,840.0,False,3.1,12.2,5375783432,30.6235104,104.0036899
126848,P4,120.0,120.0,840.0,840.0,False,1.37,8.74,3034409013,30.7112446,104.093976
133712,P4,120.0,120.0,840.0,840.0,False,1.46,8.92,5141468778,30.6306381,104.0943624
156595,P4,120.0,120.0,840.0,840.0,False,3.1,12.2,432441915,30.6285016,104.026985
160003,P4,120.0,120.0,840.0,840.0,False,1.75,9.5,432432542,30.65561,104.04131
185083,P4,120.0,120.0,840.0,840.0,False,1.37,8.74,1159488285,30.68829,104.07366
198952,P4,120.0,120.0,840.0,840.0,False,0.38,8.0,432432540,30.6576646,104.0385639
82314,P4,120.0,120.0,840.0,840.0,False,1.75,9.5,1159160253,30.6161619,104.0965517
86673,P4,120.0,120.0,840.0,840.0,False,2.36,10.72,1301933040,30.640777,104.0835489
103568,P4,121.0,121.0,841.0,841.0,False,0.43,8.0,4572363406,30.673959,104.0578686
125579,P4,121.0,121.0,841.0,841.0,False,1.85,9.7,1964325479,30.6724,104.09858
129284,P4,121.0,121.0,841.0,841.0,False,0.98,8.0,3927877895,30.6777227,103.9893808
129578,P4,121.0,121.0,841.0,841.0,False,0.35,8.0,4550018697,30.6528312,104.0601618
129754,P4,121.0,121.0,841.0,841.0,False,1.56,9.12,4972899575,30.632518,104.049449
13697,P4,121.0,121.0,841.0,841.0,False,0.77,8.0,5141468694,30.6351947,104.0922324
198927,P4,121.0,121.0,841.0,841.0,False,0.88,8.0,1159232653,30.69468,104.07592
204496,P4,121.0,121.0,841.0,841.0,False,2.49,10.98,1460311251,30.6552881,104.1122297
39544,P4,121.0,121.0,841.0,841.0,False,0.72,8.0,4963999562,30.7162676,104.0300305
55782,P4,121.0,121.0,841.0,841.0,False,1.56,9.12,4548141048,30.6230517,104.0811775
69721,P4,121.0,121.0,841.0,841.0,False,1.56,9.12,2651714403,30.6682514,104.1131447
70183,P4,121.0,121.0,841.0,841.0,False,1.08,8.16,3562110284,30.65523,104.08022
91128,P4,121.0,121.0,841.0,841.0,False,1.23,8.46,3680455701,30.6588749,104.0130507
95611,P4,121.0,121.0,841.0,841.0,False,2.49,10.98,1815729257,30.7149532,104.0609822
99225,P4,121.0,121.0,841.0,841.0,False,0.28,8.0,4550018823,30.6474855,104.0203633
140950,P4,122.0,122.0,842.0,842.0,False,0.15,8.0,2041527437,30.6922956,104.0955016
148529,P4,122.0,122.0,842.0,842.0,False,0.35,8.0,4964134648,30.7194575,104.0330631
15306,P4,122.0,122.0,842.0,842.0,False,0.48,8.0,2917213940,30.6502524,104.0897701
173381,P4,122.0,122.0,842.0,842.0,False,0.45,8.0,1819305258,30.6221514,104.095893
180869,P4,122.0,122.0,842.0,842.0,False,0.57,8.0,1458687639,30.6807992,104.0936388
187424,P4,122.0,122.0,842.0,842.0,False,1.0,8.0,2847752856,30.6566686,104.1049397
192461,P4,122.0,122.0,842.0,842.0,False,0.35,8.0,4981594492,30.6313773,103.9954007
27750,P4,122.0,122.0,842.0,842.0,False,1.54,9.08,4549993430,30.695966,104.0417285
4131,P4,122.0,122.0,842.0,842.0,False,0.35,8.0,1159450070,30.66874,104.03211
53437,P4,122.0,122.0,842.0,842.0,False,0.47,8.0,2313566057,30.6478374,104.0699264
67965,P4,122.0,122.0,842.0,842.0,False,0.48,8.0,1455111116,30.6958872,104.1059746
82592,P4,122.0,122.0,842.0,842.0,False,0.45,8.0,4548259548,30.6746907,104.0071628
128135,P4,123.0,123.0,843.0,843.0,False,1.31,8.62,4447921439,30.7248312,104.0470298
145390,P4,123.0,123.0,843.0,843.0,False,0.54,8.0,4903112572,30.6532597,104.074705
1718,P4,123.0,123.0,843.0,843.0,False,0.82,8.0,2134782167,30.6223942,104.0086482
172099,P4,123.0,123.0,843.0,843.0,False,2.6,11.2,4963999593,30.718008,104.0324176
19744,P4,123.0,123.0,843.0,843.0,False,1.07,8.14,529949133,30.6971902,104.1050953
65187,P4,123.0,123.0,843.0,843.0,False,1.5,9.0,2843286545,30.69221,104.0614
68507,P4,123.0,123.0,843.0,843.0,False,0.6,8.0,4102465470,30.68211,104.0476
84158,P4,123.0,123.0,843.0,843.0,False,0.24,8.0,1504206289,30.7117334,104.0982027
116274,P4,124.0,124.0,844.0,844.0,False,0.12,8.0,4548211258,30.6625876,104.0538497
127457,P4,124.0,124.0,844.0,844.0,False,2.03,10.06,4582821486,30.6637538,104.0477514
140398,P4,124.0,124.0,844.0,844.0,False,0.12,8.0,5141326919,30.6107738,104.0587845
143665,P4,124.0,124.0,844.0,844.0,False,1.97,9.94,4550018900,30.6234247,104.0153164
161661,P4,124.0,124.0,844.0,844.0,False,0.99,8.0,5141458193,30.6331996,104.0710557
194141,P4,124.0,124.0,844.0,844.0,False,1.95,9.9,4548211199,30.6747842,104.0379887
198563,P4,124.0,124.0,844.0,844.0,False,1.97,9.94,2956775838,30.7162346,104.0486586
20809,P4,124.0,124.0,844.0,844.0,False,1.36,8.72,4217837156,30.6274212,104.0437542
24471,P4,124.0,124.0,844.0,844.0,False,0.12,8.0,3034409144,30.7156679,104.104129
33004,P4,124.0,124.0,844.0,844.0,False,0.31,8.0,4964134711,30.7075479,104.0135389
74879,P4,124.0,124.0,844.0,844.0,False,1.95,9.9,4102465470,30.68175,104.04731
7855,P4,124.0,124.0,844.0,844.0,False,1.9,9.8,1159445869,30.681522,104.03118
93420,P4,124.0,124.0,844.0,844.0,False,1.97,9.94,2472036427,30.6639486,104.0626497
134936,P4,125.0,125.0,845.0,845.0,False,0.22,8.0,2908412242,30.6478073,104.0837688
177265,P4,125.0,125.0,845.0,845.0,False,1.24,8.48,276558558,30.6424862,104.0252927
41101,P4,125.0,125.0,845.0,845.0,False,1.24,8.48,3582245805,30.721046,104.0017602
84460,P4,125.0,125.0,845.0,845.0,False,0.35,8.0,1159169838,30.6340123,104.0870538
10134,P4,126.0,126.0,846.0,846.0,False,0.67,8.0,5213238558,30.639159,104.0308764
110155,P4,126.0,126.0,846.0,846.0,False,2.13,10.26,4585469582,30.6570481,104.0605732
112095,P4,126.0,126.0,846.0,846.0,False,1.62,9.24,628641785,30.6809,104.086136
115179,P4,126.0,126.0,846.0,846.0,False,1.38,8.76,4106682233,30.6797038,104.0017987
134591,P4,126.0,126.0,846.0,846.0,False,1.86,9.72,5141458206,30.6320768,104.0772443
170992,P4,126.0,126.0,846.0,846.0,False,3.09,12.18,803147944,30.6393689,104.0804565
184811,P4,126.0,126.0,846.0,846.0,False,2.14,10.28,5312164202,30.66749,104.09947
3590,P4,126.0,126.0,846.0,846.0,False,1.14,8.28,2564226631,30.6436367,104.0235994
36423,P4,126.0,126.0,846.0,846.0,False,1.86,9.72,441187183,30.65839,104.0656
37451,P4,126.0,126.0,846.0,846.0,False,1.23,8.46,1504190710,30.71309,104.07651
5701,P4,126.0,126.0,846.0,846.0,False,1.14,8.28,1159148358,30.663903,104.0750029
12162,P4,127.0,127.0,847.0,847.0,False,1.0,8.0,2981319505,30.7224415,104.0007846
1325,P4,127.0,127.0,847.0,847.0,False,0.01,8.0,4693610168,30.6338146,104.0709043
140523,P4,127.0,127.0,847.0,847.0,False,1.03,8.06,3034040769,30.693363,104.02783
143087,P4,127.0,127.0,847.0,847.0,False,3.17,12.34,3562111926,30.66665,104.08907
154782,P4,127.0,127.0,847.0,847.0,False,1.97,9.94,1459910105,30.6472178,104.1045086
157131,P4,127.0,127.0,847.0,847.0,False,1.8,9.6,1159155382,30.644464,104.09606
170477,P4,127.0,127.0,847.0,847.0,False,1.29,8.58,432442951,30.6817315,104.0176642
189898,P4,127.0,127.0,847.0,847.0,False,0.6,8.0,1159223045,30.716274,104.0377074
199823,P4,127.0,127.0,847.0,847.0,False,3.31,12.62,803150974,30.68104,104.09384
27097,P4,127.0,127.0,847.0,847.0,False,2.29,10.58,4693610129,30.6358574,104.0718947
44991,P4,127.0,127.0,847.0,847.0,False,1.47,8.94,1861145350,30.6725094,104.1100706
62927,P4,127.0,127.0,847.0,847.0,False,2.29,10.58,3541401921,30.69085,104.01254
6420,P4,127.0,127.0,847.0,847.0,False,0.79,8.0,4550018984,30.6508866,104.0565919
76410,P4,127.0,127.0,847.0,847.0,False,1.86,9.72,2651700257,30.695084,104.0787813
82509,P4,127.0,127.0,847.0,847.0,False,0.79,8.0,4987535019,30.6266765,104.0095289
87486,P4,127.0,127.0,847.0,847.0,False,1.12,8.24,3089029141,30.6620189,104.0485007
139569,P4,128.0,128.0,848.0,848.0,False,1.23,8.46,2847764707,30.667251,104.1102926
15480,P4,128.0,128.0,848.0,848.0,False,0.85,8.0,2712314632,30.7064434,104.0356675
182892,P4,128.0,128.0,848.0,848.0,False,0.58,8.0,432442902,30.6713968,104.0275025
187398,P4,128.0,128.0,848.0,848.0,False,1.43,8.86,4701577745,30.6196556,104.0804098
34342,P4,128.0,128.0,848.0,848.0,False,1.43,8.86,5213238596,30.6581629,104.0810837
59519,P4,128.0,128.0,848.0,848.0,False,0.37,8.0,1159491545,30.68652,104.0759
84036,P4,128.0,128.0,848.0,848.0,False,0.66,8.0,479902231,30.6230481,104.0904002
9515,P4,128.0,128.0,848.0,848.0,False,1.43,8.86,1072704392,30.7217259,104.0564201
100879,P4,129.0,129.0,849.0,849.0,False,0.55,8.0,1312615976,30.6533569,104.0604054
103254,P4,129.0,129.0,849.0,849.0,False,0.3,8.0,2843289939,30.6832217,104.0675036
112036,P4,129.0,129.0,849.0,849.0,False,2.86,11.72,2823785809,30.6585408,104.0536748
130018,P4,129.0,129.0,849.0,849.0,False,0.19,8.0,4699007259,30.6094835,104.0410273
150640,P4,129.0,129.0,849.0,849.0,False,0.18,8.0,439751626,30.6728444,103.9864673
156347,P4,129.0,129.0,849.0,849.0,False,0.3,8.0,3680078429,30.658221,104.0138533
158843,P4,129.0,129.0,849.0,849.0,False,0.99,8.0,3469876108,30.7077543,104.0383284
167125,P4,129.0,129.0,849.0,849.0,False,0.99,8.0,5249392195,30.6460826,103.9701162
27436,P4,129.0,129.0,849.0,849.0,False,0.3,8.0,1458459966,30.6852172,104.1017526
10677,P4,130.0,130.0,850.0,850.0,False,1.46,8.92,1305816693,30.6621443,104.1062174
112995,P4,130.0,130.0,850.0,850.0,False,1.01,8.02,3436486413,30.6413896,104.0486322
120026,P4,130.0,130.0,850.0,850.0,False,0.02,8.0,2118909749,30.7128003,104.0867421
144205,P4,130.0,130.0,850.0,850.0,False,0.79,8.0,3742070457,30.6481855,104.0903968
148687,P4,130.0,130.0,850.0,850.0,False,0.39,8.0,5053143842,30.72037,104.00714
184658,P4,130.0,130.0,850.0,850.0,False,0.2,8.0,4981594491,30.6303768,103.9932471
193737,P4,130.0,130.0,850.0,850.0,False,0.44,8.0,1301932996,30.653893,104.0719969
40000,P4,130.0,130.0,850.0,850.0,False,0.02,8.0,1159477623,30.6751049,104.0502585
64505,P4,130.0,130.0,850.0,850.0,False,0.24,8.0,4693610109,30.63603,104.0719736
73895,P4,130.0,130.0,850.0,850.0,False,0.15,8.0,4963999600,30.7190908,104.0335781
80386,P4,130.0,130.0,850.0,850.0,False,0.39,8.0,4782097009,30.6273549,104.0238794
85827,P4,130.0,130.0,850.0,850.0,False,1.01,8.02,2933855161,30.6138332,103.9827606
102647,P4,131.0,131.0,851.0,851.0,False,0.01,8.0,3562111924,30.66572,104.08289
115565,P4,131.0,131.0,851.0,851.0,False,0.38,8.0,3069351951,30.6271753,103.9740732
130543,P4,131.0,131.0,851.0,851.0,False,1.73,9.46,4934383692,30.6143513,104.1140842
134164,P4,131.0,131.0,851.0,851.0,False,1.73,9.46,3943038370,30.6435175,104.069155
157808,P4,131.0,131.0,851.0,851.0,False,1.97,9.94,2933855153,30.6092679,103.9763125
29847,P4,131.0,131.0,851.0,851.0,False,1.34,8.68,5354813690,30.65907,104.06076
34549,P4,131.0,131.0,851.0,851.0,False,0.07,8.0,1500638700,30.6853115,104.0794117
69980,P4,131.0,131.0,851.0,851.0,False,0.64,8.0,4779165706,30.634746,104.0244234
76524,P4,131.0,131.0,851.0,851.0,False,0.84,8.0,4773199366,30.6739449,104.0085167
85416,P4,131.0,131.0,851.0,851.0,False,1.2,8.4,1159496600,30.6875613,104.0429629
90039,P4,131.0,131.0,851.0,851.0,False,0.32,8.0,4695601299,30.6113291,104.0300388
92471,P4,131.0,131.0,851.0,851.0,False,0.53,8.0,4294975865,30.65095,103.99595
136991,P4,132.0,132.0,852.0,852.0,False,2.22,10.44,4779165713,30.6363545,104.0246969
188184,P4,132.0,132.0,852.0,852.0,False,1.83,9.66,3562047399,30.7210672,104.063031
36365,P4,132.0,132.0,852.0,852.0,False,3.01,12.02,2843294274,30.675381,104.0648209
72032,P4,132.0,132.0,852.0,852.0,False,1.41,8.82,4987534997,30.6209815,104.0055512
78621,P4,132.0,132.0,852.0,852.0,False,2.1,10.2,432429395,30.6406276,104.0550392
10595,P4,133.0,133.0,853.0,853.0,False,2.07,10.14,480012019,30.6214699,104.0687227
119836,P4,133.0,133.0,853.0,853.0,False,0.99,8.0,1885342902,30.6783873,104.0992476
124998,P4,133.0,133.0,853.0,853.0,False,2.64,11.28,2722829538,30.709632,104.049846
148044,P4,133.0,133.0,853.0,853.0,False,0.99,8.0,4701577764,30.6230437,104.0808033
3816,P4,133.0,133.0,853.0,853.0,False,0.78,8.0,3523314186,30.6267236,104.0599377
66313,P4,133.0,133.0,853.0,853.0,False,1.27,8.54,432432594,30.6590167,104.0359622
8945,P4,133.0,133.0,853.0,853.0,False,3.13,12.26,5100157863,30.6330719,104.0796135
98463,P4,133.0,133.0,853.0,853.0,False,1.37,8.74,4695700261,30.6164117,104.0176447
161912,P4,134.0,134.0,854.0,854.0,False,1.51,9.02,4550018850,30.6121682,104.0336838
192982,P4,134.0,134.0,854.0,854.0,False,0.05,8.0,1445484323,30.6359573,104.0640426
198277,P4,134.0,134.0,854.0,854.0,False,2.83,11.66,3693431549,30.6475686,104.0349116
201128,P4,134.0,134.0,854.0,854.0,False,0.31,8.0,1885342924,30.678185,104.1010445
65263,P4,134.0,134.0,854.0,854.0,False,1.15,8.3,2653287869,30.685728,104.0777733
7652,P4,134.0,134.0,854.0,854.0,False,1.93,9.86,1507355161,30.6963825,104.079519
85519,P4,134.0,134.0,854.0,854.0,False,1.15,8.3,441160800,30.7241545,104.087669
98940,P4,134.0,134.0,854.0,854.0,False,0.31,8.0,3436486413,30.6413896,104.0486322
12131,P4,135.0,135.0,855.0,855.0,False,0.77,8.0,3087817504,30.6681831,103.9926696
12395,P4,135.0,135.0,855.0,855.0,False,0.77,8.0,3445813553,30.66482,104.07307
208268,P4,135.0,135.0,855.0,855.0,False,2.22,10.44,3199773573,30.7002508,104.1103633
39555,P4,135.0,135.0,855.0,855.0,False,1.5,9.0,5053143834,30.70228,104.00231
50624,P4,135.0,135.0,855.0,855.0,False,2.15,10.3,4107377004,30.6295558,103.9987763
7237,P4,135.0,135.0,855.0,855.0,False,0.92,8.0,4548141088,30.6188957,104.0747497
88274,P4,135.0,135.0,855.0,855.0,False,0.93,8.0,4444112340,30.7201738,104.1024552
110635,P4,136.0,136.0,856.0,856.0,False,0.91,8.0,432432535,30.6542013,104.0440009
195879,P4,136.0,136.0,856.0,856.0,False,0.5,8.0,1500638693,30.710846,104.02454
198483,P4,136.0,136.0,856.0,856.0,False,0.49,8.0,4989782374,30.6838942,104.0603392
199587,P4,136.0,136.0,856.0,856.0,False,1.54,9.08,3742070457,30.6481855,104.0903968
39347,P4,136.0,136.0,856.0,856.0,False,2.81,11.62,4903112572,30.6532597,104.074705
56525,P4,136.0,136.0,856.0,856.0,False,1.86,9.72,3196147288,30.7247343,104.0760184
86631,P4,136.0,136.0,856.0,856.0,False,0.26,8.0,1339762127,30.71709,104.04675
129463,P4,137.0,137.0,857.0,857.0,False,0.3,8.0,5213238503,30.65956,104.07361
158852,P4,137.0,137.0,857.0,857.0,False,0.98,8.0,4695701797,30.6133356,104.0188084
19517,P4,137.0,137.0,857.0,857.0,False,1.61,9.22,2981056908,30.629219,104.0766189
38348,P4,137.0,137.0,857.0,857.0,False,1.06,8.12,4394309254,30.6307952,104.0372171
38417,P4,137.0,137.0,857.0,857.0,False,0.3,8.0,4549993218,30.6969299,104.0549221
4443,P4,137.0,137.0,857.0,857.0,False,2.03,10.06,3436486415,30.6408594,104.0485645
59372,P4,137.0,137.0,857.0,857.0,False,2.76,11.52,4987535039,30.6303759,104.0079777
119794,P4,138.0,138.0,858.0,858.0,False,1.03,8.06,4550018702,30.6474191,104.019815
125764,P4,138.0,138.0,858.0,858.0,False,0.07,8.0,4548211379,30.6228922,104.0831872
143002,P4,138.0,138.0,858.0,858.0,False,0.47,8.0,1312615950,30.6377977,104.0814396
15151,P4,138.0,138.0,858.0,858.0,False,2.43,10.86,314623117,30.64918,104.03241
160636,P4,138.0,138.0,858.0,858.0,False,1.19,8.38,4695640525,30.6156659,104.0253032
177904,P4,138.0,138.0,858.0,858.0,False,1.25,8.5,1492598619,30.6224754,104.0621445
178944,P4,138.0,138.0,858.0,858.0,False,0.36,8.0,2041314666,30.6792958,104.1007694
184707,P4,138.0,138.0,858.0,858.0,False,2.72,11.44,4548259299,30.6805229,104.0545484
209073,P4,138.0,138.0,858.0,858.0,False,2.91,11.82,314655017,30.6279823,104.0441076
24975,P4,138.0,138.0,858.0,858.0,False,0.67,8.0,4548141021,30.6234713,104.0814946
61693,P4,138.0,138.0,858.0,858.0,False,0.71,8.0,1159453978,30.6612994,104.0449906
68930,P4,138.0,138.0,858.0,858.0,False,0.28,8.0,1305816710,30.6492289,104.0817708
102123,P4,139.0,139.0,859.0,859.0,False,0.32,8.0,4548211233,30.68343,104.0434
115610,P4,139.0,139.0,859.0,859.0,False,0.55,8.0,3034330083,30.6615722,104.0847498
127018,P4,139.0,139.0,859.0,859.0,False,0.27,8.0,4701464341,30.6136914,104.0566031
15987,P4,139.0,139.0,859.0,859.0,False,0.32,8.0,1469172057,30.633796,104.0919911
163223,P4,139.0,139.0,859.0,859.0,False,0.97,8.0,672287883,30.6605319,104.0531342
201602,P4,139.0,139.0,859.0,859.0,False,1.29,8.58,4638105431,30.7072888,104.0671505
205987,P4,139.0,139.0,859.0,859.0,False,1.29,8.58,4550018682,30.64702,104.01826
25513,P4,139.0,139.0,859.0,859.0,False,0.72,8.0,5213238373,30.6606642,104.0611264
5299,P4,139.0,139.0,859.0,859.0,False,1.3,8.6,4521050320,30.6523396,104.0842433
138870,P4,140.0,140.0,860.0,860.0,False,0.81,8.0,1445484327,30.6398761,104.0640846
144197,P4,140.0,140.0,860.0,860.0,False,0.45,8.0,2823785861,30.6793921,104.0754163
161669,P4,140.0,140.0,860.0,860.0,False,0.32,8.0,4701464360,30.6145801,104.0561065
17075,P4,140.0,140.0,860.0,860.0,False,1.05,8.1,1159168931,30.63689,104.08298
189091,P4,140.0,140.0,860.0,860.0,False,1.0,8.0,1815741571,30.686243,104.07409
49731,P4,140.0,140.0,860.0,860.0,False,0.0,8.0,1301932985,30.6532299,104.0793162
61144,P4,140.0,140.0,860.0,860.0,False,2.16,10.32,5213253135,30.664583,104.0934462
61895,P4,140.0,140.0,860.0,860.0,False,0.53,8.0,5283966327,30.70384,104.09694
101615,P4,141.0,141.0,861.0,861.0,False,0.33,8.0,1159477630,30.6732712,104.0543974
113892,P4,141.0,141.0,861.0,861.0,False,1.41,8.82,672282820,30.6576313,104.1025681
126683,P4,141.0,141.0,861.0,861.0,False,0.33,8.0,3034393462,30.6832,104.04642
162979,P4,141.0,141.0,861.0,861.0,False,1.08,8.16,3541427576,30.70519,104.03537
169348,P4,141.0,141.0,861.0,861.0,False,1.03,8.06,4772463261,30.6634104,104.0444917
29900,P4,141.0,141.0,861.0,861.0,False,0.27,8.0,3516887963,30.7066331,104.0199021
39194,P4,141.0,141.0,861.0,861.0,False,1.08,8.16,3523298665,30.6303003,104.0500515
39561,P4,141.0,141.0,861.0,861.0,False,1.87,9.74,337539164,30.6284597,104.0309081
93370,P4,141.0,141.0,861.0,861.0,False,0.8,8.0,1912247016,30.610869,104.0724022
10745,P4,142.0,142.0,862.0,862.0,False,1.51,9.02,4964134668,30.7198592,104.030137
140670,P4,142.0,142.0,862.0,862.0,False,0.21,8.0,4230839437,30.6549482,104.0663923
154528,P4,142.0,142.0,862.0,862.0,False,0.24,8.0,5436607841,30.6358327,104.0642721
157697,P4,142.0,142.0,862.0,862.0,False,0.07,8.0,5375784031,30.6561326,103.9898336
161557,P4,142.0,142.0,862.0,862.0,False,1.3,8.6,1987226861,30.663292,104.0523509
183679,P4,142.0,142.0,862.0,862.0,False,1.51,9.02,432432598,30.6565756,104.0324485
185588,P4,142.0,142.0,862.0,862.0,False,0.21,8.0,3390819399,30.6426634,104.0446584
27235,P4,142.0,142.0,862.0,862.0,False,0.09,8.0,5213238526,30.6354076,104.0487645
35480,P4,142.0,142.0,862.0,862.0,False,0.84,8.0,5141468736,30.632602,104.093576
44918,P4,142.0,142.0,862.0,862.0,False,0.07,8.0,2039563300,30.6926965,104.1058387
51288,P4,142.0,142.0,862.0,862.0,False,1.66,9.32,3034040769,30.6926111,104.0271049
106263,P4,143.0,143.0,863.0,863.0,False,1.7,9.4,5141328629,30.6120574,104.0588267
161408,P4,143.0,143.0,863.0,863.0,False,1.28,8.56,1445463636,30.6486735,104.0637335
18593,P4,143.0,143.0,863.0,863.0,False,1.7,9.4,4069514823,30.7267124,103.9745137
37395,P4,143.0,143.0,863.0,863.0,False,1.44,8.88,3541371610,30.6656345,104.0579529
50718,P4,143.0,143.0,863.0,863.0,False,1.23,8.46,2908413739,30.6457966,104.0893531
59285,P4,143.0,143.0,863.0,863.0,False,1.46,8.92,4064178135,30.6588987,103.9799388
88769,P4,143.0,143.0,863.0,863.0,False,0.7,8.0,1159155728,30.6463429,104.0969334
103012,P4,144.0,144.0,864.0,864.0,False,0.29,8.0,2041522384,30.6685863,104.1068114
114171,P4,144.0,144.0,864.0,864.0,False,0.84,8.0,1964394666,30.6695595,104.1061678
117175,P4,144.0,144.0,864.0,864.0,False,3.31,12.62,1305816705,30.66499,104.06559
120087,P4,144.0,144.0,864.0,864.0,False,0.17,8.0,4447921433,30.72455,104.05005
120188,P4,144.0,144.0,864.0,864.0,False,2.48,10.96,4773916471,30.6561758,104.0017825
134932,P4,144.0,144.0,864.0,864.0,False,2.03,10.06,2559969425,30.6220613,104.0295577
151840,P4,144.0,144.0,864.0,864.0,False,0.62,8.0,5034131303,30.6513901,103.990594
157827,P4,144.0,144.0,864.0,864.0,False,0.75,8.0,4548259317,30.7236111,104.0453947
17557,P4,144.0,144.0,864.0,864.0,False,0.17,8.0,4548211646,30.684373,104.0422094
207610,P4,144.0,144.0,864.0,864.0,False,0.38,8.0,2118977304,30.69981,104.0069367
30777,P4,144.0,144.0,864.0,864.0,False,0.17,8.0,432452884,30.618444,104.0550056
31543,P4,144.0,144.0,864.0,864.0,False,1.37,8.74,529949134,30.6966899,104.1056087
37992,P4,144.0,144.0,864.0,864.0,False,0.17,8.0,3633001078,30.6650952,104.0309679
53390,P4,144.0,144.0,864.0,864.0,False,2.53,11.06,4550019072,30.6528795,104.0600885
6436,P4,144.0,144.0,864.0,864.0,False,0.17,8.0,4106682089,30.6424464,103.9827084
134399,P4,145.0,145.0,865.0,865.0,False,1.03,8.06,1947584056,30.682386,104.08439
138803,P4,145.0,145.0,865.0,865.0,False,1.67,9.34,4991425463,30.6454802,103.9875976
13894,P4,145.0,145.0,865.0,865.0,False,1.67,9.34,1819305209,30.6121953,104.0922619
183083,P4,145.0,145.0,865.0,865.0,False,1.03,8.06,3541404998,30.68437,104.05201
27318,P4,145.0,145.0,865.0,865.0,False,1.03,8.06,4521050319,30.6519183,104.0833406
69843,P4,145.0,145.0,865.0,865.0,False,0.64,8.0,3562028076,30.661049,104.09337
146232,P4,146.0,146.0,866.0,866.0,False,2.44,10.88,4230839437,30.6549482,104.0663923
149617,P4,146.0,146.0,866.0,866.0,False,0.52,8.0,4078817952,30.7020856,104.0813019
18127,P4,146.0,146.0,866.0,866.0,False,0.91,8.0,4701464323,30.6110672,104.0650627
207392,P4,146.0,146.0,866.0,866.0,False,1.17,8.34,4987534962,30.622065,104.006195
21357,P4,146.0,146.0,866.0,866.0,False,1.94,9.88,1885342919,30.6770521,104.1015547
28631,P4,146.0,146.0,866.0,866.0,False,1.15,8.3,4548259326,30.6854574,104.0140369
50401,P4,146.0,146.0,866.0,866.0,False,0.34,8.0,432442971,30.6806612,104.0153467
59520,P4,146.0,146.0,866.0,866.0,False,1.93,9.86,5382831194,30.6773243,104.0981611
68489,P4,146.0,146.0,866.0,866.0,False,0.35,8.0,5141468768,30.6235318,104.0911055
70000,P4,146.0,146.0,866.0,866.0,False,0.33,8.0,3582245796,30.7194804,103.9969478
70644,P4,146.0,146.0,866.0,866.0,False,0.34,8.0,4782067663,30.6254565,104.0292764
95017,P4,146.0,146.0,866.0,866.0,False,1.93,9.86,4773199417,30.6698554,104.0112435
100160,P4,147.0,147.0,867.0,867.0,False,1.69,9.38,432432591,30.660055,104.0366864
103611,P4,147.0,147.0,867.0,867.0,False,0.02,8.0,5218133609,30.6385827,104.1071122
120727,P4,147.0,147.0,867.0,867.0,False,1.26,8.52,4414330243,30.6630248,104.0884294
24619,P4,147.0,147.0,867.0,867.0,False,0.43,8.0,5359113187,30.6764952,104.0129156
6001,P4,147.0,147.0,867.0,867.0,False,0.11,8.0,2366951327,30.6531539,104.1151334
7345,P4,147.0,147.0,867.0,867.0,False,0.75,8.0,2039561245,30.6816196,104.1126702
99194,P4,147.0,147.0,867.0,867.0,False,3.07,12.14,3445813550,30.6661485,104.0697948
99999,P4,147.0,147.0,867.0,867.0,False,0.11,8.0,4978440960,30.6806552,104.0759826
115654,P4,148.0,148.0,868.0,868.0,False,1.12,8.24,2472046174,30.6580365,104.0633586
142085,P4,148.0,148.0,868.0,868.0,False,2.09,10.18,5375783871,30.6541852,103.9912122
145199,P4,148.0,148.0,868.0,868.0,False,1.45,8.9,4546939439,30.62031,104.10673
197693,P4,148.0,148.0,868.0,868.0,False,1.03,8.06,1586706375,30.7064975,103.9851115
61774,P4,148.0,148.0,868.0,868.0,False,2.38,10.76,4572409841,30.7167403,103.9943604
65450,P4,148.0,148.0,868.0,868.0,False,0.06,8.0,3562047394,30.7167232,104.0649439
82155,P4,148.0,148.0,868.0,868.0,False,3.6,13.2,3034330077,30.660654,104.08611
91851,P4,148.0,148.0,868.0,868.0,False,2.16,10.32,3034040779,30.70434,104.0223
93444,P4,148.0,148.0,868.0,868.0,False,1.31,8.62,1916386580,30.6418601,104.0559219
101718,P4,149.0,149.0,869.0,869.0,False,0.71,8.0,4967265770,30.7055098,104.0073112
112971,P4,149.0,149.0,869.0,869.0,False,0.62,8.0,3541426298,30.702435,104.07163
147917,P4,149.0,149.0,869.0,869.0,False,0.74,8.0,5102886106,30.7097068,103.9736521
165218,P4,149.0,149.0,869.0,869.0,False,0.74,8.0,2039561232,30.6723497,104.1037265
170353,P4,149.0,149.0,869.0,869.0,False,0.93,8.0,4695601645,30.6144441,104.0353952
186508,P4,149.0,149.0,869.0,869.0,False,1.97,9.94,4699007411,30.6137133,104.0445728
189083,P4,149.0,149.0,869.0,869.0,False,0.9,8.0,2135942424,30.6114113,104.0230496
200226,P4,149.0,149.0,869.0,869.0,False,1.32,8.64,3516900114,30.6680637,104.0802444
74825,P4,149.0,149.0,869.0,869.0,False,1.97,9.94,1819305456,30.6255508,104.0905689
93502,P4,149.0,149.0,869.0,869.0,False,1.97,9.94,314623099,30.639436,104.0306681
114992,P4,150.0,150.0,870.0,870.0,False,0.28,8.0,5141468696,30.6360241,104.0937883
121332,P4,150.0,150.0,870.0,870.0,False,1.59,9.18,4106682200,30.6589439,103.9766732
154392,P4,150.0,150.0,870.0,870.0,False,0.16,8.0,4701577775,30.6230199,104.0799771
164131,P4,150.0,150.0,870.0,870.0,False,0.86,8.0,4136052362,30.6124723,104.0482938
166439,P4,150.0,150.0,870.0,870.0,False,1.59,9.18,2823813240,30.668884,104.06529
77693,P4,150.0,150.0,870.0,870.0,False,1.98,9.96,1313998763,30.6345891,104.0887087
89325,P4,150.0,150.0,870.0,870.0,False,0.41,8.0,4549993293,30.6508421,103.9890791
109275,P4,151.0,151.0,871.0,871.0,False,1.62,9.24,3633018387,30.66696,104.06335
128367,P4,151.0,151.0,871.0,871.0,False,0.82,8.0,672360797,30.653765,104.0759
135456,P4,151.0,151.0,871.0,871.0,False,1.76,9.52,4550019068,30.6529955,104.0532503
162597,P4,151.0,151.0,871.0,871.0,False,0.19,8.0,2690137361,30.709609,104.0180645
187904,P4,151.0,151.0,871.0,871.0,False,1.71,9.42,1916530825,30.6391487,103.9786219
33673,P4,151.0,151.0,871.0,871.0,False,0.78,8.0,4701577759,30.6223977,104.0812069
42526,P4,151.0,151.0,871.0,871.0,False,1.71,9.42,3541389071,30.6744182,104.0549892
56308,P4,151.0,151.0,871.0,871.0,False,0.68,8.0,628641734,30.6905232,104.0489147
106305,P4,152.0,152.0,872.0,872.0,False,0.75,8.0,3680455705,30.6592732,104.0135581
127876,P4,152.0,152.0,872.0,872.0,False,2.21,10.42,4078817952,30.7020856,104.0813019
130675,P4,152.0,152.0,872.0,872.0,False,0.46,8.0,3582243021,30.71385,103.99626
135669,P4,152.0,152.0,872.0,872.0,False,0.73,8.0,4703149490,30.6125572,104.0674101
180727,P4,152.0,152.0,872.0,872.0,False,0.33,8.0,3742070429,30.65504,104.0733
26692,P4,152.0,152.0,872.0,872.0,False,0.77,8.0,1159502916,30.6897875,104.0318126
40206,P4,152.0,152.0,872.0,872.0,False,0.16,8.0,5218133388,30.6488241,104.1093802
135507,P4,153.0,153.0,873.0,873.0,False,1.88,9.76,1455107494,30.6961744,104.106689
180897,P4,153.0,153.0,873.0,873.0,False,3.21,12.42,1492614626,30.6235405,104.0645649
188065,P4,153.0,153.0,873.0,873.0,False,0.96,8.0,4701577777,30.6230094,104.0792273
196411,P4,153.0,153.0,873.0,873.0,False,1.0,8.0,5283966194,30.701812,104.1164124
203260,P4,153.0,153.0,873.0,873.0,False,0.28,8.0,4136052221,30.6102329,104.0478087
203551,P4,153.0,153.0,873.0,873.0,False,1.88,9.76,4118527511,30.702185,104.09602
3391,P4,153.0,153.0,873.0,873.0,False,1.27,8.54,4799195772,30.6174547,103.9839893
41076,P4,153.0,153.0,873.0,873.0,False,2.79,11.58,2039563302,30.6914788,104.105044
63650,P4,153.0,153.0,873.0,873.0,False,1.64,9.28,4548259376,30.6905693,104.0491032
82679,P4,153.0,153.0,873.0,873.0,False,0.54,8.0,1815729252,30.71225,104.06707
90296,P4,153.0,153.0,873.0,873.0,False,2.79,11.58,3034408999,30.7030082,104.0896208
100123,P4,154.0,154.0,874.0,874.0,False,0.59,8.0,432429412,30.6353697,104.0424329
133123,P4,154.0,154.0,874.0,874.0,False,0.85,8.0,4548259376,30.69113,104.04886
134345,P4,154.0,154.0,874.0,874.0,False,0.56,8.0,1159504060,30.7002157,104.0250672
160140,P4,154.0,154.0,874.0,874.0,False,0.29,8.0,4225497272,30.6472772,104.0433876
65414,P4,154.0,154.0,874.0,874.0,False,1.96,9.92,4695700252,30.6176259,104.0200723
68936,P4,154.0,154.0,874.0,874.0,False,0.41,8.0,3034409015,30.7084608,104.0960167
87034,P4,154.0,154.0,874.0,874.0,False,0.07,8.0,1156126795,30.6770268,104.0466902
109154,P4,155.0,155.0,875.0,875.0,False,1.91,9.82,4548141088,30.6188957,104.0747497
114074,P4,155.0,155.0,875.0,875.0,False,1.71,9.42,276558480,30.6228041,104.0646038
1215,P4,155.0,155.0,875.0,875.0,False,1.91,9.82,1159477623,30.6751049,104.0502585
149053,P4,155.0,155.0,875.0,875.0,False,1.73,9.46,3028924407,30.617833,104.0375877
15786,P4,155.0,155.0,875.0,875.0,False,0.76,8.0,4693609815,30.6341448,104.0701769
7999,P4,155.0,155.0,875.0,875.0,False,1.56,9.12,4794944078,30.64494,104.06377
85584,P4,155.0,155.0,875.0,875.0,False,2.25,10.5,4978440955,30.6766208,104.0826796
95231,P4,155.0,155.0,875.0,875.0,False,1.91,9.82,1388412851,30.68095,104.07007
102731,P4,156.0,156.0,876.0,876.0,False,2.07,10.14,2039561230,30.6825509,104.1090115
106943,P4,156.0,156.0,876.0,876.0,False,2.07,10.14,4449099855,30.6463695,104.1060331
121912,P4,156.0,156.0,876.0,876.0,False,0.3,8.0,4549993425,30.705588,104.0381527
134015,P4,156.0,156.0,876.0,876.0,False,0.73,8.0,3927877895,30.6777227,103.9893808
51981,P4,156.0,156.0,876.0,876.0,False,2.07,10.14,5213238496,30.6402486,104.0431373
108430,P4,157.0,157.0,877.0,877.0,False,0.44,8.0,3445813549,30.6626423,104.0697759
136979,P4,157.0,157.0,877.0,877.0,False,0.44,8.0,1159230079,30.681131,104.08263
143559,P4,157.0,157.0,877.0,877.0,False,0.34,8.0,1339701407,30.7097361,104.0429594
163574,P4,157.0,157.0,877.0,877.0,False,0.34,8.0,4359390980,30.7236267,104.0534127
169451,P4,157.0,157.0,877.0,877.0,False,1.69,9.38,4794975971,30.646452,104.057526
171270,P4,157.0,157.0,877.0,877.0,False,2.08,10.16,1819305169,30.6357104,104.107043
175383,P4,157.0,157.0,877.0,877.0,False,2.08,10.16,4717800179,30.6793346,104.0961325
188731,P4,157.0,157.0,877.0,877.0,False,1.68,9.36,3815508518,30.6094335,104.0581403
197083,P4,157.0,157.0,877.0,877.0,False,1.23,8.46,5218133309,30.638398,104.1069014
40828,P4,157.0,157.0,877.0,877.0,False,0.08,8.0,3541427588,30.7198406,104.0521196
52215,P4,157.0,157.0,877.0,877.0,False,0.27,8.0,1159478530,30.6769054,104.05131
85683,P4,157.0,157.0,877.0,877.0,False,2.08,10.16,2843289926,30.6827975,104.0673054
121551,P4,158.0,158.0,878.0,878.0,False,1.11,8.22,2823785826,30.659966,104.056206
12517,P4,158.0,158.0,878.0,878.0,False,1.37,8.74,5055911221,30.715579,104.1041139
127262,P4,158.0,158.0,878.0,878.0,False,0.02,8.0,4444112359,30.7258416,104.1047748
184792,P4,158.0,158.0,878.0,878.0,False,1.48,8.96,3034409025,30.715847,104.0960305
185383,P4,158.0,158.0,878.0,878.0,False,1.22,8.44,1159225485,30.70147,104.04222
23525,P4,158.0,158.0,878.0,878.0,False,0.89,8.0,4521001284,30.6537616,104.0838077
36297,P4,158.0,158.0,878.0,878.0,False,0.86,8.0,4695640636,30.6114832,104.0243946
55347,P4,158.0,158.0,878.0,878.0,False,1.48,8.96,4548211598,30.67667,104.03989
140164,P4,159.0,159.0,879.0,879.0,False,1.31,8.62,4550018923,30.648867,104.072554
190596,P4,159.0,159.0,879.0,879.0,False,0.33,8.0,1159932053,30.670928,103.9882158
57577,P4,159.0,159.0,879.0,879.0,False,0.28,8.0,4106682126,30.64508,103.9849352
147885,P4,160.0,160.0,880.0,880.0,False,1.58,9.16,432432534,30.6541969,104.0386483
156259,P4,160.0,160.0,880.0,880.0,False,0.21,8.0,4548259490,30.68671,104.0517
164964,P4,160.0,160.0,880.0,880.0,False,0.67,8.0,4218012554,30.6269745,104.0442598
190188,P4,160.0,160.0,880.0,880.0,False,0.67,8.0,4701464385,30.6173917,104.0644502
199983,P4,160.0,160.0,880.0,880.0,False,1.15,8.3,1916386443,30.6353341,104.0032177
24332,P4,160.0,160.0,880.0,880.0,False,0.21,8.0,4695601571,30.611,104.0326061
45711,P4,160.0,160.0,880.0,880.0,False,0.25,8.0,3562110275,30.6722,104.06468
51189,P4,160.0,160.0,880.0,880.0,False,2.29,10.58,4548259537,30.6749183,104.0073154
55138,P4,160.0,160.0,880.0,880.0,False,1.15,8.3,2981319491,30.7106141,104.0138978
75440,P4,160.0,160.0,880.0,880.0,False,0.25,8.0,5218240019,30.7002164,104.048641
82561,P4,160.0,160.0,880.0,880.0,False,0.28,8.0,2726869945,30.6784606,104.0389184
86319,P4,160.0,160.0,880.0,880.0,False,0.98,8.0,432429416,30.6354119,104.0383204
87403,P4,160.0,160.0,880.0,880.0,False,0.84,8.0,3582243028,30.7210394,104.0099795
167822,P4,161.0,161.0,881.0,881.0,False,1.33,8.66,4550018724,30.6276318,104.0190439
188400,P4,161.0,161.0,881.0,881.0,False,1.05,8.1,3562055477,30.7178763,104.0401723
125931,P4,162.0,162.0,882.0,882.0,False,0.28,8.0,432442562,30.698937,104.019696
130833,P4,162.0,162.0,882.0,882.0,False,0.28,8.0,3597820283,30.701601,104.0233206
147101,P4,162.0,162.0,882.0,882.0,False,1.4,8.8,1457855216,30.6898191,104.0960291
151562,P4,162.0,162.0,882.0,882.0,False,0.88,8.0,1493146459,30.6161906,104.0646181
152715,P4,162.0,162.0,882.0,882.0,False,2.05,10.1,5141468759,30.6300238,104.0954168
30000,P4,162.0,162.0,882.0,882.0,False,0.13,8.0,1918491711,30.6486406,103.980874
31584,P4,162.0,162.0,882.0,882.0,False,1.28,8.56,4550018602,30.6507017,104.0541435
86122,P4,162.0,162.0,882.0,882.0,False,0.88,8.0,4772463302,30.6617108,104.044674
133380,P4,163.0,163.0,883.0,883.0,False,2.2,10.4,2456925108,30.6390946,104.1032228
172785,P4,163.0,163.0,883.0,883.0,False,2.47,10.94,672349463,30.720436,104.0716919
1760,P4,163.0,163.0,883.0,883.0,False,0.89,8.0,1504245916,30.7048412,104.0759451
31484,P4,163.0,163.0,883.0,883.0,False,0.12,8.0,3523308822,30.6437176,104.0542421
44189,P4,163.0,163.0,883.0,883.0,False,0.23,8.0,4548318011,30.6165803,104.0964159
59678,P4,163.0,163.0,883.0,883.0,False,0.23,8.0,4572410252,30.7209619,103.9986314
6746,P4,163.0,163.0,883.0,883.0,False,0.21,8.0,3496653055,30.6199052,104.0519637
10147,P4,164.0,164.0,884.0,884.0,False,0.95,8.0,441221454,30.64783,104.02475
110957,P4,164.0,164.0,884.0,884.0,False,1.62,9.24,4106682132,30.6465197,103.9841782
111990,P4,164.0,164.0,884.0,884.0,False,1.95,9.9,5211337146,30.6509466,103.9898866
125822,P4,164.0,164.0,884.0,884.0,False,0.84,8.0,1958204248,30.6700116,104.0846121
147633,P4,164.0,164.0,884.0,884.0,False,2.03,10.06,1918491741,30.6369252,104.0065165
160839,P4,164.0,164.0,884.0,884.0,False,0.59,8.0,4136052364,30.6121648,104.0470362
203617,P4,164.0,164.0,884.0,884.0,False,0.3,8.0,1458590783,30.6806787,104.0937534
209370,P4,164.0,164.0,884.0,884.0,False,1.19,8.38,441159817,30.7229418,104.1034305
55255,P4,164.0,164.0,884.0,884.0,False,1.59,9.18,4782097009,30.6273549,104.0238794
81074,P4,164.0,164.0,884.0,884.0,False,2.03,10.06,5141468747,30.6322155,104.0954862
121650,P4,165.0,165.0,885.0,885.0,False,0.51,8.0,3613960016,30.6637584,104.0523448
133407,P4,165.0,165.0,885.0,885.0,False,0.14,8.0,1159174531,30.631972,104.0669548
138707,P4,165.0,165.0,885.0,885.0,False,2.24,10.48,1159134903,30.6594044,104.0891979
144496,P4,165.0,165.0,885.0,885.0,False,1.34,8.68,4773199397,30.6713851,104.0143523
166111,P4,165.0,165.0,885.0,885.0,False,0.63,8.0,1964427886,30.66921,104.10377
184815,P4,165.0,165.0,885.0,885.0,False,0.51,8.0,1159453969,30.6611899,104.0450221
37592,P4,165.0,165.0,885.0,885.0,False,1.52,9.04,3633001072,30.664894,104.0233991
65115,P4,165.0,165.0,885.0,885.0,False,0.66,8.0,1159173116,30.6251,104.07027
66165,P4,165.0,165.0,885.0,885.0,False,3.27,12.54,5314457254,30.6929502,104.0546678
71664,P4,165.0,165.0,885.0,885.0,False,2.87,11.74,4550018613,30.6404136,104.027148
85023,P4,165.0,165.0,885.0,885.0,False,1.3,8.6,2714528005,30.6277855,104.0555694
89679,P4,165.0,165.0,885.0,885.0,False,0.4,8.0,2472036427,30.663813,104.06272
95745,P4,165.0,165.0,885.0,885.0,False,0.14,8.0,4107377020,30.636352,103.9966679
97776,P4,165.0,165.0,885.0,885.0,False,0.15,8.0,4296641706,30.6481286,104.0907917
98020,P4,165.0,165.0,885.0,885.0,False,0.21,8.0,2823785853,30.678634,104.0771324
104486,P4,166.0,166.0,886.0,886.0,False,1.68,9.36,4992013276,30.6219523,104.0745864
108786,P4,166.0,166.0,886.0,886.0,False,0.56,8.0,4572363406,30.673959,104.0578686
18335,P4,166.0,166.0,886.0,886.0,False,0.68,8.0,5375783765,30.6323951,104.0114961
18457,P4,166.0,166.0,886.0,886.0,False,0.12,8.0,1492633088,30.6201262,104.0645187
200128,P4,166.0,166.0,886.0,886.0,False,0.93,8.0,3176012314,30.6988729,104.0695537
32653,P4,166.0,166.0,886.0,886.0,False,0.12,8.0,441159818,30.7174666,104.1011618
33665,P4,166.0,166.0,886.0,886.0,False,2.12,10.24,4548317428,30.643304,104.0867434
38171,P4,166.0,166.0,886.0,886.0,False,1.92,9.84,465203748,30.7065487,104.1011808
69826,P4,166.0,166.0,886.0,886.0,False,0.36,8.0,4549759341,30.692323,104.0358774
73554,P4,166.0,166.0,886.0,886.0,False,0.68,8.0,1460300831,30.6518887,104.111184
87983,P4,166.0,166.0,886.0,886.0,False,0.41,8.0,1159143438,30.6639,104.10174
105469,P4,167.0,167.0,887.0,887.0,False,2.15,10.3,1492633099,30.6218826,104.0646505
105683,P4,167.0,167.0,887.0,887.0,False,1.17,8.34,1507306244,30.7045358,104.0783264
118648,P4,167.0,167.0,887.0,887.0,False,1.08,8.16,432442960,30.6777315,104.0139493
121023,P4,167.0,167.0,887.0,887.0,False,1.08,8.16,1159231828,30.694342,104.085144
130060,P4,167.0,167.0,887.0,887.0,False,2.28,10.56,4695601600,30.6091969,104.0394456
141570,P4,167.0,167.0,887.0,887.0,False,1.11,8.22,3680412785,30.6577776,104.0162518
154627,P4,167.0,167.0,887.0,887.0,False,0.01,8.0,2472030046,30.66182,104.06245
159342,P4,167.0,167.0,887.0,887.0,False,0.37,8.0,5436607860,30.6383731,104.0735855
177443,P4,167.0,167.0,887.0,887.0,False,0.42,8.0,2662847697,30.67648,104.00446
178095,P4,167.0,167.0,887.0,887.0,False,2.28,10.56,2847758682,30.6669625,104.1117503
187650,P4,167.0,167.0,887.0,887.0,False,1.66,9.32,4548211332,30.6817227,104.0406246
207219,P4,167.0,167.0,887.0,887.0,False,1.08,8.16,4701577693,30.6166676,104.0695484
93918,P4,167.0,167.0,887.0,887.0,False,0.01,8.0,2564226656,30.6433308,104.0173653
105007,P4,168.0,168.0,888.0,888.0,False,0.14,8.0,3089029129,30.661415,104.04948
115551,P4,168.0,168.0,888.0,888.0,False,0.37,8.0,3562047401,30.72186,104.06149
126086,P4,168.0,168.0,888.0,888.0,False,1.56,9.12,3562028086,30.6808838,104.1163874
150471,P4,168.0,168.0,888.0,888.0,False,0.9,8.0,963638438,30.70167,104.04466
174950,P4,168.0,168.0,888.0,888.0,False,2.99,11.98,4106682203,30.6620623,103.9734265
183819,P4,168.0,168.0,888.0,888.0,False,2.02,10.04,1459057462,30.6448957,104.1069577
69546,P4,168.0,168.0,888.0,888.0,False,0.44,8.0,432452886,30.6174952,104.0520443
82722,P4,168.0,168.0,888.0,888.0,False,0.13,8.0,276556860,30.6213041,104.0645003
148320,P4,169.0,169.0,889.0,889.0,False,1.36,8.72,2560005533,30.6219411,104.0248598
149896,P4,169.0,169.0,889.0,889.0,False,2.48,10.96,4548211260,30.6337186,104.0338666
169147,P4,169.0,169.0,889.0,889.0,False,0.33,8.0,4449099864,30.65018,104.10647
183002,P4,169.0,169.0,889.0,889.0,False,0.82,8.0,4549992865,30.6929126,104.0376831
199735,P4,169.0,169.0,889.0,889.0,False,1.59,9.18,3034040769,30.69379,104.02612
203207,P4,169.0,169.0,889.0,889.0,False,0.76,8.0,803149470,30.6618889,104.0994413
30725,P4,169.0,169.0,889.0,889.0,False,0.59,8.0,1815741542,30.6903732,104.0774571
45663,P4,169.0,169.0,889.0,889.0,False,0.39,8.0,4878041007,30.6233003,104.1022404
53611,P4,169.0,169.0,889.0,889.0,False,2.48,10.96,1339701413,30.71008,104.03958
62677,P4,169.0,169.0,889.0,889.0,False,1.73,9.46,4934383696,30.6132876,104.112267
146951,P4,170.0,170.0,890.0,890.0,False,1.51,9.02,3199773577,30.69932,104.10703
28850,P4,170.0,170.0,890.0,890.0,False,2.21,10.42,4701400719,30.6226229,104.0678905
35762,P4,170.0,170.0,890.0,890.0,False,0.26,8.0,5213238526,30.6354076,104.0487645
36132,P4,170.0,170.0,890.0,890.0,False,1.55,9.1,5213253169,30.6646952,104.1109949
3767,P4,170.0,170.0,890.0,890.0,False,0.44,8.0,4106682171,30.6504441,103.9802655
41803,P4,170.0,170.0,890.0,890.0,False,0.27,8.0,5213238433,30.64134,104.03119
47335,P4,170.0,170.0,890.0,890.0,False,2.07,10.14,1305816747,30.6436968,104.0831923
51651,P4,170.0,170.0,890.0,890.0,False,0.83,8.0,1458981267,30.661474,104.09635
57747,P4,170.0,170.0,890.0,890.0,False,1.31,8.62,3113656969,30.665567,104.05175
100388,P4,171.0,171.0,891.0,891.0,False,0.4,8.0,1159502916,30.6897875,104.0318126
119723,P4,171.0,171.0,891.0,891.0,False,0.13,8.0,432453024,30.64787,104.10345
120876,P4,171.0,171.0,891.0,891.0,False,0.13,8.0,4989782355,30.6837988,104.0589449
126203,P4,171.0,171.0,891.0,891.0,False,3.31,12.62,4991426358,30.6556291,103.981776
137670,P4,171.0,171.0,891.0,891.0,False,0.75,8.0,2956775230,30.7119064,104.0361808
158755,P4,171.0,171.0,891.0,891.0,False,0.29,8.0,4548141026,30.6253438,104.0743731
188603,P4,171.0,171.0,891.0,891.0,False,0.4,8.0,1492574993,30.62488,104.06231
67167,P4,171.0,171.0,891.0,891.0,False,0.81,8.0,1159131046,30.666824,104.060814
102016,P4,172.0,172.0,892.0,892.0,False,0.28,8.0,4740867224,30.6131318,104.0930987
158191,P4,172.0,172.0,892.0,892.0,False,0.55,8.0,2726869945,30.6784606,104.0389184
158199,P4,172.0,172.0,892.0,892.0,False,2.28,10.56,2868588323,30.66531,104.08354
199443,P4,172.0,172.0,892.0,892.0,False,0.6,8.0,5283966198,30.7016693,104.1043698
25395,P4,172.0,172.0,892.0,892.0,False,1.45,8.9,1918491704,30.64564,103.99508
28017,P4,172.0,172.0,892.0,892.0,False,3.63,13.26,5213238494,30.6460462,104.0431128
76187,P4,172.0,172.0,892.0,892.0,False,0.59,8.0,4695601571,30.611,104.0326061
79082,P4,172.0,172.0,892.0,892.0,False,0.6,8.0,4549993291,30.6501848,103.9847515
109636,P4,173.0,173.0,893.0,893.0,False,1.03,8.06,432452883,30.6195942,104.0526152
129573,P4,173.0,173.0,893.0,893.0,False,1.8,9.6,1492619195,30.6230476,104.0660465
173284,P4,173.0,173.0,893.0,893.0,False,0.67,8.0,4550701397,30.6200923,103.982772
177003,P4,173.0,173.0,893.0,893.0,False,0.6,8.0,4107389530,30.7230841,104.0083952
32587,P4,173.0,173.0,893.0,893.0,False,1.03,8.06,5141468728,30.6366053,104.0962333
447,P4,173.0,173.0,893.0,893.0,False,0.67,8.0,1313998800,30.63852,104.08773
61793,P4,173.0,173.0,893.0,893.0,False,1.8,9.6,672360797,30.6544246,104.0755567
96070,P4,173.0,173.0,893.0,893.0,False,0.92,8.0,5280629138,30.6746556,104.0074077
101484,P4,174.0,174.0,894.0,894.0,False,1.46,8.92,4695601316,30.6113445,104.0281647
114434,P4,174.0,174.0,894.0,894.0,False,0.65,8.0,1469172045,30.6319422,104.0923756
119380,P4,174.0,174.0,894.0,894.0,False,0.42,8.0,4572410053,30.6647272,103.9750603
156619,P4,174.0,174.0,894.0,894.0,False,0.86,8.0,3562033455,30.70705,104.0721
190364,P4,174.0,174.0,894.0,894.0,False,0.86,8.0,1815728532,30.7148358,104.0999671
33375,P4,174.0,174.0,894.0,894.0,False,1.14,8.28,4548259684,30.7118238,104.0360404
48702,P4,174.0,174.0,894.0,894.0,False,0.02,8.0,3632988786,30.6642933,104.032285
54769,P4,174.0,174.0,894.0,894.0,False,1.14,8.28,4136052364,30.6121648,104.0470362
81406,P4,174.0,174.0,894.0,894.0,False,1.51,9.02,4218012539,30.6250297,104.0420657
102094,P4,175.0,175.0,895.0,895.0,False,0.05,8.0,3028924407,30.617833,104.0375877
105462,P4,175.0,175.0,895.0,895.0,False,0.86,8.0,5213253216,30.7060875,104.0947103
127756,P4,175.0,175.0,895.0,895.0,False,1.68,9.36,4585553613,30.6548416,104.0264597
169590,P4,175.0,175.0,895.0,895.0,False,1.0,8.0,2910354673,30.6477888,104.0829634
199303,P4,175.0,175.0,895.0,895.0,False,1.69,9.38,3541393460,30.6932629,104.0104212
206828,P4,175.0,175.0,895.0,895.0,False,0.46,8.0,504315313,30.7000149,104.1035364
43971,P4,175.0,175.0,895.0,895.0,False,1.68,9.36,4693609980,30.6288924,104.0691555
5543,P4,175.0,175.0,895.0,895.0,False,1.68,9.36,3562047448,30.709805,104.06519
57362,P4,175.0,175.0,895.0,895.0,False,0.44,8.0,1159134919,30.6627522,104.0917496
73533,P4,175.0,175.0,895.0,895.0,False,0.44,8.0,4693647107,30.6328094,104.0722022
89903,P4,175.0,175.0,895.0,895.0,False,1.69,9.38,3089029126,30.6601973,104.0530264
90293,P4,175.0,175.0,895.0,895.0,False,0.41,8.0,432442965,30.679351,104.0147137
121423,P4,176.0,176.0,896.0,896.0,False,1.23,8.46,432442926,30.66418,104.02137
128787,P4,176.0,176.0,896.0,896.0,False,0.71,8.0,4107377017,30.6341676,104.0004339
134368,P4,176.0,176.0,896.0,896.0,False,0.04,8.0,1885342922,30.6779702,104.1003305
181959,P4,176.0,176.0,896.0,896.0,False,0.55,8.0,4230611271,30.65146,104.07019
8351,P4,176.0,176.0,896.0,896.0,False,0.04,8.0,4572409840,30.7258333,104.0068709
91514,P4,176.0,176.0,896.0,896.0,False,1.91,9.82,5375783894,30.6558234,103.9917165
132982,P4,177.0,177.0,897.0,897.0,False,1.48,8.96,2712272987,30.6882776,104.0577278
136109,P4,177.0,177.0,897.0,897.0,False,3.78,13.56,4106681903,30.6110255,103.9940687
150165,P4,177.0,177.0,897.0,897.0,False,1.1,8.2,4505485114,30.6366175,104.0748642
15060,P4,177.0,177.0,897.0,897.0,False,1.81,9.62,3680078429,30.658221,104.0138533
169136,P4,177.0,177.0,897.0,897.0,False,0.79,8.0,4087177084,30.6172715,104.0146167
171699,P4,177.0,177.0,897.0,897.0,False,0.54,8.0,4078817959,30.7031433,104.0813154
182654,P4,177.0,177.0,897.0,897.0,False,0.66,8.0,3691210143,30.65801,104.0164294
191315,P4,177.0,177.0,897.0,897.0,False,3.78,13.56,1159234110,30.6948332,104.0708337
199875,P4,177.0,177.0,897.0,897.0,False,1.48,8.96,3562028089,30.6587,104.09147
28715,P4,177.0,177.0,897.0,897.0,False,0.33,8.0,5312164196,30.6687984,104.1051817
37435,P4,177.0,177.0,897.0,897.0,False,0.79,8.0,1156126798,30.66529,104.04227
39045,P4,177.0,177.0,897.0,897.0,False,1.48,8.96,5283966126,30.6376499,104.0974186
123647,P4,178.0,178.0,898.0,898.0,False,0.65,8.0,1159502916,30.6897875,104.0318126
124227,P4,178.0,178.0,898.0,898.0,False,0.34,8.0,1458575268,30.686645,104.0983881
159407,P4,178.0,178.0,898.0,898.0,False,1.31,8.62,1159229836,30.673944,104.08503
161908,P4,178.0,178.0,898.0,898.0,False,3.22,12.44,1159174531,30.631972,104.0669548
197959,P4,178.0,178.0,898.0,898.0,False,0.57,8.0,1156126794,30.67747,104.04937
26768,P4,178.0,178.0,898.0,898.0,False,2.05,10.1,4701464750,30.6158646,104.0602407
34425,P4,178.0,178.0,898.0,898.0,False,1.76,9.52,5141468727,30.6350359,104.0959071
6860,P4,178.0,178.0,898.0,898.0,False,0.57,8.0,5218240008,30.6985323,104.0537409
72467,P4,178.0,178.0,898.0,898.0,False,0.44,8.0,314614148,30.6113323,104.0472554
88197,P4,178.0,178.0,898.0,898.0,False,0.12,8.0,3582243026,30.7191939,104.0061628
98227,P4,178.0,178.0,898.0,898.0,False,0.5,8.0,1459039140,30.64488,104.10592
139142,P4,179.0,179.0,899.0,899.0,False,2.0,10.0,1861145344,30.67009,104.111948
141095,P4,179.0,179.0,899.0,899.0,False,1.38,8.76,5382831173,30.6762827,104.0989509
200819,P4,179.0,179.0,899.0,899.0,False,1.55,9.1,5283966198,30.7016693,104.1043698
35775,P4,179.0,179.0,899.0,899.0,False,2.0,10.0,4550019081,30.6488218,104.0727666
96730,P4,179.0,179.0,899.0,899.0,False,1.13,8.26,1756176911,30.6764481,104.0706278
138286,P4,180.0,180.0,900.0,900.0,False,0.95,8.0,4693610171,30.6340601,104.0703572
173607,P4,180.0,180.0,900.0,900.0,False,1.76,9.52,1958204248,30.670979,104.0839
178657,P4,180.0,180.0,900.0,900.0,False,1.56,9.12,4106682123,30.6445795,103.9826903
26371,P4,180.0,180.0,900.0,900.0,False,2.58,11.16,1159234181,30.695677,104.07391
2851,P4,180.0,180.0,900.0,900.0,False,2.21,10.42,5141468735,30.63614,104.09488
38314,P4,180.0,180.0,900.0,900.0,False,0.83,8.0,1159941942,30.6672644,104.0211265
46735,P4,180.0,180.0,900.0,900.0,False,0.32,8.0,4550019073,30.6516306,104.0549868
76247,P4,180.0,180.0,900.0,900.0,False,2.38,10.76,1339701416,30.70029,104.05208
96177,P4,180.0,180.0,900.0,900.0,False,0.91,8.0,4880298882,30.6222069,104.1011411
107933,P4,181.0,181.0,901.0,901.0,False,1.02,8.04,1159477623,30.6751049,104.0502585
129995,P4,181.0,181.0,901.0,901.0,False,0.6,8.0,4695601774,30.609381,104.0329708
131447,P4,181.0,181.0,901.0,901.0,False,2.68,11.36,2722829540,30.7069207,104.0472663
150850,P4,181.0,181.0,901.0,901.0,False,0.66,8.0,4217837156,30.6274212,104.0437542
151823,P4,181.0,181.0,901.0,901.0,False,1.48,8.96,1305816676,30.6460208,104.0850432
162505,P4,181.0,181.0,901.0,901.0,False,1.85,9.7,4934383649,30.6163126,104.1125643
177452,P4,181.0,181.0,901.0,901.0,False,0.56,8.0,4693610086,30.6242448,104.0721193
178839,P4,181.0,181.0,901.0,901.0,False,0.1,8.0,4106682215,30.66768,103.99493
40695,P4,181.0,181.0,901.0,901.0,False,1.68,9.36,2259835274,30.625347,104.1026569
49895,P4,181.0,181.0,901.0,901.0,False,2.6,11.2,1492399992,30.6556101,104.0601795
52937,P4,181.0,181.0,901.0,901.0,False,0.66,8.0,1916386543,30.6355588,104.0160384
55988,P4,181.0,181.0,901.0,901.0,False,0.69,8.0,4393165157,30.6224945,104.0654743
80534,P4,181.0,181.0,901.0,901.0,False,0.69,8.0,3579517902,30.670829,104.0497381
96197,P4,181.0,181.0,901.0,901.0,False,0.36,8.0,4695640656,30.6179593,104.0247902
107335,P4,182.0,182.0,902.0,902.0,False,1.54,9.08,2041527388,30.682013,104.09369
107939,P4,182.0,182.0,902.0,902.0,False,0.36,8.0,5141468648,30.6338985,104.0928327
129289,P4,182.0,182.0,902.0,902.0,False,1.91,9.82,4217837097,30.6262553,104.0466306
129395,P4,182.0,182.0,902.0,902.0,False,0.23,8.0,5211368069,30.6697221,103.9675225
141967,P4,182.0,182.0,902.0,902.0,False,1.92,9.84,3034409142,30.717281,104.10377
146603,P4,182.0,182.0,902.0,902.0,False,0.25,8.0,1314184370,30.6415767,104.0770385
159916,P4,182.0,182.0,902.0,902.0,False,0.15,8.0,2852215060,30.7219313,104.0870773
19516,P4,182.0,182.0,902.0,902.0,False,1.39,8.78,4414330241,30.6626003,104.0893239
200187,P4,182.0,182.0,902.0,902.0,False,0.29,8.0,2843286555,30.6909109,104.0576327
201794,P4,182.0,182.0,902.0,902.0,False,0.93,8.0,3523308807,30.6350645,104.0799302
54703,P4,182.0,182.0,902.0,902.0,False,0.92,8.0,1159447656,30.683283,104.03572
63570,P4,182.0,182.0,902.0,902.0,False,0.16,8.0,3541371613,30.6680667,104.0492802
145903,P4,183.0,183.0,903.0,903.0,False,2.26,10.52,1504230238,30.6986,104.09737
151974,P4,183.0,183.0,903.0,903.0,False,2.17,10.34,2559969435,30.6224126,104.0340415
157203,P4,183.0,183.0,903.0,903.0,False,0.53,8.0,4903112583,30.65806,104.07938
164188,P4,183.0,183.0,903.0,903.0,False,2.16,10.32,672360562,30.6422578,104.0860643
202706,P4,183.0,183.0,903.0,903.0,False,0.58,8.0,5283966217,30.705777,104.0986108
208221,P4,183.0,183.0,903.0,903.0,False,1.51,9.02,1159131458,30.6693289,104.059788
209411,P4,183.0,183.0,903.0,903.0,False,0.26,8.0,4136052358,30.6133902,104.0484293
26041,P4,183.0,183.0,903.0,903.0,False,2.14,10.28,4217837097,30.6262553,104.0466306
2801,P4,183.0,183.0,903.0,903.0,False,1.51,9.02,1159229567,30.6695482,104.0946518
37603,P4,183.0,183.0,903.0,903.0,False,2.17,10.34,4548211614,30.67229,104.07266
62554,P4,183.0,183.0,903.0,903.0,False,1.81,9.62,4693647096,30.6348677,104.0732236
76857,P4,183.0,183.0,903.0,903.0,False,1.98,9.96,1506537731,30.7164582,104.0720557
8201,P4,183.0,183.0,903.0,903.0,False,0.58,8.0,3541426298,30.7026933,104.0719858
89877,P4,183.0,183.0,903.0,903.0,False,2.14,10.28,1159941938,30.667213,104.0192048
101296,P4,184.0,184.0,904.0,904.0,False,0.7,8.0,1918491745,30.6280925,104.0111705
110391,P4,184.0,184.0,904.0,904.0,False,0.48,8.0,3562086848,30.6732419,104.0595487
142259,P4,184.0,184.0,904.0,904.0,False,0.48,8.0,3089029139,30.661964,104.0507
204135,P4,184.0,184.0,904.0,904.0,False,1.6,9.2,3523308807,30.63557,104.08076
206347,P4,184.0,184.0,904.0,904.0,False,2.32,10.64,1159137566,30.652601,104.09053
75991,P4,184.0,184.0,904.0,904.0,False,0.2,8.0,3541427561,30.707,104.04295
93089,P4,184.0,184.0,904.0,904.0,False,1.06,8.12,1819305356,30.6269056,104.0937392
100464,P4,185.0,185.0,905.0,905.0,False,2.56,11.12,1492614624,30.6231913,104.0645757
10961,P4,185.0,185.0,905.0,905.0,False,0.13,8.0,4548259386,30.6812152,104.0533192
142284,P4,185.0,185.0,905.0,905.0,False,0.9,8.0,2366952977,30.6478698,104.1091083
190467,P4,185.0,185.0,905.0,905.0,False,0.61,8.0,5375783894,30.6558234,103.9917165
21269,P4,185.0,185.0,905.0,905.0,False,0.77,8.0,1492613140,30.6225792,104.0629771
35421,P4,185.0,185.0,905.0,905.0,False,0.61,8.0,276558558,30.6424862,104.0252927
53103,P4,185.0,185.0,905.0,905.0,False,0.72,8.0,5367313640,30.6351029,103.9797164
174802,P4,186.0,186.0,906.0,906.0,False,0.74,8.0,2933855168,30.6116845,103.9823549
19699,P4,186.0,186.0,906.0,906.0,False,0.23,8.0,4359391014,30.724655,104.11323
20204,P4,186.0,186.0,906.0,906.0,False,2.73,11.46,1885342901,30.6777248,104.0995149
6795,P4,186.0,186.0,906.0,906.0,False,0.82,8.0,4586532063,30.69068,104.020294
91149,P4,186.0,186.0,906.0,906.0,False,0.17,8.0,2366951327,30.6531539,104.1151334
9886,P4,186.0,186.0,906.0,906.0,False,1.65,9.3,314623119,30.6501008,104.0321723
100814,P4,187.0,187.0,907.0,907.0,False,0.53,8.0,4550769605,30.6330559,104.103782
10625,P4,187.0,187.0,907.0,907.0,False,1.71,9.42,5141468762,30.6243139,104.0922521
186423,P4,187.0,187.0,907.0,907.0,False,1.71,9.42,3034040782,30.7008204,104.0157875
4248,P4,187.0,187.0,907.0,907.0,False,2.17,10.34,1159491568,30.6830528,104.0755012
74761,P4,187.0,187.0,907.0,907.0,False,0.14,8.0,3033986307,30.6569465,104.0257279
50891,P4,188.0,188.0,908.0,908.0,False,0.28,8.0,1964427886,30.6704,104.1045
174867,P4,189.0,189.0,909.0,909.0,False,0.65,8.0,432452998,30.66137,104.0743
192908,P4,189.0,189.0,909.0,909.0,False,0.44,8.0,1507366173,30.6957521,104.083879
196098,P4,189.0,189.0,909.0,909.0,False,0.02,8.0,3087817510,30.665932,103.9951649
198107,P4,189.0,189.0,909.0,909.0,False,2.22,10.44,1339762127,30.7151,104.04658
54530,P4,189.0,189.0,909.0,909.0,False,0.66,8.0,4549759318,30.6919457,104.0362771
56343,P4,189.0,189.0,909.0,909.0,False,0.62,8.0,4695701796,30.6136103,104.018995
91862,P4,189.0,189.0,909.0,909.0,False,0.32,8.0,5213253169,30.6646952,104.1109949
105365,P4,190.0,190.0,910.0,910.0,False,1.56,9.12,1469155007,30.6324562,104.1136863
137111,P4,190.0,190.0,910.0,910.0,False,1.21,8.42,3445813118,30.6652525,104.0771764
39653,P4,190.0,190.0,910.0,910.0,False,0.36,8.0,5283966123,30.6370674,104.100346
47895,P4,190.0,190.0,910.0,910.0,False,1.21,8.42,4359390979,30.7235617,104.058809
51326,P4,190.0,190.0,910.0,910.0,False,2.24,10.48,1302807423,30.6433624,104.0871649
90299,P4,190.0,190.0,910.0,910.0,False,0.46,8.0,2564226626,30.6382814,104.0196474
105512,P4,191.0,191.0,911.0,911.0,False,0.04,8.0,2119004926,30.695456,104.0230312
132209,P4,191.0,191.0,911.0,911.0,False,2.73,11.46,4695662940,30.6122541,104.0315197
134600,P4,191.0,191.0,911.0,911.0,False,0.33,8.0,5141328781,30.6149508,104.062869
1919,P4,191.0,191.0,911.0,911.0,False,0.69,8.0,2729378355,30.6166419,104.0485311
196993,P4,191.0,191.0,911.0,911.0,False,1.33,8.66,4106682120,30.6442026,103.9718285
34870,P4,191.0,191.0,911.0,911.0,False,1.13,8.26,2217714926,30.6609975,104.0718879
69737,P4,191.0,191.0,911.0,911.0,False,1.41,8.82,1916530820,30.647494,103.9759719
97023,P4,191.0,191.0,911.0,911.0,False,1.21,8.42,4638105431,30.707886,104.06805
104708,P4,192.0,192.0,912.0,912.0,False,0.79,8.0,1918491704,30.6462307,103.9945166
143378,P4,192.0,192.0,912.0,912.0,False,0.05,8.0,5034131303,30.6513901,103.990594
168773,P4,192.0,192.0,912.0,912.0,False,3.01,12.02,432432621,30.6565848,104.0300828
193302,P4,192.0,192.0,912.0,912.0,False,1.4,8.8,4107377010,30.6310133,104.0017622
195375,P4,192.0,192.0,912.0,912.0,False,1.02,8.04,4963999600,30.7190908,104.0335781
22675,P4,192.0,192.0,912.0,912.0,False,0.05,8.0,5141328661,30.6133589,104.0634538
44720,P4,192.0,192.0,912.0,912.0,False,1.59,9.18,2564226653,30.6424197,104.0161032
47188,P4,192.0,192.0,912.0,912.0,False,3.81,13.62,5382831199,30.6750989,104.0965444
72149,P4,192.0,192.0,912.0,912.0,False,1.17,8.34,1159229570,30.6724839,104.1041619
73583,P4,192.0,192.0,912.0,912.0,False,1.59,9.18,4799195759,30.6279102,103.9947516
151712,P4,193.0,193.0,913.0,913.0,False,1.66,9.32,5367313162,30.6350008,103.9670743
181465,P4,193.0,193.0,913.0,913.0,False,1.8,9.6,4699007263,30.6124149,104.0381858
46728,P4,193.0,193.0,913.0,913.0,False,1.76,9.52,3523308822,30.6437176,104.0542421
119220,P4,194.0,194.0,914.0,914.0,False,1.06,8.12,2118910074,30.701761,104.087606
134583,P4,194.0,194.0,914.0,914.0,False,1.15,8.3,4991426396,30.6486738,103.9847852
32184,P4,194.0,194.0,914.0,914.0,False,0.08,8.0,4549993310,30.6510165,103.9886428
4019,P4,194.0,194.0,914.0,914.0,False,1.25,8.5,1312615989,30.65937,104.05729
55591,P4,194.0,194.0,914.0,914.0,False,2.69,11.38,4534007627,30.704983,104.1036
83611,P4,194.0,194.0,914.0,914.0,False,2.49,10.98,2119081134,30.61106,104.10373
85315,P4,194.0,194.0,914.0,914.0,False,2.11,10.22,1458910133,30.6818887,104.0945196
96564,P4,194.0,194.0,914.0,914.0,False,2.11,10.22,4548211437,30.6750514,104.0655308
97143,P4,194.0,194.0,914.0,914.0,False,1.22,8.44,1912247016,30.610869,104.0724022
134223,P4,195.0,195.0,915.0,915.0,False,0.37,8.0,504315475,30.68414,104.10053
161426,P4,195.0,195.0,915.0,915.0,False,4.61,15.22,3033986247,30.658072,104.0219464
194931,P4,195.0,195.0,915.0,915.0,False,4.61,15.22,1916530947,30.632881,103.9806073
198159,P4,195.0,195.0,915.0,915.0,False,1.83,9.66,1159474715,30.693552,104.04599
4191,P4,195.0,195.0,915.0,915.0,False,0.62,8.0,1504208166,30.70746,104.09564
42040,P4,195.0,195.0,915.0,915.0,False,1.03,8.06,5261581863,30.677346,104.0962023
68685,P4,195.0,195.0,915.0,915.0,False,1.83,9.66,3927877888,30.6772887,103.9891181
77153,P4,195.0,195.0,915.0,915.0,False,1.03,8.06,2456925122,30.6374405,104.1023919
97035,P4,195.0,195.0,915.0,915.0,False,1.31,8.62,3579530515,30.65066,104.11586
105596,P4,196.0,196.0,916.0,916.0,False,0.99,8.0,4136052365,30.612087,104.0494364
120707,P4,196.0,196.0,916.0,916.0,False,1.26,8.52,3436486414,30.64442,104.0499
12983,P4,196.0,196.0,916.0,916.0,False,1.5,9.0,628641785,30.6820927,104.0863094
133644,P4,196.0,196.0,916.0,916.0,False,0.4,8.0,1159131810,30.6723637,104.06596
137590,P4,196.0,196.0,916.0,916.0,False,0.55,8.0,1756176923,30.6451896,104.0219676
169135,P4,196.0,196.0,916.0,916.0,False,0.17,8.0,4106682231,30.677263,104.00045
182325,P4,196.0,196.0,916.0,916.0,False,0.42,8.0,2852215053,30.7159354,104.1016384
21570,P4,196.0,196.0,916.0,916.0,False,0.91,8.0,803149778,30.6795374,104.0924023
50228,P4,196.0,196.0,916.0,916.0,False,1.1,8.2,4989782355,30.6837988,104.0589449
65307,P4,196.0,196.0,916.0,916.0,False,1.29,8.58,4693610168,30.63364,104.07094
94926,P4,196.0,196.0,916.0,916.0,False,0.95,8.0,4548259560,30.6545119,104.0060533
11517,P4,197.0,197.0,917.0,917.0,False,2.36,10.72,2118910090,30.707342,104.0875578
130395,P4,197.0,197.0,917.0,917.0,False,3.79,13.58,4877924396,30.64643,104.1
143816,P4,197.0,197.0,917.0,917.0,False,0.95,8.0,3523294438,30.6485054,104.0518109
15262,P4,197.0,197.0,917.0,917.0,False,2.04,10.08,3633018387,30.6667602,104.0632288
18927,P4,197.0,197.0,917.0,917.0,False,1.76,9.52,1159132217,30.6626,104.08303
191242,P4,197.0,197.0,917.0,917.0,False,2.79,11.58,5283966123,30.6370674,104.100346
200923,P4,197.0,197.0,917.0,917.0,False,0.13,8.0,963638438,30.70278,104.04428
47316,P4,197.0,197.0,917.0,917.0,False,2.3,10.6,4548211665,30.6759801,104.0632544
7396,P4,197.0,197.0,917.0,917.0,False,0.09,8.0,5002301705,30.6921862,104.0370619
90751,P4,197.0,197.0,917.0,917.0,False,0.22,8.0,2717452481,30.6171488,104.0550426
93751,P4,197.0,197.0,917.0,917.0,False,3.79,13.58,1159230552,30.6865185,104.0928859
103477,P4,198.0,198.0,918.0,918.0,False,1.36,8.72,4572410201,30.668487,103.9744311
11257,P4,198.0,198.0,918.0,918.0,False,1.36,8.72,3541426298,30.7026933,104.0719858
116498,P4,198.0,198.0,918.0,918.0,False,2.21,10.42,2930487776,30.7246179,104.0988442
151455,P4,198.0,198.0,918.0,918.0,False,0.73,8.0,2134782167,30.6223942,104.0086482
171631,P4,198.0,198.0,918.0,918.0,False,1.94,9.88,1458937197,30.676762,104.0950108
187101,P4,198.0,198.0,918.0,918.0,False,1.94,9.88,2559969425,30.6220613,104.0295577
205250,P4,198.0,198.0,918.0,918.0,False,0.46,8.0,4548211291,30.6784787,104.0578434
37264,P4,198.0,198.0,918.0,918.0,False,1.51,9.02,4106681977,30.6418401,103.9777605
43978,P4,198.0,198.0,918.0,918.0,False,3.04,12.08,4981598380,30.631136,103.9945898
58775,P4,198.0,198.0,918.0,918.0,False,1.21,8.42,4069514798,30.717419,103.97672
87474,P4,198.0,198.0,918.0,918.0,False,1.28,8.56,1756193230,30.6394057,104.0282731
101667,P4,199.0,199.0,919.0,919.0,False,0.67,8.0,4548259386,30.680346,104.05337
104080,P4,199.0,199.0,919.0,919.0,False,1.36,8.72,3034409021,30.7191559,104.0931998
146568,P4,199.0,199.0,919.0,919.0,False,3.39,12.78,1506487129,30.715398,104.0721394
15376,P4,199.0,199.0,919.0,919.0,False,1.32,8.64,432432632,30.6553527,104.0452373
163077,P4,199.0,199.0,919.0,919.0,False,0.17,8.0,2691023099,30.7095722,103.9980508
175961,P4,199.0,199.0,919.0,919.0,False,1.32,8.64,4987535039,30.6303759,104.0079777
1762,P4,199.0,199.0,919.0,919.0,False,0.75,8.0,4748166165,30.6186417,104.0216029
186744,P4,199.0,199.0,919.0,919.0,False,1.8,9.6,4549759366,30.6936258,104.0345574
19964,P4,199.0,199.0,919.0,919.0,False,0.75,8.0,4505485114,30.6366175,104.0748642
207917,P4,199.0,199.0,919.0,919.0,False,1.36,8.72,4548318142,30.6183735,104.0961577
25804,P4,199.0,199.0,919.0,919.0,False,0.75,8.0,4748166140,30.6148417,104.0221795
44551,P4,199.0,199.0,919.0,919.0,False,1.32,8.64,5436607836,30.6359804,104.0642665
50111,P4,199.0,199.0,919.0,919.0,False,0.61,8.0,1159232653,30.694506,104.07816
5984,P4,199.0,199.0,919.0,919.0,False,1.58,9.16,4978440954,30.6777353,104.0789285
70893,P4,199.0,199.0,919.0,919.0,False,2.43,10.86,1815855086,30.6763219,103.9909272
83822,P4,199.0,199.0,919.0,919.0,False,2.69,11.38,5213238433,30.6421516,104.0321438
170195,P4,200.0,200.0,920.0,920.0,False,2.88,11.76,3516900122,30.669624,104.07403
179685,P4,200.0,200.0,920.0,920.0,False,2.02,10.04,504315336,30.7036181,104.1011062
183084,P4,200.0,200.0,920.0,920.0,False,1.02,8.04,4695640612,30.6115694,104.0256068
56850,P4,200.0,200.0,920.0,920.0,False,1.31,8.62,2981319505,30.7224415,104.0007846
69656,P4,200.0,200.0,920.0,920.0,False,2.15,10.3,2133184343,30.6247848,104.0957056
89343,P4,200.0,200.0,920.0,920.0,False,0.15,8.0,1815741566,30.6883872,104.06055
77155,P4,201.0,201.0,921.0,921.0,False,1.37,8.74,1956502810,30.6904594,104.1042347
90155,P4,201.0,201.0,921.0,921.0,False,0.3,8.0,3680099795,30.64714,104.02683
129769,P4,202.0,202.0,922.0,922.0,False,1.71,9.42,4550018716,30.6461425,104.0555598
151395,P4,202.0,202.0,922.0,922.0,False,0.39,8.0,3516900122,30.66997,104.07343
153266,P4,202.0,202.0,922.0,922.0,False,0.65,8.0,5186309506,30.6747224,104.0088021
162139,P4,202.0,202.0,922.0,922.0,False,0.29,8.0,1459039177,30.645737,104.1076291
194763,P4,202.0,202.0,922.0,922.0,False,0.09,8.0,1445463641,30.6495454,104.0637026
208489,P4,202.0,202.0,922.0,922.0,False,0.49,8.0,314623107,30.6486102,104.0368163
60546,P4,202.0,202.0,922.0,922.0,False,0.65,8.0,4550018818,30.6257653,103.982709
9491,P4,202.0,202.0,922.0,922.0,False,0.09,8.0,2868588324,30.66427,104.08535
105127,P4,203.0,203.0,923.0,923.0,False,1.55,9.1,2852215057,30.71528,104.11242
122350,P4,203.0,203.0,923.0,923.0,False,0.03,8.0,4547074363,30.6091938,104.074839
12249,P4,203.0,203.0,923.0,923.0,False,1.15,8.3,2717786570,30.6252646,104.0775698
132714,P4,203.0,203.0,923.0,923.0,False,0.55,8.0,1159155460,30.6389833,104.0913883
134353,P4,203.0,203.0,923.0,923.0,False,1.88,9.76,4547074373,30.6110311,104.0749581
136371,P4,203.0,203.0,923.0,923.0,False,1.76,9.52,3691374712,30.6426135,104.0451198
146435,P4,203.0,203.0,923.0,923.0,False,1.47,8.94,432442861,30.66771,104.00235
154165,P4,203.0,203.0,923.0,923.0,False,1.06,8.12,4779165722,30.6386009,104.0240344
158238,P4,203.0,203.0,923.0,923.0,False,1.27,8.54,4106682210,30.6643279,103.980014
172035,P4,203.0,203.0,923.0,923.0,False,1.27,8.54,2441160953,30.6322658,104.0347838
17643,P4,203.0,203.0,923.0,923.0,False,0.06,8.0,1159160249,30.611542,104.096245
182091,P4,203.0,203.0,923.0,923.0,False,2.29,10.58,1159226736,30.6931254,104.0546776
24139,P4,203.0,203.0,923.0,923.0,False,1.3,8.6,4773199395,30.6719686,104.0145105
67981,P4,203.0,203.0,923.0,923.0,False,3.18,12.36,4548211231,30.6623306,104.058296
84403,P4,203.0,203.0,923.0,923.0,False,3.18,12.36,5211372132,30.68707,103.96975
87794,P4,203.0,203.0,923.0,923.0,False,1.15,8.3,4695700264,30.6104115,104.0249407
115903,P4,204.0,204.0,924.0,924.0,False,1.92,9.84,432442926,30.663585,104.0216285
189117,P4,204.0,204.0,924.0,924.0,False,1.92,9.84,2041527436,30.6861144,104.0951368
200538,P4,204.0,204.0,924.0,924.0,False,0.91,8.0,3742070457,30.6481855,104.0903968
47342,P4,204.0,204.0,924.0,924.0,False,0.37,8.0,1506449541,30.7050514,104.0638781
100168,P4,205.0,205.0,925.0,925.0,False,0.11,8.0,3541427587,30.7086902,104.0430668
148322,P4,205.0,205.0,925.0,925.0,False,2.09,10.18,2041527471,30.6913485,104.0974473
148648,P4,205.0,205.0,925.0,925.0,False,0.3,8.0,5375783749,30.632424,104.0113409
169859,P4,205.0,205.0,925.0,925.0,False,1.19,8.38,3445813552,30.66908,104.0714
172477,P4,205.0,205.0,925.0,925.0,False,2.09,10.18,2907361699,30.6445526,104.0939052
187954,P4,205.0,205.0,925.0,925.0,False,0.44,8.0,4064178180,30.6739262,104.0018024
206721,P4,205.0,205.0,925.0,925.0,False,1.42,8.84,4547074304,30.6107818,104.0749601
206804,P4,205.0,205.0,925.0,925.0,False,0.53,8.0,2329115963,30.6304362,104.0379343
95055,P4,205.0,205.0,925.0,925.0,False,0.3,8.0,3516900112,30.67242,104.06764
123684,P4,206.0,206.0,926.0,926.0,False,1.06,8.12,1819305169,30.6357104,104.107043
151354,P4,206.0,206.0,926.0,926.0,False,0.7,8.0,1458692382,30.6791691,104.0927202
182199,P4,206.0,206.0,926.0,926.0,False,0.49,8.0,1159131810,30.67315,104.065414
182609,P4,206.0,206.0,926.0,926.0,False,2.35,10.7,4550018717,30.6530717,104.0602401
23703,P4,206.0,206.0,926.0,926.0,False,2.11,10.22,3523314186,30.6267236,104.0599377
2789,P4,206.0,206.0,926.0,926.0,False,0.18,8.0,4548259378,30.6532955,104.029674
31855,P4,206.0,206.0,926.0,926.0,False,1.59,9.18,5283966127,30.63645,104.10404
63685,P4,206.0,206.0,926.0,926.0,False,3.16,12.32,5213237318,30.6389243,104.0511465
91142,P4,206.0,206.0,926.0,926.0,False,3.16,12.32,672287883,30.6605319,104.0531342
98419,P4,206.0,206.0,926.0,926.0,False,3.16,12.32,432442880,30.6853516,103.9833976
122648,P4,207.0,207.0,927.0,927.0,False,1.33,8.66,5141328449,30.6132844,104.0579718
132238,P4,207.0,207.0,927.0,927.0,False,0.56,8.0,1159176228,30.6251747,104.0643543
151611,P4,207.0,207.0,927.0,927.0,False,0.15,8.0,432441918,30.62579,104.02575
170158,P4,207.0,207.0,927.0,927.0,False,2.62,11.24,1072704384,30.7050992,104.0756891
173836,P4,207.0,207.0,927.0,927.0,False,1.01,8.02,3087817522,30.6743317,104.0112793
52575,P4,207.0,207.0,927.0,927.0,False,1.53,9.06,3034029073,30.6833556,103.9875599
5269,P4,207.0,207.0,927.0,927.0,False,1.33,8.66,432442612,30.6865564,104.0178008
8693,P4,207.0,207.0,927.0,927.0,False,1.53,9.06,4695601645,30.6144441,104.0353952
93855,P4,207.0,207.0,927.0,927.0,False,0.39,8.0,2843289904,30.68737,104.0592
98045,P4,207.0,207.0,927.0,927.0,False,0.58,8.0,1459910105,30.6472178,104.1045086
179992,P4,208.0,208.0,928.0,928.0,False,2.11,10.22,1916516774,30.6246858,104.0051368
195990,P4,208.0,208.0,928.0,928.0,False,0.86,8.0,3113656968,30.6644148,104.0516904
26586,P4,208.0,208.0,928.0,928.0,False,0.28,8.0,4550018795,30.6169977,104.033906
40835,P4,208.0,208.0,928.0,928.0,False,0.05,8.0,1918491702,30.652184,103.97944
7471,P4,208.0,208.0,928.0,928.0,False,0.86,8.0,1459000907,30.65745,104.09665
92268,P4,208.0,208.0,928.0,928.0,False,3.53,13.06,432442933,30.6619607,104.0234685
159979,P4,209.0,209.0,929.0,929.0,False,0.83,8.0,4750955767,30.710585,104.109344
162583,P4,209.0,209.0,929.0,929.0,False,0.98,8.0,803149473,30.65462,104.09743
36531,P4,209.0,209.0,929.0,929.0,False,0.96,8.0,3033986328,30.65392,104.02213
48367,P4,209.0,209.0,929.0,929.0,False,1.3,8.6,4548141076,30.612108,104.07545
48642,P4,209.0,209.0,929.0,929.0,False,0.07,8.0,3633008416,30.6705037,104.0381721
9690,P4,209.0,209.0,929.0,929.0,False,0.96,8.0,4585469582,30.6570481,104.0605732
98900,P4,209.0,209.0,929.0,929.0,False,0.83,8.0,4695640656,30.6179593,104.0247902
104192,P4,210.0,210.0,930.0,930.0,False,2.42,10.84,1506387928,30.7072828,104.0695922
13955,P4,210.0,210.0,930.0,930.0,False,0.76,8.0,1815741570,30.6864039,104.0764746
149439,P4,210.0,210.0,930.0,930.0,False,1.57,9.14,2651588762,30.67023,104.10077
153363,P4,210.0,210.0,930.0,930.0,False,0.76,8.0,1159155728,30.6463429,104.0969334
44335,P4,210.0,210.0,930.0,930.0,False,1.65,9.3,1305816735,30.6676594,104.0680583
90082,P4,210.0,210.0,930.0,930.0,False,1.95,9.9,5375784029,30.6578262,103.9884872
118150,P4,211.0,211.0,931.0,931.0,False,1.05,8.1,3176000073,30.7025996,104.0666415
148316,P4,211.0,211.0,931.0,931.0,False,0.79,8.0,1819305291,30.6408383,104.1069709
31181,P4,211.0,211.0,931.0,931.0,False,1.55,9.1,1458692381,30.6791691,104.0921796
41451,P4,211.0,211.0,931.0,931.0,False,1.36,8.72,1159502905,30.6919715,104.0328348
5702,P4,211.0,211.0,931.0,931.0,False,0.97,8.0,4106681975,30.6415024,103.9847396
80363,P4,211.0,211.0,931.0,931.0,False,1.09,8.18,432442859,30.673,103.99427
96439,P4,211.0,211.0,931.0,931.0,False,0.14,8.0,4414330454,30.65523,104.08859
100034,P4,212.0,212.0,932.0,932.0,False,0.09,8.0,2282013902,30.6183466,103.9664428
102002,P4,212.0,212.0,932.0,932.0,False,0.72,8.0,3087817513,30.6583491,103.9937287
119875,P4,212.0,212.0,932.0,932.0,False,0.48,8.0,3541426298,30.70276,104.07235
173367,P4,212.0,212.0,932.0,932.0,False,0.92,8.0,4414330241,30.66256,104.08921
180251,P4,212.0,212.0,932.0,932.0,False,0.09,8.0,1159137575,30.65634,104.09302
180862,P4,212.0,212.0,932.0,932.0,False,1.55,9.1,5141328421,30.6109628,104.0600138
195696,P4,212.0,212.0,932.0,932.0,False,0.08,8.0,4973209504,30.6143625,104.042181
36081,P4,212.0,212.0,932.0,932.0,False,2.01,10.02,2956775231,30.7113968,104.0427369
39747,P4,212.0,212.0,932.0,932.0,False,1.75,9.5,432442902,30.67166,104.02773
75273,P4,212.0,212.0,932.0,932.0,False,0.8,8.0,1498716013,30.7229382,104.0721053
115032,P4,213.0,213.0,933.0,933.0,False,1.95,9.9,1159447649,30.6777163,104.0311397
125322,P4,213.0,213.0,933.0,933.0,False,1.56,9.12,5436607851,30.6359757,104.0636458
127719,P4,213.0,213.0,933.0,933.0,False,2.24,10.48,4220546236,30.6499034,104.072434
182559,P4,213.0,213.0,933.0,933.0,False,1.16,8.32,3541404998,30.68469,104.05269
201079,P4,213.0,213.0,933.0,933.0,False,1.95,9.9,1159131825,30.66435,104.07737
26407,P4,213.0,213.0,933.0,933.0,False,1.68,9.36,4695601628,30.6120246,104.0344772
34583,P4,213.0,213.0,933.0,933.0,False,1.95,9.9,1916386479,30.6359473,104.004491
76445,P4,213.0,213.0,933.0,933.0,False,1.95,9.9,4294975861,30.6509153,103.9887188
104517,P4,214.0,214.0,934.0,934.0,False,1.51,9.02,3523294438,30.6485054,104.0518109
124939,P4,214.0,214.0,934.0,934.0,False,1.51,9.02,4572410064,30.6597849,104.0384
140019,P4,214.0,214.0,934.0,934.0,False,1.46,8.92,432442560,30.698394,104.0188014
187694,P4,214.0,214.0,934.0,934.0,False,2.49,10.98,1305816678,30.6491402,104.0820003
205020,P4,214.0,214.0,934.0,934.0,False,1.5,9.0,432442860,30.6759474,103.9966722
49639,P4,214.0,214.0,934.0,934.0,False,1.5,9.0,4547074304,30.6107818,104.0749601
70448,P4,214.0,214.0,934.0,934.0,False,1.51,9.02,4693609829,30.6294317,104.0691394
84115,P4,214.0,214.0,934.0,934.0,False,2.38,10.76,5234592652,30.67161,104.00411
92316,P4,214.0,214.0,934.0,934.0,False,0.12,8.0,5211343338,30.6434977,104.0102814
9531,P4,214.0,214.0,934.0,934.0,False,0.49,8.0,1313998761,30.638079,104.08715
107656,P4,215.0,215.0,935.0,935.0,False,2.12,10.24,436603352,30.6179024,104.0374434
150679,P4,215.0,215.0,935.0,935.0,False,0.83,8.0,3266784228,30.6183673,104.051609
153171,P4,215.0,215.0,935.0,935.0,False,0.15,8.0,5141468724,30.6353547,104.0937824
154125,P4,215.0,215.0,935.0,935.0,False,0.36,8.0,288416399,30.6809746,104.0336018
156721,P4,215.0,215.0,935.0,935.0,False,2.66,11.32,1987226881,30.6663436,104.0488578
173264,P4,215.0,215.0,935.0,935.0,False,0.04,8.0,4693610130,30.6352467,104.0708625
202490,P4,215.0,215.0,935.0,935.0,False,0.11,8.0,4548211662,30.6560954,104.0197676
3022,P4,215.0,215.0,935.0,935.0,False,0.27,8.0,3582961906,30.638167,104.0442319
49667,P4,215.0,215.0,935.0,935.0,False,0.44,8.0,4967265402,30.65577,104.09438
50208,P4,215.0,215.0,935.0,935.0,False,0.44,8.0,1159445004,30.6876276,104.0352815
86202,P4,215.0,215.0,935.0,935.0,False,0.36,8.0,4550019018,30.6473326,104.0067414
93958,P4,215.0,215.0,935.0,935.0,False,1.89,9.78,2133184344,30.6251419,104.0973673
93986,P4,215.0,215.0,935.0,935.0,False,0.11,8.0,1159156868,30.6364739,104.0966769
97152,P4,215.0,215.0,935.0,935.0,False,2.66,11.32,3436486402,30.6394385,104.0472766
105240,P4,216.0,216.0,936.0,936.0,False,0.32,8.0,4230611261,30.6511304,104.0716652
128408,P4,216.0,216.0,936.0,936.0,False,0.82,8.0,1159138261,30.6595403,104.1082716
134103,P4,216.0,216.0,936.0,936.0,False,0.02,8.0,5436607839,30.6359785,104.0639637
150449,P4,216.0,216.0,936.0,936.0,False,0.52,8.0,4222812804,30.6417196,104.0167533
16021,P4,216.0,216.0,936.0,936.0,False,0.38,8.0,432429413,30.6346164,104.0440249
168735,P4,216.0,216.0,936.0,936.0,False,0.82,8.0,3199773741,30.7033011,104.1145094
22498,P4,216.0,216.0,936.0,936.0,False,1.99,9.98,3582230414,30.6485644,103.967965
23191,P4,216.0,216.0,936.0,936.0,False,0.7,8.0,3445813126,30.67439,104.0785
39110,P4,216.0,216.0,936.0,936.0,False,0.38,8.0,432442880,30.6853516,103.9833976
61859,P4,216.0,216.0,936.0,936.0,False,0.08,8.0,3034040783,30.6994514,104.016822
65871,P4,216.0,216.0,936.0,936.0,False,0.52,8.0,2472036427,30.66457,104.06245
74364,P4,216.0,216.0,936.0,936.0,False,0.08,8.0,2708961595,30.6204751,104.0823862
89607,P4,216.0,216.0,936.0,936.0,False,2.17,10.34,2041535225,30.6639499,104.0798127
109643,P4,217.0,217.0,937.0,937.0,False,0.73,8.0,1159231823,30.68814,104.07855
119845,P4,217.0,217.0,937.0,937.0,False,1.02,8.04,4219896919,30.6112954,104.0335695
131271,P4,217.0,217.0,937.0,937.0,False,0.24,8.0,436486346,30.6358924,103.993922
161907,P4,217.0,217.0,937.0,937.0,False,1.47,8.94,1947584056,30.68287,104.08348
2715,P4,217.0,217.0,937.0,937.0,False,1.69,9.38,1159511641,30.65417,104.06555
6407,P4,217.0,217.0,937.0,937.0,False,0.34,8.0,1159173359,30.6297047,104.0710234
78457,P4,217.0,217.0,937.0,937.0,False,0.72,8.0,1458937211,30.6772793,104.0942792
82019,P4,217.0,217.0,937.0,937.0,False,1.13,8.26,1492389309,30.65772,104.05893
103811,P4,218.0,218.0,938.0,938.0,False,0.94,8.0,4724343814,30.62969,104.06656
197654,P4,218.0,218.0,938.0,938.0,False,0.46,8.0,4701577693,30.6166676,104.0695484
45145,P4,218.0,218.0,938.0,938.0,False,1.69,9.38,439751905,30.6743165,103.9868492
72132,P4,218.0,218.0,938.0,938.0,False,1.89,9.78,1947583861,30.6867677,104.0893553
76067,P4,218.0,218.0,938.0,938.0,False,1.02,8.04,4695601299,30.6113291,104.0300388
94786,P4,218.0,218.0,938.0,938.0,False,2.01,10.02,2564226624,30.6360192,104.0215647
136229,P4,219.0,219.0,939.0,939.0,False,0.03,8.0,432453024,30.6476681,104.1036283
155351,P4,219.0,219.0,939.0,939.0,False,2.11,10.22,3541422912,30.709076,104.063576
157927,P4,219.0,219.0,939.0,939.0,False,1.21,8.42,2472030045,30.6624706,104.0649106
179618,P4,219.0,219.0,939.0,939.0,False,0.4,8.0,4242373753,30.6869936,104.0220627
2200,P4,219.0,219.0,939.0,939.0,False,0.71,8.0,3069351988,30.6317795,103.9781921
67062,P4,219.0,219.0,939.0,939.0,False,0.83,8.0,4991426396,30.6486738,103.9847852
71204,P4,219.0,219.0,939.0,939.0,False,0.4,8.0,4915830835,30.6761062,104.0713357
80435,P4,219.0,219.0,939.0,939.0,False,2.03,10.06,1458907151,30.68254,104.08858
110335,P4,220.0,220.0,940.0,940.0,False,0.7,8.0,1493202761,30.611273,104.0580261
129759,P4,220.0,220.0,940.0,940.0,False,1.53,9.06,2344329072,30.6542,104.05324
136009,P4,220.0,220.0,940.0,940.0,False,0.7,8.0,5375783786,30.6544505,104.0005356
179915,P4,220.0,220.0,940.0,940.0,False,1.69,9.38,5213238546,30.654816,104.08526
32683,P4,220.0,220.0,940.0,940.0,False,0.82,8.0,5367317631,30.6607161,103.9778598
73639,P4,220.0,220.0,940.0,940.0,False,0.75,8.0,1815741549,30.68813,104.07674
94749,P4,220.0,220.0,940.0,940.0,False,0.91,8.0,2441172206,30.6763576,103.9947253
96979,P4,220.0,220.0,940.0,940.0,False,1.69,9.38,1459065008,30.6455599,104.1079664
143815,P4,221.0,221.0,941.0,941.0,False,1.68,9.36,1159488285,30.68812,104.07505
153639,P4,221.0,221.0,941.0,941.0,False,0.42,8.0,1964326877,30.67048,104.09353
165999,P4,221.0,221.0,941.0,941.0,False,0.61,8.0,4693609813,30.6348708,104.0708702
166226,P4,221.0,221.0,941.0,941.0,False,2.05,10.1,2041337970,30.683136,104.0954882
27842,P4,221.0,221.0,941.0,941.0,False,0.78,8.0,1500638714,30.6914699,104.0288192
41256,P4,221.0,221.0,941.0,941.0,False,1.68,9.36,4414330454,30.655434,104.0873669
62590,P4,221.0,221.0,941.0,941.0,False,2.3,10.6,5141468773,30.6245446,104.0891287
65850,P4,221.0,221.0,941.0,941.0,False,0.89,8.0,3069351961,30.6281566,103.9820995
68874,P4,221.0,221.0,941.0,941.0,False,1.28,8.56,1159131855,30.6659874,104.0765348
104035,P4,222.0,222.0,942.0,942.0,False,0.18,8.0,4549993076,30.6487446,103.9809058
115230,P4,222.0,222.0,942.0,942.0,False,1.05,8.1,3562099187,30.6524163,104.0112641
141232,P4,222.0,222.0,942.0,942.0,False,1.33,8.66,1457841606,30.6907791,104.1014833
162984,P4,222.0,222.0,942.0,942.0,False,1.06,8.12,4572409887,30.6926524,104.0707225
203598,P4,222.0,222.0,942.0,942.0,False,1.32,8.64,1459039188,30.6458419,104.1076986
204246,P4,222.0,222.0,942.0,942.0,False,0.18,8.0,1819305354,30.637589,104.1042642
22821,P4,222.0,222.0,942.0,942.0,False,1.89,9.78,4638105424,30.7067866,104.0611202
2903,P4,222.0,222.0,942.0,942.0,False,1.93,9.86,4549993076,30.6487446,103.9809058
51635,P4,222.0,222.0,942.0,942.0,False,1.2,8.4,3780408668,30.63057,104.05985
55870,P4,222.0,222.0,942.0,942.0,False,1.89,9.78,4106681955,30.6290473,103.9838777
171536,P4,223.0,223.0,943.0,943.0,False,0.22,8.0,4549992877,30.646014,103.9701757
203571,P4,223.0,223.0,943.0,943.0,False,2.0,10.0,1159945476,30.65482,104.0571
66105,P4,223.0,223.0,943.0,943.0,False,0.66,8.0,2456925122,30.6374405,104.1023919
77427,P4,223.0,223.0,943.0,943.0,False,0.1,8.0,3445813119,30.6595065,104.079037
91843,P4,223.0,223.0,943.0,943.0,False,0.22,8.0,1918491750,30.633255,104.0053741
122472,P4,224.0,224.0,944.0,944.0,False,2.37,10.74,4444112339,30.7189594,104.1017075
184704,P4,224.0,224.0,944.0,944.0,False,1.28,8.56,1916386454,30.6473557,104.0068671
103796,P4,225.0,225.0,945.0,945.0,False,0.6,8.0,1815729252,30.7124346,104.0674139
113811,P4,225.0,225.0,945.0,945.0,False,0.59,8.0,4967265402,30.65494,104.09584
122903,P4,225.0,225.0,945.0,945.0,False,2.44,10.88,1827955129,30.66337,104.05616
153773,P4,225.0,225.0,945.0,945.0,False,0.68,8.0,4106681966,30.6328569,103.9919272
178,P4,225.0,225.0,945.0,945.0,False,0.42,8.0,1459895596,30.6437648,104.1063618
30888,P4,225.0,225.0,945.0,945.0,False,0.59,8.0,1499133847,30.7249099,104.1043082
33848,P4,225.0,225.0,945.0,945.0,False,0.68,8.0,5213238732,30.6392713,104.0448258
34089,P4,225.0,225.0,945.0,945.0,False,0.92,8.0,4773199417,30.6698554,104.0112435
71492,P4,225.0,225.0,945.0,945.0,False,1.11,8.22,432442517,30.6790649,104.0095531
127766,P4,226.0,226.0,946.0,946.0,False,1.66,9.32,5261581873,30.6755356,104.0963607
163207,P4,226.0,226.0,946.0,946.0,False,0.92,8.0,4701464736,30.6164296,104.0624066
173358,P4,226.0,226.0,946.0,946.0,False,0.78,8.0,3541389073,30.6818708,104.034434
183004,P4,226.0,226.0,946.0,946.0,False,1.52,9.04,3562045359,30.7048908,104.0389388
190959,P4,226.0,226.0,946.0,946.0,False,1.43,8.86,4548211291,30.6784787,104.0578434
69476,P4,226.0,226.0,946.0,946.0,False,0.01,8.0,5213237318,30.6389243,104.0511465
78172,P4,226.0,226.0,946.0,946.0,False,0.54,8.0,4230611269,30.6513517,104.0708654
98421,P4,226.0,226.0,946.0,946.0,False,1.92,9.84,1918491752,30.646118,103.9865814
100337,P4,227.0,227.0,947.0,947.0,False,2.96,11.92,3582230414,30.6485644,103.967965
114079,P4,227.0,227.0,947.0,947.0,False,0.01,8.0,432442860,30.67589,103.99668
171413,P4,227.0,227.0,947.0,947.0,False,2.96,11.92,4136052211,30.6108421,104.0479879
19100,P4,227.0,227.0,947.0,947.0,False,1.89,9.78,3633021144,30.6641265,104.0638364
63399,P4,227.0,227.0,947.0,947.0,False,0.06,8.0,5375783990,30.65335,103.9883
87793,P4,227.0,227.0,947.0,947.0,False,1.68,9.36,3691210143,30.65801,104.0164294
101155,P4,228.0,228.0,948.0,948.0,False,1.24,8.48,3562099185,30.6512457,104.0754872
101609,P4,228.0,228.0,948.0,948.0,False,2.74,11.48,4695640573,30.6120091,104.0293296
102483,P4,228.0,228.0,948.0,948.0,False,0.19,8.0,3562110266,30.6531435,104.0158907
110064,P4,228.0,228.0,948.0,948.0,False,1.74,9.48,2041531471,30.6798058,104.0744654
123168,P4,228.0,228.0,948.0,948.0,False,3.1,12.2,1159148556,30.6630951,104.0744606
15035,P4,228.0,228.0,948.0,948.0,False,0.83,8.0,5102886110,30.6896485,103.9960596
22586,P4,228.0,228.0,948.0,948.0,False,0.19,8.0,4719831093,30.6911987,104.0182181
33239,P4,228.0,228.0,948.0,948.0,False,0.07,8.0,5053143858,30.708914,104.00113
44243,P4,228.0,228.0,948.0,948.0,False,2.28,10.56,4550568567,30.6358796,104.0647311
5399,P4,228.0,228.0,948.0,948.0,False,2.74,11.48,1159481253,30.673956,104.06886
55311,P4,228.0,228.0,948.0,948.0,False,1.74,9.48,5218133365,30.6429199,104.1082479
104988,P4,229.0,229.0,949.0,949.0,False,0.96,8.0,5256947477,30.6759354,104.0973798
14126,P4,229.0,229.0,949.0,949.0,False,0.24,8.0,3562110266,30.6531435,104.0158907
146468,P4,229.0,229.0,949.0,949.0,False,0.44,8.0,3445813118,30.6652525,104.0771764
146533,P4,229.0,229.0,949.0,949.0,False,1.01,8.02,5213238504,30.6522155,104.0935782
169065,P4,229.0,229.0,949.0,949.0,False,0.72,8.0,3390819286,30.6413489,104.0482501
176643,P4,229.0,229.0,949.0,949.0,False,0.72,8.0,5283966195,30.70219,104.11484
19035,P4,229.0,229.0,949.0,949.0,False,0.79,8.0,1459051731,30.6467525,104.1053837
5096,P4,229.0,229.0,949.0,949.0,False,0.05,8.0,4549993408,30.6964897,104.0443426
114733,P4,230.0,230.0,950.0,950.0,False,1.68,9.36,1492396690,30.6552064,104.0614654
127194,P4,230.0,230.0,950.0,950.0,False,1.46,8.92,4549993076,30.6487446,103.9809058
138826,P4,230.0,230.0,950.0,950.0,False,0.94,8.0,2923196175,30.7259467,104.0067958
144785,P4,230.0,230.0,950.0,950.0,False,0.94,8.0,1159935124,30.6725391,103.9979531
33189,P4,230.0,230.0,950.0,950.0,False,1.8,9.6,5100157873,30.6329753,104.0809311
36563,P4,230.0,230.0,950.0,950.0,False,0.13,8.0,314623162,30.6569104,104.0679409
43420,P4,230.0,230.0,950.0,950.0,False,1.8,9.6,5100157860,30.633818,104.0806995
66601,P4,230.0,230.0,950.0,950.0,False,1.9,9.8,5141328647,30.6110765,104.0629795
130548,P4,231.0,231.0,951.0,951.0,False,0.31,8.0,4548209370,30.6626701,104.0536965
145335,P4,231.0,231.0,951.0,951.0,False,0.55,8.0,1290303454,30.657085,104.07245
174282,P4,231.0,231.0,951.0,951.0,False,0.68,8.0,4972899545,30.6133716,104.0453088
174834,P4,231.0,231.0,951.0,951.0,False,1.1,8.2,1159176989,30.6308255,104.0503757
31555,P4,231.0,231.0,951.0,951.0,False,2.39,10.78,3516900123,30.67079,104.07497
47470,P4,231.0,231.0,951.0,951.0,False,0.32,8.0,1159131824,30.6629322,104.0791972
50333,P4,231.0,231.0,951.0,951.0,False,0.31,8.0,4549993166,30.6970917,104.0550452
73797,P4,231.0,231.0,951.0,951.0,False,0.16,8.0,2334060843,30.6228964,104.0761516
100393,P4,232.0,232.0,952.0,952.0,False,2.24,10.48,5257056295,30.676691,104.0970674
101682,P4,232.0,232.0,952.0,952.0,False,1.65,9.3,4444112357,30.7251837,104.1045152
109369,P4,232.0,232.0,952.0,952.0,False,2.24,10.48,4695640528,30.6151249,104.0271256
121290,P4,232.0,232.0,952.0,952.0,False,1.92,9.84,1159234181,30.6948681,104.0742391
128431,P4,232.0,232.0,952.0,952.0,False,1.21,8.42,5375783854,30.6529392,103.9950693
66607,P4,232.0,232.0,952.0,952.0,False,1.52,9.04,432432546,30.66243,104.04068
7443,P4,232.0,232.0,952.0,952.0,False,0.17,8.0,4773916423,30.6586931,104.0019654
145567,P4,233.0,233.0,953.0,953.0,False,0.09,8.0,5367313167,30.635822,103.9693312
191811,P4,233.0,233.0,953.0,953.0,False,0.49,8.0,1918491708,30.63223,104.00634
35604,P4,233.0,233.0,953.0,953.0,False,0.18,8.0,3582243002,30.706525,104.0098499
52554,P4,233.0,233.0,953.0,953.0,False,2.13,10.26,3633001071,30.6661508,104.0233502
58955,P4,233.0,233.0,953.0,953.0,False,1.25,8.5,2651598888,30.68483,104.07571
75074,P4,233.0,233.0,953.0,953.0,False,0.71,8.0,4572410064,30.6597849,104.0384
112262,P4,234.0,234.0,954.0,954.0,False,2.19,10.38,4548259363,30.7038352,104.0422663
137984,P4,234.0,234.0,954.0,954.0,False,2.68,11.36,4981594513,30.6326565,103.9981125
147001,P4,234.0,234.0,954.0,954.0,False,0.98,8.0,3742070445,30.6517484,104.0822534
153415,P4,234.0,234.0,954.0,954.0,False,2.68,11.36,4547074369,30.6098637,104.0806211
158438,P4,234.0,234.0,954.0,954.0,False,1.15,8.3,4699007192,30.6107609,104.0321462
25967,P4,234.0,234.0,954.0,954.0,False,1.1,8.2,1159477627,30.6751,104.05285
55756,P4,234.0,234.0,954.0,954.0,False,1.1,8.2,5283966206,30.7016672,104.1045249
88603,P4,234.0,234.0,954.0,954.0,False,1.48,8.96,2956775868,30.7021713,104.034406
115427,P4,235.0,235.0,955.0,955.0,False,0.23,8.0,1506449541,30.7050514,104.0638781
141547,P4,235.0,235.0,955.0,955.0,False,1.8,9.6,3034409142,30.71728,104.10377
152567,P4,235.0,235.0,955.0,955.0,False,1.8,9.6,4230839432,30.6548004,104.0663426
201271,P4,235.0,235.0,955.0,955.0,False,0.65,8.0,3034409154,30.7206961,104.0745041
30017,P4,235.0,235.0,955.0,955.0,False,1.51,9.02,3541364357,30.6190013,104.0785575
3690,P4,235.0,235.0,955.0,955.0,False,1.8,9.6,3034409147,30.7128685,104.1067446
45353,P4,235.0,235.0,955.0,955.0,False,1.51,9.02,5375783440,30.6195247,104.0063164
81517,P4,235.0,235.0,955.0,955.0,False,1.75,9.5,3680455703,30.6591448,104.0133325
10461,P4,236.0,236.0,956.0,956.0,False,2.65,11.3,3582230417,30.6362611,103.9767154
175809,P4,236.0,236.0,956.0,956.0,False,2.27,10.54,2282013847,30.6314313,103.9715194
178489,P4,236.0,236.0,956.0,956.0,False,1.35,8.7,1159155382,30.644387,104.095925
195131,P4,236.0,236.0,956.0,956.0,False,0.01,8.0,2112262743,30.6163,104.1037
44518,P4,236.0,236.0,956.0,956.0,False,1.59,9.18,3680400098,30.6591807,104.0173265
51563,P4,236.0,236.0,956.0,956.0,False,1.59,9.18,5375783806,30.65548,104.00113
54089,P4,236.0,236.0,956.0,956.0,False,2.65,11.3,4505485116,30.6351107,104.0758277
54745,P4,236.0,236.0,956.0,956.0,False,2.61,11.22,1916530968,30.6097212,103.9805884
6364,P4,236.0,236.0,956.0,956.0,False,0.73,8.0,1159173119,30.6261876,104.0720227
64348,P4,236.0,236.0,956.0,956.0,False,0.93,8.0,432432564,30.6481238,104.0415155
85274,P4,236.0,236.0,956.0,956.0,False,2.09,10.18,1492405937,30.6497248,104.0580098
96043,P4,236.0,236.0,956.0,956.0,False,2.61,11.22,1301932970,30.64913,104.07935
101995,P4,237.0,237.0,957.0,957.0,False,0.99,8.0,672282737,30.650318,104.097932
12307,P4,237.0,237.0,957.0,957.0,False,0.08,8.0,1159228754,30.68768,104.1088
188676,P4,237.0,237.0,957.0,957.0,False,0.09,8.0,4294975855,30.6510741,103.990069
21293,P4,237.0,237.0,957.0,957.0,False,0.09,8.0,2315717685,30.6295811,104.0975905
85295,P4,237.0,237.0,957.0,957.0,False,4.51,15.02,4972899566,30.62058,104.05597
103977,P4,238.0,238.0,958.0,958.0,False,2.15,10.3,4794992619,30.6398884,104.0676252
112779,P4,238.0,238.0,958.0,958.0,False,2.44,10.88,3034330085,30.6655,104.07809
138335,P4,238.0,238.0,958.0,958.0,False,1.56,9.12,1156126798,30.66572,104.04163
155258,P4,238.0,238.0,958.0,958.0,False,0.44,8.0,5367294203,30.6840034,103.9924717
166836,P4,238.0,238.0,958.0,958.0,False,1.56,9.12,4903105799,30.6650427,104.0867245
170607,P4,238.0,238.0,958.0,958.0,False,0.77,8.0,1506487128,30.7150381,104.0721196
193632,P4,238.0,238.0,958.0,958.0,False,1.91,9.82,318090636,30.6651668,104.0192489
44773,P4,238.0,238.0,958.0,958.0,False,1.91,9.82,1159935124,30.6725391,103.9979531
48279,P4,238.0,238.0,958.0,958.0,False,3.22,12.44,4548259333,30.6883,104.0475
65629,P4,238.0,238.0,958.0,958.0,False,0.09,8.0,5102886112,30.6879888,103.9903974
83116,P4,238.0,238.0,958.0,958.0,False,0.24,8.0,1819305291,30.6408383,104.1069709
13216,P4,239.0,239.0,959.0,959.0,False,0.77,8.0,5213238443,30.6561566,104.0854272
160463,P4,239.0,239.0,959.0,959.0,False,1.36,8.72,2441160949,30.632768,104.0342007
171839,P4,239.0,239.0,959.0,959.0,False,0.21,8.0,1458937192,30.6764909,104.0951605
205176,P4,239.0,239.0,959.0,959.0,False,1.35,8.7,4136052361,30.612124,104.048275
39393,P4,239.0,239.0,959.0,959.0,False,1.36,8.72,628641783,30.6804739,104.0895106
43004,P4,239.0,239.0,959.0,959.0,False,1.36,8.72,5375783837,30.6494872,104.0000957
143863,P4,240.0,240.0,960.0,960.0,False,0.82,8.0,4572410271,30.7193766,103.9970407
15294,P4,240.0,240.0,960.0,960.0,False,2.97,11.94,4230593015,30.6417114,104.088153
155032,P4,240.0,240.0,960.0,960.0,False,1.03,8.06,3087817447,30.6539606,104.0010232
29423,P4,240.0,240.0,960.0,960.0,False,1.97,9.94,1916386486,30.6474751,104.0160412
59770,P4,240.0,240.0,960.0,960.0,False,0.82,8.0,1295783638,30.6397317,104.0788665
59773,P4,240.0,240.0,960.0,960.0,False,0.4,8.0,4444112344,30.7209222,104.1061392
69656,P4,240.0,240.0,960.0,960.0,False,0.46,8.0,1159935140,30.6705902,103.9977122
89224,P4,240.0,240.0,960.0,960.0,False,1.87,9.74,3562004416,30.6377822,104.0480217
91997,P4,240.0,240.0,960.0,960.0,False,0.82,8.0,1159225730,30.6980105,104.0516672
95150,P4,240.0,240.0,960.0,960.0,False,2.27,10.54,4878042023,30.6222534,104.1029333
103630,P4,241.0,241.0,961.0,961.0,False,2.55,11.1,4548211657,30.6660409,104.0381578
130432,P4,241.0,241.0,961.0,961.0,False,1.67,9.34,3614070498,30.6725382,104.0591759
161151,P4,241.0,241.0,961.0,961.0,False,1.38,8.76,3516900115,30.6727655,104.0744432
102797,P4,242.0,242.0,962.0,962.0,False,1.6,9.2,3541427576,30.7050616,104.0339721
121336,P4,242.0,242.0,962.0,962.0,False,1.61,9.22,2133188691,30.6174812,104.0935387
159380,P4,242.0,242.0,962.0,962.0,False,0.33,8.0,4106681948,30.6270002,103.9927774
171604,P4,242.0,242.0,962.0,962.0,False,0.33,8.0,2868588325,30.663813,104.086062
198364,P4,242.0,242.0,962.0,962.0,False,1.12,8.24,4548211472,30.6383459,104.0294391
80153,P4,242.0,242.0,962.0,962.0,False,1.14,8.28,4693610145,30.635339,104.0672745
9539,P4,242.0,242.0,962.0,962.0,False,1.14,8.28,4701577781,30.62362,104.07683
126719,P4,243.0,243.0,963.0,963.0,False,0.27,8.0,5213238352,30.641687,104.04177
208343,P4,243.0,243.0,963.0,963.0,False,0.48,8.0,1301933007,30.6515,104.07863
21736,P4,243.0,243.0,963.0,963.0,False,1.89,9.78,3633008394,30.6687246,104.0380706
8269,P4,243.0,243.0,963.0,963.0,False,1.05,8.1,314635488,30.6573811,104.0705047
84442,P4,243.0,243.0,963.0,963.0,False,1.77,9.54,1902098901,30.7268584,104.0674493
113935,P4,244.0,244.0,964.0,964.0,False,1.39,8.78,5354813690,30.65939,104.06042
11407,P4,244.0,244.0,964.0,964.0,False,1.82,9.64,1445528674,30.6488848,104.0696574
120418,P4,244.0,244.0,964.0,964.0,False,0.29,8.0,3034393456,30.6734127,104.0457758
126593,P4,244.0,244.0,964.0,964.0,False,0.99,8.0,2852228203,30.6869903,104.0621656
18159,P4,244.0,244.0,964.0,964.0,False,1.32,8.64,5359113204,30.6778101,104.0089782
201867,P4,244.0,244.0,964.0,964.0,False,1.32,8.64,3541401933,30.7003532,104.0090962
26563,P4,244.0,244.0,964.0,964.0,False,0.47,8.0,1964418552,30.66728,104.09739
50911,P4,244.0,244.0,964.0,964.0,False,0.99,8.0,3562045366,30.70236,104.04125
82310,P4,244.0,244.0,964.0,964.0,False,0.47,8.0,5211337166,30.6356369,104.0045003
97687,P4,244.0,244.0,964.0,964.0,False,2.57,11.14,1159488285,30.68812,104.07405
98511,P4,244.0,244.0,964.0,964.0,False,0.99,8.0,5375784005,30.6558788,103.9937979
115624,P4,245.0,245.0,965.0,965.0,False,3.44,12.88,4549993261,30.6497435,103.9838356
139239,P4,245.0,245.0,965.0,965.0,False,0.4,8.0,3523294437,30.65289,104.04771
2853,P4,245.0,245.0,965.0,965.0,False,2.04,10.08,3632988785,30.6637576,104.033236
95286,P4,245.0,245.0,965.0,965.0,False,2.08,10.16,5141468669,30.6379789,104.0921738
118433,P4,246.0,246.0,966.0,966.0,False,1.22,8.44,1506449541,30.7050514,104.0638781
139930,P4,246.0,246.0,966.0,966.0,False,0.97,8.0,4550018944,30.6159643,104.0359514
146601,P4,246.0,246.0,966.0,966.0,False,2.34,10.68,2333193192,30.6306223,104.0982423
159082,P4,246.0,246.0,966.0,966.0,False,1.79,9.58,5375783806,30.6558811,104.0016809
174359,P4,246.0,246.0,966.0,966.0,False,0.69,8.0,4550701369,30.61831,103.9791734
177907,P4,246.0,246.0,966.0,966.0,False,1.27,8.54,4903105804,30.65463,104.07672
183844,P4,246.0,246.0,966.0,966.0,False,0.77,8.0,3176000073,30.7025996,104.0666415
195075,P4,246.0,246.0,966.0,966.0,False,1.36,8.72,1295783633,30.637766,104.0761
19991,P4,246.0,246.0,966.0,966.0,False,2.34,10.68,1072704351,30.72524,104.05769
57912,P4,246.0,246.0,966.0,966.0,False,0.38,8.0,3087817503,30.668314,103.9895661
8702,P4,246.0,246.0,966.0,966.0,False,1.86,9.72,432442628,30.683863,104.0174281
123707,P4,247.0,247.0,967.0,967.0,False,0.43,8.0,4693610128,30.636029,104.0718871
144791,P4,247.0,247.0,967.0,967.0,False,1.17,8.34,1947583813,30.69262,104.079895
146835,P4,247.0,247.0,967.0,967.0,False,1.32,8.64,803147944,30.63882,104.08045
149506,P4,247.0,247.0,967.0,967.0,False,0.44,8.0,803149470,30.6618889,104.0994413
168695,P4,247.0,247.0,967.0,967.0,False,0.12,8.0,1756176911,30.676931,104.07089
17090,P4,247.0,247.0,967.0,967.0,False,1.88,9.76,2133186518,30.6169418,104.0983888
181538,P4,247.0,247.0,967.0,967.0,False,0.19,8.0,314622970,30.6427007,104.0350765
187911,P4,247.0,247.0,967.0,967.0,False,2.03,10.06,1305816735,30.6676594,104.0680583
189465,P4,247.0,247.0,967.0,967.0,False,0.76,8.0,338246744,30.6533948,104.0297587
192948,P4,247.0,247.0,967.0,967.0,False,1.09,8.18,2041527388,30.6821424,104.0940169
195858,P4,247.0,247.0,967.0,967.0,False,0.76,8.0,4444112343,30.7207719,104.1024516
34017,P4,247.0,247.0,967.0,967.0,False,0.97,8.0,1819305409,30.6419823,104.110469
46522,P4,247.0,247.0,967.0,967.0,False,1.02,8.04,2041531471,30.6798058,104.0744654
46813,P4,247.0,247.0,967.0,967.0,False,0.44,8.0,3680455704,30.6592168,104.0134453
49223,P4,247.0,247.0,967.0,967.0,False,0.97,8.0,2908413739,30.646717,104.08934
82257,P4,247.0,247.0,967.0,967.0,False,2.11,10.22,1302807385,30.6436577,104.0865587
158931,P4,248.0,248.0,968.0,968.0,False,1.34,8.68,432429426,30.63673,104.03109
15957,P4,248.0,248.0,968.0,968.0,False,2.02,10.04,4550018725,30.6298481,104.0170573
3459,P4,248.0,248.0,968.0,968.0,False,1.14,8.28,4549759367,30.69424,104.03385
60686,P4,248.0,248.0,968.0,968.0,False,0.2,8.0,4550018782,30.6486413,104.0724094
141422,P4,249.0,249.0,969.0,969.0,False,0.97,8.0,4106681982,30.6421218,103.9808126
203567,P4,249.0,249.0,969.0,969.0,False,1.72,9.44,3927877874,30.6766776,103.9867634
204171,P4,249.0,249.0,969.0,969.0,False,0.15,8.0,1756193219,30.6382746,104.0289902
40392,P4,249.0,249.0,969.0,969.0,False,1.82,9.64,1500638635,30.6922961,104.0303781
62731,P4,249.0,249.0,969.0,969.0,False,2.14,10.28,1885342924,30.678185,104.1010445
73159,P4,249.0,249.0,969.0,969.0,False,0.49,8.0,3613960020,30.672136,104.04866
76019,P4,249.0,249.0,969.0,969.0,False,0.97,8.0,1301932999,30.6444729,104.0810264
8511,P4,249.0,249.0,969.0,969.0,False,1.63,9.26,4701577730,30.61366,104.07437
105826,P4,250.0,250.0,970.0,970.0,False,0.35,8.0,3680077524,30.6577854,104.0162789
135016,P4,250.0,250.0,970.0,970.0,False,0.67,8.0,1159149478,30.6537778,104.0781445
142021,P4,250.0,250.0,970.0,970.0,False,2.45,10.9,1492620059,30.6224681,104.0616508
29741,P4,250.0,250.0,970.0,970.0,False,4.74,15.48,3541401922,30.7018149,104.0085222
59100,P4,250.0,250.0,970.0,970.0,False,1.57,9.14,4987535058,30.632941,104.0123478
79487,P4,250.0,250.0,970.0,970.0,False,1.25,8.5,2039561247,30.6864597,104.1138505
84453,P4,250.0,250.0,970.0,970.0,False,0.63,8.0,4973209504,30.6143625,104.042181
28079,P4,251.0,251.0,971.0,971.0,False,1.61,9.22,3582961910,30.64313,104.03756
31241,P4,251.0,251.0,971.0,971.0,False,2.46,10.92,5375783959,30.6607426,104.0005678
52635,P4,251.0,251.0,971.0,971.0,False,1.55,9.1,441187597,30.6905,104.05383
92191,P4,251.0,251.0,971.0,971.0,False,1.61,9.22,4572410074,30.6968067,103.9778626
137230,P4,252.0,252.0,972.0,972.0,False,0.7,8.0,1159478537,30.6731068,104.0492536
168221,P4,252.0,252.0,972.0,972.0,False,0.26,8.0,1159157306,30.633998,104.0953469
187054,P4,252.0,252.0,972.0,972.0,False,0.81,8.0,4106682105,30.643269,103.9814521
192405,P4,252.0,252.0,972.0,972.0,False,2.91,11.82,2039522709,30.6759548,104.1002608
28005,P4,252.0,252.0,972.0,972.0,False,3.39,12.78,4701577748,30.6196554,104.0814593
36728,P4,252.0,252.0,972.0,972.0,False,3.39,12.78,672406316,30.6524299,104.0693456
145704,P4,253.0,253.0,973.0,973.0,False,1.77,9.54,314614375,30.6219189,104.0399447
149855,P4,253.0,253.0,973.0,973.0,False,3.13,12.26,1313998737,30.6344134,104.085936
152277,P4,253.0,253.0,973.0,973.0,False,1.51,9.02,4693610165,30.6334966,104.0694415
152799,P4,253.0,253.0,973.0,973.0,False,0.23,8.0,4230839432,30.6548004,104.0663426
159751,P4,253.0,253.0,973.0,973.0,False,1.41,8.82,5141468802,30.6302217,104.1002551
171445,P4,253.0,253.0,973.0,973.0,False,1.36,8.72,3562110268,30.648929,104.0291174
175596,P4,253.0,253.0,973.0,973.0,False,0.75,8.0,4106681945,30.6258889,103.9904727
43612,P4,253.0,253.0,973.0,973.0,False,2.15,10.3,1313998761,30.6371041,104.0872309
49080,P4,253.0,253.0,973.0,973.0,False,0.21,8.0,4978441007,30.6942197,104.109236
5166,P4,253.0,253.0,973.0,973.0,False,1.24,8.48,3034376773,30.6807408,104.0637679
67311,P4,253.0,253.0,973.0,973.0,False,3.13,12.26,314623088,30.65338,104.03481
12018,P4,254.0,254.0,974.0,974.0,False,0.8,8.0,3562047425,30.7020022,104.0719644
158885,P4,254.0,254.0,974.0,974.0,False,0.8,8.0,1885342893,30.6780424,104.0985889
166543,P4,254.0,254.0,974.0,974.0,False,1.97,9.94,1964325479,30.67263,104.095116
2299,P4,254.0,254.0,974.0,974.0,False,0.43,8.0,1492389322,30.65828,104.05896
42057,P4,254.0,254.0,974.0,974.0,False,0.92,8.0,4987535050,30.6310897,104.0088361
45289,P4,254.0,254.0,974.0,974.0,False,0.98,8.0,4550018836,30.6230217,104.0149227
7254,P4,254.0,254.0,974.0,974.0,False,1.97,9.94,1492410931,30.6361406,104.0639683
103799,P4,255.0,255.0,975.0,975.0,False,1.94,9.88,2733352544,30.6189326,104.0770769
121889,P4,255.0,255.0,975.0,975.0,False,1.48,8.96,4106682243,30.6838138,103.9994071
157317,P4,255.0,255.0,975.0,975.0,False,0.95,8.0,4548259622,30.6474083,104.0067419
163065,P4,255.0,255.0,975.0,975.0,False,0.58,8.0,3613960004,30.6696875,104.0535936
170575,P4,255.0,255.0,975.0,975.0,False,0.24,8.0,5141468652,30.64062,104.09335
191083,P4,255.0,255.0,975.0,975.0,False,0.4,8.0,314635437,30.63734,104.04071
193333,P4,255.0,255.0,975.0,975.0,False,1.56,9.12,1918491752,30.646118,103.9865814
196595,P4,255.0,255.0,975.0,975.0,False,0.4,8.0,5375784262,30.6266309,104.0049183
117200,P4,256.0,256.0,976.0,976.0,False,0.63,8.0,2271614427,30.7165086,103.966667
117414,P4,256.0,256.0,976.0,976.0,False,0.04,8.0,3561962958,30.6577658,104.0033947
139391,P4,256.0,256.0,976.0,976.0,False,1.5,9.0,3199773570,30.699257,104.11348
153591,P4,256.0,256.0,976.0,976.0,False,2.01,10.02,3562015383,30.65943,104.08304
155733,P4,256.0,256.0,976.0,976.0,False,0.04,8.0,3436486420,30.6412447,104.0459499
4280,P4,256.0,256.0,976.0,976.0,False,0.14,8.0,4695601599,30.612158,104.0342441
49083,P4,256.0,256.0,976.0,976.0,False,2.01,10.02,1159462933,30.6771903,104.0218807
53718,P4,256.0,256.0,976.0,976.0,False,2.28,10.56,3541376434,30.7234432,104.0481747
70689,P4,256.0,256.0,976.0,976.0,False,0.71,8.0,4414330243,30.6630248,104.0884294
98270,P4,256.0,256.0,976.0,976.0,False,1.44,8.88,504315305,30.689825,104.1008426
10780,P4,257.0,257.0,977.0,977.0,False,0.94,8.0,4964134710,30.7078091,104.0148026
150525,P4,257.0,257.0,977.0,977.0,False,1.39,8.78,4548211469,30.6599405,104.0685921
154167,P4,257.0,257.0,977.0,977.0,False,0.45,8.0,3436486415,30.6408594,104.0485645
24976,P4,257.0,257.0,977.0,977.0,False,0.94,8.0,5141328767,30.6118727,104.0621097
28449,P4,257.0,257.0,977.0,977.0,False,1.04,8.08,432452895,30.6185154,104.0577578
83673,P4,257.0,257.0,977.0,977.0,False,3.0,12.0,432442526,30.6890954,104.0167578
99060,P4,257.0,257.0,977.0,977.0,False,1.31,8.62,5367321385,30.6638728,103.9975625
116801,P4,258.0,258.0,978.0,978.0,False,1.52,9.04,1947583814,30.6930655,104.0813425
117668,P4,258.0,258.0,978.0,978.0,False,1.59,9.18,4779165778,30.636525,104.0734961
120144,P4,258.0,258.0,978.0,978.0,False,1.52,9.04,2722829573,30.699471,104.0667513
132357,P4,258.0,258.0,978.0,978.0,False,0.22,8.0,3034409012,30.7111217,104.0938998
17683,P4,258.0,258.0,978.0,978.0,False,1.27,8.54,2039550405,30.67045,104.11339
188845,P4,258.0,258.0,978.0,978.0,False,1.08,8.16,4592713499,30.6215122,104.0600557
200796,P4,258.0,258.0,978.0,978.0,False,1.22,8.44,4230611279,30.653731,104.0679102
201877,P4,258.0,258.0,978.0,978.0,False,1.22,8.44,4772448420,30.6815178,104.0076243
39423,P4,258.0,258.0,978.0,978.0,False,1.22,8.44,671587287,30.6461,104.06716
41556,P4,258.0,258.0,978.0,978.0,False,3.1,12.2,4549759306,30.692312,104.0359777
7023,P4,258.0,258.0,978.0,978.0,False,0.77,8.0,1313998761,30.63742,104.0868
75351,P4,258.0,258.0,978.0,978.0,False,2.62,11.24,314623107,30.650757,104.03725
83967,P4,258.0,258.0,978.0,978.0,False,0.72,8.0,4695601539,30.6118425,104.0308539
86714,P4,258.0,258.0,978.0,978.0,False,0.72,8.0,3562045362,30.7246826,104.0624409
113734,P4,259.0,259.0,979.0,979.0,False,0.37,8.0,1445481368,30.6570979,104.063575
11739,P4,259.0,259.0,979.0,979.0,False,0.62,8.0,432442620,30.68579,104.01528
127597,P4,259.0,259.0,979.0,979.0,False,0.9,8.0,5436607841,30.6358327,104.0642721
130463,P4,259.0,259.0,979.0,979.0,False,1.15,8.3,1455094525,30.6963224,104.1056643
142908,P4,259.0,259.0,979.0,979.0,False,1.63,9.26,3680455717,30.6586496,104.012914
144139,P4,259.0,259.0,979.0,979.0,False,0.83,8.0,4585469582,30.65687,104.0609
146023,P4,259.0,259.0,979.0,979.0,False,1.43,8.86,672405830,30.655603,104.08078
182118,P4,259.0,259.0,979.0,979.0,False,1.43,8.86,4106681948,30.6270002,103.9927774
191547,P4,259.0,259.0,979.0,979.0,False,2.23,10.46,628641783,30.6804739,104.0895106
198025,P4,259.0,259.0,979.0,979.0,False,1.4,8.8,432442858,30.6707508,103.9958954
203431,P4,259.0,259.0,979.0,979.0,False,0.06,8.0,2847752856,30.65756,104.10585
204219,P4,259.0,259.0,979.0,979.0,False,1.66,9.32,2843286545,30.69179,104.05958
31799,P4,259.0,259.0,979.0,979.0,False,1.66,9.32,2564226604,30.6182706,104.0197563
51479,P4,259.0,259.0,979.0,979.0,False,1.4,8.8,3541376434,30.7234432,104.0481747
61172,P4,259.0,259.0,979.0,979.0,False,1.0,8.0,3562047401,30.7213669,104.0617703
88948,P4,259.0,259.0,979.0,979.0,False,0.9,8.0,5141468664,30.6386238,104.0939893
9274,P4,259.0,259.0,979.0,979.0,False,2.58,11.16,2712338448,30.7077126,104.0382606
2591,P4,260.0,260.0,980.0,980.0,False,1.09,8.18,3033986268,30.661907,104.03316
35655,P4,260.0,260.0,980.0,980.0,False,0.33,8.0,1159452242,30.66759,104.04481
45342,P4,260.0,260.0,980.0,980.0,False,1.84,9.68,3680455718,30.6588068,104.0129984
61452,P4,260.0,260.0,980.0,980.0,False,2.65,11.3,337539180,30.626979,104.0300841
8434,P4,260.0,260.0,980.0,980.0,False,2.65,11.3,1469172057,30.633796,104.0919911
88863,P4,260.0,260.0,980.0,980.0,False,1.97,9.94,3633001072,30.664894,104.0233991
133870,P4,261.0,261.0,981.0,981.0,False,0.3,8.0,4964134720,30.709277,104.0174012
155156,P4,261.0,261.0,981.0,981.0,False,0.49,8.0,2823785851,30.6777102,104.0732137
157144,P4,261.0,261.0,981.0,981.0,False,0.12,8.0,2135942413,30.611619,104.0229374
173971,P4,261.0,261.0,981.0,981.0,False,1.54,9.08,1460300831,30.6518887,104.111184
19046,P4,261.0,261.0,981.0,981.0,False,1.51,9.02,2956775842,30.7235112,104.0463086
195011,P4,261.0,261.0,981.0,981.0,False,1.54,9.08,1313998800,30.63929,104.0888
196065,P4,261.0,261.0,981.0,981.0,False,1.51,9.02,5283966349,30.710806,104.074114
7463,P4,261.0,261.0,981.0,981.0,False,0.3,8.0,441159325,30.7208459,104.1072392
91858,P4,261.0,261.0,981.0,981.0,False,2.66,11.32,5141468751,30.6312423,104.096373
95446,P4,261.0,261.0,981.0,981.0,False,0.3,8.0,1916530800,30.6351519,103.979867
112001,P4,262.0,262.0,982.0,982.0,False,1.04,8.08,4773199393,30.6716141,104.0144083
123281,P4,262.0,262.0,982.0,982.0,False,1.12,8.24,3614070497,30.6740281,104.0577147
146199,P4,262.0,262.0,982.0,982.0,False,1.27,8.54,432442901,30.6682,104.03396
195843,P4,262.0,262.0,982.0,982.0,False,2.14,10.28,2733352544,30.6189326,104.0770769
197854,P4,262.0,262.0,982.0,982.0,False,0.75,8.0,4963999570,30.721287,104.0357684
208199,P4,262.0,262.0,982.0,982.0,False,1.45,8.9,3087817502,30.6685795,103.9850982
30284,P4,262.0,262.0,982.0,982.0,False,1.28,8.56,314623162,30.6569104,104.0679409
30321,P4,262.0,262.0,982.0,982.0,False,2.61,11.22,1958204086,30.6736133,104.0726127
35132,P4,262.0,262.0,982.0,982.0,False,1.02,8.04,432441922,30.6267119,104.027919
60387,P4,262.0,262.0,982.0,982.0,False,1.57,9.14,1159945485,30.65874,104.05567
86210,P4,262.0,262.0,982.0,982.0,False,1.76,9.52,4550701374,30.612035,103.9703056
91727,P4,262.0,262.0,982.0,982.0,False,1.02,8.04,4721452999,30.705019,104.08328
120144,P4,263.0,263.0,983.0,983.0,False,1.0,8.0,5055908305,30.7142601,104.1148794
121351,P4,263.0,263.0,983.0,983.0,False,1.82,9.64,1918491736,30.6424031,104.0044085
178979,P4,263.0,263.0,983.0,983.0,False,0.6,8.0,3582961924,30.6396378,104.0411616
19552,P4,263.0,263.0,983.0,983.0,False,2.2,10.4,4934383684,30.616535,104.1164446
24267,P4,263.0,263.0,983.0,983.0,False,0.6,8.0,5375783451,30.6231738,104.0080194
173630,P4,264.0,264.0,984.0,984.0,False,2.3,10.6,4548211190,30.6294211,104.0210117
187476,P4,264.0,264.0,984.0,984.0,False,1.18,8.36,4548318161,30.6319802,104.092318
188768,P4,264.0,264.0,984.0,984.0,False,0.69,8.0,3076737454,30.6616917,104.0535075
189906,P4,264.0,264.0,984.0,984.0,False,2.74,11.48,314623117,30.6499932,104.0325831
25455,P4,264.0,264.0,984.0,984.0,False,0.69,8.0,3742070431,30.6572722,104.070432
45449,P4,264.0,264.0,984.0,984.0,False,2.74,11.48,1457870720,30.6879038,104.0994127
9791,P4,264.0,264.0,984.0,984.0,False,0.69,8.0,1159225746,30.7001892,104.0477432
104051,P4,265.0,265.0,985.0,985.0,False,2.38,10.76,2847752854,30.65919,104.10612
170044,P4,265.0,265.0,985.0,985.0,False,0.04,8.0,1312615942,30.6489747,104.0560347
37758,P4,265.0,265.0,985.0,985.0,False,0.03,8.0,2956775838,30.7162346,104.0486586
83670,P4,265.0,265.0,985.0,985.0,False,1.83,9.66,1159477636,30.6716606,104.0577856
93885,P4,265.0,265.0,985.0,985.0,False,1.83,9.66,2690137346,30.7092275,104.0184766
110367,P4,266.0,266.0,986.0,986.0,False,0.3,8.0,2717970036,30.6294902,104.0613324
161408,P4,266.0,266.0,986.0,986.0,False,1.3,8.6,1445485650,30.6359353,104.0631555
178930,P4,266.0,266.0,986.0,986.0,False,0.3,8.0,4934383718,30.610447,104.1112777
205913,P4,266.0,266.0,986.0,986.0,False,1.95,9.9,4550019089,30.6257511,104.0206603
36825,P4,266.0,266.0,986.0,986.0,False,0.66,8.0,2569540484,30.6907429,104.0944677
55951,P4,266.0,266.0,986.0,986.0,False,1.96,9.92,3034393457,30.667553,104.05239
85190,P4,266.0,266.0,986.0,986.0,False,1.9,9.8,4106682243,30.6838138,103.9994071
160107,P4,267.0,267.0,987.0,987.0,False,1.55,9.1,1159231828,30.69406,104.08433
18812,P4,267.0,267.0,987.0,987.0,False,0.31,8.0,4106682114,30.6439763,103.9709228
32854,P4,267.0,267.0,987.0,987.0,False,0.02,8.0,3927876938,30.6750634,103.9878627
53966,P4,267.0,267.0,987.0,987.0,False,0.37,8.0,4106682211,30.6645148,103.9776617
6567,P4,267.0,267.0,987.0,987.0,False,0.8,8.0,1159225743,30.70233,104.05457
77030,P4,267.0,267.0,987.0,987.0,False,0.65,8.0,1159144695,30.666188,104.0680879
87992,P4,267.0,267.0,987.0,987.0,False,1.55,9.1,3691362657,30.6406983,104.0471504
100295,P4,268.0,268.0,988.0,988.0,False,1.28,8.56,3034330077,30.6606,104.08618
118215,P4,268.0,268.0,988.0,988.0,False,0.43,8.0,672287883,30.6605319,104.0531342
142597,P4,268.0,268.0,988.0,988.0,False,0.74,8.0,4693610169,30.6337975,104.0702621
15315,P4,268.0,268.0,988.0,988.0,False,0.79,8.0,2039550422,30.6775,104.11349
199151,P4,268.0,268.0,988.0,988.0,False,2.52,11.04,5055911221,30.71482,104.10377
203148,P4,268.0,268.0,988.0,988.0,False,0.74,8.0,5213253161,30.7160367,104.0783836
21369,P4,268.0,268.0,988.0,988.0,False,0.5,8.0,2722829585,30.7011424,104.0681748
32999,P4,268.0,268.0,988.0,988.0,False,1.79,9.58,3445777694,30.64043,104.10559
126811,P4,269.0,269.0,989.0,989.0,False,2.32,10.64,1987226891,30.67016,104.04839
143648,P4,269.0,269.0,989.0,989.0,False,2.32,10.64,4693610159,30.6337419,104.0686041
164173,P4,269.0,269.0,989.0,989.0,False,0.1,8.0,1819305258,30.6221514,104.095893
19078,P4,269.0,269.0,989.0,989.0,False,1.41,8.82,4548211631,30.6751692,104.0553099
72183,P4,269.0,269.0,989.0,989.0,False,2.32,10.64,314623160,30.6695004,104.0680712
82925,P4,269.0,269.0,989.0,989.0,False,2.02,10.04,4601260486,30.6369642,104.0653171
111554,P4,270.0,270.0,990.0,990.0,False,1.03,8.06,1458786968,30.6793661,104.0923501
111615,P4,270.0,270.0,990.0,990.0,False,1.79,9.58,5055911221,30.71482,104.10377
127836,P4,270.0,270.0,990.0,990.0,False,1.79,9.58,4880298883,30.6217827,104.1011408
23722,P4,270.0,270.0,990.0,990.0,False,2.55,11.1,3541404998,30.6848089,104.0526775
148724,P4,271.0,271.0,991.0,991.0,False,1.29,8.58,3523294441,30.6488521,104.0517235
180021,P4,271.0,271.0,991.0,991.0,False,0.63,8.0,4548317899,30.6320768,104.0923232
18084,P4,271.0,271.0,991.0,991.0,False,0.72,8.0,5213238528,30.6393541,104.0448795
18343,P4,271.0,271.0,991.0,991.0,False,0.53,8.0,4548211639,30.683176,104.04055
194559,P4,271.0,271.0,991.0,991.0,False,2.1,10.2,4701400716,30.6226019,104.0594798
329,P4,271.0,271.0,991.0,991.0,False,1.48,8.96,1159947333,30.6560249,104.0733693
39626,P4,271.0,271.0,991.0,991.0,False,2.05,10.1,4549759294,30.6715924,104.0629867
169156,P4,272.0,272.0,992.0,992.0,False,1.33,8.66,4972899561,30.6209499,104.0489497
195815,P4,272.0,272.0,992.0,992.0,False,0.55,8.0,5141468736,30.632602,104.093576
199573,P4,272.0,272.0,992.0,992.0,False,1.87,9.74,1159136172,30.6598519,104.0882052
40113,P4,272.0,272.0,992.0,992.0,False,1.33,8.66,2135944710,30.6162114,104.0161195
98455,P4,272.0,272.0,992.0,992.0,False,0.6,8.0,2823785851,30.6777102,104.0732137
134319,P4,273.0,273.0,993.0,993.0,False,1.41,8.82,3203414178,30.6360932,104.0356959
148619,P4,273.0,273.0,993.0,993.0,False,1.41,8.82,441187228,30.67008,104.06347
193136,P4,273.0,273.0,993.0,993.0,False,1.35,8.7,3541371613,30.6680667,104.0492802
93620,P4,273.0,273.0,993.0,993.0,False,0.3,8.0,4550701519,30.6978096,104.0672685
107698,P4,274.0,274.0,994.0,994.0,False,0.78,8.0,4393204198,30.6226323,104.0600095
118215,P4,274.0,274.0,994.0,994.0,False,0.09,8.0,3633018388,30.66818,104.06556
127056,P4,274.0,274.0,994.0,994.0,False,1.55,9.1,4069514815,30.726312,103.9726629
14264,P4,274.0,274.0,994.0,994.0,False,1.03,8.06,3445813114,30.6618463,104.0770904
173344,P4,274.0,274.0,994.0,994.0,False,0.64,8.0,4550018796,30.6157898,104.0365485
1847,P4,274.0,274.0,994.0,994.0,False,0.15,8.0,5055908308,30.7077759,104.1104706
199691,P4,274.0,274.0,994.0,994.0,False,1.55,9.1,4550018889,30.65436,104.06215
203932,P4,274.0,274.0,994.0,994.0,False,0.95,8.0,2733352544,30.6189326,104.0770769
37531,P4,274.0,274.0,994.0,994.0,False,0.35,8.0,5283966218,30.7035664,104.0998451
104707,P4,275.0,275.0,995.0,995.0,False,1.62,9.24,3597608244,30.71982,104.02529
168884,P4,275.0,275.0,995.0,995.0,False,1.86,9.72,3523308826,30.6437861,104.054109
172408,P4,275.0,275.0,995.0,995.0,False,2.4,10.8,4106682217,30.6694751,104.0001387
175131,P4,275.0,275.0,995.0,995.0,False,3.72,13.44,4118527513,30.7017358,104.0938376
19759,P4,275.0,275.0,995.0,995.0,False,1.91,9.82,1756176911,30.67697,104.07085
31397,P4,275.0,275.0,995.0,995.0,False,2.08,10.16,5436607074,30.6377477,104.0649867
42570,P4,275.0,275.0,995.0,995.0,False,0.98,8.0,1912247118,30.6148017,104.0966824
58089,P4,275.0,275.0,995.0,995.0,False,1.06,8.12,2118910075,30.7029432,104.0875116
5926,P4,275.0,275.0,995.0,995.0,False,1.62,9.24,4703149499,30.6109945,104.0706073
60977,P4,275.0,275.0,995.0,995.0,False,0.33,8.0,4107389529,30.7217129,104.0136409
67145,P4,275.0,275.0,995.0,995.0,False,1.91,9.82,4695601460,30.6105198,104.028902
8117,P4,275.0,275.0,995.0,995.0,False,0.88,8.0,4992013267,30.610782,104.0756427
117885,P4,276.0,276.0,996.0,996.0,False,2.25,10.5,337539262,30.6386619,104.0405524
141755,P4,276.0,276.0,996.0,996.0,False,2.01,10.02,3691374712,30.6426135,104.0451198
153755,P4,276.0,276.0,996.0,996.0,False,2.25,10.5,4118527513,30.70089,104.093414
159144,P4,276.0,276.0,996.0,996.0,False,2.25,10.5,4449099845,30.6450247,104.1098074
22363,P4,276.0,276.0,996.0,996.0,False,0.95,8.0,1500780826,30.6504103,104.0114096
50999,P4,276.0,276.0,996.0,996.0,False,1.49,8.98,3681180644,30.65639,104.06631
57199,P4,276.0,276.0,996.0,996.0,False,0.34,8.0,672360478,30.6772572,104.0907579
91588,P4,276.0,276.0,996.0,996.0,False,2.39,10.78,4847126867,30.654891,103.9821151
96071,P4,276.0,276.0,996.0,996.0,False,0.04,8.0,4296641706,30.6481286,104.0907917
97880,P4,276.0,276.0,996.0,996.0,False,1.49,8.98,5261581871,30.6767636,104.0962658
110417,P4,277.0,277.0,997.0,997.0,False,1.44,8.88,1460296423,30.6496678,104.110043
111560,P4,277.0,277.0,997.0,997.0,False,1.09,8.18,1819305504,30.6322292,104.1058112
124479,P4,277.0,277.0,997.0,997.0,False,0.4,8.0,3943038369,30.6434266,104.0639589
152138,P4,277.0,277.0,997.0,997.0,False,1.29,8.58,4964134719,30.7086875,104.0185822
154800,P4,277.0,277.0,997.0,997.0,False,1.29,8.58,3691210143,30.65801,104.0164294
193254,P4,277.0,277.0,997.0,997.0,False,0.57,8.0,4987535057,30.6348848,104.0106875
7663,P4,277.0,277.0,997.0,997.0,False,1.29,8.58,3089029125,30.6609,104.04966
93755,P4,277.0,277.0,997.0,997.0,False,0.61,8.0,4695601304,30.6107571,104.0294179
12239,P4,278.0,278.0,998.0,998.0,False,2.9,11.8,5261581864,30.6768045,104.0964039
124524,P4,278.0,278.0,998.0,998.0,False,1.01,8.02,1947583845,30.6865865,104.084708
144987,P4,278.0,278.0,998.0,998.0,False,0.21,8.0,3034040785,30.70103,104.01901
146743,P4,278.0,278.0,998.0,998.0,False,1.37,8.74,5141328653,30.6135957,104.0629076
170549,P4,278.0,278.0,998.0,998.0,False,2.44,10.88,4703149502,30.6121048,104.0705107
188430,P4,278.0,278.0,998.0,998.0,False,1.55,9.1,2852215058,30.7171192,104.0927985
25455,P4,278.0,278.0,998.0,998.0,False,0.78,8.0,4107377035,30.6421326,103.9950814
36989,P4,278.0,278.0,998.0,998.0,False,0.78,8.0,2907361697,30.6435724,104.0925075
78343,P4,278.0,278.0,998.0,998.0,False,0.96,8.0,1815741549,30.68807,104.0765
92765,P4,278.0,278.0,998.0,998.0,False,1.21,8.42,1458992380,30.6582352,104.0971331
9515,P4,278.0,278.0,998.0,998.0,False,1.32,8.64,3196147286,30.7108617,104.0213924
1187,P4,279.0,279.0,999.0,999.0,False,2.6,11.2,314635503,30.6253797,104.0422971
141011,P4,279.0,279.0,999.0,999.0,False,1.5,9.0,2923198522,30.7178089,104.0550117
141023,P4,279.0,279.0,999.0,999.0,False,0.49,8.0,3562033455,30.7072833,104.0713174
162655,P4,279.0,279.0,999.0,999.0,False,0.23,8.0,3436486397,30.6382,104.04588
16958,P4,279.0,279.0,999.0,999.0,False,0.14,8.0,4106682212,30.6665612,103.9788178
205631,P4,279.0,279.0,999.0,999.0,False,0.55,8.0,5283966328,30.70277,104.0939
41324,P4,279.0,279.0,999.0,999.0,False,0.08,8.0,4987536531,30.6263942,103.998697
42386,P4,279.0,279.0,999.0,999.0,False,3.06,12.12,1500638639,30.6906254,104.0349723
46335,P4,279.0,279.0,999.0,999.0,False,1.89,9.78,4242373178,30.6866664,104.0225173
49879,P4,279.0,279.0,999.0,999.0,False,0.08,8.0,1159138407,30.66454,104.09805
66251,P4,279.0,279.0,999.0,999.0,False,0.22,8.0,5213238429,30.649006,104.098236
109007,P4,280.0,280.0,1000.0,1000.0,False,3.95,13.9,2041314659,30.6808487,104.096428
133102,P4,280.0,280.0,1000.0,1000.0,False,1.59,9.18,1159227282,30.6875091,104.0526724
170069,P4,280.0,280.0,1000.0,1000.0,False,0.36,8.0,3523308816,30.6482732,104.058538
176689,P4,280.0,280.0,1000.0,1000.0,False,0.42,8.0,432442895,30.664817,104.0211403
185499,P4,280.0,280.0,1000.0,1000.0,False,0.73,8.0,4548317901,30.6443749,104.0845691
19345,P4,280.0,280.0,1000.0,1000.0,False,0.6,8.0,1159144966,30.6625746,104.0663991
199039,P4,280.0,280.0,1000.0,1000.0,False,0.07,8.0,1458687639,30.68143,104.09271
53169,P4,280.0,280.0,1000.0,1000.0,False,2.05,10.1,1159155007,30.6526674,104.0863993
64808,P4,280.0,280.0,1000.0,1000.0,False,1.34,8.68,2559969500,30.6314071,104.0358338
68493,P4,280.0,280.0,1000.0,1000.0,False,1.07,8.14,2134826936,30.6722605,103.9859752
140882,P4,281.0,281.0,1001.0,1001.0,False,2.28,10.56,529921382,30.6133318,104.0139415
142535,P4,281.0,281.0,1001.0,1001.0,False,0.45,8.0,2912287863,30.635166,104.099976
143588,P4,281.0,281.0,1001.0,1001.0,False,0.16,8.0,4547074343,30.6109764,104.0714529
156395,P4,281.0,281.0,1001.0,1001.0,False,0.34,8.0,803149473,30.656458,104.095375
177067,P4,281.0,281.0,1001.0,1001.0,False,0.53,8.0,432442600,30.6900262,104.0290796
19081,P4,281.0,281.0,1001.0,1001.0,False,2.87,11.74,1458975864,30.6628309,104.0918029
24534,P4,281.0,281.0,1001.0,1001.0,False,0.99,8.0,4701577738,30.6486566,104.0721736
36477,P4,281.0,281.0,1001.0,1001.0,False,0.51,8.0,1311904387,30.6428828,104.080559
41115,P4,281.0,281.0,1001.0,1001.0,False,0.13,8.0,2039561237,30.68102,104.10334
1079,P4,282.0,282.0,1002.0,1002.0,False,0.86,8.0,1815741573,30.688207,104.0671706
17827,P4,282.0,282.0,1002.0,1002.0,False,0.68,8.0,4740867224,30.6131318,104.0930987
18265,P4,282.0,282.0,1002.0,1002.0,False,1.43,8.86,3562055478,30.7198442,104.0374357
205207,P4,282.0,282.0,1002.0,1002.0,False,0.86,8.0,1302807371,30.6424224,104.0874982
206515,P4,282.0,282.0,1002.0,1002.0,False,1.43,8.86,432441929,30.63145,104.02996
125609,P4,283.0,283.0,1003.0,1003.0,False,0.91,8.0,1159143438,30.6643061,104.1015089
146463,P4,283.0,283.0,1003.0,1003.0,False,1.99,9.98,4773916458,30.6577856,104.0019837
150052,P4,283.0,283.0,1003.0,1003.0,False,3.02,12.04,5053143846,30.7238487,104.0036091
180043,P4,283.0,283.0,1003.0,1003.0,False,1.69,9.38,2041527417,30.6855559,104.0947533
185209,P4,283.0,283.0,1003.0,1003.0,False,1.9,9.8,4548259560,30.6545119,104.0060533
208701,P4,283.0,283.0,1003.0,1003.0,False,1.0,8.0,1947583814,30.6930655,104.0813425
44363,P4,283.0,283.0,1003.0,1003.0,False,1.49,8.98,4548211233,30.683304,104.04337
79477,P4,283.0,283.0,1003.0,1003.0,False,3.02,12.04,3780408672,30.6304794,104.0581853
131483,P4,284.0,284.0,1004.0,1004.0,False,0.93,8.0,5436607066,30.63736,104.06773
166907,P4,284.0,284.0,1004.0,1004.0,False,0.39,8.0,1458553201,30.6851519,104.1018439
170413,P4,284.0,284.0,1004.0,1004.0,False,0.49,8.0,432429420,30.6358259,104.0359135
172403,P4,284.0,284.0,1004.0,1004.0,False,0.56,8.0,4877924397,30.64753,104.1013
190685,P4,284.0,284.0,1004.0,1004.0,False,0.56,8.0,1499189792,30.7174611,104.1012808
68044,P4,284.0,284.0,1004.0,1004.0,False,1.77,9.54,1504174257,30.7168562,104.0716866
86102,P4,284.0,284.0,1004.0,1004.0,False,0.49,8.0,4701577747,30.6199344,104.0817949
121736,P4,285.0,285.0,1005.0,1005.0,False,0.64,8.0,4693674679,30.6223992,104.0643965
121959,P4,285.0,285.0,1005.0,1005.0,False,1.71,9.42,432442901,30.6699141,104.0349944
127070,P4,285.0,285.0,1005.0,1005.0,False,0.64,8.0,276556860,30.6213041,104.0645003
166597,P4,285.0,285.0,1005.0,1005.0,False,0.64,8.0,3562047407,30.7106548,104.0448547
16984,P4,285.0,285.0,1005.0,1005.0,False,0.6,8.0,441159357,30.7212985,104.0991414
175528,P4,285.0,285.0,1005.0,1005.0,False,0.44,8.0,3614070502,30.673196,104.0521527
179008,P4,285.0,285.0,1005.0,1005.0,False,1.42,8.84,1445519636,30.6461398,104.0636672
191370,P4,285.0,285.0,1005.0,1005.0,False,0.77,8.0,4772463304,30.6615626,104.0451807
35302,P4,285.0,285.0,1005.0,1005.0,False,0.77,8.0,1912247211,30.613386,104.0991364
39227,P4,285.0,285.0,1005.0,1005.0,False,1.93,9.86,3742070461,30.65026,104.08568
39343,P4,285.0,285.0,1005.0,1005.0,False,0.57,8.0,4693610127,30.6355725,104.0716784
8336,P4,285.0,285.0,1005.0,1005.0,False,0.44,8.0,1159230555,30.6836121,104.0910298
93593,P4,285.0,285.0,1005.0,1005.0,False,0.93,8.0,1459056443,30.6458912,104.1074828
101127,P4,286.0,286.0,1006.0,1006.0,False,1.11,8.22,4230611275,30.652549,104.0694373
113014,P4,286.0,286.0,1006.0,1006.0,False,1.36,8.72,4550019087,30.6502695,104.0584956
124270,P4,286.0,286.0,1006.0,1006.0,False,1.36,8.72,3582243020,30.7257132,103.9989372
131883,P4,286.0,286.0,1006.0,1006.0,False,0.81,8.0,1492619187,30.62279,104.06676
135741,P4,286.0,286.0,1006.0,1006.0,False,1.36,8.72,1507236191,30.7116085,104.078214
13844,P4,286.0,286.0,1006.0,1006.0,False,0.9,8.0,4695601345,30.6104245,104.029536
57711,P4,286.0,286.0,1006.0,1006.0,False,3.99,13.98,2847176001,30.6655647,104.1084621
1479,P4,287.0,287.0,1007.0,1007.0,False,2.2,10.4,4585443311,30.665359,104.0444208
155245,P4,287.0,287.0,1007.0,1007.0,False,2.29,10.58,4695701802,30.6126623,104.0198619
163285,P4,287.0,287.0,1007.0,1007.0,False,1.8,9.6,4444112339,30.7189594,104.1017075
19868,P4,287.0,287.0,1007.0,1007.0,False,0.22,8.0,3541401911,30.700611,104.0094449
205621,P4,287.0,287.0,1007.0,1007.0,False,1.84,9.68,3436486413,30.6413896,104.0486322
5486,P4,287.0,287.0,1007.0,1007.0,False,1.83,9.66,4118527295,30.6837702,104.0601183
11935,P4,288.0,288.0,1008.0,1008.0,False,0.39,8.0,4572410201,30.668487,103.9744311
155260,P4,288.0,288.0,1008.0,1008.0,False,2.21,10.42,1453882457,30.7031327,104.0042124
158774,P4,288.0,288.0,1008.0,1008.0,False,1.13,8.26,2843286551,30.6900819,104.0605694
164022,P4,288.0,288.0,1008.0,1008.0,False,0.39,8.0,3613960016,30.6637584,104.0523448
173307,P4,288.0,288.0,1008.0,1008.0,False,0.12,8.0,4934383649,30.61607,104.11309
174643,P4,288.0,288.0,1008.0,1008.0,False,0.62,8.0,1958204248,30.6700116,104.0846121
51934,P4,288.0,288.0,1008.0,1008.0,False,0.88,8.0,1507257626,30.7120905,104.0719313
71751,P4,288.0,288.0,1008.0,1008.0,False,0.62,8.0,1156126798,30.66556,104.04152
73178,P4,288.0,288.0,1008.0,1008.0,False,2.27,10.54,4699007267,30.6128935,104.0371765
76308,P4,288.0,288.0,1008.0,1008.0,False,1.13,8.26,1469155000,30.6317063,104.1151237
95408,P4,288.0,288.0,1008.0,1008.0,False,2.27,10.54,4106682223,30.6744327,103.9973653
111072,P4,289.0,289.0,1009.0,1009.0,False,0.08,8.0,1159931303,30.6762745,103.9825869
11773,P4,289.0,289.0,1009.0,1009.0,False,0.72,8.0,432442631,30.6840198,104.0189945
197737,P4,289.0,289.0,1009.0,1009.0,False,0.72,8.0,1918491740,30.6377601,104.008523
129377,P4,290.0,290.0,1010.0,1010.0,False,0.89,8.0,2631867280,30.6873011,104.0881029
167023,P4,290.0,290.0,1010.0,1010.0,False,2.45,10.9,3562110257,30.64355,104.01846
202039,P4,290.0,290.0,1010.0,1010.0,False,2.56,11.12,2039561240,30.689342,104.10774
70621,P4,290.0,290.0,1010.0,1010.0,False,2.09,10.18,4693609959,30.6292028,104.0730941
82431,P4,290.0,290.0,1010.0,1010.0,False,0.55,8.0,3516896165,30.66447,104.07069
85545,P4,290.0,290.0,1010.0,1010.0,False,0.04,8.0,838319859,30.6514708,104.1108741
10413,P4,291.0,291.0,1011.0,1011.0,False,0.07,8.0,4695601443,30.611256,104.0278807
130679,P4,291.0,291.0,1011.0,1011.0,False,0.71,8.0,3523308831,30.6400444,104.0741595
135280,P4,291.0,291.0,1011.0,1011.0,False,1.42,8.84,2559969494,30.6280963,104.0376483
145634,P4,291.0,291.0,1011.0,1011.0,False,1.42,8.84,2823813240,30.6694848,104.0657823
152136,P4,291.0,291.0,1011.0,1011.0,False,1.29,8.58,3523308812,30.6332712,104.0790877
199401,P4,291.0,291.0,1011.0,1011.0,False,0.71,8.0,5367291465,30.6269762,104.0021941
2065,P4,291.0,291.0,1011.0,1011.0,False,1.15,8.3,5213238503,30.6608833,104.07303
208130,P4,291.0,291.0,1011.0,1011.0,False,0.46,8.0,4550769368,30.6270543,104.0999103
25195,P4,291.0,291.0,1011.0,1011.0,False,2.96,11.92,4934383689,30.6160087,104.1156346
41495,P4,291.0,291.0,1011.0,1011.0,False,1.42,8.84,4896843834,30.63282,104.10176
113015,P4,292.0,292.0,1012.0,1012.0,False,0.06,8.0,4695700267,30.6101747,104.0247853
113027,P4,292.0,292.0,1012.0,1012.0,False,1.57,9.14,1156126797,30.6710227,104.0461687
117927,P4,292.0,292.0,1012.0,1012.0,False,0.49,8.0,1500638636,30.7038047,104.093203
122695,P4,292.0,292.0,1012.0,1012.0,False,1.45,8.9,1159483868,30.68547,104.07359
130699,P4,292.0,292.0,1012.0,1012.0,False,1.5,9.0,432429409,30.6357304,104.0537541
136472,P4,292.0,292.0,1012.0,1012.0,False,0.53,8.0,1947583813,30.6923138,104.0808455
150770,P4,292.0,292.0,1012.0,1012.0,False,1.9,9.8,5283966125,30.6380182,104.0966606
161463,P4,292.0,292.0,1012.0,1012.0,False,0.29,8.0,1159143853,30.67584,104.0863
33388,P4,292.0,292.0,1012.0,1012.0,False,0.74,8.0,4967265753,30.7026454,104.0054497
86024,P4,292.0,292.0,1012.0,1012.0,False,0.49,8.0,3516887963,30.7066331,104.0199021
92535,P4,292.0,292.0,1012.0,1012.0,False,0.49,8.0,288416379,30.69043,104.08511
130843,P4,293.0,293.0,1013.0,1013.0,False,0.41,8.0,4972899586,30.6335436,104.0437864
167234,P4,293.0,293.0,1013.0,1013.0,False,0.41,8.0,4548211362,30.6770164,104.051386
171494,P4,293.0,293.0,1013.0,1013.0,False,1.66,9.32,4981594489,30.6339847,104.0005611
204883,P4,293.0,293.0,1013.0,1013.0,False,1.23,8.46,441159817,30.7229418,104.1034305
101891,P4,294.0,294.0,1014.0,1014.0,False,0.24,8.0,1159225746,30.7001892,104.0477432
111483,P4,294.0,294.0,1014.0,1014.0,False,2.79,11.58,4900292716,30.66519,104.06882
115319,P4,294.0,294.0,1014.0,1014.0,False,1.85,9.7,1159949281,30.6464,104.08272
129914,P4,294.0,294.0,1014.0,1014.0,False,2.92,11.84,4106682189,30.6581077,103.9714269
146701,P4,294.0,294.0,1014.0,1014.0,False,0.04,8.0,4118527356,30.6986384,104.1042586
206204,P4,294.0,294.0,1014.0,1014.0,False,1.33,8.66,4549993277,30.6496412,103.9838074
36149,P4,294.0,294.0,1014.0,1014.0,False,2.92,11.84,1159224292,30.6965641,104.0475878
37927,P4,294.0,294.0,1014.0,1014.0,False,0.02,8.0,3541393458,30.69129,104.01539
79554,P4,294.0,294.0,1014.0,1014.0,False,0.04,8.0,3523308832,30.6401083,104.0734176
79931,P4,294.0,294.0,1014.0,1014.0,False,0.96,8.0,441187240,30.6748807,104.0655675
102061,P4,295.0,295.0,1015.0,1015.0,False,0.03,8.0,4550018724,30.6276318,104.0190439
122955,P4,295.0,295.0,1015.0,1015.0,False,1.51,9.02,4549993126,30.6988926,104.028733
134390,P4,295.0,295.0,1015.0,1015.0,False,0.39,8.0,1819305372,30.6369329,104.1056596
158572,P4,295.0,295.0,1015.0,1015.0,False,1.45,8.9,4550018723,30.6487749,104.0719861
190929,P4,295.0,295.0,1015.0,1015.0,False,1.51,9.02,2135944709,30.6199701,104.0119528
205994,P4,295.0,295.0,1015.0,1015.0,False,0.34,8.0,3541389061,30.6833039,104.0322131
30091,P4,295.0,295.0,1015.0,1015.0,False,0.2,8.0,3579530515,30.64928,104.11382
41466,P4,295.0,295.0,1015.0,1015.0,False,2.78,11.56,1159131856,30.6674563,104.0775802
81040,P4,295.0,295.0,1015.0,1015.0,False,1.45,8.9,3562099186,30.6521211,104.015964
8703,P4,295.0,295.0,1015.0,1015.0,False,0.03,8.0,1313998800,30.639381,104.08723
9822,P4,295.0,295.0,1015.0,1015.0,False,0.97,8.0,4548318423,30.6298222,104.0916942
145609,P4,296.0,296.0,1016.0,1016.0,False,1.46,8.92,4572410068,30.722279,104.0007597
165897,P4,296.0,296.0,1016.0,1016.0,False,0.2,8.0,1458037192,30.6868359,104.100863
179885,P4,296.0,296.0,1016.0,1016.0,False,0.79,8.0,1458909660,30.6805536,104.0897182
201828,P4,296.0,296.0,1016.0,1016.0,False,0.39,8.0,3087817489,30.6636698,104.0101255
69237,P4,296.0,296.0,1016.0,1016.0,False,1.79,9.58,1902099167,30.7146807,104.0645839
123097,P4,297.0,297.0,1017.0,1017.0,False,1.39,8.78,4693610144,30.6353523,104.0684007
135330,P4,297.0,297.0,1017.0,1017.0,False,0.75,8.0,1159232134,30.6865153,104.0761717
145247,P4,297.0,297.0,1017.0,1017.0,False,2.7,11.4,4906971006,30.6581423,104.0685921
157690,P4,297.0,297.0,1017.0,1017.0,False,1.12,8.24,1458561796,30.6892727,104.0975161
178278,P4,297.0,297.0,1017.0,1017.0,False,1.12,8.24,5002301707,30.6923756,104.0371901
187483,P4,297.0,297.0,1017.0,1017.0,False,0.33,8.0,4549759367,30.6945439,104.0335267
190123,P4,297.0,297.0,1017.0,1017.0,False,0.81,8.0,3562110283,30.653265,104.08192
197171,P4,297.0,297.0,1017.0,1017.0,False,2.4,10.8,4773916471,30.6561758,104.0017825
2435,P4,297.0,297.0,1017.0,1017.0,False,1.57,9.14,3562047424,30.7224241,104.0492476
28532,P4,297.0,297.0,1017.0,1017.0,False,1.39,8.78,2823785851,30.6777102,104.0732137
98236,P4,297.0,297.0,1017.0,1017.0,False,0.77,8.0,838319885,30.6473933,104.1084131
161285,P4,298.0,298.0,1018.0,1018.0,False,0.7,8.0,1305816736,30.640662,104.0795673
16203,P4,298.0,298.0,1018.0,1018.0,False,1.55,9.1,1156126849,30.65721,104.08684
165732,P4,298.0,298.0,1018.0,1018.0,False,1.55,9.1,3582243017,30.7224039,104.0007077
176403,P4,298.0,298.0,1018.0,1018.0,False,0.19,8.0,672360559,30.6425703,104.0857927
183241,P4,298.0,298.0,1018.0,1018.0,False,1.44,8.88,3562004420,30.654508,104.0345459
201848,P4,298.0,298.0,1018.0,1018.0,False,0.71,8.0,1159516304,30.6434561,104.0767783
24775,P4,298.0,298.0,1018.0,1018.0,False,1.21,8.42,3562028089,30.657543,104.090485
62105,P4,298.0,298.0,1018.0,1018.0,False,0.9,8.0,1947583814,30.6930655,104.0813425
74610,P4,298.0,298.0,1018.0,1018.0,False,1.03,8.06,3087817482,30.6638318,104.0024922
96684,P4,298.0,298.0,1018.0,1018.0,False,0.02,8.0,338246744,30.6533948,104.0297587
207774,P4,299.0,299.0,1019.0,1019.0,False,0.86,8.0,4548211192,30.6231751,104.0878244
160144,P4,300.0,300.0,1020.0,1020.0,False,2.16,10.32,4695640635,30.6113309,104.0242956
167947,P4,300.0,300.0,1020.0,1020.0,False,1.51,9.02,4118527343,30.6974385,104.0888202
175752,P4,300.0,300.0,1020.0,1020.0,False,0.7,8.0,1301933041,30.6501516,104.0708226
185247,P4,300.0,300.0,1020.0,1020.0,False,1.41,8.82,1815855080,30.6762979,103.9893469
205759,P4,300.0,300.0,1020.0,1020.0,False,1.25,8.5,1458975864,30.6628309,104.0918029
31402,P4,300.0,300.0,1020.0,1020.0,False,1.11,8.22,3034393456,30.6734127,104.0457758
407,P4,300.0,300.0,1020.0,1020.0,False,0.7,8.0,672360559,30.64253,104.08506
52257,P4,300.0,300.0,1020.0,1020.0,False,1.41,8.82,5375783796,30.6555511,103.999267
83809,P4,300.0,300.0,1020.0,1020.0,False,2.14,10.28,4991425514,30.650584,103.9858654
90273,P4,300.0,300.0,1020.0,1020.0,False,0.72,8.0,314622996,30.6500439,103.9848469
107966,P4,301.0,301.0,1021.0,1021.0,False,1.68,9.36,3541422909,30.7091106,104.0668649
133948,P4,301.0,301.0,1021.0,1021.0,False,0.63,8.0,4296641707,30.6483298,104.091056
150516,P4,301.0,301.0,1021.0,1021.0,False,1.68,9.36,4219896919,30.6112954,104.0335695
150631,P4,301.0,301.0,1021.0,1021.0,False,0.87,8.0,3614070501,30.672,104.05424
198285,P4,301.0,301.0,1021.0,1021.0,False,0.38,8.0,1458998774,30.6598935,104.0980119
5381,P4,301.0,301.0,1021.0,1021.0,False,1.14,8.28,4963999570,30.721287,104.0357684
57328,P4,301.0,301.0,1021.0,1021.0,False,2.02,10.04,4107377010,30.6310133,104.0017622
59459,P4,301.0,301.0,1021.0,1021.0,False,0.46,8.0,4782067651,30.6252882,104.0281628
96041,P4,301.0,301.0,1021.0,1021.0,False,0.88,8.0,5162173344,30.6333539,104.0663287
10619,P4,302.0,302.0,1022.0,1022.0,False,0.29,8.0,4772463304,30.6615626,104.0451807
170507,P4,302.0,302.0,1022.0,1022.0,False,1.52,9.04,1159138407,30.6645523,104.0963011
171164,P4,302.0,302.0,1022.0,1022.0,False,1.71,9.42,4703149462,30.6118363,104.0659568
194119,P4,302.0,302.0,1022.0,1022.0,False,0.25,8.0,4106682102,30.6431731,103.981028
207332,P4,302.0,302.0,1022.0,1022.0,False,2.21,10.42,5218240005,30.7020668,104.05384
37563,P4,302.0,302.0,1022.0,1022.0,False,0.06,8.0,2709067531,30.6260426,104.0826781
51796,P4,302.0,302.0,1022.0,1022.0,False,0.84,8.0,4549993124,30.7049732,104.0388722
56531,P4,302.0,302.0,1022.0,1022.0,False,0.06,8.0,4693647105,30.6328165,104.0725355
60144,P4,302.0,302.0,1022.0,1022.0,False,1.09,8.18,1313998763,30.6345891,104.0887087
66664,P4,302.0,302.0,1022.0,1022.0,False,0.18,8.0,3562015379,30.6631522,104.0814488
158214,P4,303.0,303.0,1023.0,1023.0,False,2.7,11.4,5254240663,30.6182192,103.9665213
78853,P4,303.0,303.0,1023.0,1023.0,False,2.62,11.24,4548211600,30.6918656,104.0362568
80907,P4,304.0,304.0,1024.0,1024.0,False,2.93,11.86,1458981267,30.661444,104.09553
85143,P4,304.0,304.0,1024.0,1024.0,False,2.3,10.6,4991425468,30.6454057,103.9874058
108951,P4,305.0,305.0,1025.0,1025.0,False,0.21,8.0,4772430846,30.6782177,104.0045583
135075,P4,305.0,305.0,1025.0,1025.0,False,0.97,8.0,4695640643,30.6114947,104.0245835
160811,P4,305.0,305.0,1025.0,1025.0,False,2.66,11.32,3562033464,30.7086247,104.0779672
170055,P4,305.0,305.0,1025.0,1025.0,False,2.66,11.32,4880298882,30.6222069,104.1011411
30237,P4,305.0,305.0,1025.0,1025.0,False,1.99,9.98,5213238352,30.6408679,104.0419308
58446,P4,305.0,305.0,1025.0,1025.0,False,0.39,8.0,1455098599,30.6960989,104.1053916
124068,P4,306.0,306.0,1026.0,1026.0,False,1.62,9.24,432442945,30.6797108,104.0256357
138261,P4,306.0,306.0,1026.0,1026.0,False,2.34,10.68,5367313163,30.6357716,103.969192
14275,P4,306.0,306.0,1026.0,1026.0,False,0.26,8.0,5213237274,30.6605933,104.059619
186309,P4,306.0,306.0,1026.0,1026.0,False,2.93,11.86,4106682100,30.6430626,103.9805398
192975,P4,306.0,306.0,1026.0,1026.0,False,1.94,9.88,3742070429,30.65495,104.0737
208422,P4,306.0,306.0,1026.0,1026.0,False,0.44,8.0,4548211276,30.66058,104.058355
34871,P4,306.0,306.0,1026.0,1026.0,False,2.88,11.76,3516900117,30.6718171,104.0804158
49637,P4,306.0,306.0,1026.0,1026.0,False,2.88,11.76,4548211199,30.6747842,104.0379887
56871,P4,306.0,306.0,1026.0,1026.0,False,1.03,8.06,2559969494,30.6280963,104.0376483
9979,P4,306.0,306.0,1026.0,1026.0,False,1.03,8.06,1458981267,30.66167,104.0946
119225,P4,307.0,307.0,1027.0,1027.0,False,1.21,8.42,2559969438,30.629164,104.0294844
155779,P4,307.0,307.0,1027.0,1027.0,False,0.14,8.0,1290303466,30.660267,104.07619
161430,P4,307.0,307.0,1027.0,1027.0,False,0.47,8.0,4772216125,30.6779302,104.007631
17770,P4,307.0,307.0,1027.0,1027.0,False,0.98,8.0,1159477623,30.6751049,104.0502585
35481,P4,307.0,307.0,1027.0,1027.0,False,1.43,8.86,4548211642,30.6223091,104.0595197
57505,P4,307.0,307.0,1027.0,1027.0,False,0.14,8.0,1815855093,30.6665658,103.9745613
65228,P4,307.0,307.0,1027.0,1027.0,False,0.55,8.0,4695662941,30.6124329,104.0313215
7629,P4,307.0,307.0,1027.0,1027.0,False,2.26,10.52,1987226865,30.6643455,104.0523655
94624,P4,307.0,307.0,1027.0,1027.0,False,0.55,8.0,4064248113,30.7260266,104.0069613
106560,P4,308.0,308.0,1028.0,1028.0,False,1.29,8.58,4505485118,30.6369031,104.0772928
117789,P4,308.0,308.0,1028.0,1028.0,False,0.47,8.0,504315320,30.6965439,104.1055973
127897,P4,308.0,308.0,1028.0,1028.0,False,0.94,8.0,4572409832,30.7142405,103.9924406
176487,P4,308.0,308.0,1028.0,1028.0,False,0.84,8.0,4701577781,30.62372,104.07686
125891,P4,309.0,309.0,1029.0,1029.0,False,1.81,9.62,1458550332,30.68173,104.10301
132756,P4,309.0,309.0,1029.0,1029.0,False,0.71,8.0,5055908305,30.7142601,104.1148794
138822,P4,309.0,309.0,1029.0,1029.0,False,1.34,8.68,1504198485,30.7059208,104.0996737
144300,P4,309.0,309.0,1029.0,1029.0,False,2.66,11.32,5283966123,30.6370674,104.100346
148371,P4,309.0,309.0,1029.0,1029.0,False,2.22,10.44,1159131461,30.66748,104.06031
174767,P4,309.0,309.0,1029.0,1029.0,False,2.53,11.06,2912291165,30.64128,104.10281
45228,P4,309.0,309.0,1029.0,1029.0,False,1.62,9.24,432442916,30.6680932,104.0243643
62127,P4,309.0,309.0,1029.0,1029.0,False,0.9,8.0,1159149478,30.65431,104.07773
62212,P4,309.0,309.0,1029.0,1029.0,False,0.71,8.0,4972899583,30.6322506,104.0481629
67219,P4,309.0,309.0,1029.0,1029.0,False,0.29,8.0,3562028089,30.6587,104.09147
75855,P4,309.0,309.0,1029.0,1029.0,False,0.21,8.0,4638105425,30.7070466,104.0635032
209392,P4,310.0,310.0,1030.0,1030.0,False,0.72,8.0,2344329074,30.6515335,104.0575182
30955,P4,310.0,310.0,1030.0,1030.0,False,1.29,8.58,3562086843,30.685146,104.037636
60179,P4,310.0,310.0,1030.0,1030.0,False,0.48,8.0,1964427886,30.66934,104.1042
8862,P4,310.0,310.0,1030.0,1030.0,False,0.26,8.0,2135944710,30.6162114,104.0161195
116803,P4,311.0,311.0,1031.0,1031.0,False,2.61,11.22,4638050365,30.7147891,104.0631517
143317,P4,311.0,311.0,1031.0,1031.0,False,1.41,8.82,314622958,30.644761,104.0459662
180224,P4,311.0,311.0,1031.0,1031.0,False,0.03,8.0,5257005062,30.6771626,104.0936109
18641,P4,311.0,311.0,1031.0,1031.0,False,0.22,8.0,1445475725,30.6499517,104.0637001
191810,P4,311.0,311.0,1031.0,1031.0,False,1.85,9.7,4548259386,30.6812152,104.0533192
193045,P4,311.0,311.0,1031.0,1031.0,False,0.91,8.0,2956775846,30.7206809,104.0468228
194941,P4,311.0,311.0,1031.0,1031.0,False,1.03,8.06,4548318011,30.6165803,104.0964159
195149,P4,311.0,311.0,1031.0,1031.0,False,1.41,8.82,3582243005,30.7096292,104.007262
33799,P4,311.0,311.0,1031.0,1031.0,False,1.73,9.46,3562047401,30.72075,104.05983
44274,P4,311.0,311.0,1031.0,1031.0,False,1.46,8.92,1819305209,30.6121953,104.0922619
76692,P4,311.0,311.0,1031.0,1031.0,False,1.66,9.32,4437947519,30.6885271,104.0985377
79998,P4,311.0,311.0,1031.0,1031.0,False,1.35,8.7,4773199372,30.6733516,104.0148017
87451,P4,311.0,311.0,1031.0,1031.0,False,2.64,11.28,1159143438,30.66532,104.10116
94595,P4,311.0,311.0,1031.0,1031.0,False,1.54,9.08,4548211676,30.6224035,104.0549231
124719,P4,312.0,312.0,1032.0,1032.0,False,0.53,8.0,3445813550,30.665426,104.06975
188213,P4,312.0,312.0,1032.0,1032.0,False,0.85,8.0,2367361538,30.6142858,104.0645239
40205,P4,312.0,312.0,1032.0,1032.0,False,0.76,8.0,2956775873,30.7023978,104.0398323
48223,P4,312.0,312.0,1032.0,1032.0,False,0.13,8.0,3597689716,30.71281,103.98517
69842,P4,312.0,312.0,1032.0,1032.0,False,0.85,8.0,4572410068,30.722279,104.0007597
85259,P4,312.0,312.0,1032.0,1032.0,False,1.41,8.82,4772215053,30.6797126,104.0064476
140538,P4,313.0,313.0,1033.0,1033.0,False,1.73,9.46,2712338424,30.7079704,104.0380787
161302,P4,313.0,313.0,1033.0,1033.0,False,1.39,8.78,2041527434,30.6902989,104.0950073
81260,P4,313.0,313.0,1033.0,1033.0,False,2.0,10.0,4779165778,30.636525,104.0734961
84480,P4,313.0,313.0,1033.0,1033.0,False,1.73,9.46,1445535379,30.6499323,104.0619096
138605,P4,314.0,314.0,1034.0,1034.0,False,1.68,9.36,439751772,30.7246602,104.040425
147627,P4,314.0,314.0,1034.0,1034.0,False,0.47,8.0,2331442712,30.6399856,103.991066
149592,P4,314.0,314.0,1034.0,1034.0,False,0.37,8.0,4693610128,30.636029,104.0718871
163925,P4,314.0,314.0,1034.0,1034.0,False,1.85,9.7,529949134,30.6966899,104.1056087
164717,P4,314.0,314.0,1034.0,1034.0,False,1.62,9.24,2404125668,30.7209078,103.9826373
181821,P4,314.0,314.0,1034.0,1034.0,False,2.09,10.18,314623148,30.6515842,104.0635976
191534,P4,314.0,314.0,1034.0,1034.0,False,0.39,8.0,432442540,30.6940599,104.0132439
27678,P4,314.0,314.0,1034.0,1034.0,False,0.29,8.0,5141468751,30.6312423,104.096373
46362,P4,314.0,314.0,1034.0,1034.0,False,1.56,9.12,2843289913,30.6854891,104.0600785
69481,P4,314.0,314.0,1034.0,1034.0,False,0.39,8.0,4107377009,30.6310655,104.0041742
76977,P4,314.0,314.0,1034.0,1034.0,False,0.46,8.0,4548211362,30.6770164,104.051386
111401,P4,315.0,315.0,1035.0,1035.0,False,4.52,15.04,4794975966,30.6469615,104.0564259
129887,P4,315.0,315.0,1035.0,1035.0,False,0.04,8.0,4548211638,30.66551,104.0624
15944,P4,315.0,315.0,1035.0,1035.0,False,0.78,8.0,4701464362,30.6141471,104.0569488
170162,P4,315.0,315.0,1035.0,1035.0,False,1.47,8.94,4601260487,30.6369695,104.0662229
174013,P4,315.0,315.0,1035.0,1035.0,False,0.78,8.0,4695640528,30.6151249,104.0271256
176723,P4,315.0,315.0,1035.0,1035.0,False,0.3,8.0,4703149483,30.611085,104.0681825
193996,P4,315.0,315.0,1035.0,1035.0,False,1.09,8.18,3632988787,30.6645611,104.0311281
86781,P4,315.0,315.0,1035.0,1035.0,False,1.47,8.94,432442517,30.6790649,104.0095531
96157,P4,315.0,315.0,1035.0,1035.0,False,1.47,8.94,4548259310,30.6761543,103.9766452
143826,P4,316.0,316.0,1036.0,1036.0,False,0.15,8.0,5141328661,30.6133589,104.0634538
152080,P4,316.0,316.0,1036.0,1036.0,False,2.71,11.42,4219865854,30.625332,104.042103
198347,P4,316.0,316.0,1036.0,1036.0,False,0.59,8.0,4548211410,30.679054,104.04895
66077,P4,316.0,316.0,1036.0,1036.0,False,2.35,10.7,465203789,30.7013623,104.1025176
92924,P4,316.0,316.0,1036.0,1036.0,False,0.71,8.0,4294010428,30.7132945,104.0780989
110234,P4,317.0,317.0,1037.0,1037.0,False,0.95,8.0,4693609814,30.6356312,104.0701148
121549,P4,317.0,317.0,1037.0,1037.0,False,0.33,8.0,3614062391,30.6737255,104.0495054
128711,P4,317.0,317.0,1037.0,1037.0,False,0.59,8.0,4549993184,30.70542,104.02503
161893,P4,317.0,317.0,1037.0,1037.0,False,0.33,8.0,2331442712,30.6399856,103.991066
109098,P4,318.0,318.0,1038.0,1038.0,False,1.02,8.04,1072698668,30.7124066,104.0904658
109588,P4,318.0,318.0,1038.0,1038.0,False,1.03,8.06,4779165771,30.6383748,104.0735001
12895,P4,318.0,318.0,1038.0,1038.0,False,0.16,8.0,3034330085,30.66514,104.07773
129651,P4,318.0,318.0,1038.0,1038.0,False,2.33,10.66,4548211633,30.6568954,104.0680555
134894,P4,318.0,318.0,1038.0,1038.0,False,2.44,10.88,1159234180,30.694905,104.0671903
166165,P4,318.0,318.0,1038.0,1038.0,False,2.31,10.62,5382831217,30.6762108,104.0950442
173730,P4,318.0,318.0,1038.0,1038.0,False,1.67,9.34,1159945481,30.6570112,104.0560918
183858,P4,318.0,318.0,1038.0,1038.0,False,1.81,9.62,1458561798,30.689514,104.0966765
203855,P4,318.0,318.0,1038.0,1038.0,False,0.1,8.0,1916520528,30.63329,104.00207
23249,P4,318.0,318.0,1038.0,1038.0,False,2.31,10.62,1885342907,30.6773384,104.0982086
36573,P4,318.0,318.0,1038.0,1038.0,False,2.31,10.62,2134824445,30.6763259,103.9844006
45462,P4,318.0,318.0,1038.0,1038.0,False,1.03,8.06,4550019014,30.6470922,104.0561723
47580,P4,318.0,318.0,1038.0,1038.0,False,1.63,9.26,4072596600,30.6740422,104.0109011
60413,P4,318.0,318.0,1038.0,1038.0,False,2.33,10.66,4903112581,30.6613816,104.0803356
64282,P4,318.0,318.0,1038.0,1038.0,False,0.24,8.0,441159818,30.7174666,104.1011618
10623,P4,319.0,319.0,1039.0,1039.0,False,1.38,8.76,1492598620,30.6226242,104.0668825
19147,P4,319.0,319.0,1039.0,1039.0,False,0.24,8.0,3680455715,30.66016,104.016
26040,P4,319.0,319.0,1039.0,1039.0,False,0.57,8.0,3028924424,30.649084,104.0576165
32661,P4,319.0,319.0,1039.0,1039.0,False,0.79,8.0,1159173784,30.6320216,104.0709797
79290,P4,319.0,319.0,1039.0,1039.0,False,3.16,12.32,1827955130,30.6645306,104.0543503
83123,P4,319.0,319.0,1039.0,1039.0,False,1.11,8.22,1301932975,30.65551,104.0719
91384,P4,319.0,319.0,1039.0,1039.0,False,1.38,8.76,4550018962,30.6280943,103.9819558
152065,P4,320.0,320.0,1040.0,1040.0,False,0.33,8.0,5213253145,30.664923,104.1108604
176983,P4,320.0,320.0,1040.0,1040.0,False,0.04,8.0,1159234181,30.69451,104.07335
187245,P4,320.0,320.0,1040.0,1040.0,False,1.28,8.56,5375783786,30.6544505,104.0005356
37494,P4,320.0,320.0,1040.0,1040.0,False,1.82,9.64,3089029129,30.661686,104.0497224
48793,P4,320.0,320.0,1040.0,1040.0,False,0.59,8.0,4548211618,30.6339961,104.0242876
56277,P4,320.0,320.0,1040.0,1040.0,False,0.23,8.0,5382831222,30.6779593,104.0935433
80884,P4,320.0,320.0,1040.0,1040.0,False,0.91,8.0,4964134701,30.7053923,104.0206753
119864,P4,321.0,321.0,1041.0,1041.0,False,0.65,8.0,1815741549,30.68673,104.0766346
86866,P4,321.0,321.0,1041.0,1041.0,False,0.65,8.0,5375783440,30.6195247,104.0063164
102320,P4,322.0,322.0,1042.0,1042.0,False,0.85,8.0,5141468689,30.6371137,104.0931689
109964,P4,322.0,322.0,1042.0,1042.0,False,0.52,8.0,2712272989,30.6528136,104.0938007
12206,P4,322.0,322.0,1042.0,1042.0,False,0.52,8.0,1460296424,30.6498096,104.1097822
145466,P4,322.0,322.0,1042.0,1042.0,False,0.52,8.0,5375784030,30.6567371,103.9875108
18885,P4,322.0,322.0,1042.0,1042.0,False,0.4,8.0,1159168936,30.6305337,104.0798236
35239,P4,322.0,322.0,1042.0,1042.0,False,0.24,8.0,4772451023,30.6810322,104.0073307
72747,P4,322.0,322.0,1042.0,1042.0,False,0.15,8.0,1845199170,30.67867,104.0723
97534,P4,322.0,322.0,1042.0,1042.0,False,1.18,8.36,1388442963,30.6478849,104.0724145
120043,P4,323.0,323.0,1043.0,1043.0,False,0.42,8.0,3562015383,30.66048,104.08157
132902,P4,323.0,323.0,1043.0,1043.0,False,1.29,8.58,3523294438,30.6485054,104.0518109
201054,P4,323.0,323.0,1043.0,1043.0,False,1.29,8.58,4106681970,30.6366704,103.9894889
27206,P4,323.0,323.0,1043.0,1043.0,False,1.27,8.54,4550769605,30.6330559,104.103782
87215,P4,323.0,323.0,1043.0,1043.0,False,0.52,8.0,441221463,30.648064,104.0265
88267,P4,323.0,323.0,1043.0,1043.0,False,0.56,8.0,1159137566,30.65393,104.09014
125906,P4,324.0,324.0,1044.0,1044.0,False,2.31,10.62,4695700264,30.6104115,104.0249407
130872,P4,324.0,324.0,1044.0,1044.0,False,0.92,8.0,2981319501,30.7148915,104.0115645
142585,P4,324.0,324.0,1044.0,1044.0,False,1.72,9.44,1301933015,30.6460041,104.0745983
15915,P4,324.0,324.0,1044.0,1044.0,False,2.31,10.62,1313998800,30.6379687,104.0890481
177167,P4,324.0,324.0,1044.0,1044.0,False,1.15,8.3,1339762127,30.71474,104.04582
180181,P4,324.0,324.0,1044.0,1044.0,False,0.52,8.0,1159447628,30.6710271,104.029627
29217,P4,324.0,324.0,1044.0,1044.0,False,3.11,12.22,314655039,30.6274242,104.0445292
33756,P4,324.0,324.0,1044.0,1044.0,False,2.01,10.02,1958204061,30.6759934,104.0747179
57971,P4,324.0,324.0,1044.0,1044.0,False,0.31,8.0,1492614624,30.6231913,104.0645757
6285,P4,324.0,324.0,1044.0,1044.0,False,1.83,9.66,4106682107,30.6433701,103.9818986
80515,P4,324.0,324.0,1044.0,1044.0,False,1.83,9.66,3034409013,30.7112446,104.093976
8626,P4,324.0,324.0,1044.0,1044.0,False,1.17,8.34,3087817521,30.6761614,104.0116948
92763,P4,324.0,324.0,1044.0,1044.0,False,1.15,8.3,1455132183,30.6950393,104.1079886
97313,P4,324.0,324.0,1044.0,1044.0,False,0.92,8.0,3390819286,30.6413489,104.0482501
139899,P4,325.0,325.0,1045.0,1045.0,False,0.48,8.0,432442980,30.673347,104.01557
152624,P4,325.0,325.0,1045.0,1045.0,False,1.03,8.06,4154368798,30.6764701,104.0582862
22459,P4,325.0,325.0,1045.0,1045.0,False,0.36,8.0,1072704392,30.721899,104.05722
75053,P4,325.0,325.0,1045.0,1045.0,False,2.52,11.04,4772463291,30.661337,104.0435044
107211,P4,326.0,326.0,1046.0,1046.0,False,2.15,10.3,1305816705,30.665092,104.06578
113483,P4,326.0,326.0,1046.0,1046.0,False,0.51,8.0,1159156115,30.6516079,104.0828012
122698,P4,326.0,326.0,1046.0,1046.0,False,0.87,8.0,2276187313,30.6848333,104.0807316
155251,P4,326.0,326.0,1046.0,1046.0,False,0.35,8.0,2956775870,30.7039858,104.0374265
29424,P4,326.0,326.0,1046.0,1046.0,False,0.97,8.0,1295783630,30.6408375,104.0794357
44132,P4,326.0,326.0,1046.0,1046.0,False,0.23,8.0,432432573,30.6641733,104.0335951
45599,P4,326.0,326.0,1046.0,1046.0,False,0.88,8.0,4444112359,30.7258416,104.1047748
99557,P4,326.0,326.0,1046.0,1046.0,False,0.59,8.0,1457870721,30.6879683,104.0993049
120960,P4,327.0,327.0,1047.0,1047.0,False,1.27,8.54,1159463802,30.6759922,104.0215593
183929,P4,327.0,327.0,1047.0,1047.0,False,1.27,8.54,4638105424,30.7067866,104.0611202
208179,P4,327.0,327.0,1047.0,1047.0,False,1.31,8.62,3034029067,30.6881384,104.000147
39507,P4,327.0,327.0,1047.0,1047.0,False,0.35,8.0,1305816752,30.6646194,104.068146
40751,P4,327.0,327.0,1047.0,1047.0,False,1.04,8.08,5055908305,30.716003,104.11522
91977,P4,327.0,327.0,1047.0,1047.0,False,0.35,8.0,2785841183,30.6872474,104.0209921
111135,P4,328.0,328.0,1048.0,1048.0,False,0.31,8.0,1756193230,30.639853,104.028625
124558,P4,328.0,328.0,1048.0,1048.0,False,1.86,9.72,4548259621,30.6801803,104.0548129
128067,P4,328.0,328.0,1048.0,1048.0,False,0.76,8.0,1815729257,30.7136,104.0612
175043,P4,328.0,328.0,1048.0,1048.0,False,0.77,8.0,4782097012,30.6267233,104.0252487
1764,P4,328.0,328.0,1048.0,1048.0,False,1.17,8.34,4972899583,30.6322506,104.0481629
21843,P4,328.0,328.0,1048.0,1048.0,False,2.19,10.38,3034409149,30.72008,104.0776
31241,P4,328.0,328.0,1048.0,1048.0,False,0.39,8.0,1312615976,30.6533569,104.0604054
33223,P4,328.0,328.0,1048.0,1048.0,False,1.23,8.46,1964323678,30.67323,104.10159
41352,P4,328.0,328.0,1048.0,1048.0,False,1.85,9.7,529952557,30.6980299,104.0639187
45085,P4,328.0,328.0,1048.0,1048.0,False,3.04,12.08,4548318161,30.6319802,104.092318
61236,P4,328.0,328.0,1048.0,1048.0,False,0.39,8.0,4548259625,30.6553129,104.0498178
66208,P4,328.0,328.0,1048.0,1048.0,False,1.23,8.46,4548259568,30.6867196,104.0499428
67523,P4,328.0,328.0,1048.0,1048.0,False,0.28,8.0,432432565,30.65992,104.03897
7264,P4,328.0,328.0,1048.0,1048.0,False,0.74,8.0,4550018780,30.650239,104.0581381
84465,P4,328.0,328.0,1048.0,1048.0,False,0.95,8.0,2041314680,30.6805811,104.0969216
84687,P4,328.0,328.0,1048.0,1048.0,False,0.11,8.0,1916386580,30.64138,104.05646
84919,P4,328.0,328.0,1048.0,1048.0,False,0.31,8.0,4550018882,30.6141469,104.034959
118091,P4,329.0,329.0,1049.0,1049.0,False,1.71,9.42,5375783840,30.6474125,104.0003127
118921,P4,329.0,329.0,1049.0,1049.0,False,0.88,8.0,1072698509,30.696981,104.0637688
148480,P4,329.0,329.0,1049.0,1049.0,False,0.24,8.0,2712338448,30.7077126,104.0382606
6819,P4,329.0,329.0,1049.0,1049.0,False,0.03,8.0,2847752854,30.658888,104.10607
85472,P4,329.0,329.0,1049.0,1049.0,False,0.7,8.0,432429376,30.6372473,104.0536809
85682,P4,329.0,329.0,1049.0,1049.0,False,2.36,10.72,5283966197,30.7003324,104.104573
99571,P4,329.0,329.0,1049.0,1049.0,False,1.71,9.42,1072704392,30.72172,104.05681
100409,P4,330.0,330.0,1050.0,1050.0,False,1.89,9.78,1159480331,30.6751864,104.0692694
124799,P4,330.0,330.0,1050.0,1050.0,False,0.1,8.0,4106681938,30.61989,103.99169
184475,P4,330.0,330.0,1050.0,1050.0,False,1.89,9.78,1458998774,30.6598935,104.0980119
203696,P4,330.0,330.0,1050.0,1050.0,False,1.24,8.48,3087817488,30.6615289,104.0103156
30551,P4,330.0,330.0,1050.0,1050.0,False,2.27,10.54,5436607834,30.6359382,104.0633514
36765,P4,330.0,330.0,1050.0,1050.0,False,0.38,8.0,4987535050,30.6310897,104.0088361
42979,P4,330.0,330.0,1050.0,1050.0,False,0.1,8.0,5141328772,30.6157441,104.0622497
47343,P4,330.0,330.0,1050.0,1050.0,False,0.33,8.0,441187385,30.6883348,104.0637243
81431,P4,330.0,330.0,1050.0,1050.0,False,0.31,8.0,1964471393,30.6655426,104.1085626
94469,P4,330.0,330.0,1050.0,1050.0,False,2.27,10.54,4106682202,30.6589196,103.9779696
1035,P4,331.0,331.0,1051.0,1051.0,False,1.45,8.9,3445813130,30.671347,104.0768
209155,P4,331.0,331.0,1051.0,1051.0,False,1.2,8.4,2041527384,30.6848815,104.0960616
71735,P4,331.0,331.0,1051.0,1051.0,False,2.55,11.1,672349693,30.69708,104.0725
76607,P4,331.0,331.0,1051.0,1051.0,False,0.74,8.0,1918491716,30.6490086,103.9823371
100235,P4,332.0,332.0,1052.0,1052.0,False,1.27,8.54,1458998773,30.6598021,104.0979504
140212,P4,332.0,332.0,1052.0,1052.0,False,0.2,8.0,4549993020,30.6968336,104.0443714
15816,P4,332.0,332.0,1052.0,1052.0,False,0.2,8.0,2202826072,30.6138802,104.023297
161015,P4,332.0,332.0,1052.0,1052.0,False,1.61,9.22,4750955766,30.71119,104.11419
18195,P4,332.0,332.0,1052.0,1052.0,False,1.08,8.16,1459057464,30.6466569,104.1080476
186882,P4,332.0,332.0,1052.0,1052.0,False,1.61,9.22,4695601754,30.6101253,104.0350762
188838,P4,332.0,332.0,1052.0,1052.0,False,0.71,8.0,1459913330,30.6475503,104.1037967
191337,P4,332.0,332.0,1052.0,1052.0,False,0.48,8.0,2112262741,30.6176336,104.1052602
189073,P4,333.0,333.0,1053.0,1053.0,False,1.46,8.92,671587238,30.6376248,104.0565797
79584,P4,333.0,333.0,1053.0,1053.0,False,1.24,8.48,5375784246,30.6360458,104.0053877
9734,P4,333.0,333.0,1053.0,1053.0,False,3.02,12.04,3496653056,30.6186004,104.0511197
28175,P4,334.0,334.0,1054.0,1054.0,False,2.75,11.5,2653567536,30.6677296,104.0940999
122025,P4,335.0,335.0,1055.0,1055.0,False,0.92,8.0,4572409841,30.7167403,103.9943604
131941,P4,335.0,335.0,1055.0,1055.0,False,2.58,11.16,4699007190,30.6101198,104.0324788
133438,P4,335.0,335.0,1055.0,1055.0,False,3.14,12.28,4585553612,30.6533973,104.0273931
138872,P4,335.0,335.0,1055.0,1055.0,False,0.16,8.0,4699007172,30.6108011,104.0340841
145831,P4,335.0,335.0,1055.0,1055.0,False,1.29,8.58,2360396949,30.66743,104.11354
172144,P4,335.0,335.0,1055.0,1055.0,False,1.4,8.8,2823785860,30.6789881,104.076756
174504,P4,335.0,335.0,1055.0,1055.0,False,0.08,8.0,4701400716,30.6226019,104.0594798
176054,P4,335.0,335.0,1055.0,1055.0,False,1.25,8.5,4106682203,30.6620623,103.9734265
184738,P4,335.0,335.0,1055.0,1055.0,False,0.08,8.0,4548209353,30.6769066,104.0612829
190353,P4,335.0,335.0,1055.0,1055.0,False,1.09,8.18,3523308825,30.6403223,104.0825652
23137,P4,335.0,335.0,1055.0,1055.0,False,0.08,8.0,1916530800,30.6351519,103.979867
4293,P4,335.0,335.0,1055.0,1055.0,False,0.39,8.0,2662847701,30.6802941,103.9937633
56617,P4,335.0,335.0,1055.0,1055.0,False,2.58,11.16,4701577747,30.6199344,104.0817949
67703,P4,335.0,335.0,1055.0,1055.0,False,1.09,8.18,441159355,30.72083,104.10473
75772,P4,335.0,335.0,1055.0,1055.0,False,3.28,12.56,5211337159,30.6342088,104.0011536
103219,P4,336.0,336.0,1056.0,1056.0,False,1.29,8.58,276556860,30.6213041,104.0645003
136511,P4,336.0,336.0,1056.0,1056.0,False,1.53,9.06,1159131458,30.6689,104.05954
149250,P4,336.0,336.0,1056.0,1056.0,False,0.46,8.0,4106681987,30.6423885,103.9775849
17771,P4,336.0,336.0,1056.0,1056.0,False,2.64,11.28,5040759944,30.683414,104.100365
180830,P4,336.0,336.0,1056.0,1056.0,False,0.04,8.0,1504184877,30.7133046,104.0780528
29138,P4,336.0,336.0,1056.0,1056.0,False,1.68,9.36,4118527356,30.6986384,104.1042586
36147,P4,336.0,336.0,1056.0,1056.0,False,1.31,8.62,441187385,30.68836,104.06306
41830,P4,336.0,336.0,1056.0,1056.0,False,0.76,8.0,4572407364,30.6940679,103.9763436
108232,P4,337.0,337.0,1057.0,1057.0,False,1.24,8.48,1159950973,30.654307,104.089357
112500,P4,337.0,337.0,1057.0,1057.0,False,0.29,8.0,4695662940,30.6122541,104.0315197
160206,P4,337.0,337.0,1057.0,1057.0,False,1.97,9.94,4548259613,30.708376,104.0387369
173214,P4,337.0,337.0,1057.0,1057.0,False,0.21,8.0,5336411841,30.6456972,104.0350005
175291,P4,337.0,337.0,1057.0,1057.0,False,0.6,8.0,2039561230,30.6826,104.10985
191351,P4,337.0,337.0,1057.0,1057.0,False,0.16,8.0,1506424273,30.71084,104.06688
44236,P4,337.0,337.0,1057.0,1057.0,False,0.83,8.0,2118977295,30.6949563,104.0038868
54194,P4,337.0,337.0,1057.0,1057.0,False,0.67,8.0,4964134681,30.7167355,104.0296671
60605,P4,337.0,337.0,1057.0,1057.0,False,0.29,8.0,4772216128,30.677535,104.0079899
69143,P4,337.0,337.0,1057.0,1057.0,False,0.96,8.0,4548211425,30.6605728,104.0581527
133439,P4,338.0,338.0,1058.0,1058.0,False,0.69,8.0,4549993155,30.69481,104.06108
140361,P4,338.0,338.0,1058.0,1058.0,False,0.6,8.0,4698894024,30.6115316,104.0353434
179308,P4,338.0,338.0,1058.0,1058.0,False,1.51,9.02,1819305189,30.6383429,104.1069867
21117,P4,338.0,338.0,1058.0,1058.0,False,1.43,8.86,4772463247,30.6640618,104.0469487
50849,P4,338.0,338.0,1058.0,1058.0,False,1.12,8.24,4693609931,30.6320435,104.0718927
75915,P4,338.0,338.0,1058.0,1058.0,False,1.22,8.44,432452883,30.6195942,104.0526152
82796,P4,338.0,338.0,1058.0,1058.0,False,1.43,8.86,3680078462,30.6543343,104.0173902
95646,P4,338.0,338.0,1058.0,1058.0,False,0.28,8.0,803149763,30.6791548,104.0929085
130554,P4,339.0,339.0,1059.0,1059.0,False,0.61,8.0,1492597857,30.6226874,104.066872
134854,P4,339.0,339.0,1059.0,1059.0,False,0.64,8.0,5375783989,30.6511974,103.9887698
137869,P4,339.0,339.0,1059.0,1059.0,False,1.46,8.92,480012030,30.6200203,104.0686798
143074,P4,339.0,339.0,1059.0,1059.0,False,0.61,8.0,2729373176,30.6166289,104.0457287
155375,P4,339.0,339.0,1059.0,1059.0,False,1.19,8.38,432432544,30.6592151,104.038521
202866,P4,339.0,339.0,1059.0,1059.0,False,1.89,9.78,4915830835,30.6761062,104.0713357
23939,P4,339.0,339.0,1059.0,1059.0,False,0.43,8.0,432432557,30.654505,104.04749
24877,P4,339.0,339.0,1059.0,1059.0,False,1.14,8.28,1947584007,30.6827161,104.0928508
71291,P4,339.0,339.0,1059.0,1059.0,False,1.19,8.38,803149470,30.66221,104.0988
91313,P4,339.0,339.0,1059.0,1059.0,False,1.14,8.28,1453885542,30.703105,104.0052113
99508,P4,339.0,339.0,1059.0,1059.0,False,1.14,8.28,1159478537,30.6731068,104.0492536
124519,P4,340.0,340.0,1060.0,1060.0,False,2.64,11.28,1312615937,30.64938,104.05718
137881,P4,340.0,340.0,1060.0,1060.0,False,0.06,8.0,4695640671,30.6170006,104.0260356
208091,P4,340.0,340.0,1060.0,1060.0,False,2.56,11.12,3331334418,30.61165,104.08384
209027,P4,340.0,340.0,1060.0,1060.0,False,1.67,9.34,4572409841,30.7167403,103.9943604
26068,P4,340.0,340.0,1060.0,1060.0,False,0.63,8.0,3445813121,30.6631981,104.0813535
47400,P4,340.0,340.0,1060.0,1060.0,False,0.06,8.0,1916386425,30.6432891,104.0086412
56516,P4,340.0,340.0,1060.0,1060.0,False,1.26,8.52,5375783840,30.6474125,104.0003127
83741,P4,340.0,340.0,1060.0,1060.0,False,0.82,8.0,3496653055,30.6199052,104.0519637
86435,P4,340.0,340.0,1060.0,1060.0,False,2.61,11.22,4585469576,30.656162,104.06061
92460,P4,340.0,340.0,1060.0,1060.0,False,0.13,8.0,5141328429,30.6102582,104.0594337
160115,P4,341.0,341.0,1061.0,1061.0,False,0.64,8.0,1506426847,30.70997,104.07112
187520,P4,341.0,341.0,1061.0,1061.0,False,0.8,8.0,3516900112,30.6717433,104.0682074
104169,P4,342.0,342.0,1062.0,1062.0,False,0.71,8.0,1159227704,30.6969675,104.0523384
119120,P4,342.0,342.0,1062.0,1062.0,False,1.44,8.88,1885342922,30.6779702,104.1003305
124352,P4,342.0,342.0,1062.0,1062.0,False,1.52,9.04,1916386527,30.6418483,104.0584766
147765,P4,342.0,342.0,1062.0,1062.0,False,1.52,9.04,4106681905,30.6124538,103.9985334
21583,P4,342.0,342.0,1062.0,1062.0,False,0.79,8.0,4548141050,30.6223737,104.081116
35571,P4,342.0,342.0,1062.0,1062.0,False,0.16,8.0,1815729252,30.71242,104.06702
59185,P4,342.0,342.0,1062.0,1062.0,False,0.23,8.0,5141328648,30.6129553,104.0620729
107140,P4,343.0,343.0,1063.0,1063.0,False,1.22,8.44,5055908305,30.7142601,104.1148794
133095,P4,343.0,343.0,1063.0,1063.0,False,2.98,11.96,4230611275,30.65266,104.0692
140097,P4,343.0,343.0,1063.0,1063.0,False,1.85,9.7,1159157712,30.6347269,104.1004368
144916,P4,343.0,343.0,1063.0,1063.0,False,1.85,9.7,2399471758,30.6399946,104.1037572
165843,P4,343.0,343.0,1063.0,1063.0,False,0.07,8.0,4699007278,30.6133108,104.0346788
201086,P4,343.0,343.0,1063.0,1063.0,False,1.54,9.08,4294975860,30.6446675,103.9995713
44407,P4,343.0,343.0,1063.0,1063.0,False,0.94,8.0,4106682212,30.6665612,103.9788178
47579,P4,343.0,343.0,1063.0,1063.0,False,2.67,11.34,4699007255,30.6109899,104.0392998
56957,P4,343.0,343.0,1063.0,1063.0,False,0.08,8.0,2731947765,30.612214,104.0788693
86155,P4,343.0,343.0,1063.0,1063.0,False,1.26,8.52,4693609804,30.63349,104.06898
138306,P4,344.0,344.0,1064.0,1064.0,False,0.9,8.0,3562110263,30.6490224,104.0244599
3187,P4,344.0,344.0,1064.0,1064.0,False,0.78,8.0,2843286549,30.6908658,104.0605784
60291,P4,344.0,344.0,1064.0,1064.0,False,1.38,8.76,4695601628,30.6120246,104.0344772
71385,P4,344.0,344.0,1064.0,1064.0,False,0.78,8.0,5002301679,30.6595942,104.0191651
78093,P4,344.0,344.0,1064.0,1064.0,False,0.99,8.0,1457834347,30.6947679,104.1084834
93061,P4,344.0,344.0,1064.0,1064.0,False,0.45,8.0,1458937190,30.6763981,104.0949609
1710,P4,345.0,345.0,1065.0,1065.0,False,2.01,10.02,1388412852,30.6822647,104.0696959
25439,P4,345.0,345.0,1065.0,1065.0,False,2.78,11.56,1861145348,30.67329,104.10962
28944,P4,345.0,345.0,1065.0,1065.0,False,2.11,10.22,5037045682,30.6331021,104.0879891
44193,P4,345.0,345.0,1065.0,1065.0,False,0.53,8.0,4782097012,30.6267233,104.0252487
8077,P4,345.0,345.0,1065.0,1065.0,False,1.9,9.8,5436607838,30.6359784,104.0640423
8335,P4,345.0,345.0,1065.0,1065.0,False,0.6,8.0,2729378355,30.61657,104.04854
121431,P4,346.0,346.0,1066.0,1066.0,False,1.44,8.88,1916386440,30.625976,104.0321467
124039,P4,346.0,346.0,1066.0,1066.0,False,3.93,13.86,1159155382,30.64429,104.09569
145132,P4,346.0,346.0,1066.0,1066.0,False,1.81,9.62,5257005062,30.6771626,104.0936109
159855,P4,346.0,346.0,1066.0,1066.0,False,1.72,9.44,1916386581,30.6325464,104.0197256
178766,P4,346.0,346.0,1066.0,1066.0,False,1.14,8.28,1492396694,30.655124,104.0636683
190965,P4,346.0,346.0,1066.0,1066.0,False,3.28,12.56,5354813692,30.6605738,104.0607854
105035,P4,347.0,347.0,1067.0,1067.0,False,0.43,8.0,5422574947,30.69243,104.07678
11053,P4,347.0,347.0,1067.0,1067.0,False,0.63,8.0,5053143849,30.7261406,104.0006113
12271,P4,347.0,347.0,1067.0,1067.0,False,0.93,8.0,432432546,30.6630635,104.0384781
167807,P4,347.0,347.0,1067.0,1067.0,False,2.08,10.16,4359391017,30.7259796,104.1125921
88843,P4,347.0,347.0,1067.0,1067.0,False,0.93,8.0,4102485559,30.6919154,104.0374748
100203,P4,348.0,348.0,1068.0,1068.0,False,0.58,8.0,4900292718,30.66545,104.06791
129419,P4,348.0,348.0,1068.0,1068.0,False,0.89,8.0,1912247211,30.613386,104.0991364
180563,P4,348.0,348.0,1068.0,1068.0,False,1.41,8.82,4695601539,30.6118425,104.0308539
203087,P4,348.0,348.0,1068.0,1068.0,False,1.41,8.82,1388412852,30.682419,104.07072
207870,P4,348.0,348.0,1068.0,1068.0,False,0.85,8.0,4699007272,30.6153025,104.0359379
208352,P4,348.0,348.0,1068.0,1068.0,False,1.3,8.6,5211337160,30.635225,104.0032917
41080,P4,348.0,348.0,1068.0,1068.0,False,2.02,10.04,3203414185,30.6393023,104.0449882
51539,P4,348.0,348.0,1068.0,1068.0,False,1.97,9.94,4548259670,30.6542,104.0193926
62301,P4,348.0,348.0,1068.0,1068.0,False,1.41,8.82,1301933003,30.6501713,104.0798815
7959,P4,348.0,348.0,1068.0,1068.0,False,1.41,8.82,3562110284,30.6545166,104.0800496
97578,P4,348.0,348.0,1068.0,1068.0,False,1.3,8.6,4779165769,30.6365283,104.0737457
103926,P4,349.0,349.0,1069.0,1069.0,False,0.98,8.0,3680455698,30.6581846,104.0132088
157055,P4,349.0,349.0,1069.0,1069.0,False,0.52,8.0,3087817456,30.64789,104.01226
29379,P4,349.0,349.0,1069.0,1069.0,False,0.37,8.0,5375783840,30.647778,103.99999
3551,P4,349.0,349.0,1069.0,1069.0,False,0.15,8.0,1457843797,30.6884938,104.099715
53133,P4,349.0,349.0,1069.0,1069.0,False,3.08,12.16,4136052196,30.6099049,104.0484874
88413,P4,349.0,349.0,1069.0,1069.0,False,0.27,8.0,4934383684,30.616535,104.1164446
92764,P4,349.0,349.0,1069.0,1069.0,False,0.78,8.0,5218240000,30.6972551,104.0519254
135331,P4,350.0,350.0,1070.0,1070.0,False,2.31,10.62,5382831202,30.67766,104.0943
143872,P4,350.0,350.0,1070.0,1070.0,False,2.31,10.62,1918491750,30.633255,104.0053741
160868,P4,350.0,350.0,1070.0,1070.0,False,0.08,8.0,1902099158,30.7173872,104.0652464
167579,P4,350.0,350.0,1070.0,1070.0,False,1.32,8.64,5375784006,30.6550435,103.9937818
178324,P4,350.0,350.0,1070.0,1070.0,False,0.08,8.0,4106682241,30.6832954,103.9972587
188883,P4,350.0,350.0,1070.0,1070.0,False,0.45,8.0,1885342916,30.6808046,104.0983394
32989,P4,350.0,350.0,1070.0,1070.0,False,0.26,8.0,4548211255,30.6796797,104.0394063
62020,P4,350.0,350.0,1070.0,1070.0,False,1.32,8.64,2331442702,30.6547442,103.9814037
73794,P4,350.0,350.0,1070.0,1070.0,False,2.63,11.26,4548211326,30.6362137,104.0309548
84057,P4,350.0,350.0,1070.0,1070.0,False,0.43,8.0,1445481368,30.6570979,104.063575
86169,P4,350.0,350.0,1070.0,1070.0,False,2.31,10.62,3927877871,30.6765872,103.9878448
106316,P4,351.0,351.0,1071.0,1071.0,False,0.29,8.0,3562045386,30.7112589,104.0431327
124606,P4,351.0,351.0,1071.0,1071.0,False,0.9,8.0,479902229,30.6232263,104.0903911
129351,P4,351.0,351.0,1071.0,1071.0,False,2.26,10.52,4219896930,30.6217724,104.0402361
173421,P4,351.0,351.0,1071.0,1071.0,False,0.56,8.0,1072704370,30.6952583,104.0774509
179578,P4,351.0,351.0,1071.0,1071.0,False,1.26,8.52,4782067665,30.626368,104.0286114
188179,P4,351.0,351.0,1071.0,1071.0,False,0.56,8.0,1458579724,30.6826342,104.0950867
11513,P4,352.0,352.0,1072.0,1072.0,False,2.8,11.6,2558636068,30.6299459,104.0244345
124712,P4,352.0,352.0,1072.0,1072.0,False,2.8,11.6,4106682123,30.6445795,103.9826903
194862,P4,352.0,352.0,1072.0,1072.0,False,1.4,8.8,4548211472,30.6383459,104.0294391
32145,P4,352.0,352.0,1072.0,1072.0,False,1.16,8.32,1958204248,30.6700116,104.0846121
38465,P4,352.0,352.0,1072.0,1072.0,False,1.4,8.8,4136052196,30.6099049,104.0484874
45243,P4,352.0,352.0,1072.0,1072.0,False,2.8,11.6,3541404998,30.685595,104.052246
48975,P4,352.0,352.0,1072.0,1072.0,False,1.29,8.58,1159139099,30.664131,104.102905
65713,P4,352.0,352.0,1072.0,1072.0,False,1.29,8.58,4748166144,30.6133273,104.0214163
65775,P4,352.0,352.0,1072.0,1072.0,False,0.55,8.0,1159518606,30.64916,104.06737
68819,P4,352.0,352.0,1072.0,1072.0,False,1.05,8.1,2651588758,30.667906,104.09985
93084,P4,352.0,352.0,1072.0,1072.0,False,1.4,8.8,432452896,30.618552,104.060157
122444,P4,353.0,353.0,1073.0,1073.0,False,1.5,9.0,1459059550,30.6453922,104.1072005
148519,P4,353.0,353.0,1073.0,1073.0,False,0.69,8.0,4548259568,30.68693,104.05034
155375,P4,353.0,353.0,1073.0,1073.0,False,0.51,8.0,2912291165,30.6410523,104.1040394
155861,P4,353.0,353.0,1073.0,1073.0,False,1.19,8.38,3943038365,30.6435267,104.0646167
177789,P4,353.0,353.0,1073.0,1073.0,False,1.65,9.3,3582245813,30.7210734,103.998547
207897,P4,353.0,353.0,1073.0,1073.0,False,0.51,8.0,4505485132,30.6336,104.0882308
31805,P4,353.0,353.0,1073.0,1073.0,False,0.72,8.0,803149778,30.6795374,104.0924023
41578,P4,353.0,353.0,1073.0,1073.0,False,2.69,11.38,4548141079,30.6226315,104.0684014
69855,P4,353.0,353.0,1073.0,1073.0,False,0.34,8.0,3579530515,30.650686,104.115906
92238,P4,353.0,353.0,1073.0,1073.0,False,0.13,8.0,1815855081,30.6762251,103.9766378
147800,P4,354.0,354.0,1074.0,1074.0,False,1.36,8.72,3633018910,30.6645486,104.064824
162186,P4,354.0,354.0,1074.0,1074.0,False,1.36,8.72,4695601754,30.6101253,104.0350762
171163,P4,354.0,354.0,1074.0,1074.0,False,1.36,8.72,5283966328,30.70252,104.09434
177541,P4,354.0,354.0,1074.0,1074.0,False,0.09,8.0,1159455179,30.6603304,104.0463317
35236,P4,354.0,354.0,1074.0,1074.0,False,0.25,8.0,1885342904,30.6791715,104.0982216
39263,P4,354.0,354.0,1074.0,1074.0,False,1.58,9.16,1460296423,30.6496678,104.110043
40235,P4,354.0,354.0,1074.0,1074.0,False,0.87,8.0,1159935140,30.6705902,103.9977122
42294,P4,354.0,354.0,1074.0,1074.0,False,0.87,8.0,5218133405,30.647212,104.1099806
70179,P4,354.0,354.0,1074.0,1074.0,False,0.92,8.0,441187228,30.670256,104.06354
77966,P4,354.0,354.0,1074.0,1074.0,False,0.33,8.0,4572409854,30.6591059,104.0384476
122527,P4,355.0,355.0,1075.0,1075.0,False,0.51,8.0,2843289926,30.68367,104.06543
184983,P4,355.0,355.0,1075.0,1075.0,False,0.03,8.0,432452907,30.6109222,104.0696791
189734,P4,355.0,355.0,1075.0,1075.0,False,2.11,10.22,1492582891,30.6261835,104.0643868
71865,P4,355.0,355.0,1075.0,1075.0,False,2.58,11.16,5002301703,30.6898323,104.0341507
8479,P4,355.0,355.0,1075.0,1075.0,False,1.95,9.9,1445522773,30.64899,104.06622
96244,P4,355.0,355.0,1075.0,1075.0,False,0.9,8.0,2039522710,30.6734606,104.107658
994,P4,355.0,355.0,1075.0,1075.0,False,0.03,8.0,1504198485,30.7059208,104.0996737
102265,P4,356.0,356.0,1076.0,1076.0,False,0.32,8.0,4693647119,30.6339592,104.0724524
106459,P4,356.0,356.0,1076.0,1076.0,False,1.95,9.9,3541427578,30.716934,104.04482
107615,P4,356.0,356.0,1076.0,1076.0,False,2.28,10.56,2041527475,30.6926646,104.0983555
107807,P4,356.0,356.0,1076.0,1076.0,False,1.04,8.08,2847752856,30.65524,104.10516
153037,P4,356.0,356.0,1076.0,1076.0,False,1.6,9.2,3436486406,30.6423816,104.0473723
169327,P4,356.0,356.0,1076.0,1076.0,False,1.6,9.2,4695601333,30.609656,104.0290645
172851,P4,356.0,356.0,1076.0,1076.0,False,1.73,9.46,4548211342,30.670828,104.0569
187423,P4,356.0,356.0,1076.0,1076.0,False,0.32,8.0,4693609988,30.6282892,104.0710608
209131,P4,356.0,356.0,1076.0,1076.0,False,0.28,8.0,4118527451,30.699284,104.096436
42016,P4,356.0,356.0,1076.0,1076.0,False,2.28,10.56,1159155384,30.6400714,104.098946
126350,P4,357.0,357.0,1077.0,1077.0,False,2.26,10.52,2722829584,30.7009341,104.0661237
130489,P4,357.0,357.0,1077.0,1077.0,False,0.12,8.0,5040759936,30.6851895,104.1015641
90581,P4,357.0,357.0,1077.0,1077.0,False,2.26,10.52,5141328778,30.6146367,104.0620239
100111,P4,358.0,358.0,1078.0,1078.0,False,1.35,8.7,1964427886,30.670591,104.103065
106702,P4,358.0,358.0,1078.0,1078.0,False,1.58,9.16,4695601600,30.6091969,104.0394456
135315,P4,358.0,358.0,1078.0,1078.0,False,1.22,8.44,4549993421,30.6940004,104.0390818
168602,P4,358.0,358.0,1078.0,1078.0,False,0.75,8.0,1885342904,30.6791715,104.0982216
193717,P4,358.0,358.0,1078.0,1078.0,False,1.24,8.48,4934383678,30.6154639,104.1126949
28339,P4,358.0,358.0,1078.0,1078.0,False,1.31,8.62,4548211199,30.6747842,104.0379887
30979,P4,358.0,358.0,1078.0,1078.0,False,1.43,8.86,3943038380,30.643227,104.06199
41984,P4,358.0,358.0,1078.0,1078.0,False,1.22,8.44,4772463270,30.6619113,104.0461651
61541,P4,358.0,358.0,1078.0,1078.0,False,2.82,11.64,4779165760,30.63338,104.0516044
71727,P4,358.0,358.0,1078.0,1078.0,False,0.42,8.0,4987536555,30.6412093,103.9937178
74871,P4,358.0,358.0,1078.0,1078.0,False,1.43,8.86,4548318489,30.6271403,104.0931769
84857,P4,358.0,358.0,1078.0,1078.0,False,0.42,8.0,5283966198,30.7016693,104.1043698
182291,P4,359.0,359.0,1079.0,1079.0,False,1.08,8.16,1159950973,30.655083,104.08868
182412,P4,359.0,359.0,1079.0,1079.0,False,0.23,8.0,4972899580,30.6331037,104.0482294
63990,P4,359.0,359.0,1079.0,1079.0,False,1.59,9.18,2135946726,30.6161466,104.0156152
66004,P4,359.0,359.0,1079.0,1079.0,False,1.59,9.18,4915830835,30.6761062,104.0713357
83681,P4,359.0,359.0,1079.0,1079.0,False,0.43,8.0,1159231828,30.6955532,104.0843135
130503,P4,360.0,360.0,1080.0,1080.0,False,0.54,8.0,3034409149,30.72028,104.079
150971,P4,360.0,360.0,1080.0,1080.0,False,0.82,8.0,4703149504,30.61205,104.08167
194275,P4,360.0,360.0,1080.0,1080.0,False,2.18,10.36,1861145360,30.6692,104.11101
43806,P4,360.0,360.0,1080.0,1080.0,False,0.54,8.0,2112261971,30.620255,104.0996867
76011,P4,360.0,360.0,1080.0,1080.0,False,0.48,8.0,4548211258,30.66207,104.05399
85421,P4,360.0,360.0,1080.0,1080.0,False,0.82,8.0,3927876939,30.6750845,103.9870927
156666,P4,361.0,361.0,1081.0,1081.0,False,0.04,8.0,4230593034,30.6429415,104.0873305
164415,P4,361.0,361.0,1081.0,1081.0,False,0.3,8.0,1902099047,30.708006,104.06431
35207,P4,361.0,361.0,1081.0,1081.0,False,1.75,9.5,3034408998,30.7023527,104.0922144
45111,P4,361.0,361.0,1081.0,1081.0,False,2.24,10.48,5213253142,30.66507,104.10933
4614,P4,361.0,361.0,1081.0,1081.0,False,0.62,8.0,4693610151,30.6351364,104.0671493
50044,P4,361.0,361.0,1081.0,1081.0,False,1.58,9.16,2956775230,30.7119064,104.0361808
79947,P4,361.0,361.0,1081.0,1081.0,False,0.79,8.0,2315717688,30.62998,104.09968
84140,P4,361.0,361.0,1081.0,1081.0,False,0.3,8.0,1492416227,30.6273948,104.0641628
93291,P4,361.0,361.0,1081.0,1081.0,False,1.58,9.16,3562099191,30.6525357,104.0741928
100846,P4,362.0,362.0,1082.0,1082.0,False,1.77,9.54,4572407369,30.7062537,103.9850244
113364,P4,362.0,362.0,1082.0,1082.0,False,0.92,8.0,2956775838,30.7162346,104.0486586
116269,P4,362.0,362.0,1082.0,1082.0,False,1.34,8.68,4548318011,30.6165803,104.0964159
141299,P4,362.0,362.0,1082.0,1082.0,False,1.77,9.54,3693431549,30.6475686,104.0349116
143030,P4,362.0,362.0,1082.0,1082.0,False,0.69,8.0,4106681903,30.6110255,103.9940687
157323,P4,362.0,362.0,1082.0,1082.0,False,2.85,11.7,2564226632,30.642674,104.0221933
186757,P4,362.0,362.0,1082.0,1082.0,False,1.15,8.3,4549993425,30.705588,104.0381527
196381,P4,362.0,362.0,1082.0,1082.0,False,0.69,8.0,4695700247,30.6170552,104.0197036
67455,P4,362.0,362.0,1082.0,1082.0,False,1.16,8.32,3541420734,30.69334,104.0724
148129,P4,363.0,363.0,1083.0,1083.0,False,0.18,8.0,1159502913,30.6910067,104.0324542
158191,P4,363.0,363.0,1083.0,1083.0,False,1.05,8.1,4695601570,30.6108563,104.0328647
172880,P4,363.0,363.0,1083.0,1083.0,False,1.05,8.1,4548211662,30.6560954,104.0197676
181539,P4,363.0,363.0,1083.0,1083.0,False,0.18,8.0,4779165800,30.6358011,104.0735412
183478,P4,363.0,363.0,1083.0,1083.0,False,0.4,8.0,1159932053,30.670928,103.9882158
79042,P4,363.0,363.0,1083.0,1083.0,False,1.27,8.54,2180630915,30.6996188,104.0518201
116675,P4,364.0,364.0,1084.0,1084.0,False,1.55,9.1,4695662940,30.6122541,104.0315197
150607,P4,364.0,364.0,1084.0,1084.0,False,1.55,9.1,4779165789,30.6357646,104.0737879
150899,P4,364.0,364.0,1084.0,1084.0,False,0.89,8.0,4550018628,30.65241,104.05651
16990,P4,364.0,364.0,1084.0,1084.0,False,0.12,8.0,1458586317,30.6858946,104.0977932
62467,P4,364.0,364.0,1084.0,1084.0,False,0.74,8.0,3562086854,30.67834,104.04251
80840,P4,364.0,364.0,1084.0,1084.0,False,1.26,8.52,4934383654,30.6187999,104.1145451
103357,P4,365.0,365.0,1085.0,1085.0,False,0.29,8.0,4548259376,30.6905693,104.0491032
123725,P4,365.0,365.0,1085.0,1085.0,False,0.05,8.0,4549993446,30.6467945,103.9730787
180596,P4,365.0,365.0,1085.0,1085.0,False,0.37,8.0,1159173784,30.6320216,104.0709797
199792,P4,365.0,365.0,1085.0,1085.0,False,0.47,8.0,4414330241,30.6626003,104.0893239
38374,P4,365.0,365.0,1085.0,1085.0,False,0.93,8.0,4217837114,30.6268417,104.0437777
43872,P4,365.0,365.0,1085.0,1085.0,False,1.28,8.56,5055908307,30.7065733,104.1135254
547,P4,365.0,365.0,1085.0,1085.0,False,1.28,8.56,4695601301,30.6110054,104.0300442
74544,P4,365.0,365.0,1085.0,1085.0,False,0.35,8.0,1295783630,30.6408375,104.0794357
86684,P4,365.0,365.0,1085.0,1085.0,False,0.85,8.0,2722829573,30.699471,104.0667513
107236,P4,366.0,366.0,1086.0,1086.0,False,1.53,9.06,3087817473,30.6350124,104.0203414
118350,P4,366.0,366.0,1086.0,1086.0,False,0.13,8.0,1159447643,30.6732409,104.0301527
134304,P4,366.0,366.0,1086.0,1086.0,False,2.55,11.1,4217837114,30.6268417,104.0437777
151024,P4,366.0,366.0,1086.0,1086.0,False,0.13,8.0,2727024777,30.6169622,104.0519626
175350,P4,366.0,366.0,1086.0,1086.0,False,0.36,8.0,4550769600,30.6232735,104.1051174
34502,P4,366.0,366.0,1086.0,1086.0,False,1.53,9.06,2653330901,30.6564046,104.110549
46150,P4,366.0,366.0,1086.0,1086.0,False,0.77,8.0,3582243013,30.7181715,104.0037623
117721,P4,367.0,367.0,1087.0,1087.0,False,2.66,11.32,4548211370,30.6708997,104.057974
140804,P4,367.0,367.0,1087.0,1087.0,False,2.66,11.32,2041314679,30.6804953,104.0974006
150765,P4,367.0,367.0,1087.0,1087.0,False,1.92,9.84,5141468775,30.6305071,104.0919439
51246,P4,367.0,367.0,1087.0,1087.0,False,1.69,9.38,2823798122,30.6572364,104.0546464
85383,P4,367.0,367.0,1087.0,1087.0,False,1.69,9.38,4217837114,30.6268417,104.0437777
101085,P4,368.0,368.0,1088.0,1088.0,False,0.02,8.0,4106682221,30.6724514,103.9988918
130296,P4,368.0,368.0,1088.0,1088.0,False,0.15,8.0,3203414184,30.6359816,104.0411401
143847,P4,368.0,368.0,1088.0,1088.0,False,1.71,9.42,1159131822,30.66659,104.08079
169801,P4,368.0,368.0,1088.0,1088.0,False,0.2,8.0,4693609825,30.6309362,104.0709909
175164,P4,368.0,368.0,1088.0,1088.0,False,1.29,8.58,4549993055,30.6514775,103.9926261
175666,P4,368.0,368.0,1088.0,1088.0,False,1.14,8.28,3516900112,30.6717433,104.0682074
180905,P4,368.0,368.0,1088.0,1088.0,False,0.66,8.0,439751910,30.6757224,103.9877432
191813,P4,368.0,368.0,1088.0,1088.0,False,1.32,8.64,1987226861,30.663292,104.0523509
51325,P4,368.0,368.0,1088.0,1088.0,False,0.34,8.0,5141326913,30.6095869,104.0584766
68843,P4,368.0,368.0,1088.0,1088.0,False,0.66,8.0,432432545,30.66058,104.0384
101403,P4,369.0,369.0,1089.0,1089.0,False,0.7,8.0,1492368570,30.656733,104.06243
109047,P4,369.0,369.0,1089.0,1089.0,False,1.44,8.88,4438008291,30.6912674,104.0937124
24920,P4,369.0,369.0,1089.0,1089.0,False,1.21,8.42,1305816672,30.6489302,104.0826434
51803,P4,369.0,369.0,1089.0,1089.0,False,1.21,8.42,1500638622,30.68677,104.07961
97873,P4,369.0,369.0,1089.0,1089.0,False,1.7,9.4,4548318391,30.6165121,104.0963247
112452,P4,370.0,370.0,1090.0,1090.0,False,0.63,8.0,4106681973,30.6405714,103.9752821
151321,P4,370.0,370.0,1090.0,1090.0,False,0.81,8.0,4505485130,30.6326868,104.084008
163250,P4,370.0,370.0,1090.0,1090.0,False,0.27,8.0,872835364,30.6587458,104.0582087
18638,P4,370.0,370.0,1090.0,1090.0,False,1.21,8.42,4549993425,30.705588,104.0381527
201193,P4,370.0,370.0,1090.0,1090.0,False,0.63,8.0,2692990557,30.7047471,104.0919616
22994,P4,370.0,370.0,1090.0,1090.0,False,3.31,12.62,1504196626,30.7096406,104.0971855
67359,P4,370.0,370.0,1090.0,1090.0,False,0.81,8.0,4695601610,30.6092985,104.0364877
94614,P4,370.0,370.0,1090.0,1090.0,False,0.81,8.0,2160890931,30.705024,104.0699789
148168,P4,371.0,371.0,1091.0,1091.0,False,0.51,8.0,5141468677,30.6376358,104.0908867
149659,P4,371.0,371.0,1091.0,1091.0,False,0.49,8.0,3516900122,30.670616,104.07257
162518,P4,371.0,371.0,1091.0,1091.0,False,0.51,8.0,3562004398,30.6534004,104.0342573
184432,P4,371.0,371.0,1091.0,1091.0,False,1.1,8.2,1311904439,30.6447965,104.0779901
186921,P4,371.0,371.0,1091.0,1091.0,False,0.15,8.0,1916386495,30.6368784,104.0583902
30391,P4,371.0,371.0,1091.0,1091.0,False,1.19,8.38,5283966197,30.700026,104.10556
38524,P4,371.0,371.0,1091.0,1091.0,False,0.49,8.0,1455094525,30.6963224,104.1056643
50715,P4,371.0,371.0,1091.0,1091.0,False,1.91,9.82,3633018388,30.667116,104.066315
71522,P4,371.0,371.0,1091.0,1091.0,False,0.67,8.0,2956775228,30.7125494,104.0381743
140562,P4,372.0,372.0,1092.0,1092.0,False,1.24,8.48,3541427586,30.7184633,104.041902
143741,P4,372.0,372.0,1092.0,1092.0,False,0.29,8.0,3034376780,30.6790592,104.0654413
156295,P4,372.0,372.0,1092.0,1092.0,False,1.7,9.4,1460346639,30.657454,104.114914
183309,P4,372.0,372.0,1092.0,1092.0,False,1.18,8.36,1159148557,30.6638613,104.0728561
205335,P4,372.0,372.0,1092.0,1092.0,False,1.3,8.6,3034409025,30.71587,104.0954
205887,P4,372.0,372.0,1092.0,1092.0,False,2.02,10.04,3562110284,30.655008,104.080315
27708,P4,372.0,372.0,1092.0,1092.0,False,1.84,9.68,3445777694,30.6403579,104.1047148
66851,P4,372.0,372.0,1092.0,1092.0,False,1.38,8.76,1918505692,30.612219,104.0042084
75707,P4,372.0,372.0,1092.0,1092.0,False,1.15,8.3,4548259667,30.6904299,104.0489385
115855,P4,373.0,373.0,1093.0,1093.0,False,1.73,9.46,4695640640,30.6121129,104.0244454
116268,P4,373.0,373.0,1093.0,1093.0,False,1.79,9.58,4359391012,30.7254702,104.1151762
133986,P4,373.0,373.0,1093.0,1093.0,False,1.16,8.32,1458578611,30.6830403,104.0954
191423,P4,373.0,373.0,1093.0,1093.0,False,0.06,8.0,2868588323,30.6650458,104.0826394
206735,P4,373.0,373.0,1093.0,1093.0,False,1.73,9.46,2041527426,30.68767,104.09413
26451,P4,373.0,373.0,1093.0,1093.0,False,1.76,9.52,2653570471,30.66718,104.09194
31455,P4,373.0,373.0,1093.0,1093.0,False,1.3,8.6,5141468696,30.6360241,104.0937883
7383,P4,373.0,373.0,1093.0,1093.0,False,1.52,9.04,2726912095,30.67887,104.06948
108199,P4,374.0,374.0,1094.0,1094.0,False,2.96,11.92,1301933042,30.65478,104.0793
114579,P4,374.0,374.0,1094.0,1094.0,False,2.22,10.44,4585624086,30.67521,104.03356
12757,P4,374.0,374.0,1094.0,1094.0,False,0.08,8.0,3034029071,30.6773625,104.0034927
161328,P4,374.0,374.0,1094.0,1094.0,False,1.45,8.9,4548259595,30.7066073,104.0201394
162467,P4,374.0,374.0,1094.0,1094.0,False,0.88,8.0,2843289926,30.68175,104.06795
186483,P4,374.0,374.0,1094.0,1094.0,False,0.08,8.0,3516896169,30.66357,104.07056
19305,P4,374.0,374.0,1094.0,1094.0,False,0.22,8.0,1159224292,30.6965641,104.0475878
37041,P4,374.0,374.0,1094.0,1094.0,False,0.97,8.0,1311904382,30.6451225,104.0718226
45595,P4,374.0,374.0,1094.0,1094.0,False,2.24,10.48,3034393462,30.68358,104.04832
47858,P4,374.0,374.0,1094.0,1094.0,False,0.22,8.0,4699007416,30.6127652,104.0448773
65020,P4,374.0,374.0,1094.0,1094.0,False,0.4,8.0,2133184343,30.6247848,104.0957056
75731,P4,374.0,374.0,1094.0,1094.0,False,0.93,8.0,3742070461,30.65066,104.08593
77027,P4,374.0,374.0,1094.0,1094.0,False,1.45,8.9,1159143633,30.67133,104.10249
83048,P4,374.0,374.0,1094.0,1094.0,False,0.88,8.0,1445523376,30.649645,104.0650195
93238,P4,374.0,374.0,1094.0,1094.0,False,2.22,10.44,4550018892,30.6277797,104.0191042
93506,P4,374.0,374.0,1094.0,1094.0,False,1.45,8.9,1459895595,30.6427175,104.1056818
110415,P4,375.0,375.0,1095.0,1095.0,False,2.84,11.68,3541427570,30.71066,104.03474
121952,P4,375.0,375.0,1095.0,1095.0,False,1.85,9.7,4693610149,30.6351322,104.0669106
129943,P4,375.0,375.0,1095.0,1095.0,False,1.2,8.4,3089029138,30.6632578,104.0507561
135451,P4,375.0,375.0,1095.0,1095.0,False,0.92,8.0,2133188303,30.6200589,104.0962298
157755,P4,375.0,375.0,1095.0,1095.0,False,1.28,8.56,314622958,30.64388,104.04639
158041,P4,375.0,375.0,1095.0,1095.0,False,2.71,11.42,432442862,30.6702808,104.0012821
44103,P4,375.0,375.0,1095.0,1095.0,False,2.88,11.76,432442508,30.67047,104.00784
53968,P4,375.0,375.0,1095.0,1095.0,False,1.2,8.4,1885342916,30.6808046,104.0983394
85207,P4,375.0,375.0,1095.0,1095.0,False,1.73,9.46,1458687639,30.68153,104.09285
89605,P4,375.0,375.0,1095.0,1095.0,False,1.05,8.1,432441915,30.6285016,104.026985
126367,P4,376.0,376.0,1096.0,1096.0,False,1.82,9.64,1312615989,30.659266,104.05681
141352,P4,376.0,376.0,1096.0,1096.0,False,1.32,8.64,3633001071,30.6661508,104.0233502
193226,P4,376.0,376.0,1096.0,1096.0,False,1.05,8.1,5375784151,30.6478602,104.0015914
49695,P4,376.0,376.0,1096.0,1096.0,False,1.28,8.56,5359113187,30.6764952,104.0129156
60629,P4,376.0,376.0,1096.0,1096.0,False,1.28,8.56,2912291165,30.6410523,104.1040394
76051,P4,376.0,376.0,1096.0,1096.0,False,2.67,11.34,3562045362,30.72307,104.06206
135311,P4,377.0,377.0,1097.0,1097.0,False,0.0,8.0,3562045387,30.7115826,104.042712
197881,P4,377.0,377.0,1097.0,1097.0,False,0.41,8.0,4779165710,30.6362246,104.0255253
31531,P4,377.0,377.0,1097.0,1097.0,False,2.99,11.98,4106682239,30.6819923,104.0032525
44875,P4,377.0,377.0,1097.0,1097.0,False,2.6,11.2,2041522384,30.66791,104.10715
45307,P4,377.0,377.0,1097.0,1097.0,False,0.72,8.0,4794992619,30.64017,104.06602
86338,P4,377.0,377.0,1097.0,1097.0,False,0.46,8.0,4695601293,30.6117756,104.0281575
9474,P4,377.0,377.0,1097.0,1097.0,False,0.62,8.0,1987226888,30.667348,104.0491602
99019,P4,377.0,377.0,1097.0,1097.0,False,1.92,9.84,2041530098,30.690521,104.08764
10216,P4,378.0,378.0,1098.0,1098.0,False,1.23,8.46,4779165778,30.636525,104.0734961
113268,P4,378.0,378.0,1098.0,1098.0,False,1.23,8.46,1507337740,30.6969852,104.0774387
118727,P4,378.0,378.0,1098.0,1098.0,False,0.88,8.0,803149470,30.662197,104.099525
133864,P4,378.0,378.0,1098.0,1098.0,False,0.47,8.0,4772448419,30.6816875,104.007727
152925,P4,378.0,378.0,1098.0,1098.0,False,0.73,8.0,1458998773,30.6598021,104.0979504
159970,P4,378.0,378.0,1098.0,1098.0,False,2.76,11.52,432442905,30.6718581,104.0248203
3755,P4,378.0,378.0,1098.0,1098.0,False,0.64,8.0,5312164200,30.6675221,104.103321
71088,P4,378.0,378.0,1098.0,1098.0,False,0.3,8.0,4550018791,30.6196193,104.0115791
72683,P4,378.0,378.0,1098.0,1098.0,False,0.48,8.0,1506487128,30.7150381,104.0721196
73881,P4,378.0,378.0,1098.0,1098.0,False,2.49,10.98,5359113181,30.6768089,104.0142246
87975,P4,378.0,378.0,1098.0,1098.0,False,0.48,8.0,432432557,30.65405,104.04777
113738,P4,379.0,379.0,1099.0,1099.0,False,0.55,8.0,5141468738,30.6332097,104.0949246
149845,P4,379.0,379.0,1099.0,1099.0,False,2.57,11.14,4782097006,30.6261211,104.023372
157671,P4,379.0,379.0,1099.0,1099.0,False,2.23,10.46,1459065027,30.646161,104.1077405
120039,P4,380.0,380.0,1100.0,1100.0,False,0.34,8.0,1819305504,30.6322292,104.1058112
122213,P4,380.0,380.0,1100.0,1100.0,False,1.41,8.82,2843289939,30.6832217,104.0675036
134060,P4,380.0,380.0,1100.0,1100.0,False,2.29,10.58,5141468648,30.6338985,104.0928327
135931,P4,380.0,380.0,1100.0,1100.0,False,0.92,8.0,3069351956,30.6280116,103.9877324
168451,P4,380.0,380.0,1100.0,1100.0,False,1.4,8.8,3113656969,30.66494,104.0516
18295,P4,380.0,380.0,1100.0,1100.0,False,2.54,11.08,432452905,30.6187725,104.0694879
191234,P4,380.0,380.0,1100.0,1100.0,False,0.74,8.0,4549993446,30.6467945,103.9730787
192676,P4,380.0,380.0,1100.0,1100.0,False,0.92,8.0,1339701416,30.7000894,104.0516678
203903,P4,380.0,380.0,1100.0,1100.0,False,2.98,11.96,4106682091,30.6425019,103.9821727
28716,P4,380.0,380.0,1100.0,1100.0,False,1.36,8.72,1493146458,30.6161989,104.0647223
50644,P4,380.0,380.0,1100.0,1100.0,False,0.9,8.0,3599790543,30.7113227,104.1065193
67845,P4,380.0,380.0,1100.0,1100.0,False,1.4,8.8,5213253219,30.7256417,104.0722196
78926,P4,380.0,380.0,1100.0,1100.0,False,1.41,8.82,4698894019,30.6107365,104.0340323
80985,P4,380.0,380.0,1100.0,1100.0,False,0.48,8.0,2118910078,30.70893,104.0898666
119164,P4,381.0,381.0,1101.0,1101.0,False,2.71,11.42,1885342902,30.6783873,104.0992476
12199,P4,381.0,381.0,1101.0,1101.0,False,0.79,8.0,4550701395,30.616269,103.9750526
127352,P4,381.0,381.0,1101.0,1101.0,False,2.31,10.62,2785843772,30.6893868,104.0104448
1882,P4,381.0,381.0,1101.0,1101.0,False,1.57,9.14,432441922,30.6267119,104.027919
20199,P4,381.0,381.0,1101.0,1101.0,False,2.31,10.62,5382831175,30.6760721,104.0982476
38703,P4,381.0,381.0,1101.0,1101.0,False,1.13,8.26,3562099599,30.6520884,104.0197281
78767,P4,381.0,381.0,1101.0,1101.0,False,3.63,13.26,4393165158,30.6227099,104.0637625
8431,P4,381.0,381.0,1101.0,1101.0,False,1.51,9.02,5100157859,30.6328176,104.0802844
142739,P4,382.0,382.0,1102.0,1102.0,False,1.32,8.64,3541429493,30.71124,104.05272
146889,P4,382.0,382.0,1102.0,1102.0,False,1.86,9.72,3034029062,30.6810581,104.0111139
147974,P4,382.0,382.0,1102.0,1102.0,False,1.86,9.72,2532979486,30.7056378,104.0905158
174612,P4,382.0,382.0,1102.0,1102.0,False,0.99,8.0,5141468678,30.6383047,104.0906592
18843,P4,382.0,382.0,1102.0,1102.0,False,1.31,8.62,3633001072,30.66373,104.02365
59571,P4,382.0,382.0,1102.0,1102.0,False,1.16,8.32,1956554705,30.67572,104.11116
69299,P4,382.0,382.0,1102.0,1102.0,False,1.7,9.4,1159488308,30.6899,104.07363
81572,P4,382.0,382.0,1102.0,1102.0,False,0.16,8.0,2785841184,30.685551,104.0235703
89483,P4,382.0,382.0,1102.0,1102.0,False,1.32,8.64,5213253213,30.7181618,104.0714319
104579,P4,383.0,383.0,1103.0,1103.0,False,0.14,8.0,3562099596,30.65143,104.02462
107378,P4,383.0,383.0,1103.0,1103.0,False,1.0,8.0,4449099845,30.6450247,104.1098074
148298,P4,383.0,383.0,1103.0,1103.0,False,0.61,8.0,4546940181,30.6111481,104.1130775
26639,P4,383.0,383.0,1103.0,1103.0,False,1.36,8.72,1159143355,30.66197,104.10106
28404,P4,383.0,383.0,1103.0,1103.0,False,1.58,9.16,5375783458,30.6223245,104.0078639
44004,P4,383.0,383.0,1103.0,1103.0,False,2.36,10.72,5141468653,30.6384727,104.0924893
70295,P4,383.0,383.0,1103.0,1103.0,False,1.14,8.28,3541389064,30.67371,104.05575
93329,P4,383.0,383.0,1103.0,1103.0,False,0.01,8.0,1156126880,30.680231,104.0549136
96633,P4,383.0,383.0,1103.0,1103.0,False,0.52,8.0,4695601564,30.6116613,104.0322604
100408,P4,384.0,384.0,1104.0,1104.0,False,1.69,9.38,4294771687,30.6203847,104.0327104
115536,P4,384.0,384.0,1104.0,1104.0,False,0.22,8.0,4548211646,30.684373,104.0422094
154643,P4,384.0,384.0,1104.0,1104.0,False,0.22,8.0,2344329082,30.65358,104.05305
194519,P4,384.0,384.0,1104.0,1104.0,False,0.8,8.0,4699007281,30.6150398,104.0349117
204718,P4,384.0,384.0,1104.0,1104.0,False,0.8,8.0,3516900117,30.6718171,104.0804158
206507,P4,384.0,384.0,1104.0,1104.0,False,0.99,8.0,5375784068,30.6591,104.0009
37322,P4,384.0,384.0,1104.0,1104.0,False,0.64,8.0,4695701796,30.6136103,104.018995
7274,P4,384.0,384.0,1104.0,1104.0,False,1.02,8.04,4549759306,30.692312,104.0359777
82735,P4,384.0,384.0,1104.0,1104.0,False,0.27,8.0,5211337161,30.635819,104.0045626
113151,P4,385.0,385.0,1105.0,1105.0,False,2.63,11.26,2823798122,30.6572364,104.0546464
127439,P4,385.0,385.0,1105.0,1105.0,False,0.3,8.0,2731945731,30.6109921,104.092352
149036,P4,385.0,385.0,1105.0,1105.0,False,2.32,10.64,4444112359,30.7258416,104.1047748
173978,P4,385.0,385.0,1105.0,1105.0,False,0.3,8.0,5436627804,30.6978288,104.0705175
190248,P4,385.0,385.0,1105.0,1105.0,False,1.41,8.82,3691210143,30.65801,104.0164294
36672,P4,385.0,385.0,1105.0,1105.0,False,1.19,8.38,2180630928,30.6991222,104.0529965
105755,P4,386.0,386.0,1106.0,1106.0,False,0.06,8.0,1492371540,30.6549288,104.0633533
188395,P4,386.0,386.0,1106.0,1106.0,False,1.06,8.12,4118527343,30.6974385,104.0888202
30095,P4,386.0,386.0,1106.0,1106.0,False,0.31,8.0,1072704388,30.705185,104.06357
118112,P4,387.0,387.0,1107.0,1107.0,False,1.37,8.74,4693610170,30.6340732,104.0708935
133670,P4,387.0,387.0,1107.0,1107.0,False,1.68,9.36,5375784150,30.6460674,104.0018445
134829,P4,387.0,387.0,1107.0,1107.0,False,2.14,10.28,1312615956,30.6489116,104.0588362
193859,P4,387.0,387.0,1107.0,1107.0,False,0.15,8.0,1861145360,30.66979,104.11105
203079,P4,387.0,387.0,1107.0,1107.0,False,1.88,9.76,2981319501,30.7148915,104.0115645
62683,P4,387.0,387.0,1107.0,1107.0,False,2.24,10.48,4550018867,30.63145,104.0155525
68530,P4,387.0,387.0,1107.0,1107.0,False,0.74,8.0,5213238558,30.639159,104.0308764
73892,P4,387.0,387.0,1107.0,1107.0,False,0.81,8.0,4878041006,30.6224856,104.0994667
93836,P4,387.0,387.0,1107.0,1107.0,False,2.72,11.44,3523294443,30.6601842,104.0431961
112391,P4,388.0,388.0,1108.0,1108.0,False,0.21,8.0,465203734,30.70534,104.10331
140435,P4,388.0,388.0,1108.0,1108.0,False,1.75,9.5,1156126794,30.67747,104.04937
144759,P4,388.0,388.0,1108.0,1108.0,False,1.6,9.2,1159231408,30.68366,104.08837
151331,P4,388.0,388.0,1108.0,1108.0,False,0.94,8.0,5254240641,30.6300411,103.9920497
176139,P4,388.0,388.0,1108.0,1108.0,False,0.94,8.0,314635488,30.65755,104.07091
18684,P4,388.0,388.0,1108.0,1108.0,False,1.14,8.28,4695601330,30.6104287,104.030044
189739,P4,388.0,388.0,1108.0,1108.0,False,1.21,8.42,1964580173,30.660599,104.11453
204164,P4,388.0,388.0,1108.0,1108.0,False,1.79,9.58,4106682252,30.685875,104.0027026
10386,P4,389.0,389.0,1109.0,1109.0,False,0.97,8.0,4987534991,30.6218064,104.0048101
172522,P4,389.0,389.0,1109.0,1109.0,False,0.01,8.0,1459039177,30.645737,104.1076291
2943,P4,389.0,389.0,1109.0,1109.0,False,1.49,8.98,3562055478,30.71879,104.0377
32947,P4,389.0,389.0,1109.0,1109.0,False,1.64,9.28,1159483868,30.68445,104.07328
57433,P4,389.0,389.0,1109.0,1109.0,False,2.1,10.2,671581781,30.6261761,104.0741736
663,P4,389.0,389.0,1109.0,1109.0,False,0.01,8.0,5213253192,30.6647302,104.1111338
90756,P4,389.0,389.0,1109.0,1109.0,False,2.89,11.78,4106682246,30.6847187,104.0060824
95338,P4,389.0,389.0,1109.0,1109.0,False,0.63,8.0,3597807845,30.7165062,104.0106957
95441,P4,389.0,389.0,1109.0,1109.0,False,2.94,11.88,4268266732,30.6503128,104.0199166
135412,P4,390.0,390.0,1110.0,1110.0,False,0.84,8.0,314614375,30.6219189,104.0399447
163299,P4,390.0,390.0,1110.0,1110.0,False,2.1,10.2,5141468763,30.6263963,104.0941468
186383,P4,391.0,391.0,1111.0,1111.0,False,1.18,8.36,4447921422,30.721287,104.055244
207048,P4,391.0,391.0,1111.0,1111.0,False,2.31,10.62,1156126880,30.680231,104.0549136
31874,P4,391.0,391.0,1111.0,1111.0,False,2.31,10.62,2917213941,30.648911,104.0889891
52203,P4,391.0,391.0,1111.0,1111.0,False,1.18,8.36,4449099823,30.6421598,104.1053339
57141,P4,391.0,391.0,1111.0,1111.0,False,1.04,8.08,2933855167,30.6126413,103.9864192
60309,P4,391.0,391.0,1111.0,1111.0,False,3.18,12.36,1159148928,30.65808,104.0726539
64811,P4,391.0,391.0,1111.0,1111.0,False,1.04,8.08,337539216,30.624373,104.0353002
66019,P4,391.0,391.0,1111.0,1111.0,False,1.61,9.22,5359113193,30.676772,104.0129747
72766,P4,391.0,391.0,1111.0,1111.0,False,3.18,12.36,3087817492,30.6661933,104.0116005
85258,P4,391.0,391.0,1111.0,1111.0,False,0.57,8.0,1458553198,30.6826836,104.1032519
98890,P4,391.0,391.0,1111.0,1111.0,False,0.28,8.0,2709067531,30.6260426,104.0826781
116290,P4,392.0,392.0,1112.0,1112.0,False,0.45,8.0,3541371606,30.6648707,104.0579684
123860,P4,392.0,392.0,1112.0,1112.0,False,2.46,10.92,3562110269,30.673247,104.0634548
127738,P4,392.0,392.0,1112.0,1112.0,False,0.34,8.0,4772463300,30.6621289,104.0455896
134314,P4,392.0,392.0,1112.0,1112.0,False,2.49,10.98,1457840983,30.6909422,104.1019074
152673,P4,392.0,392.0,1112.0,1112.0,False,0.01,8.0,1458995148,30.6596791,104.0982134
191236,P4,392.0,392.0,1112.0,1112.0,False,0.14,8.0,2213048013,30.6106275,104.104888
204419,P4,392.0,392.0,1112.0,1112.0,False,0.27,8.0,3680455714,30.6595421,104.016437
51717,P4,392.0,392.0,1112.0,1112.0,False,0.73,8.0,5213253161,30.7160367,104.0783836
91463,P4,392.0,392.0,1112.0,1112.0,False,0.88,8.0,3579530515,30.650091,104.115364
186592,P4,393.0,393.0,1113.0,1113.0,False,0.93,8.0,1902098901,30.7268584,104.0674493
104131,P4,394.0,394.0,1114.0,1114.0,False,0.42,8.0,4773199397,30.6713851,104.0143523
133463,P4,394.0,394.0,1114.0,1114.0,False,0.04,8.0,3614070501,30.67203,104.05418
172761,P4,394.0,394.0,1114.0,1114.0,False,1.88,9.76,1507367048,30.6958994,104.0836976
178663,P4,394.0,394.0,1114.0,1114.0,False,3.33,12.66,1159149121,30.654213,104.07256
18095,P4,394.0,394.0,1114.0,1114.0,False,1.31,8.62,5436607841,30.6358327,104.0642721
31907,P4,394.0,394.0,1114.0,1114.0,False,1.31,8.62,529921382,30.6133318,104.0139415
48290,P4,394.0,394.0,1114.0,1114.0,False,2.4,10.8,1457834346,30.6927811,104.1034244
8576,P4,394.0,394.0,1114.0,1114.0,False,0.31,8.0,4695601293,30.6117756,104.0281575
93746,P4,394.0,394.0,1114.0,1114.0,False,2.02,10.04,3113656970,30.6657565,104.0485473
96930,P4,394.0,394.0,1114.0,1114.0,False,2.4,10.8,4548259373,30.6541163,104.0442485
130371,P4,395.0,395.0,1115.0,1115.0,False,1.31,8.62,2843286580,30.68792,104.05742
153607,P4,395.0,395.0,1115.0,1115.0,False,1.21,8.42,1159169335,30.639683,104.083466
176603,P4,395.0,395.0,1115.0,1115.0,False,2.42,10.84,1159229836,30.67422,104.08527
197150,P4,395.0,395.0,1115.0,1115.0,False,2.42,10.84,2441172197,30.6748274,104.0074372
29909,P4,395.0,395.0,1115.0,1115.0,False,1.68,9.36,480012030,30.6200203,104.0686798
42524,P4,395.0,395.0,1115.0,1115.0,False,1.21,8.42,5213238558,30.639159,104.0308764
89861,P4,395.0,395.0,1115.0,1115.0,False,1.21,8.42,1305816711,30.6398407,104.0789439
100489,P4,396.0,396.0,1116.0,1116.0,False,1.02,8.04,1492598620,30.6226242,104.0668825
131005,P4,396.0,396.0,1116.0,1116.0,False,0.32,8.0,3034330078,30.6625911,104.0881223
147057,P4,396.0,396.0,1116.0,1116.0,False,0.79,8.0,4779165707,30.6362652,104.0217983
169930,P4,396.0,396.0,1116.0,1116.0,False,1.52,9.04,3562055468,30.7173908,104.0346189
203691,P4,396.0,396.0,1116.0,1116.0,False,1.44,8.88,3034409146,30.7152891,104.1071116
39815,P4,396.0,396.0,1116.0,1116.0,False,0.34,8.0,1159232653,30.69466,104.07764
44247,P4,396.0,396.0,1116.0,1116.0,False,0.57,8.0,1159488308,30.68985,104.0742
44547,P4,396.0,396.0,1116.0,1116.0,False,0.07,8.0,2843286547,30.6916997,104.0577894
49772,P4,396.0,396.0,1116.0,1116.0,False,0.38,8.0,3927876947,30.6760691,103.9885728
52050,P4,396.0,396.0,1116.0,1116.0,False,2.41,10.82,1459023389,30.6442939,104.1109403
74567,P4,396.0,396.0,1116.0,1116.0,False,0.1,8.0,1861145350,30.6721,104.10951
80683,P4,396.0,396.0,1116.0,1116.0,False,0.32,8.0,3693209218,30.6645951,104.0308641
102308,P4,397.0,397.0,1117.0,1117.0,False,0.27,8.0,1885342916,30.6808046,104.0983394
10655,P4,397.0,397.0,1117.0,1117.0,False,0.09,8.0,3562086855,30.68114,104.04382
117371,P4,397.0,397.0,1117.0,1117.0,False,1.44,8.88,3614070495,30.67114,104.05587
163892,P4,397.0,397.0,1117.0,1117.0,False,0.92,8.0,3541371612,30.6660645,104.0537222
175616,P4,397.0,397.0,1117.0,1117.0,False,0.27,8.0,672360587,30.6455209,104.0760066
195600,P4,397.0,397.0,1117.0,1117.0,False,1.44,8.88,4107377024,30.6370152,104.0021341
3306,P4,397.0,397.0,1117.0,1117.0,False,1.19,8.38,4779165789,30.6357646,104.0737879
84371,P4,397.0,397.0,1117.0,1117.0,False,0.62,8.0,4772463300,30.6621289,104.0455896
93079,P4,397.0,397.0,1117.0,1117.0,False,0.53,8.0,432442877,30.6784313,103.998065
111068,P4,398.0,398.0,1118.0,1118.0,False,0.19,8.0,4693610107,30.633577,104.0723202
162088,P4,398.0,398.0,1118.0,1118.0,False,0.13,8.0,1159157712,30.6347269,104.1004368
177056,P4,398.0,398.0,1118.0,1118.0,False,0.3,8.0,5375783430,30.6232331,104.0031144
209083,P4,398.0,398.0,1118.0,1118.0,False,1.69,9.38,1458588156,30.68048,104.09505
76698,P4,398.0,398.0,1118.0,1118.0,False,1.94,9.88,2727021133,30.6134771,104.0462834
7720,P4,398.0,398.0,1118.0,1118.0,False,1.94,9.88,5375783836,30.6493223,104.0008859
91159,P4,398.0,398.0,1118.0,1118.0,False,1.94,9.88,4695640523,30.6158361,104.023608
94528,P4,398.0,398.0,1118.0,1118.0,False,0.16,8.0,5053143824,30.7148013,104.0116119
116585,P4,399.0,399.0,1119.0,1119.0,False,0.76,8.0,314655016,30.6280128,104.0440266
139165,P4,399.0,399.0,1119.0,1119.0,False,0.76,8.0,3436489823,30.6405095,104.0452117
60988,P4,399.0,399.0,1119.0,1119.0,False,0.76,8.0,4967265774,30.7058479,104.0076694
65381,P4,399.0,399.0,1119.0,1119.0,False,1.99,9.98,2676903527,30.6791315,103.9927194
100091,P4,400.0,400.0,1120.0,1120.0,False,0.93,8.0,1301932981,30.6516301,104.0808431
144871,P4,400.0,400.0,1120.0,1120.0,False,0.48,8.0,3034393458,30.68297,104.04558
154447,P4,400.0,400.0,1120.0,1120.0,False,0.79,8.0,1156119151,30.67127,104.0518
171319,P4,400.0,400.0,1120.0,1120.0,False,2.3,10.6,1458992383,30.6613008,104.0991586
182868,P4,400.0,400.0,1120.0,1120.0,False,1.59,9.18,3087817462,30.6421599,104.0321951
202644,P4,400.0,400.0,1120.0,1120.0,False,0.18,8.0,1156126836,30.649598,104.0649956
26518,P4,400.0,400.0,1120.0,1120.0,False,0.93,8.0,2131996474,30.6234285,104.1050717
54584,P4,400.0,400.0,1120.0,1120.0,False,0.48,8.0,4107378165,30.6530368,103.9938532
63831,P4,400.0,400.0,1120.0,1120.0,False,1.42,8.84,4548318423,30.6298222,104.0916942
96991,P4,400.0,400.0,1120.0,1120.0,False,0.6,8.0,3979164230,30.6767971,104.1065281
131719,P4,401.0,401.0,1121.0,1121.0,False,0.67,8.0,4505485116,30.635155,104.0763
5955,P4,401.0,401.0,1121.0,1121.0,False,0.58,8.0,5218133093,30.636983,104.1055708
65764,P4,401.0,401.0,1121.0,1121.0,False,0.1,8.0,4106681950,30.6285321,104.0031409
83351,P4,401.0,401.0,1121.0,1121.0,False,0.31,8.0,2112262741,30.61744,104.10607
96908,P4,401.0,401.0,1121.0,1121.0,False,3.16,12.32,3925309355,30.6915443,104.1097703
119077,P4,402.0,402.0,1122.0,1122.0,False,1.28,8.56,4693610159,30.6337419,104.0686041
137028,P4,402.0,402.0,1122.0,1122.0,False,0.83,8.0,4548258448,30.6545741,104.0111077
2421,P4,402.0,402.0,1122.0,1122.0,False,0.49,8.0,314623119,30.6501008,104.0321723
100953,P4,403.0,403.0,1123.0,1123.0,False,0.03,8.0,1159224292,30.6965641,104.0475878
116092,P4,403.0,403.0,1123.0,1123.0,False,2.85,11.7,4695640616,30.611004,104.027309
133899,P4,403.0,403.0,1123.0,1123.0,False,1.34,8.68,5257005112,30.6771145,104.0954087
158731,P4,403.0,403.0,1123.0,1123.0,False,2.12,10.24,4505485116,30.63524,104.07619
181534,P4,403.0,403.0,1123.0,1123.0,False,0.03,8.0,314655429,30.6398782,104.0365362
182795,P4,403.0,403.0,1123.0,1123.0,False,0.07,8.0,4585443316,30.6654,104.047
28930,P4,403.0,403.0,1123.0,1123.0,False,0.71,8.0,3436486404,30.6411033,104.047215
3062,P4,403.0,403.0,1123.0,1123.0,False,2.4,10.8,1445535379,30.6499323,104.0619096
31904,P4,403.0,403.0,1123.0,1123.0,False,0.03,8.0,2708961595,30.6204751,104.0823862
76279,P4,403.0,403.0,1123.0,1123.0,False,0.42,8.0,432429373,30.6357627,104.0559911
81573,P4,403.0,403.0,1123.0,1123.0,False,1.17,8.34,3632988779,30.664558,104.0324639
127017,P4,404.0,404.0,1124.0,1124.0,False,1.58,9.16,4695640643,30.6114947,104.0245835
1344,P4,404.0,404.0,1124.0,1124.0,False,0.24,8.0,4693609806,30.633016,104.0684419
186084,P4,404.0,404.0,1124.0,1124.0,False,1.3,8.6,1311904387,30.6428828,104.080559
195658,P4,404.0,404.0,1124.0,1124.0,False,0.54,8.0,1958204318,30.6699136,104.0897098
35110,P4,404.0,404.0,1124.0,1124.0,False,1.29,8.58,5055911222,30.7145696,104.1119178
4631,P4,404.0,404.0,1124.0,1124.0,False,1.29,8.58,4230611267,30.6512533,104.07104
60482,P4,404.0,404.0,1124.0,1124.0,False,1.29,8.58,5141458198,30.632807,104.0709464
99879,P4,404.0,404.0,1124.0,1124.0,False,1.71,9.42,1159172511,30.6195441,104.074636
126094,P4,405.0,405.0,1125.0,1125.0,False,0.96,8.0,2331442713,30.7054731,104.0081906
126135,P4,405.0,405.0,1125.0,1125.0,False,2.26,10.52,1159176888,30.6301219,104.0535225
139158,P4,405.0,405.0,1125.0,1125.0,False,2.26,10.52,1492604717,30.6222234,104.0662054
173990,P4,405.0,405.0,1125.0,1125.0,False,0.16,8.0,3541393466,30.6902142,104.008715
185645,P4,405.0,405.0,1125.0,1125.0,False,0.83,8.0,3069351961,30.6281566,103.9820995
36422,P4,405.0,405.0,1125.0,1125.0,False,2.09,10.18,1455111116,30.6958872,104.1059746
52205,P4,405.0,405.0,1125.0,1125.0,False,0.57,8.0,1458992381,30.6582235,104.0970132
10219,P4,406.0,406.0,1126.0,1126.0,False,0.8,8.0,2039550426,30.67341,104.11049
107377,P4,406.0,406.0,1126.0,1126.0,False,0.73,8.0,4699007159,30.6119182,104.0370451
150618,P4,406.0,406.0,1126.0,1126.0,False,0.59,8.0,5141468730,30.6358411,104.0963416
157210,P4,406.0,406.0,1126.0,1126.0,False,0.8,8.0,803149763,30.6791548,104.0929085
1771,P4,406.0,406.0,1126.0,1126.0,False,1.89,9.78,4550018924,30.648484,104.0746407
38804,P4,406.0,406.0,1126.0,1126.0,False,0.47,8.0,2329101951,30.6993189,104.007402
43375,P4,406.0,406.0,1126.0,1126.0,False,0.73,8.0,4695700252,30.6176259,104.0200723
61041,P4,406.0,406.0,1126.0,1126.0,False,0.8,8.0,1313998763,30.6345891,104.0887087
82389,P4,406.0,406.0,1126.0,1126.0,False,0.66,8.0,3815508502,30.6269967,104.0184176
97132,P4,406.0,406.0,1126.0,1126.0,False,0.59,8.0,3562045362,30.7246826,104.0624409
118772,P4,407.0,407.0,1127.0,1127.0,False,0.57,8.0,4550018796,30.6157898,104.0365485
135111,P4,407.0,407.0,1127.0,1127.0,False,1.51,9.02,1305816693,30.66211,104.10419
182479,P4,407.0,407.0,1127.0,1127.0,False,0.23,8.0,2847758682,30.666918,104.11194
188725,P4,407.0,407.0,1127.0,1127.0,False,1.49,8.98,672360629,30.6498706,104.0725875
10860,P4,408.0,408.0,1128.0,1128.0,False,0.37,8.0,432453006,30.6561027,104.0852452
114379,P4,408.0,408.0,1128.0,1128.0,False,1.2,8.4,3562047434,30.711157,104.06343
116079,P4,408.0,408.0,1128.0,1128.0,False,2.0,10.0,1313998770,30.6357405,104.082223
127488,P4,408.0,408.0,1128.0,1128.0,False,0.3,8.0,5249392177,30.6356908,103.9692458
152853,P4,408.0,408.0,1128.0,1128.0,False,2.45,10.9,1457858414,30.68688,104.1009464
155747,P4,408.0,408.0,1128.0,1128.0,False,0.37,8.0,2843286575,30.694359,104.05879
155804,P4,408.0,408.0,1128.0,1128.0,False,0.37,8.0,3691534107,30.6612076,104.0296226
158966,P4,408.0,408.0,1128.0,1128.0,False,0.08,8.0,432429383,30.6392966,104.0528762
161430,P4,408.0,408.0,1128.0,1128.0,False,1.2,8.4,5186309506,30.6747224,104.0088021
172834,P4,408.0,408.0,1128.0,1128.0,False,1.7,9.4,3089075663,30.6504118,104.054373
188665,P4,408.0,408.0,1128.0,1128.0,False,0.19,8.0,3436486404,30.6411033,104.047215
75363,P4,408.0,408.0,1128.0,1128.0,False,0.65,8.0,2330197895,30.6950997,104.0873302
82292,P4,408.0,408.0,1128.0,1128.0,False,0.19,8.0,432452896,30.618552,104.060157
111815,P4,409.0,409.0,1129.0,1129.0,False,0.17,8.0,4572410239,30.69385,104.07041
125643,P4,409.0,409.0,1129.0,1129.0,False,0.46,8.0,4118527451,30.699284,104.096436
138901,P4,409.0,409.0,1129.0,1129.0,False,0.93,8.0,4987535052,30.6360258,104.0041525
153244,P4,409.0,409.0,1129.0,1129.0,False,0.35,8.0,3562033464,30.7086247,104.0779672
160665,P4,409.0,409.0,1129.0,1129.0,False,1.74,9.48,5141458201,30.6325094,104.0717295
45895,P4,409.0,409.0,1129.0,1129.0,False,0.07,8.0,441159820,30.7182622,104.1015038
46053,P4,409.0,409.0,1129.0,1129.0,False,0.13,8.0,2327780255,30.6219284,104.1059372
52995,P4,409.0,409.0,1129.0,1129.0,False,0.35,8.0,3562086854,30.67918,104.04311
55019,P4,409.0,409.0,1129.0,1129.0,False,0.63,8.0,1305816687,30.64528,104.0837
110395,P4,410.0,410.0,1130.0,1130.0,False,1.05,8.1,3691210147,30.6494199,104.0179582
129059,P4,410.0,410.0,1130.0,1130.0,False,0.27,8.0,2039550426,30.67272,104.11274
160335,P4,410.0,410.0,1130.0,1130.0,False,1.87,9.74,3436486450,30.6407124,104.0458668
170805,P4,410.0,410.0,1130.0,1130.0,False,1.05,8.1,4773916469,30.656163,104.0021928
173868,P4,410.0,410.0,1130.0,1130.0,False,0.63,8.0,4106682131,30.6463844,103.9813433
176682,P4,410.0,410.0,1130.0,1130.0,False,1.87,9.74,2691023135,30.7178472,103.9866003
181394,P4,410.0,410.0,1130.0,1130.0,False,1.72,9.44,4548259326,30.6854574,104.0140369
185236,P4,410.0,410.0,1130.0,1130.0,False,0.82,8.0,1504174277,30.7178845,104.0700815
186336,P4,410.0,410.0,1130.0,1130.0,False,0.03,8.0,5375783440,30.6195247,104.0063164
66236,P4,410.0,410.0,1130.0,1130.0,False,1.01,8.02,4967265770,30.7055098,104.0073112
90119,P4,410.0,410.0,1130.0,1130.0,False,1.8,9.6,3579517900,30.66752,104.05605
93523,P4,410.0,410.0,1130.0,1130.0,False,0.62,8.0,3680400072,30.6586156,104.0134178
96354,P4,410.0,410.0,1130.0,1130.0,False,0.03,8.0,3541420734,30.6926479,104.0708075
113239,P4,411.0,411.0,1131.0,1131.0,False,2.01,10.02,672282820,30.65691,104.10178
120368,P4,411.0,411.0,1131.0,1131.0,False,2.01,10.02,4695700258,30.6162053,104.0164091
143278,P4,411.0,411.0,1131.0,1131.0,False,1.1,8.2,4242372662,30.687755,104.0217668
163638,P4,411.0,411.0,1131.0,1131.0,False,1.91,9.82,3028924424,30.649084,104.0576165
174575,P4,411.0,411.0,1131.0,1131.0,False,0.49,8.0,3562028076,30.65941,104.09374
175797,P4,411.0,411.0,1131.0,1131.0,False,1.4,8.8,4695601318,30.6115778,104.0293964
192200,P4,411.0,411.0,1131.0,1131.0,False,2.02,10.04,2041314680,30.6805811,104.0969216
199187,P4,411.0,411.0,1131.0,1131.0,False,1.48,8.96,3927876938,30.6750634,103.9878627
199708,P4,411.0,411.0,1131.0,1131.0,False,2.02,10.04,2564226640,30.6384958,104.0167222
202188,P4,411.0,411.0,1131.0,1131.0,False,1.91,9.82,1916516776,30.6164089,104.0158989
203068,P4,411.0,411.0,1131.0,1131.0,False,0.49,8.0,2439237551,30.6298597,104.0955236
5857,P4,411.0,411.0,1131.0,1131.0,False,2.01,10.02,4772463289,30.6615652,104.0435626
5928,P4,411.0,411.0,1131.0,1131.0,False,1.25,8.5,5283966199,30.7016851,104.1026098
11811,P4,412.0,412.0,1132.0,1132.0,False,0.19,8.0,4880318306,30.6979264,104.0672621
124351,P4,412.0,412.0,1132.0,1132.0,False,0.54,8.0,1956554705,30.67543,104.11138
126159,P4,412.0,412.0,1132.0,1132.0,False,0.67,8.0,4550764070,30.648136,104.1133549
144009,P4,412.0,412.0,1132.0,1132.0,False,0.92,8.0,3199773905,30.7079799,104.1034492
169627,P4,412.0,412.0,1132.0,1132.0,False,1.53,9.06,3691210147,30.6494199,104.0179582
174297,P4,412.0,412.0,1132.0,1132.0,False,0.67,8.0,5375783957,30.661504,103.9979178
180779,P4,412.0,412.0,1132.0,1132.0,False,1.34,8.68,1916517843,30.663872,103.99192
184287,P4,412.0,412.0,1132.0,1132.0,False,1.76,9.52,4106681954,30.6291354,104.0038731
23033,P4,412.0,412.0,1132.0,1132.0,False,0.57,8.0,3436486413,30.6413896,104.0486322
27043,P4,412.0,412.0,1132.0,1132.0,False,0.57,8.0,1460300831,30.652822,104.110275
39996,P4,412.0,412.0,1132.0,1132.0,False,1.71,9.42,2564226648,30.6338127,104.0274713
64379,P4,412.0,412.0,1132.0,1132.0,False,0.37,8.0,5375783451,30.6231738,104.0080194
86367,P4,412.0,412.0,1132.0,1132.0,False,1.53,9.06,5436607851,30.6359757,104.0636458
108910,P4,413.0,413.0,1133.0,1133.0,False,1.26,8.52,3562004394,30.6565813,104.0309769
110434,P4,413.0,413.0,1133.0,1133.0,False,1.8,9.6,4699007283,30.6149014,104.0327849
155259,P4,413.0,413.0,1133.0,1133.0,False,0.06,8.0,1159230079,30.6815,104.08185
188026,P4,413.0,413.0,1133.0,1133.0,False,0.14,8.0,2843286579,30.6882841,104.0576045
208791,P4,413.0,413.0,1133.0,1133.0,False,0.06,8.0,1159176756,30.6318037,104.0510417
2531,P4,413.0,413.0,1133.0,1133.0,False,0.48,8.0,5312164196,30.669083,104.10355
41855,P4,413.0,413.0,1133.0,1133.0,False,0.43,8.0,4987536566,30.64334,103.9987
59778,P4,413.0,413.0,1133.0,1133.0,False,0.48,8.0,3691268079,30.6285256,104.0422881
141651,P4,414.0,414.0,1134.0,1134.0,False,0.75,8.0,672405830,30.657297,104.07985
141917,P4,414.0,414.0,1134.0,1134.0,False,2.06,10.12,3562099598,30.6520995,104.0178843
166189,P4,414.0,414.0,1134.0,1134.0,False,0.67,8.0,2917213940,30.6502524,104.0897701
26593,P4,414.0,414.0,1134.0,1134.0,False,2.06,10.12,2135946726,30.6161466,104.0156152
80543,P4,414.0,414.0,1134.0,1134.0,False,2.06,10.12,3034029059,30.6827611,104.0065888
1235,P4,415.0,415.0,1135.0,1135.0,False,3.58,13.16,1159463804,30.6784,104.0229
138132,P4,415.0,415.0,1135.0,1135.0,False,0.41,8.0,1159486350,30.6969557,104.0671883
143559,P4,415.0,415.0,1135.0,1135.0,False,0.41,8.0,3561962961,30.66274,104.00283
152203,P4,415.0,415.0,1135.0,1135.0,False,0.89,8.0,432442901,30.6699141,104.0349944
205142,P4,415.0,415.0,1135.0,1135.0,False,0.65,8.0,5034783235,30.6258899,103.9692247
86775,P4,415.0,415.0,1135.0,1135.0,False,0.41,8.0,4699007172,30.6108011,104.0340841
1219,P4,416.0,416.0,1136.0,1136.0,False,0.62,8.0,314623162,30.65744,104.06752
198109,P4,416.0,416.0,1136.0,1136.0,False,0.53,8.0,1916386580,30.6418601,104.0559219
207347,P4,416.0,416.0,1136.0,1136.0,False,1.31,8.62,4693610143,30.6355715,104.0672545
45615,P4,416.0,416.0,1136.0,1136.0,False,0.28,8.0,4505485131,30.6315756,104.0872528
55985,P4,416.0,416.0,1136.0,1136.0,False,0.43,8.0,4703149504,30.6103195,104.0817499
59510,P4,416.0,416.0,1136.0,1136.0,False,1.94,9.88,3582236093,30.7208361,103.9888859
67013,P4,416.0,416.0,1136.0,1136.0,False,0.55,8.0,3562004421,30.6356966,104.0473078
69164,P4,416.0,416.0,1136.0,1136.0,False,1.94,9.88,2908413738,30.6462573,104.0883003
119052,P4,417.0,417.0,1137.0,1137.0,False,0.16,8.0,1458570754,30.6901935,104.095233
122626,P4,417.0,417.0,1137.0,1137.0,False,1.96,9.92,3087817512,30.6639822,103.9950594
150173,P4,417.0,417.0,1137.0,1137.0,False,2.92,11.84,4550769855,30.6318329,104.0996223
167776,P4,417.0,417.0,1137.0,1137.0,False,1.09,8.18,4107377035,30.6421326,103.9950814
183868,P4,417.0,417.0,1137.0,1137.0,False,0.21,8.0,4695640520,30.6117255,104.0378031
25671,P4,417.0,417.0,1137.0,1137.0,False,3.07,12.14,3034393457,30.66773,104.05356
34763,P4,417.0,417.0,1137.0,1137.0,False,0.16,8.0,3034040784,30.697348,104.01537
73707,P4,417.0,417.0,1137.0,1137.0,False,0.65,8.0,1159172511,30.6195441,104.074636
74293,P4,417.0,417.0,1137.0,1137.0,False,2.13,10.26,4107377010,30.6310133,104.0017622
113721,P4,418.0,418.0,1138.0,1138.0,False,0.17,8.0,1815741566,30.6883872,104.06055
115142,P4,418.0,418.0,1138.0,1138.0,False,0.13,8.0,3436486408,30.6409973,104.0479113
133203,P4,418.0,418.0,1138.0,1138.0,False,0.02,8.0,2823785809,30.657825,104.05304
142343,P4,418.0,418.0,1138.0,1138.0,False,0.96,8.0,3034029056,30.6836588,103.9931764
181037,P4,418.0,418.0,1138.0,1138.0,False,0.96,8.0,432442864,30.6753706,104.0020183
65012,P4,418.0,418.0,1138.0,1138.0,False,0.17,8.0,5382831175,30.6760721,104.0982476
85126,P4,418.0,418.0,1138.0,1138.0,False,0.31,8.0,3582243008,30.7124422,104.005283
116217,P4,419.0,419.0,1139.0,1139.0,False,1.9,9.8,1159447656,30.6837739,104.0361967
148119,P4,419.0,419.0,1139.0,1139.0,False,1.38,8.76,3614070503,30.67541,104.06175
156763,P4,419.0,419.0,1139.0,1139.0,False,1.08,8.16,4972899561,30.6209499,104.0489497
208146,P4,419.0,419.0,1139.0,1139.0,False,1.08,8.16,5375783455,30.6225341,104.0086663
209219,P4,419.0,419.0,1139.0,1139.0,False,2.49,10.98,2847752856,30.65524,104.10516
23791,P4,419.0,419.0,1139.0,1139.0,False,2.29,10.58,3516900114,30.6687,104.08029
66769,P4,419.0,419.0,1139.0,1139.0,False,1.34,8.68,1459913330,30.6475503,104.1037967
75782,P4,419.0,419.0,1139.0,1139.0,False,0.9,8.0,3541364362,30.6152585,104.0858755
96386,P4,419.0,419.0,1139.0,1139.0,False,0.25,8.0,4695662944,30.6118326,104.0324148
98661,P4,419.0,419.0,1139.0,1139.0,False,1.34,8.68,432442506,30.6676618,104.0058956
105835,P4,420.0,420.0,1140.0,1140.0,False,1.65,9.3,3199773577,30.69849,104.10702
113342,P4,421.0,421.0,1141.0,1141.0,False,2.59,11.18,672360629,30.6498706,104.0725875
124910,P4,421.0,421.0,1141.0,1141.0,False,0.01,8.0,432452878,30.6133171,104.0504622
137983,P4,421.0,421.0,1141.0,1141.0,False,1.44,8.88,3599790537,30.70113,104.10547
145342,P4,421.0,421.0,1141.0,1141.0,False,0.01,8.0,4701577724,30.6131597,104.0696412
161467,P4,421.0,421.0,1141.0,1141.0,False,2.34,10.68,4693609818,30.6326293,104.0675774
192423,P4,421.0,421.0,1141.0,1141.0,False,2.59,11.18,432442855,30.67192,103.9911
198459,P4,421.0,421.0,1141.0,1141.0,False,1.44,8.88,1305816742,30.652246,104.07891
204266,P4,421.0,421.0,1141.0,1141.0,False,2.47,10.94,3633001071,30.6661508,104.0233502
57074,P4,421.0,421.0,1141.0,1141.0,False,1.42,8.84,2472030046,30.6618366,104.0628434
74527,P4,421.0,421.0,1141.0,1141.0,False,2.59,11.18,4877227058,30.6227625,104.1015888
120015,P4,422.0,422.0,1142.0,1142.0,False,1.57,9.14,2039550405,30.67102,104.11287
126949,P4,422.0,422.0,1142.0,1142.0,False,0.39,8.0,2472054565,30.7039793,104.0495284
171241,P4,422.0,422.0,1142.0,1142.0,False,1.59,9.18,1159229567,30.6695482,104.0946518
177606,P4,422.0,422.0,1142.0,1142.0,False,0.84,8.0,3034029064,30.6801779,104.0141956
205415,P4,422.0,422.0,1142.0,1142.0,False,0.61,8.0,2981319495,30.7124992,104.0054218
205615,P4,422.0,422.0,1142.0,1142.0,False,0.05,8.0,1159225483,30.70766,104.05241
92632,P4,422.0,422.0,1142.0,1142.0,False,1.57,9.14,2135942436,30.6118331,104.0233543
102035,P4,423.0,423.0,1143.0,1143.0,False,1.68,9.36,504315294,30.6972162,104.1051994
11,P4,423.0,423.0,1143.0,1143.0,False,0.81,8.0,1457870720,30.6879038,104.0994127
12103,P4,423.0,423.0,1143.0,1143.0,False,0.22,8.0,1159138415,30.66053,104.095
31084,P4,423.0,423.0,1143.0,1143.0,False,1.1,8.2,1159516309,30.6461422,104.0780014
49290,P4,423.0,423.0,1143.0,1143.0,False,0.81,8.0,803147935,30.6415027,104.0850682
54543,P4,423.0,423.0,1143.0,1143.0,False,0.81,8.0,1445481368,30.6568,104.0651
614,P4,423.0,423.0,1143.0,1143.0,False,0.81,8.0,439752000,30.7251238,104.0406087
135083,P4,424.0,424.0,1144.0,1144.0,False,0.69,8.0,3445813126,30.67335,104.07907
136013,P4,424.0,424.0,1144.0,1144.0,False,0.94,8.0,1507355161,30.6963825,104.079519
143811,P4,424.0,424.0,1144.0,1144.0,False,0.94,8.0,4750955766,30.7105967,104.1141998
188239,P4,424.0,424.0,1144.0,1144.0,False,2.17,10.34,3541427578,30.717169,104.04377
204159,P4,424.0,424.0,1144.0,1144.0,False,0.51,8.0,4118527468,30.7003199,104.0825418
209063,P4,424.0,424.0,1144.0,1144.0,False,1.81,9.62,1947584056,30.68228,104.08317
87574,P4,424.0,424.0,1144.0,1144.0,False,1.03,8.06,1159229568,30.6704077,104.0975317
116229,P4,425.0,425.0,1145.0,1145.0,False,0.71,8.0,4693610105,30.6349384,104.0721861
120072,P4,425.0,425.0,1145.0,1145.0,False,3.2,12.4,4547074331,30.610926,104.0724021
172887,P4,425.0,425.0,1145.0,1145.0,False,0.38,8.0,2532979487,30.7053537,104.0901657
188075,P4,425.0,425.0,1145.0,1145.0,False,0.71,8.0,4359390803,30.715153,104.11298
5795,P4,425.0,425.0,1145.0,1145.0,False,3.08,12.16,1458575268,30.686645,104.0983881
71993,P4,425.0,425.0,1145.0,1145.0,False,0.71,8.0,2727021133,30.6134771,104.0462834
99444,P4,425.0,425.0,1145.0,1145.0,False,1.84,9.68,2039561244,30.6840697,104.1024574
143991,P4,426.0,426.0,1146.0,1146.0,False,0.06,8.0,1311904458,30.64352,104.07991
208424,P4,427.0,427.0,1147.0,1147.0,False,1.42,8.84,1159138498,30.6646315,104.0941547
209036,P4,427.0,427.0,1147.0,1147.0,False,1.06,8.12,1159131855,30.6659874,104.0765348
33877,P4,427.0,427.0,1147.0,1147.0,False,2.02,10.04,4106682106,30.6433167,103.9847414
100224,P4,428.0,428.0,1148.0,1148.0,False,1.66,9.32,4695640525,30.6156659,104.0253032
158042,P4,428.0,428.0,1148.0,1148.0,False,1.66,9.32,2847176002,30.6660674,104.108572
195221,P4,428.0,428.0,1148.0,1148.0,False,1.69,9.38,1506487128,30.7150381,104.0721196
37492,P4,428.0,428.0,1148.0,1148.0,False,1.74,9.48,4973209509,30.6136942,104.0420125
4308,P4,428.0,428.0,1148.0,1148.0,False,1.72,9.44,4693609819,30.6326168,104.0671626
70990,P4,428.0,428.0,1148.0,1148.0,False,1.72,9.44,4444112343,30.7207719,104.1024516
84352,P4,428.0,428.0,1148.0,1148.0,False,0.38,8.0,3496259320,30.6695351,104.0894725
93918,P4,428.0,428.0,1148.0,1148.0,False,1.66,9.32,4693610140,30.6359724,104.0688022
130672,P4,429.0,429.0,1149.0,1149.0,False,1.74,9.48,1918491706,30.6304607,104.0082188
146939,P4,429.0,429.0,1149.0,1149.0,False,1.64,9.28,1964418551,30.667535,104.095439
192071,P4,429.0,429.0,1149.0,1149.0,False,1.74,9.48,314622889,30.6549977,104.0614315
197114,P4,429.0,429.0,1149.0,1149.0,False,1.64,9.28,4106682189,30.6581077,103.9714269
200790,P4,429.0,429.0,1149.0,1149.0,False,1.26,8.52,4779165766,30.6379987,104.0736822
82135,P4,429.0,429.0,1149.0,1149.0,False,1.84,9.68,1159143854,30.67751,104.08349
115355,P4,430.0,430.0,1150.0,1150.0,False,1.76,9.52,432442855,30.6731132,103.9920115
152996,P4,430.0,430.0,1150.0,1150.0,False,0.97,8.0,5141468671,30.6376413,104.0910206
172974,P4,430.0,430.0,1150.0,1150.0,False,1.21,8.42,3562110268,30.648929,104.0291174
184536,P4,430.0,430.0,1150.0,1150.0,False,0.93,8.0,432432548,30.6604332,104.0421477
192463,P4,430.0,430.0,1150.0,1150.0,False,1.21,8.42,1159138415,30.65967,104.09569
196790,P4,430.0,430.0,1150.0,1150.0,False,0.67,8.0,4548259614,30.6937824,104.0483212
37422,P4,430.0,430.0,1150.0,1150.0,False,2.74,11.48,432442880,30.6853516,103.9833976
72512,P4,430.0,430.0,1150.0,1150.0,False,0.98,8.0,1159168940,30.6291102,104.0792217
1265,P4,431.0,431.0,1151.0,1151.0,False,2.2,10.4,3541389071,30.6744182,104.0549892
140807,P4,431.0,431.0,1151.0,1151.0,False,2.31,10.62,4414330241,30.6626003,104.0893239
159677,P4,431.0,431.0,1151.0,1151.0,False,1.4,8.8,2907361697,30.6435724,104.0925075
165513,P4,431.0,431.0,1151.0,1151.0,False,0.26,8.0,672360556,30.6419382,104.0847927
169820,P4,431.0,431.0,1151.0,1151.0,False,2.38,10.76,4550769795,30.6498745,104.1098212
179547,P4,431.0,431.0,1151.0,1151.0,False,2.2,10.4,2907361696,30.643028,104.09126
42631,P4,431.0,431.0,1151.0,1151.0,False,1.4,8.8,1458570056,30.6944,104.09105
94255,P4,431.0,431.0,1151.0,1151.0,False,0.46,8.0,5100157872,30.6337197,104.08098
100472,P4,432.0,432.0,1152.0,1152.0,False,3.32,12.64,3087817447,30.6539606,104.0010232
105844,P4,432.0,432.0,1152.0,1152.0,False,1.16,8.32,2135944704,30.6161217,104.0165029
113850,P4,432.0,432.0,1152.0,1152.0,False,0.47,8.0,4906971007,30.6582632,104.0686415
133440,P4,432.0,432.0,1152.0,1152.0,False,1.16,8.32,4934383662,30.6183255,104.1124386
31238,P4,432.0,432.0,1152.0,1152.0,False,2.09,10.18,3034409142,30.7182855,104.1046347
45430,P4,432.0,432.0,1152.0,1152.0,False,1.8,9.6,1964578647,30.6633959,104.114913
110142,P4,433.0,433.0,1153.0,1153.0,False,2.33,10.66,3927877897,30.67889,103.9899584
111766,P4,433.0,433.0,1153.0,1153.0,False,1.88,9.76,5154977851,30.634448,104.0698891
143218,P4,433.0,433.0,1153.0,1153.0,False,0.32,8.0,441159654,30.7212134,104.0993884
155641,P4,433.0,433.0,1153.0,1153.0,False,0.58,8.0,4637732167,30.6595734,104.1117166
171543,P4,433.0,433.0,1153.0,1153.0,False,1.43,8.86,1159947333,30.656075,104.073524
27389,P4,433.0,433.0,1153.0,1153.0,False,0.32,8.0,4547074354,30.6109199,104.0780946
86900,P4,433.0,433.0,1153.0,1153.0,False,2.35,10.7,1504199880,30.7097856,104.0968389
47998,P4,434.0,434.0,1154.0,1154.0,False,1.04,8.08,4880298885,30.6224508,104.1012885
15579,P4,435.0,435.0,1155.0,1155.0,False,1.37,8.74,4548259333,30.6865395,104.0479931
167183,P4,435.0,435.0,1155.0,1155.0,False,1.67,9.34,963638438,30.7015,104.04479
67051,P4,435.0,435.0,1155.0,1155.0,False,0.2,8.0,3087817462,30.6421599,104.0321951
77560,P4,435.0,435.0,1155.0,1155.0,False,0.1,8.0,5154977851,30.634448,104.0698891
85925,P4,435.0,435.0,1155.0,1155.0,False,0.62,8.0,3436486419,30.6404353,104.0458223
10379,P4,436.0,436.0,1156.0,1156.0,False,2.22,10.44,1159225483,30.70709,104.05213
105527,P4,436.0,436.0,1156.0,1156.0,False,3.32,12.64,1815741571,30.686285,104.07404
112348,P4,436.0,436.0,1156.0,1156.0,False,1.01,8.02,1159229570,30.6724839,104.1041619
126237,P4,436.0,436.0,1156.0,1156.0,False,0.12,8.0,672360898,30.6549348,104.0756717
145209,P4,436.0,436.0,1156.0,1156.0,False,0.41,8.0,4548259299,30.6805229,104.0545484
146267,P4,436.0,436.0,1156.0,1156.0,False,2.48,10.96,4550018818,30.6257653,103.982709
76599,P4,436.0,436.0,1156.0,1156.0,False,1.36,8.72,4069514796,30.7232749,103.9780691
97510,P4,436.0,436.0,1156.0,1156.0,False,1.09,8.18,1493202240,30.6115156,104.0580196
166218,P4,437.0,437.0,1157.0,1157.0,False,1.96,9.92,1453882457,30.7031327,104.0042124
177130,P4,437.0,437.0,1157.0,1157.0,False,0.38,8.0,4550019088,30.6349084,104.0126156
19079,P4,437.0,437.0,1157.0,1157.0,False,3.31,12.62,1492416227,30.627283,104.0622
29648,P4,437.0,437.0,1157.0,1157.0,False,1.96,9.92,1156126797,30.6710227,104.0461687
63800,P4,437.0,437.0,1157.0,1157.0,False,1.04,8.08,1305816687,30.6447627,104.0835907
73740,P4,437.0,437.0,1157.0,1157.0,False,1.7,9.4,5375784070,30.6590854,103.9988213
89414,P4,437.0,437.0,1157.0,1157.0,False,0.82,8.0,3633021144,30.6641265,104.0638364
125043,P4,438.0,438.0,1158.0,1158.0,False,0.66,8.0,4230611279,30.65465,104.06786
166891,P4,438.0,438.0,1158.0,1158.0,False,1.1,8.2,4773916458,30.6577856,104.0019837
168463,P4,438.0,438.0,1158.0,1158.0,False,1.1,8.2,1339762122,30.704086,104.04308
188668,P4,438.0,438.0,1158.0,1158.0,False,1.31,8.62,4546939439,30.6195278,104.1083009
53925,P4,438.0,438.0,1158.0,1158.0,False,1.1,8.2,3562110268,30.648929,104.0291174
59183,P4,438.0,438.0,1158.0,1158.0,False,0.39,8.0,3927876939,30.6750845,103.9870927
90053,P4,438.0,438.0,1158.0,1158.0,False,2.16,10.32,4695601473,30.6094204,104.0304958
97197,P4,438.0,438.0,1158.0,1158.0,False,2.16,10.32,2560005517,30.6293037,104.0211569
173319,P4,439.0,439.0,1159.0,1159.0,False,0.61,8.0,4548211443,30.672853,104.06859
23067,P4,439.0,439.0,1159.0,1159.0,False,0.33,8.0,3087817482,30.6638318,104.0024922
34502,P4,439.0,439.0,1159.0,1159.0,False,0.72,8.0,2727024777,30.6169622,104.0519626
71524,P4,439.0,439.0,1159.0,1159.0,False,2.0,10.0,3445813552,30.668393,104.0714277
116691,P4,440.0,440.0,1160.0,1160.0,False,1.94,9.88,4548211454,30.6687264,104.0579499
121684,P4,440.0,440.0,1160.0,1160.0,False,0.36,8.0,1459896462,30.6431175,104.1058752
138635,P4,440.0,440.0,1160.0,1160.0,False,0.76,8.0,1301933024,30.6413741,104.0826883
145511,P4,440.0,440.0,1160.0,1160.0,False,0.7,8.0,4903105811,30.65596,104.08299
62102,P4,440.0,440.0,1160.0,1160.0,False,0.63,8.0,5336411862,30.6486589,104.0513229
89979,P4,440.0,440.0,1160.0,1160.0,False,1.23,8.46,432442847,30.6692858,103.9955816
95456,P4,440.0,440.0,1160.0,1160.0,False,2.52,11.04,4782067656,30.6248016,104.0266882
105236,P4,441.0,441.0,1161.0,1161.0,False,0.41,8.0,5359113207,30.6779485,104.0086357
107543,P4,441.0,441.0,1161.0,1161.0,False,0.78,8.0,1964337171,30.67405,104.10433
150663,P4,441.0,441.0,1161.0,1161.0,False,0.63,8.0,4699007279,30.6149907,104.0357408
3144,P4,441.0,441.0,1161.0,1161.0,False,0.78,8.0,5141468776,30.6278597,104.0925419
51539,P4,441.0,441.0,1161.0,1161.0,False,0.85,8.0,3113656970,30.6657565,104.0485473
63768,P4,441.0,441.0,1161.0,1161.0,False,0.48,8.0,3028924422,30.6416096,104.0528757
76241,P4,441.0,441.0,1161.0,1161.0,False,0.85,8.0,4549993409,30.6951522,104.0408396
85256,P4,441.0,441.0,1161.0,1161.0,False,0.63,8.0,4699007258,30.6123176,104.0381318
129443,P4,442.0,442.0,1162.0,1162.0,False,0.3,8.0,1312615942,30.6489747,104.0560347
145473,P4,442.0,442.0,1162.0,1162.0,False,1.02,8.04,5257005061,30.6763601,104.0932619
147767,P4,442.0,442.0,1162.0,1162.0,False,0.62,8.0,1159173348,30.6276025,104.0726317
163576,P4,442.0,442.0,1162.0,1162.0,False,0.98,8.0,4693609989,30.6282891,104.0713128
17455,P4,442.0,442.0,1162.0,1162.0,False,0.98,8.0,4772214802,30.6800831,104.0073693
58309,P4,442.0,442.0,1162.0,1162.0,False,0.59,8.0,4638105423,30.7093856,104.062371
101335,P4,443.0,443.0,1163.0,1163.0,False,0.94,8.0,3034393457,30.66747,104.05247
123695,P4,443.0,443.0,1163.0,1163.0,False,0.55,8.0,432442887,30.6941255,103.9762069
131764,P4,443.0,443.0,1163.0,1163.0,False,0.44,8.0,4964000123,30.7181228,104.0312803
83227,P4,443.0,443.0,1163.0,1163.0,False,0.32,8.0,1958204265,30.6738,104.0847
89195,P4,443.0,443.0,1163.0,1163.0,False,3.01,12.02,1861145360,30.6698486,104.1111072
138780,P4,444.0,444.0,1164.0,1164.0,False,0.19,8.0,4550769610,30.6373308,104.1108589
152610,P4,444.0,444.0,1164.0,1164.0,False,1.58,9.16,3436489823,30.6405095,104.0452117
199366,P4,444.0,444.0,1164.0,1164.0,False,1.38,8.76,5211345684,30.648848,103.9941538
199955,P4,444.0,444.0,1164.0,1164.0,False,0.2,8.0,3742070438,30.6582418,104.0684908
38831,P4,444.0,444.0,1164.0,1164.0,False,0.13,8.0,4695700246,30.6147478,104.0181972
63652,P4,444.0,444.0,1164.0,1164.0,False,0.14,8.0,4550018931,30.6531037,104.0603723
70327,P4,444.0,444.0,1164.0,1164.0,False,0.19,8.0,4118527431,30.6999658,104.0850319
170467,P4,445.0,445.0,1165.0,1165.0,False,0.38,8.0,5283966326,30.706106,104.097046
52104,P4,445.0,445.0,1165.0,1165.0,False,0.9,8.0,1504210129,30.706758,104.0951811
84265,P4,445.0,445.0,1165.0,1165.0,False,0.47,8.0,1459023394,30.6449286,104.1092314
157283,P4,446.0,446.0,1166.0,1166.0,False,2.6,11.2,3541404998,30.6848089,104.0526775
164841,P4,446.0,446.0,1166.0,1166.0,False,1.47,8.94,1964301825,30.6731621,104.0877341
37407,P4,446.0,446.0,1166.0,1166.0,False,2.5,11.0,1916386479,30.6359473,104.004491
148941,P4,447.0,447.0,1167.0,1167.0,False,2.55,11.1,4701577701,30.6162827,104.0707917
72570,P4,447.0,447.0,1167.0,1167.0,False,0.96,8.0,4550018636,30.6160566,104.0360146
83696,P4,447.0,447.0,1167.0,1167.0,False,0.58,8.0,4230611271,30.6517581,104.0702595
91802,P4,447.0,447.0,1167.0,1167.0,False,1.15,8.3,3541420742,30.6927173,104.0671622
96064,P4,447.0,447.0,1167.0,1167.0,False,0.48,8.0,2933855153,30.6092679,103.9763125
131720,P4,448.0,448.0,1168.0,1168.0,False,1.85,9.7,4779165787,30.6338618,104.0738243
136061,P4,448.0,448.0,1168.0,1168.0,False,1.59,9.18,2204171434,30.7221189,104.0860256
40831,P4,448.0,448.0,1168.0,1168.0,False,1.17,8.34,4548211641,30.67071,104.06155
77567,P4,448.0,448.0,1168.0,1168.0,False,3.12,12.24,3613960006,30.6724147,104.0459399
101681,P4,449.0,449.0,1169.0,1169.0,False,1.48,8.96,5382831175,30.6760721,104.0982476
113965,P4,449.0,449.0,1169.0,1169.0,False,0.74,8.0,4964134701,30.7053923,104.0206753
180268,P4,449.0,449.0,1169.0,1169.0,False,2.74,11.48,441187448,30.688431,104.0577003
190885,P4,449.0,449.0,1169.0,1169.0,False,0.01,8.0,1159512572,30.649774,104.0759772
24423,P4,449.0,449.0,1169.0,1169.0,False,1.41,8.82,4550018867,30.63145,104.0155525
50046,P4,449.0,449.0,1169.0,1169.0,False,2.16,10.32,1072704379,30.7033562,104.0770448
56392,P4,449.0,449.0,1169.0,1169.0,False,0.01,8.0,5141468747,30.6322155,104.0954862
5859,P4,449.0,449.0,1169.0,1169.0,False,2.62,11.24,2118910075,30.70311,104.087
79398,P4,449.0,449.0,1169.0,1169.0,False,2.74,11.48,432452909,30.6275541,104.0692031
94947,P4,449.0,449.0,1169.0,1169.0,False,1.98,9.96,1301933017,30.64158,104.07784
102111,P4,450.0,450.0,1170.0,1170.0,False,0.32,8.0,5359113218,30.6777224,104.0114833
90070,P4,450.0,450.0,1170.0,1170.0,False,1.19,8.38,4393165158,30.6227099,104.0637625
9592,P4,450.0,450.0,1170.0,1170.0,False,1.7,9.4,432442913,30.66807,104.022873
111421,P4,451.0,451.0,1171.0,1171.0,False,0.72,8.0,2564226625,30.6369724,104.0206548
12270,P4,451.0,451.0,1171.0,1171.0,False,2.39,10.78,1500638719,30.7080075,104.0885952
147183,P4,451.0,451.0,1171.0,1171.0,False,0.29,8.0,432452989,30.627612,104.0740842
184392,P4,451.0,451.0,1171.0,1171.0,False,2.24,10.48,1507392436,30.6962331,104.0788739
43363,P4,451.0,451.0,1171.0,1171.0,False,1.35,8.7,3582242993,30.7257458,103.9990477
57055,P4,451.0,451.0,1171.0,1171.0,False,0.29,8.0,3445813118,30.66474,104.07722
97319,P4,451.0,451.0,1171.0,1171.0,False,1.47,8.94,1885342917,30.683372,104.100105
168419,P4,452.0,452.0,1172.0,1172.0,False,1.78,9.56,314635450,30.6340301,104.0373755
71500,P4,452.0,452.0,1172.0,1172.0,False,0.48,8.0,5213238352,30.6408679,104.0419308
12686,P4,453.0,453.0,1173.0,1173.0,False,0.34,8.0,4106681971,30.6388692,103.9880926
131819,P4,453.0,453.0,1173.0,1173.0,False,0.63,8.0,4572410029,30.6650461,104.0447106
151177,P4,453.0,453.0,1173.0,1173.0,False,3.53,13.06,4773916424,30.6589695,104.0020247
162219,P4,453.0,453.0,1173.0,1173.0,False,0.28,8.0,4220546259,30.654148,104.074844
184729,P4,453.0,453.0,1173.0,1173.0,False,0.28,8.0,1159171641,30.6163231,104.0795758
101101,P4,454.0,454.0,1174.0,1174.0,False,0.74,8.0,1159453941,30.6612497,104.0448629
176060,P4,454.0,454.0,1174.0,1174.0,False,0.13,8.0,1918491764,30.6509854,103.980506
178929,P4,454.0,454.0,1174.0,1174.0,False,0.34,8.0,3562004420,30.654508,104.0345459
193477,P4,454.0,454.0,1174.0,1174.0,False,1.92,9.84,4359390976,30.7233,104.0561053
62697,P4,454.0,454.0,1174.0,1174.0,False,0.3,8.0,3541405001,30.6844028,104.0556549
63166,P4,454.0,454.0,1174.0,1174.0,False,0.19,8.0,4773199345,30.6744417,104.0086339
6710,P4,454.0,454.0,1174.0,1174.0,False,0.74,8.0,5145177730,30.7239166,104.1013839
94211,P4,454.0,454.0,1174.0,1174.0,False,0.95,8.0,4967265743,30.70333,104.00448
98633,P4,454.0,454.0,1174.0,1174.0,False,0.09,8.0,4772216922,30.6790537,104.0075277
1042,P4,455.0,455.0,1175.0,1175.0,False,0.39,8.0,5367321383,30.6635679,104.0055371
154655,P4,455.0,455.0,1175.0,1175.0,False,1.21,8.42,1159471908,30.69278,104.04091
178892,P4,455.0,455.0,1175.0,1175.0,False,1.01,8.02,1902098901,30.7268584,104.0674493
182387,P4,455.0,455.0,1175.0,1175.0,False,0.1,8.0,5213238429,30.64883,104.09827
3111,P4,455.0,455.0,1175.0,1175.0,False,1.11,8.22,3562045387,30.71197,104.04264
44968,P4,455.0,455.0,1175.0,1175.0,False,0.19,8.0,3541376411,30.7250318,104.0469322
56074,P4,455.0,455.0,1175.0,1175.0,False,1.01,8.02,1159173786,30.6360052,104.0708288
73195,P4,455.0,455.0,1175.0,1175.0,False,0.95,8.0,3445813123,30.671,104.07109
107462,P4,456.0,456.0,1176.0,1176.0,False,2.99,11.98,4779165800,30.6358011,104.0735412
157579,P4,456.0,456.0,1176.0,1176.0,False,2.99,11.98,672406316,30.65217,104.0681
176939,P4,456.0,456.0,1176.0,1176.0,False,0.63,8.0,432442540,30.694365,104.01233
181747,P4,456.0,456.0,1176.0,1176.0,False,1.43,8.86,1339762127,30.715986,104.04439
183582,P4,456.0,456.0,1176.0,1176.0,False,0.81,8.0,1459074857,30.6467491,104.1079732
208399,P4,456.0,456.0,1176.0,1176.0,False,0.9,8.0,672349693,30.696424,104.07237
24978,P4,456.0,456.0,1176.0,1176.0,False,0.45,8.0,1815855081,30.6762251,103.9766378
7116,P4,456.0,456.0,1176.0,1176.0,False,1.74,9.48,1819305451,30.622593,104.0690263
155357,P4,457.0,457.0,1177.0,1177.0,False,0.29,8.0,1159149121,30.6544621,104.0723536
25528,P4,457.0,457.0,1177.0,1177.0,False,1.29,8.58,4699007172,30.6108011,104.0340841
59983,P4,457.0,457.0,1177.0,1177.0,False,0.95,8.0,3541401903,30.6841194,103.9859671
70567,P4,457.0,457.0,1177.0,1177.0,False,0.17,8.0,4118527280,30.6829899,104.0634187
71459,P4,457.0,457.0,1177.0,1177.0,False,1.36,8.72,2039522711,30.67439,104.10531
74798,P4,457.0,457.0,1177.0,1177.0,False,0.07,8.0,4549993276,30.6486719,103.9805232
12361,P4,458.0,458.0,1178.0,1178.0,False,1.21,8.42,2651700257,30.695084,104.0787813
184297,P4,458.0,458.0,1178.0,1178.0,False,1.21,8.42,5133238793,30.6292254,104.0739904
39832,P4,458.0,458.0,1178.0,1178.0,False,0.53,8.0,2472055935,30.6999896,104.05011
40499,P4,458.0,458.0,1178.0,1178.0,False,1.04,8.08,4972899565,30.62501,104.04967
77571,P4,458.0,458.0,1178.0,1178.0,False,0.31,8.0,441159999,30.720372,104.1021867
120875,P4,459.0,459.0,1179.0,1179.0,False,1.37,8.74,4505485118,30.6369031,104.0772928
139019,P4,459.0,459.0,1179.0,1179.0,False,0.46,8.0,1159512572,30.649774,104.0759772
160250,P4,459.0,459.0,1179.0,1179.0,False,0.74,8.0,4106681940,30.6232731,103.9920918
209242,P4,459.0,459.0,1179.0,1179.0,False,1.65,9.3,4550019087,30.6502695,104.0584956
27462,P4,459.0,459.0,1179.0,1179.0,False,0.3,8.0,5382831216,30.6764337,104.1019211
34498,P4,459.0,459.0,1179.0,1179.0,False,0.07,8.0,3680455699,30.6583405,104.0128061
46099,P4,459.0,459.0,1179.0,1179.0,False,3.45,12.9,1159228754,30.68691,104.10818
51994,P4,459.0,459.0,1179.0,1179.0,False,0.53,8.0,4582821486,30.6637538,104.0477514
58784,P4,459.0,459.0,1179.0,1179.0,False,0.3,8.0,1159132217,30.6622629,104.0833073
89917,P4,459.0,459.0,1179.0,1179.0,False,0.82,8.0,4695640524,30.6139204,104.0253742
101704,P4,460.0,460.0,1180.0,1180.0,False,0.59,8.0,1305816676,30.6460208,104.0850432
114665,P4,460.0,460.0,1180.0,1180.0,False,0.27,8.0,1159157306,30.633998,104.0953469
141397,P4,460.0,460.0,1180.0,1180.0,False,1.48,8.96,4693647119,30.6339592,104.0724524
142215,P4,460.0,460.0,1180.0,1180.0,False,0.57,8.0,1916386460,30.6131026,104.0420772
142454,P4,460.0,460.0,1180.0,1180.0,False,2.28,10.56,432452904,30.614518,104.0746835
181414,P4,460.0,460.0,1180.0,1180.0,False,1.88,9.76,4748183722,30.6234372,104.0192515
196176,P4,460.0,460.0,1180.0,1180.0,False,0.63,8.0,4703149486,30.6115743,104.0682118
78659,P4,460.0,460.0,1180.0,1180.0,False,2.49,10.98,5323268681,30.7187694,104.09595
91723,P4,460.0,460.0,1180.0,1180.0,False,2.64,11.28,3034029054,30.6807606,103.9995161
129186,P4,461.0,461.0,1181.0,1181.0,False,1.85,9.7,5141468806,30.6230852,104.0829766
162491,P4,461.0,461.0,1181.0,1181.0,False,0.11,8.0,4359390924,30.721844,104.10927
168251,P4,461.0,461.0,1181.0,1181.0,False,1.53,9.06,1445481368,30.65633,104.06458
42670,P4,461.0,461.0,1181.0,1181.0,False,1.12,8.24,3742070460,30.6511466,104.0836043
44151,P4,461.0,461.0,1181.0,1181.0,False,1.45,8.9,5213253169,30.6646952,104.1109949
49140,P4,461.0,461.0,1181.0,1181.0,False,0.11,8.0,1312616016,30.6437566,104.0425232
91926,P4,461.0,461.0,1181.0,1181.0,False,1.12,8.24,4548211678,30.6290729,104.0969495
108213,P4,462.0,462.0,1182.0,1182.0,False,0.19,8.0,1500780826,30.6504103,104.0114096
71819,P4,462.0,462.0,1182.0,1182.0,False,0.05,8.0,4703149496,30.6125499,104.0667557
8707,P4,462.0,462.0,1182.0,1182.0,False,2.05,10.1,4582821488,30.664349,104.04937
164571,P4,463.0,463.0,1183.0,1183.0,False,0.25,8.0,5102886112,30.6879888,103.9903974
189118,P4,463.0,463.0,1183.0,1183.0,False,0.45,8.0,1302807385,30.6436577,104.0865587
189756,P4,463.0,463.0,1183.0,1183.0,False,1.26,8.52,2217714910,30.6609371,104.0664485
19469,P4,463.0,463.0,1183.0,1183.0,False,0.98,8.0,5141326917,30.6102598,104.0592811
29949,P4,463.0,463.0,1183.0,1183.0,False,0.98,8.0,5141328779,30.6146574,104.0627682
55945,P4,463.0,463.0,1183.0,1183.0,False,0.25,8.0,4991426391,30.6500873,103.9830204
103907,P4,464.0,464.0,1184.0,1184.0,False,0.28,8.0,672360478,30.6772572,104.0907579
123418,P4,464.0,464.0,1184.0,1184.0,False,1.31,8.62,1458459967,30.6857621,104.1012902
132872,P4,464.0,464.0,1184.0,1184.0,False,0.37,8.0,3158040423,30.6378631,104.0478602
147951,P4,464.0,464.0,1184.0,1184.0,False,0.63,8.0,1159488324,30.69246,104.07345
155368,P4,464.0,464.0,1184.0,1184.0,False,0.02,8.0,4748166164,30.6186904,104.0214268
16084,P4,464.0,464.0,1184.0,1184.0,False,0.37,8.0,671581781,30.6261761,104.0741736
201702,P4,464.0,464.0,1184.0,1184.0,False,1.31,8.62,1458786968,30.6793661,104.0923501
2063,P4,464.0,464.0,1184.0,1184.0,False,1.71,9.42,1159143853,30.67755,104.08744
207941,P4,464.0,464.0,1184.0,1184.0,False,1.08,8.16,1159171719,30.6146361,104.0791327
104703,P4,465.0,465.0,1185.0,1185.0,False,0.45,8.0,2119004926,30.695456,104.0230312
109974,P4,465.0,465.0,1185.0,1185.0,False,0.97,8.0,1492613673,30.6221089,104.0629493
123575,P4,465.0,465.0,1185.0,1185.0,False,0.58,8.0,2333193192,30.6306223,104.0982423
127571,P4,465.0,465.0,1185.0,1185.0,False,0.28,8.0,4549993214,30.6968887,104.0475672
170050,P4,465.0,465.0,1185.0,1185.0,False,2.67,11.34,432432525,30.6541574,104.0509847
179360,P4,465.0,465.0,1185.0,1185.0,False,0.97,8.0,4967265770,30.7055098,104.0073112
179602,P4,465.0,465.0,1185.0,1185.0,False,0.29,8.0,5141328651,30.6142456,104.062873
64570,P4,465.0,465.0,1185.0,1185.0,False,1.56,9.12,3614070503,30.6747592,104.0624488
11275,P4,466.0,466.0,1186.0,1186.0,False,0.26,8.0,314614144,30.6113934,104.0462015
12535,P4,466.0,466.0,1186.0,1186.0,False,0.28,8.0,4220546243,30.6503084,104.0724947
14861,P4,466.0,466.0,1186.0,1186.0,False,1.3,8.6,4987536551,30.6416925,103.9943954
148812,P4,466.0,466.0,1186.0,1186.0,False,0.45,8.0,3683788278,30.6096084,104.0847674
8925,P4,466.0,466.0,1186.0,1186.0,False,0.91,8.0,4078817942,30.710714,104.0823324
162767,P4,467.0,467.0,1187.0,1187.0,False,1.39,8.78,2956775868,30.70218,104.0352
184232,P4,467.0,467.0,1187.0,1187.0,False,0.88,8.0,2712338396,30.7080265,104.038763
75559,P4,467.0,467.0,1187.0,1187.0,False,2.14,10.28,3562047436,30.72265,104.05691
113922,P4,468.0,468.0,1188.0,1188.0,False,1.7,9.4,4548211249,30.6771193,104.0577876
128412,P4,468.0,468.0,1188.0,1188.0,False,2.66,11.32,1159144963,30.6625881,104.0682213
130635,P4,468.0,468.0,1188.0,1188.0,False,2.67,11.34,4550018682,30.64628,104.01836
154319,P4,468.0,468.0,1188.0,1188.0,False,2.04,10.08,432442506,30.66875,104.0062
167992,P4,468.0,468.0,1188.0,1188.0,False,2.78,11.56,4695601570,30.6108563,104.0328647
18307,P4,468.0,468.0,1188.0,1188.0,False,1.7,9.4,4748166166,30.6176603,104.0211913
198245,P4,468.0,468.0,1188.0,1188.0,False,1.73,9.46,1459000906,30.6565218,104.0959652
207423,P4,468.0,468.0,1188.0,1188.0,False,2.78,11.56,4967265745,30.6998298,104.0071361
34664,P4,468.0,468.0,1188.0,1188.0,False,0.26,8.0,2472054566,30.705041,104.05123
35153,P4,468.0,468.0,1188.0,1188.0,False,0.98,8.0,2472055935,30.6999896,104.05011
45408,P4,468.0,468.0,1188.0,1188.0,False,0.08,8.0,2041337982,30.6830604,104.0956174
45459,P4,468.0,468.0,1188.0,1188.0,False,2.04,10.08,1453882141,30.7013398,104.001948
5423,P4,468.0,468.0,1188.0,1188.0,False,0.08,8.0,4136052210,30.6105356,104.0479173
130357,P4,469.0,469.0,1189.0,1189.0,False,0.14,8.0,4693609819,30.6326168,104.0671626
34071,P4,469.0,469.0,1189.0,1189.0,False,1.49,8.98,4414330454,30.655148,104.088524
46920,P4,469.0,469.0,1189.0,1189.0,False,1.88,9.76,1457843799,30.6884963,104.0995444
52020,P4,469.0,469.0,1189.0,1189.0,False,0.66,8.0,4877924396,30.6456255,104.1023277
55962,P4,469.0,469.0,1189.0,1189.0,False,1.88,9.76,2039550418,30.6387613,104.1120725
64621,P4,469.0,469.0,1189.0,1189.0,False,0.02,8.0,2133188713,30.6109464,104.0923554
946,P4,469.0,469.0,1189.0,1189.0,False,1.88,9.76,4087177084,30.6172715,104.0146167
120793,P4,470.0,470.0,1190.0,1190.0,False,1.21,8.42,2204171389,30.7236639,104.079988
199084,P4,470.0,470.0,1190.0,1190.0,False,0.66,8.0,276560235,30.6111327,104.0638586
109959,P4,471.0,471.0,1191.0,1191.0,False,0.77,8.0,1492371540,30.6549288,104.0633533
150515,P4,471.0,471.0,1191.0,1191.0,False,0.55,8.0,4106682189,30.65719,103.969
157273,P4,471.0,471.0,1191.0,1191.0,False,1.12,8.24,1492405931,30.6398776,104.0641663
20315,P4,471.0,471.0,1191.0,1191.0,False,0.55,8.0,3034330079,30.657738,104.08332
81788,P4,471.0,471.0,1191.0,1191.0,False,0.77,8.0,276558558,30.6424862,104.0252927
10605,P4,472.0,472.0,1192.0,1192.0,False,0.75,8.0,4106681954,30.6291354,104.0038731
11780,P4,472.0,472.0,1192.0,1192.0,False,1.25,8.5,3541427566,30.7175511,104.0397509
174057,P4,472.0,472.0,1192.0,1192.0,False,1.23,8.46,2472036429,30.6639718,104.0639665
25619,P4,472.0,472.0,1192.0,1192.0,False,1.23,8.46,4582821477,30.6591562,104.0497539
13881,P4,473.0,473.0,1193.0,1193.0,False,2.68,11.36,1916517839,30.6586864,103.9877811
139714,P4,473.0,473.0,1193.0,1193.0,False,0.79,8.0,4693647096,30.6348677,104.0732236
148455,P4,473.0,473.0,1193.0,1193.0,False,0.63,8.0,1458911919,30.67221,104.0876
159115,P4,473.0,473.0,1193.0,1193.0,False,0.23,8.0,1492633091,30.6201406,104.0646114
191002,P4,473.0,473.0,1193.0,1193.0,False,1.02,8.04,3562047437,30.7162486,104.0341305
199222,P4,473.0,473.0,1193.0,1193.0,False,1.29,8.58,3742070460,30.6511466,104.0836043
28587,P4,473.0,473.0,1193.0,1193.0,False,0.09,8.0,1912247016,30.610869,104.0724022
36750,P4,473.0,473.0,1193.0,1193.0,False,1.29,8.58,4601260487,30.6369695,104.0662229
56863,P4,473.0,473.0,1193.0,1193.0,False,0.78,8.0,3089075663,30.6504118,104.054373
108451,P4,474.0,474.0,1194.0,1194.0,False,0.54,8.0,4679104230,30.662394,104.113945
119439,P4,474.0,474.0,1194.0,1194.0,False,0.76,8.0,3445813551,30.66663,104.0706
126314,P4,474.0,474.0,1194.0,1194.0,False,0.38,8.0,1918491714,30.6463352,103.9872924
151163,P4,474.0,474.0,1194.0,1194.0,False,0.8,8.0,3579517900,30.66757,104.05589
169492,P4,474.0,474.0,1194.0,1194.0,False,0.3,8.0,5002301702,30.6905252,104.035081
41221,P4,474.0,474.0,1194.0,1194.0,False,1.56,9.12,1492607720,30.6228945,104.0645365
89468,P4,474.0,474.0,1194.0,1194.0,False,0.8,8.0,4773916473,30.6561046,104.0026149
122061,P4,475.0,475.0,1195.0,1195.0,False,0.87,8.0,1159225730,30.6980105,104.0516672
16007,P4,475.0,475.0,1195.0,1195.0,False,2.41,10.82,4106681953,30.629225,103.995964
186243,P4,475.0,475.0,1195.0,1195.0,False,0.25,8.0,4548211649,30.6912378,104.0367322
200317,P4,475.0,475.0,1195.0,1195.0,False,0.25,8.0,1964394669,30.6690441,104.1061984
22147,P4,475.0,475.0,1195.0,1195.0,False,0.03,8.0,1159131824,30.66286,104.0795
23823,P4,475.0,475.0,1195.0,1195.0,False,2.17,10.34,5141328646,30.61169,104.06088
32246,P4,475.0,475.0,1195.0,1195.0,False,0.09,8.0,4695640659,30.6170463,104.0277181
46176,P4,475.0,475.0,1195.0,1195.0,False,0.58,8.0,4695601304,30.6107571,104.0294179
52211,P4,475.0,475.0,1195.0,1195.0,False,1.77,9.54,3562028089,30.65931,104.09146
61923,P4,475.0,475.0,1195.0,1195.0,False,1.67,9.34,4154368798,30.6764701,104.0582862
65416,P4,475.0,475.0,1195.0,1195.0,False,1.12,8.24,4698894059,30.6099411,104.0368275
67368,P4,475.0,475.0,1195.0,1195.0,False,0.25,8.0,5213237302,30.6592821,104.0787494
77580,P4,475.0,475.0,1195.0,1195.0,False,1.59,9.18,4548209365,30.6230395,104.0837609
134247,P4,476.0,476.0,1196.0,1196.0,False,0.76,8.0,4230611281,30.65457,104.06613
155352,P4,476.0,476.0,1196.0,1196.0,False,0.34,8.0,3582230416,30.6501977,103.9709854
57035,P4,476.0,476.0,1196.0,1196.0,False,1.18,8.36,4772463265,30.6632231,104.0456704
73513,P4,476.0,476.0,1196.0,1196.0,False,2.3,10.6,1312615944,30.6497721,104.0579498
116419,P4,477.0,477.0,1197.0,1197.0,False,0.19,8.0,2691023134,30.7177496,103.9865264
205497,P4,477.0,477.0,1197.0,1197.0,False,0.42,8.0,4393165157,30.6224945,104.0654743
39008,P4,477.0,477.0,1197.0,1197.0,False,0.0,8.0,4779165758,30.6261734,104.0308368
10671,P4,478.0,478.0,1198.0,1198.0,False,1.29,8.58,4107377006,30.63019,104.00058
125747,P4,478.0,478.0,1198.0,1198.0,False,0.96,8.0,5213238455,30.634785,104.056175
117324,P4,479.0,479.0,1199.0,1199.0,False,2.68,11.36,1301933031,30.6531743,104.0712379
122507,P4,479.0,479.0,1199.0,1199.0,False,0.15,8.0,432442942,30.682359,104.0276313
137816,P4,479.0,479.0,1199.0,1199.0,False,1.57,9.14,4695700253,30.6182648,104.0197066
144406,P4,479.0,479.0,1199.0,1199.0,False,1.23,8.46,3113656970,30.6657565,104.0485473
1820,P4,479.0,479.0,1199.0,1199.0,False,1.29,8.58,4592713498,30.6215914,104.0643526
182749,P4,479.0,479.0,1199.0,1199.0,False,1.44,8.88,4102465474,30.6874097,104.0398793
59047,P4,479.0,479.0,1199.0,1199.0,False,1.23,8.46,4549993409,30.69504,104.0415
6943,P4,479.0,479.0,1199.0,1199.0,False,1.33,8.66,2933855166,30.6111757,103.9801937
110954,P4,480.0,480.0,1200.0,1200.0,False,3.26,12.52,4987534935,30.6252287,104.012607
139174,P4,480.0,480.0,1200.0,1200.0,False,0.84,8.0,2722829577,30.7005531,104.0662637
15814,P4,480.0,480.0,1200.0,1200.0,False,0.19,8.0,2852754445,30.665938,104.1107595
25455,P4,480.0,480.0,1200.0,1200.0,False,2.42,10.84,2712421556,30.63499,104.05961
70820,P4,480.0,480.0,1200.0,1200.0,False,3.28,12.56,5257056295,30.676691,104.0970674
100645,P4,481.0,481.0,1201.0,1201.0,False,0.41,8.0,1459920705,30.640689,104.1043602
106637,P4,481.0,481.0,1201.0,1201.0,False,0.71,8.0,3742070460,30.6511466,104.0836043
111733,P4,481.0,481.0,1201.0,1201.0,False,0.01,8.0,3541364361,30.6142828,104.0864669
171195,P4,481.0,481.0,1201.0,1201.0,False,0.87,8.0,1159941201,30.668522,104.02
187058,P4,481.0,481.0,1201.0,1201.0,False,2.42,10.84,504315304,30.6953694,104.1053117
63277,P4,481.0,481.0,1201.0,1201.0,False,0.85,8.0,1492615693,30.624497,104.0644663
73749,P4,481.0,481.0,1201.0,1201.0,False,0.01,8.0,1492613673,30.6221089,104.0629493
7647,P4,481.0,481.0,1201.0,1201.0,False,0.95,8.0,5375783758,30.6322589,104.011485
89404,P4,481.0,481.0,1201.0,1201.0,False,0.99,8.0,1159496594,30.6884286,104.0434886
97914,P4,481.0,481.0,1201.0,1201.0,False,1.47,8.94,2728372887,30.6269224,104.0741298
121363,P4,482.0,482.0,1202.0,1202.0,False,1.31,8.62,1504202385,30.7095482,104.0971286
141285,P4,482.0,482.0,1202.0,1202.0,False,1.0,8.0,5141468792,30.630272,104.1010274
145374,P4,482.0,482.0,1202.0,1202.0,False,0.73,8.0,4693609876,30.6319966,104.0696843
152240,P4,482.0,482.0,1202.0,1202.0,False,0.4,8.0,1815741561,30.6881779,104.0706783
152790,P4,482.0,482.0,1202.0,1202.0,False,1.0,8.0,4992013246,30.621778,104.0745079
15321,P4,482.0,482.0,1202.0,1202.0,False,0.01,8.0,4701577711,30.6162188,104.0704791
93462,P4,482.0,482.0,1202.0,1202.0,False,0.31,8.0,4548211362,30.6770164,104.051386
147385,P4,483.0,483.0,1203.0,1203.0,False,0.79,8.0,1459929556,30.6440896,104.1114646
151126,P4,483.0,483.0,1203.0,1203.0,False,0.9,8.0,2729373178,30.6133087,104.0447277
169615,P4,483.0,483.0,1203.0,1203.0,False,0.79,8.0,4548211437,30.6750514,104.0655308
206906,P4,483.0,483.0,1203.0,1203.0,False,0.9,8.0,1492399323,30.658834,104.0633411
28177,P4,483.0,483.0,1203.0,1203.0,False,0.12,8.0,5141326917,30.6102598,104.0592811
39639,P4,483.0,483.0,1203.0,1203.0,False,0.12,8.0,1815855054,30.6684853,103.9742716
733,P4,483.0,483.0,1203.0,1203.0,False,0.66,8.0,3979164207,30.6751625,104.0891486
8539,P4,483.0,483.0,1203.0,1203.0,False,0.12,8.0,4695640654,30.6157973,104.0245243
106675,P4,484.0,484.0,1204.0,1204.0,False,3.56,13.12,2217714910,30.6609371,104.0664485
122506,P4,484.0,484.0,1204.0,1204.0,False,2.66,11.32,4548211641,30.6714606,104.0628898
139190,P4,484.0,484.0,1204.0,1204.0,False,0.27,8.0,3562047445,30.7156014,104.0330506
169583,P4,484.0,484.0,1204.0,1204.0,False,0.89,8.0,4106682234,30.6797444,104.0048938
43,P4,484.0,484.0,1204.0,1204.0,False,0.7,8.0,1305816693,30.66189,104.10498
7816,P4,484.0,484.0,1204.0,1204.0,False,1.52,9.04,1159231823,30.6891001,104.0801249
94590,P4,484.0,484.0,1204.0,1204.0,False,0.27,8.0,672349439,30.7229547,104.0720011
95948,P4,484.0,484.0,1204.0,1204.0,False,0.54,8.0,1072698472,30.7188487,104.0683208
136845,P4,485.0,485.0,1205.0,1205.0,False,0.06,8.0,4772430863,30.6778499,104.006853
168723,P4,485.0,485.0,1205.0,1205.0,False,1.66,9.32,4699007123,30.6106432,104.0372022
196971,P4,485.0,485.0,1205.0,1205.0,False,0.06,8.0,4701464341,30.6136914,104.0566031
198691,P4,485.0,485.0,1205.0,1205.0,False,0.13,8.0,3069351826,30.6371455,103.9732584
206791,P4,485.0,485.0,1205.0,1205.0,False,0.13,8.0,4550769468,30.6233807,104.1050183
61145,P4,485.0,485.0,1205.0,1205.0,False,1.25,8.5,4572410254,30.6858528,103.9731053
118371,P4,486.0,486.0,1206.0,1206.0,False,1.47,8.94,4550701519,30.6978096,104.0672685
126111,P4,486.0,486.0,1206.0,1206.0,False,1.16,8.32,3541366766,30.6556229,104.0061546
137846,P4,486.0,486.0,1206.0,1206.0,False,1.78,9.56,4699007190,30.6101198,104.0324788
152961,P4,486.0,486.0,1206.0,1206.0,False,0.07,8.0,4915830830,30.6752444,104.0714931
196861,P4,486.0,486.0,1206.0,1206.0,False,1.78,9.56,4548259514,30.6543828,104.0157074
3340,P4,486.0,486.0,1206.0,1206.0,False,1.9,9.8,4550018582,30.6476315,104.011387
34656,P4,486.0,486.0,1206.0,1206.0,False,2.0,10.0,4695640526,30.6150763,104.0247805
53408,P4,486.0,486.0,1206.0,1206.0,False,1.65,9.3,5375784026,30.6595843,103.9866471
71231,P4,486.0,486.0,1206.0,1206.0,False,1.04,8.08,432432546,30.66341,104.04065
81259,P4,486.0,486.0,1206.0,1206.0,False,1.16,8.32,4107377015,30.6321849,104.0007438
117453,P4,487.0,487.0,1207.0,1207.0,False,0.23,8.0,4748166162,30.6138824,104.0234089
170913,P4,487.0,487.0,1207.0,1207.0,False,0.63,8.0,3196147286,30.7108617,104.0213924
194454,P4,487.0,487.0,1207.0,1207.0,False,1.06,8.12,1506387928,30.7072828,104.0695922
196755,P4,487.0,487.0,1207.0,1207.0,False,1.06,8.12,1504174273,30.7177876,104.0699971
31016,P4,487.0,487.0,1207.0,1207.0,False,1.76,9.52,4799195763,30.613382,103.9878683
32851,P4,487.0,487.0,1207.0,1207.0,False,1.06,8.12,1159228699,30.67414,104.09299
53073,P4,487.0,487.0,1207.0,1207.0,False,0.67,8.0,3033986307,30.6569465,104.0257279
61361,P4,487.0,487.0,1207.0,1207.0,False,0.44,8.0,3034029053,30.6785863,104.0042126
72771,P4,487.0,487.0,1207.0,1207.0,False,0.32,8.0,2956775225,30.71366,104.04904
111567,P4,488.0,488.0,1208.0,1208.0,False,0.87,8.0,5141468655,30.64049,104.09624
11609,P4,488.0,488.0,1208.0,1208.0,False,0.15,8.0,4548211262,30.6263181,104.0468885
135060,P4,488.0,488.0,1208.0,1208.0,False,0.38,8.0,4772214802,30.6800831,104.0073693
172734,P4,488.0,488.0,1208.0,1208.0,False,0.34,8.0,2135946726,30.6161466,104.0156152
21854,P4,488.0,488.0,1208.0,1208.0,False,1.67,9.34,3614069295,30.6630333,104.0533622
54859,P4,488.0,488.0,1208.0,1208.0,False,0.03,8.0,4548211362,30.676117,104.0531
62077,P4,488.0,488.0,1208.0,1208.0,False,0.34,8.0,1455094525,30.6963224,104.1056643
75821,P4,488.0,488.0,1208.0,1208.0,False,0.66,8.0,4550018818,30.6257653,103.982709
109333,P4,489.0,489.0,1209.0,1209.0,False,1.95,9.9,4217837143,30.6271727,104.0430976
1239,P4,489.0,489.0,1209.0,1209.0,False,1.12,8.24,4106681976,30.6416864,103.9792544
173516,P4,489.0,489.0,1209.0,1209.0,False,1.95,9.9,3582961906,30.638167,104.0442319
204932,P4,489.0,489.0,1209.0,1209.0,False,1.07,8.14,4992013264,30.6102083,104.0749916
34312,P4,489.0,489.0,1209.0,1209.0,False,1.07,8.14,5141326917,30.6102598,104.0592811
131273,P4,490.0,490.0,1210.0,1210.0,False,0.46,8.0,3199773644,30.7015544,104.1103754
136705,P4,490.0,490.0,1210.0,1210.0,False,0.29,8.0,1313998740,30.6354039,104.0864149
141439,P4,490.0,490.0,1210.0,1210.0,False,1.05,8.1,1885342911,30.67969,104.09739
56657,P4,490.0,490.0,1210.0,1210.0,False,1.05,8.1,4549993123,30.7022539,104.0343397
84754,P4,490.0,490.0,1210.0,1210.0,False,0.21,8.0,2908413737,30.6446475,104.0886663
89747,P4,490.0,490.0,1210.0,1210.0,False,0.24,8.0,4548211332,30.68208,104.04062
111699,P4,491.0,491.0,1211.0,1211.0,False,2.99,11.98,672360898,30.65584,104.07528
117736,P4,491.0,491.0,1211.0,1211.0,False,0.58,8.0,1956565510,30.6772659,104.1132684
185656,P4,491.0,491.0,1211.0,1211.0,False,0.97,8.0,1159174531,30.631972,104.0669548
27746,P4,491.0,491.0,1211.0,1211.0,False,2.27,10.54,3633018901,30.6669404,104.0647786
34941,P4,491.0,491.0,1211.0,1211.0,False,1.51,9.02,4695601601,30.6096228,104.041796
36433,P4,491.0,491.0,1211.0,1211.0,False,0.49,8.0,4695640695,30.6149252,104.0288175
51085,P4,491.0,491.0,1211.0,1211.0,False,1.36,8.72,3523308831,30.6400444,104.0741595
54667,P4,491.0,491.0,1211.0,1211.0,False,0.17,8.0,3523298662,30.6299,104.0559
869,P4,491.0,491.0,1211.0,1211.0,False,0.65,8.0,2282013888,30.6210077,103.9722222
95243,P4,491.0,491.0,1211.0,1211.0,False,0.37,8.0,2041527397,30.6902045,104.0941428
123775,P4,492.0,492.0,1212.0,1212.0,False,0.17,8.0,4102465474,30.68673,104.04095
182726,P4,492.0,492.0,1212.0,1212.0,False,1.97,9.94,432442952,30.6801568,104.0168907
90631,P4,492.0,492.0,1212.0,1212.0,False,1.46,8.92,4106682132,30.646378,103.984665
106307,P4,493.0,493.0,1213.0,1213.0,False,1.09,8.18,1916386580,30.6418601,104.0559219
177949,P4,493.0,493.0,1213.0,1213.0,False,1.11,8.22,2532969464,30.7039148,104.0930384
193414,P4,493.0,493.0,1213.0,1213.0,False,0.25,8.0,962955219,30.6098424,104.1163879
197235,P4,493.0,493.0,1213.0,1213.0,False,2.54,11.08,796679602,30.71238,104.00145
48182,P4,493.0,493.0,1213.0,1213.0,False,0.25,8.0,4106681946,30.626207,103.9983081
19035,P4,494.0,494.0,1214.0,1214.0,False,1.23,8.46,1159224808,30.69503,104.0371
206885,P4,494.0,494.0,1214.0,1214.0,False,0.97,8.0,803149763,30.6791548,104.0929085
29445,P4,494.0,494.0,1214.0,1214.0,False,0.97,8.0,1493202761,30.611273,104.0580261
29863,P4,494.0,494.0,1214.0,1214.0,False,0.21,8.0,432442958,30.6822205,104.0160978
10915,P4,495.0,495.0,1215.0,1215.0,False,0.44,8.0,1457862034,30.6875784,104.0991898
112002,P4,495.0,495.0,1215.0,1215.0,False,1.53,9.06,3562099602,30.649725,104.0333002
124711,P4,495.0,495.0,1215.0,1215.0,False,0.54,8.0,1947583861,30.68682,104.0898
124924,P4,495.0,495.0,1215.0,1215.0,False,1.45,8.9,2472030046,30.6618366,104.0628434
206546,P4,495.0,495.0,1215.0,1215.0,False,1.45,8.9,2041337968,30.6801659,104.0998076
73976,P4,495.0,495.0,1215.0,1215.0,False,0.54,8.0,4549993355,30.6972299,104.0577146
119968,P4,496.0,496.0,1216.0,1216.0,False,1.49,8.98,4877924402,30.6470827,104.1032209
134338,P4,496.0,496.0,1216.0,1216.0,False,0.89,8.0,672349439,30.7229547,104.0720011
146777,P4,496.0,496.0,1216.0,1216.0,False,1.61,9.22,4106682231,30.6773645,104.0003262
162201,P4,496.0,496.0,1216.0,1216.0,False,1.33,8.66,432442854,30.6661921,103.9916253
192034,P4,496.0,496.0,1216.0,1216.0,False,2.33,10.66,4903105794,30.6737569,104.0680319
2422,P4,496.0,496.0,1216.0,1216.0,False,2.33,10.66,3541393458,30.6899386,104.0146226
43626,P4,496.0,496.0,1216.0,1216.0,False,2.33,10.66,3680455705,30.6592732,104.0135581
44104,P4,496.0,496.0,1216.0,1216.0,False,1.49,8.98,3523298668,30.629993,104.0475149
45015,P4,496.0,496.0,1216.0,1216.0,False,0.67,8.0,1159232653,30.694883,104.076126
46319,P4,496.0,496.0,1216.0,1216.0,False,0.66,8.0,4978440954,30.67712,104.07764
61643,P4,496.0,496.0,1216.0,1216.0,False,3.61,13.22,2532979486,30.7056378,104.0905158
201087,P4,497.0,497.0,1217.0,1217.0,False,1.08,8.16,3523308829,30.6416653,104.0811521
205557,P4,497.0,497.0,1217.0,1217.0,False,1.27,8.54,4414330243,30.6630248,104.0884294
71359,P4,497.0,497.0,1217.0,1217.0,False,3.98,13.96,4987535027,30.6370424,104.0115141
82510,P4,497.0,497.0,1217.0,1217.0,False,1.03,8.06,1457868178,30.6882249,104.099627
85439,P4,497.0,497.0,1217.0,1217.0,False,1.93,9.86,4638105423,30.7093856,104.062371
132627,P4,498.0,498.0,1218.0,1218.0,False,2.32,10.64,529952557,30.6980299,104.0639187
199661,P4,498.0,498.0,1218.0,1218.0,False,1.34,8.68,4693610148,30.6340006,104.0678179
203777,P4,498.0,498.0,1218.0,1218.0,False,1.84,9.68,1458550332,30.682592,104.1030391
96595,P4,498.0,498.0,1218.0,1218.0,False,1.34,8.68,3436486412,30.6415693,104.0472758
186684,P4,499.0,499.0,1219.0,1219.0,False,1.42,8.84,2217714926,30.6609975,104.0718879
35954,P4,499.0,499.0,1219.0,1219.0,False,0.8,8.0,4695700264,30.6104115,104.0249407
84487,P4,499.0,499.0,1219.0,1219.0,False,1.42,8.84,3034393457,30.667265,104.05227
86987,P4,499.0,499.0,1219.0,1219.0,False,0.89,8.0,1918505703,30.61237,104.00929
101381,P4,500.0,500.0,1220.0,1220.0,False,2.11,10.22,2081197476,30.6220848,104.1125497
121362,P4,500.0,500.0,1220.0,1220.0,False,1.5,9.0,3523298664,30.6318984,104.0466713
126600,P4,500.0,500.0,1220.0,1220.0,False,0.39,8.0,4548259343,30.7151702,104.036151
148982,P4,500.0,500.0,1220.0,1220.0,False,1.44,8.88,5367321385,30.6638728,103.9975625
37598,P4,500.0,500.0,1220.0,1220.0,False,0.39,8.0,1918491721,30.6447292,103.9995215
109347,P4,501.0,501.0,1221.0,1221.0,False,2.23,10.46,5218133388,30.6494,104.10878
136507,P4,501.0,501.0,1221.0,1221.0,False,0.2,8.0,4772463276,30.65955,104.04555
137919,P4,501.0,501.0,1221.0,1221.0,False,1.21,8.42,4548211241,30.68408,104.06136
15560,P4,501.0,501.0,1221.0,1221.0,False,1.2,8.4,5254240641,30.6300411,103.9920497
159551,P4,501.0,501.0,1221.0,1221.0,False,3.45,12.9,2360396882,30.667923,104.11199
178732,P4,501.0,501.0,1221.0,1221.0,False,1.1,8.2,441159328,30.7214723,104.0992784
180076,P4,501.0,501.0,1221.0,1221.0,False,1.25,8.5,4695700267,30.6101747,104.0247853
78506,P4,501.0,501.0,1221.0,1221.0,False,1.21,8.42,4695701796,30.6136103,104.018995
91992,P4,501.0,501.0,1221.0,1221.0,False,0.41,8.0,4799100435,30.646296,104.0311109
118039,P4,502.0,502.0,1222.0,1222.0,False,1.24,8.48,4585469576,30.65604,104.06108
122687,P4,502.0,502.0,1222.0,1222.0,False,1.91,9.82,3562015379,30.662436,104.08183
131629,P4,502.0,502.0,1222.0,1222.0,False,1.27,8.54,4550018885,30.6476329,104.0113992
132841,P4,502.0,502.0,1222.0,1222.0,False,0.19,8.0,3541427586,30.7184633,104.041902
161384,P4,502.0,502.0,1222.0,1222.0,False,1.24,8.48,4695700268,30.6140921,104.0182043
207469,P4,502.0,502.0,1222.0,1222.0,False,0.83,8.0,4701577748,30.6196554,104.0814593
22669,P4,502.0,502.0,1222.0,1222.0,False,1.24,8.48,2712338401,30.707193,104.038306
72810,P4,502.0,502.0,1222.0,1222.0,False,0.32,8.0,1947583834,30.6887158,104.086253
8823,P4,502.0,502.0,1222.0,1222.0,False,1.35,8.7,5213238596,30.65794,104.08247
89463,P4,502.0,502.0,1222.0,1222.0,False,1.55,9.1,465203788,30.7035608,104.1010111
128931,P4,503.0,503.0,1223.0,1223.0,False,0.61,8.0,432442595,30.6851455,104.0228033
170749,P4,503.0,503.0,1223.0,1223.0,False,1.47,8.94,2559969438,30.629164,104.0294844
205174,P4,503.0,503.0,1223.0,1223.0,False,2.86,11.72,4701464739,30.614716,104.0620243
208796,P4,503.0,503.0,1223.0,1223.0,False,2.88,11.76,4877268821,30.6996921,104.0642633
144032,P4,504.0,504.0,1224.0,1224.0,False,1.07,8.14,4118527343,30.6974385,104.0888202
26433,P4,504.0,504.0,1224.0,1224.0,False,1.38,8.76,5257005054,30.6762885,104.0950097
66140,P4,504.0,504.0,1224.0,1224.0,False,1.13,8.26,1159172636,30.6229853,104.0775336
116091,P4,505.0,505.0,1225.0,1225.0,False,0.13,8.0,2912287863,30.6347024,104.1000472
15635,P4,505.0,505.0,1225.0,1225.0,False,1.92,9.84,5053143827,30.70726,103.99497
168353,P4,505.0,505.0,1225.0,1225.0,False,2.26,10.52,4106682211,30.6645148,103.9776617
187383,P4,505.0,505.0,1225.0,1225.0,False,0.09,8.0,441187448,30.688431,104.0577003
193357,P4,505.0,505.0,1225.0,1225.0,False,1.92,9.84,4572409840,30.7258333,104.0068709
47790,P4,505.0,505.0,1225.0,1225.0,False,0.89,8.0,432452907,30.6109222,104.0696791
51260,P4,505.0,505.0,1225.0,1225.0,False,1.92,9.84,4693610128,30.636029,104.0718871
52556,P4,505.0,505.0,1225.0,1225.0,False,2.47,10.94,1819305361,30.6245767,104.0902717
88388,P4,505.0,505.0,1225.0,1225.0,False,0.49,8.0,5141328736,30.6122379,104.0643365
108231,P4,506.0,506.0,1226.0,1226.0,False,0.25,8.0,5055908304,30.71193,104.10947
153191,P4,506.0,506.0,1226.0,1226.0,False,0.58,8.0,4549993124,30.7049732,104.0388722
26165,P4,506.0,506.0,1226.0,1226.0,False,0.52,8.0,314654830,30.628729,104.0444735
89256,P4,506.0,506.0,1226.0,1226.0,False,1.17,8.34,1159477630,30.6732712,104.0543974
123035,P4,507.0,507.0,1227.0,1227.0,False,0.06,8.0,4701400365,30.6110054,104.0333785
175371,P4,507.0,507.0,1227.0,1227.0,False,0.01,8.0,4572409813,30.682274,103.97529
190360,P4,507.0,507.0,1227.0,1227.0,False,0.66,8.0,3680455718,30.6588068,104.0129984
46790,P4,507.0,507.0,1227.0,1227.0,False,0.27,8.0,441159926,30.7216086,104.1027513
10766,P4,508.0,508.0,1228.0,1228.0,False,0.39,8.0,4548259555,30.6746826,104.0072773
109641,P4,508.0,508.0,1228.0,1228.0,False,0.56,8.0,4359390976,30.7233,104.0561053
119571,P4,508.0,508.0,1228.0,1228.0,False,1.93,9.86,1302807423,30.6433624,104.0871649
125607,P4,508.0,508.0,1228.0,1228.0,False,0.05,8.0,5310712645,30.6595574,104.1104204
202227,P4,508.0,508.0,1228.0,1228.0,False,0.56,8.0,4550018997,30.6474632,103.9758156
20700,P4,508.0,508.0,1228.0,1228.0,False,0.02,8.0,1192818270,30.6633416,104.0903889
63107,P4,508.0,508.0,1228.0,1228.0,False,1.93,9.86,4701464386,30.6173746,104.0632787
63968,P4,508.0,508.0,1228.0,1228.0,False,1.78,9.56,4693610126,30.6360193,104.0716609
94521,P4,508.0,508.0,1228.0,1228.0,False,1.55,9.1,4106682101,30.6430908,103.9787853
119004,P4,509.0,509.0,1229.0,1229.0,False,1.02,8.04,5213238547,30.6388162,104.0460927
12190,P4,509.0,509.0,1229.0,1229.0,False,1.48,8.96,4359390978,30.723514,104.0587727
132979,P4,509.0,509.0,1229.0,1229.0,False,1.48,8.96,276563872,30.65846,104.06341
34597,P4,509.0,509.0,1229.0,1229.0,False,1.48,8.96,4547074365,30.6107864,104.0780786
36371,P4,509.0,509.0,1229.0,1229.0,False,0.51,8.0,1156126797,30.66995,104.04553
78539,P4,509.0,509.0,1229.0,1229.0,False,1.47,8.94,3158040415,30.6447,104.05013
96529,P4,509.0,509.0,1229.0,1229.0,False,1.02,8.04,1500638693,30.7116934,104.0221779
102751,P4,510.0,510.0,1230.0,1230.0,False,1.47,8.94,5283966122,30.65066,104.09474
110848,P4,510.0,510.0,1230.0,1230.0,False,2.3,10.6,1457829894,30.694808,104.1046534
128035,P4,510.0,510.0,1230.0,1230.0,False,1.04,8.08,439751778,30.7249453,104.0407654
132740,P4,510.0,510.0,1230.0,1230.0,False,0.9,8.0,5100157876,30.633463,104.0805394
191250,P4,510.0,510.0,1230.0,1230.0,False,1.47,8.94,3562033463,30.7051544,104.0713387
41039,P4,510.0,510.0,1230.0,1230.0,False,0.13,8.0,4693610142,30.6355976,104.0685435
58356,P4,510.0,510.0,1230.0,1230.0,False,0.59,8.0,4693610168,30.6338146,104.0709043
73235,P4,510.0,510.0,1230.0,1230.0,False,1.01,8.02,1458570754,30.69007,104.09541
12473,P4,511.0,511.0,1231.0,1231.0,False,0.72,8.0,2041535225,30.6639499,104.0798127
145661,P4,511.0,511.0,1231.0,1231.0,False,0.15,8.0,432452879,30.6133839,104.0485856
152026,P4,511.0,511.0,1231.0,1231.0,False,1.8,9.6,4106682123,30.6445795,103.9826903
29400,P4,511.0,511.0,1231.0,1231.0,False,0.54,8.0,5375783936,30.657277,103.9966464
44839,P4,511.0,511.0,1231.0,1231.0,False,1.8,9.6,5213238503,30.66033,104.07288
128735,P4,512.0,512.0,1232.0,1232.0,False,0.06,8.0,3943038380,30.643314,104.061485
159309,P4,512.0,512.0,1232.0,1232.0,False,1.5,9.0,432442903,30.6682578,104.0267759
175278,P4,512.0,512.0,1232.0,1232.0,False,0.61,8.0,3034409012,30.7111217,104.0938998
203081,P4,512.0,512.0,1232.0,1232.0,False,3.37,12.74,1388445910,30.6467232,104.0725925
59490,P4,512.0,512.0,1232.0,1232.0,False,2.21,10.42,5375783858,30.6529924,103.9970617
61668,P4,512.0,512.0,1232.0,1232.0,False,0.61,8.0,432429395,30.6406276,104.0550392
113626,P4,513.0,513.0,1233.0,1233.0,False,1.1,8.2,4550569689,30.6358392,104.0646138
123543,P4,513.0,513.0,1233.0,1233.0,False,0.67,8.0,3436486420,30.6412447,104.0459499
177972,P4,513.0,513.0,1233.0,1233.0,False,3.03,12.06,3597807847,30.7142127,104.0047842
199607,P4,513.0,513.0,1233.0,1233.0,False,0.38,8.0,1159171635,30.6264052,104.0816035
44912,P4,513.0,513.0,1233.0,1233.0,False,0.25,8.0,3582236094,30.7225948,103.9883755
50776,P4,513.0,513.0,1233.0,1233.0,False,1.22,8.44,5436607845,30.6362175,104.0642533
121559,P4,514.0,514.0,1234.0,1234.0,False,0.66,8.0,4548211332,30.68236,104.04104
169353,P4,514.0,514.0,1234.0,1234.0,False,2.46,10.92,4779165787,30.6338618,104.0738243
88625,P4,514.0,514.0,1234.0,1234.0,False,1.08,8.16,1159137575,30.6581129,104.0920493
111136,P4,515.0,515.0,1235.0,1235.0,False,1.75,9.5,4550769468,30.6233807,104.1050183
124512,P4,515.0,515.0,1235.0,1235.0,False,1.75,9.5,3436489822,30.6409116,104.0452684
162582,P4,515.0,515.0,1235.0,1235.0,False,0.39,8.0,5053143858,30.7073085,104.0009627
162924,P4,515.0,515.0,1235.0,1235.0,False,0.33,8.0,1159154995,30.6507357,104.0847852
188763,P4,515.0,515.0,1235.0,1235.0,False,0.33,8.0,4773199355,30.6717483,104.0098092
28536,P4,515.0,515.0,1235.0,1235.0,False,1.44,8.88,4106681944,30.6247545,103.9881202
52977,P4,515.0,515.0,1235.0,1235.0,False,1.55,9.1,2407611373,30.6521193,103.9944242
91371,P4,515.0,515.0,1235.0,1235.0,False,1.51,9.02,1159143909,30.67475,104.08257
91616,P4,515.0,515.0,1235.0,1235.0,False,1.55,9.1,4444112358,30.7255006,104.1044632
173813,P4,516.0,516.0,1236.0,1236.0,False,0.49,8.0,432432622,30.6565571,104.0296
179210,P4,516.0,516.0,1236.0,1236.0,False,1.61,9.22,4107377024,30.6370152,104.0021341
205301,P4,516.0,516.0,1236.0,1236.0,False,2.59,11.18,4695700254,30.6133529,104.0205173
6599,P4,516.0,516.0,1236.0,1236.0,False,0.84,8.0,3541364355,30.6155989,104.0893798
8993,P4,516.0,516.0,1236.0,1236.0,False,0.84,8.0,4967265721,30.70298,104.0032296
107610,P4,517.0,517.0,1237.0,1237.0,False,1.25,8.5,4064178136,30.6589329,103.975293
134407,P4,517.0,517.0,1237.0,1237.0,False,0.89,8.0,1301933031,30.65305,104.07136
136147,P4,517.0,517.0,1237.0,1237.0,False,0.26,8.0,3562111926,30.6658,104.09114
180667,P4,517.0,517.0,1237.0,1237.0,False,1.16,8.32,4444112350,30.7229266,104.1034832
186902,P4,517.0,517.0,1237.0,1237.0,False,1.4,8.8,4548259626,30.7065227,104.0199793
97457,P4,518.0,518.0,1238.0,1238.0,False,0.36,8.0,5141328774,30.614513,104.0614529
102040,P4,519.0,519.0,1239.0,1239.0,False,0.33,8.0,1956554705,30.674965,104.1099524
139037,P4,519.0,519.0,1239.0,1239.0,False,0.32,8.0,4548259555,30.6746826,104.0072773
33572,P4,519.0,519.0,1239.0,1239.0,False,2.22,10.44,2118910074,30.701761,104.087606
47988,P4,519.0,519.0,1239.0,1239.0,False,0.7,8.0,5100157874,30.6331505,104.0804283
87721,P4,519.0,519.0,1239.0,1239.0,False,0.39,8.0,5141468744,30.6307457,104.09434
94313,P4,519.0,519.0,1239.0,1239.0,False,2.98,11.96,4964134718,30.708881,104.0177896
122665,P4,520.0,520.0,1240.0,1240.0,False,0.78,8.0,432429376,30.6372473,104.0536809
140005,P4,520.0,520.0,1240.0,1240.0,False,1.21,8.42,1072704360,30.7027829,104.0773547
160104,P4,521.0,521.0,1241.0,1241.0,False,0.32,8.0,4695700263,30.6166728,104.0158739
180179,P4,521.0,521.0,1241.0,1241.0,False,0.74,8.0,2907361696,30.6426299,104.0909818
185530,P4,521.0,521.0,1241.0,1241.0,False,2.12,10.24,1916386437,30.6445152,104.0596873
19794,P4,521.0,521.0,1241.0,1241.0,False,0.32,8.0,4548211285,30.6875514,104.0396181
205424,P4,521.0,521.0,1241.0,1241.0,False,0.24,8.0,5254240663,30.6182192,103.9665213
25511,P4,521.0,521.0,1241.0,1241.0,False,0.24,8.0,3034040783,30.6994514,104.016822
26647,P4,521.0,521.0,1241.0,1241.0,False,1.81,9.62,3087817502,30.66919,103.9844
58479,P4,521.0,521.0,1241.0,1241.0,False,0.24,8.0,2546074266,30.6859804,104.0297723
94948,P4,521.0,521.0,1241.0,1241.0,False,3.15,12.3,5359113193,30.676772,104.0129747
108695,P4,522.0,522.0,1242.0,1242.0,False,0.64,8.0,3069352154,30.6390685,103.9784822
132255,P4,522.0,522.0,1242.0,1242.0,False,0.48,8.0,1159157712,30.6347269,104.1004368
135928,P4,522.0,522.0,1242.0,1242.0,False,1.58,9.16,2910352375,30.6444842,104.0887257
158911,P4,522.0,522.0,1242.0,1242.0,False,0.64,8.0,314614336,30.6416734,104.0527377
191413,P4,522.0,522.0,1242.0,1242.0,False,0.64,8.0,3087817493,30.6639983,104.0119996
43987,P4,522.0,522.0,1242.0,1242.0,False,2.52,11.04,1458909660,30.68092,104.08967
50126,P4,522.0,522.0,1242.0,1242.0,False,0.56,8.0,4359391023,30.7264217,104.1107917
84696,P4,522.0,522.0,1242.0,1242.0,False,2.51,11.02,5141468670,30.6376239,104.0905916
101320,P4,523.0,523.0,1243.0,1243.0,False,1.3,8.6,4695601330,30.6104287,104.030044
130594,P4,523.0,523.0,1243.0,1243.0,False,3.48,12.96,3614070497,30.6740281,104.0577147
147063,P4,523.0,523.0,1243.0,1243.0,False,0.59,8.0,5141468666,30.6380439,104.0932194
175550,P4,523.0,523.0,1243.0,1243.0,False,0.06,8.0,4187237189,30.6816442,104.0094268
24844,P4,523.0,523.0,1243.0,1243.0,False,0.81,8.0,432442877,30.6784313,103.998065
29789,P4,523.0,523.0,1243.0,1243.0,False,0.4,8.0,4549993299,30.6509591,103.9899829
114686,P4,524.0,524.0,1244.0,1244.0,False,0.56,8.0,3199773741,30.7033011,104.1145094
125434,P4,524.0,524.0,1244.0,1244.0,False,1.11,8.22,3582243021,30.7137606,103.9979999
136721,P4,524.0,524.0,1244.0,1244.0,False,1.52,9.04,1159229567,30.6695482,104.0946518
138985,P4,524.0,524.0,1244.0,1244.0,False,0.21,8.0,439751626,30.6728444,103.9864673
148991,P4,524.0,524.0,1244.0,1244.0,False,2.02,10.04,4601261200,30.6603,104.07674
186838,P4,524.0,524.0,1244.0,1244.0,False,1.52,9.04,3034029044,30.6945124,103.99917
24766,P4,524.0,524.0,1244.0,1244.0,False,0.21,8.0,4548258448,30.6545741,104.0111077
39746,P4,524.0,524.0,1244.0,1244.0,False,0.51,8.0,5141468696,30.6360241,104.0937883
7029,P4,524.0,524.0,1244.0,1244.0,False,2.02,10.04,2214043188,30.6285026,104.0896036
8506,P4,524.0,524.0,1244.0,1244.0,False,1.36,8.72,1159491568,30.6830528,104.0755012
165210,P4,525.0,525.0,1245.0,1245.0,False,0.81,8.0,1445526137,30.6499564,104.0636053
177874,P4,525.0,525.0,1245.0,1245.0,False,0.81,8.0,4695601330,30.6104287,104.030044
179141,P4,525.0,525.0,1245.0,1245.0,False,0.93,8.0,5375783804,30.6552189,104.0001789
184106,P4,525.0,525.0,1245.0,1245.0,False,1.04,8.08,3087817468,30.6422572,104.0249765
205366,P4,525.0,525.0,1245.0,1245.0,False,0.81,8.0,3562110269,30.673247,104.0634548
126058,P4,526.0,526.0,1246.0,1246.0,False,1.92,9.84,1445522777,30.6499242,104.0633786
13862,P4,526.0,526.0,1246.0,1246.0,False,0.65,8.0,1301933007,30.6509494,104.0783712
160891,P4,526.0,526.0,1246.0,1246.0,False,1.24,8.48,4548211256,30.6228593,104.0830701
206356,P4,526.0,526.0,1246.0,1246.0,False,3.49,12.98,4106681959,30.6290744,103.9940161
58903,P4,526.0,526.0,1246.0,1246.0,False,1.92,9.84,4701400363,30.6110717,104.0334202
82038,P4,526.0,526.0,1246.0,1246.0,False,0.05,8.0,2847752856,30.6566686,104.1049397
95524,P4,526.0,526.0,1246.0,1246.0,False,0.52,8.0,4695701803,30.6121302,104.0197721
102441,P4,527.0,527.0,1247.0,1247.0,False,0.59,8.0,1492396694,30.655124,104.0636683
120504,P4,527.0,527.0,1247.0,1247.0,False,0.96,8.0,441159357,30.7212985,104.0991414
128310,P4,527.0,527.0,1247.0,1247.0,False,0.61,8.0,2472030047,30.6608763,104.0628845
152571,P4,527.0,527.0,1247.0,1247.0,False,0.34,8.0,1958204061,30.67645,104.07476
173048,P4,527.0,527.0,1247.0,1247.0,False,0.58,8.0,2217746800,30.6606699,104.0649751
179158,P4,527.0,527.0,1247.0,1247.0,False,2.34,10.68,3034409010,30.7075669,104.0916811
28572,P4,527.0,527.0,1247.0,1247.0,False,1.19,8.38,288416374,30.7147948,104.1000902
83665,P4,527.0,527.0,1247.0,1247.0,False,2.34,10.68,2717970033,30.6295411,104.0640997
92225,P4,527.0,527.0,1247.0,1247.0,False,0.59,8.0,1902099167,30.7146807,104.0645839
30936,P4,528.0,528.0,1248.0,1248.0,False,1.59,9.18,4695640529,30.614116,104.0253663
83083,P4,528.0,528.0,1248.0,1248.0,False,2.17,10.34,1916524774,30.61256,104.00608
90422,P4,528.0,528.0,1248.0,1248.0,False,1.33,8.66,2717970034,30.6294597,104.0598276
104133,P4,529.0,529.0,1249.0,1249.0,False,2.64,11.28,4548259305,30.6634497,104.0055428
156195,P4,529.0,529.0,1249.0,1249.0,False,0.64,8.0,5211345684,30.64886,103.99472
199177,P4,529.0,529.0,1249.0,1249.0,False,1.69,9.38,3034029067,30.6881384,104.000147
41336,P4,529.0,529.0,1249.0,1249.0,False,0.3,8.0,4773199345,30.6744417,104.0086339
61107,P4,529.0,529.0,1249.0,1249.0,False,2.64,11.28,5141458206,30.6320768,104.0772443
72966,P4,529.0,529.0,1249.0,1249.0,False,0.25,8.0,3523298658,30.6333733,104.0474308
73539,P4,529.0,529.0,1249.0,1249.0,False,1.16,8.32,3445813552,30.66826,104.071556
74702,P4,529.0,529.0,1249.0,1249.0,False,1.5,9.0,432441931,30.6302643,104.03195
92668,P4,529.0,529.0,1249.0,1249.0,False,0.4,8.0,1885342893,30.6780424,104.0985889
135084,P4,530.0,530.0,1250.0,1250.0,False,1.23,8.46,1159157712,30.6347269,104.1004368
154346,P4,530.0,530.0,1250.0,1250.0,False,0.03,8.0,2933855166,30.6111757,103.9801937
169075,P4,530.0,530.0,1250.0,1250.0,False,0.53,8.0,432442939,30.6774502,104.0262043
175350,P4,530.0,530.0,1250.0,1250.0,False,0.46,8.0,4695601599,30.612158,104.0342441
176835,P4,530.0,530.0,1250.0,1250.0,False,3.38,12.76,3562110284,30.65499,104.08005
184162,P4,530.0,530.0,1250.0,1250.0,False,0.53,8.0,5436607845,30.6362175,104.0642533
45063,P4,530.0,530.0,1250.0,1250.0,False,0.84,8.0,5382831202,30.677681,104.09435
59142,P4,530.0,530.0,1250.0,1250.0,False,0.67,8.0,1459916404,30.6471107,104.1046095
63950,P4,530.0,530.0,1250.0,1250.0,False,0.67,8.0,4136052358,30.6133902,104.0484293
72237,P4,530.0,530.0,1250.0,1250.0,False,0.96,8.0,4106682209,30.6642587,103.9807168
9431,P4,530.0,530.0,1250.0,1250.0,False,0.71,8.0,5249392200,30.6458603,103.9702717
110263,P4,531.0,531.0,1251.0,1251.0,False,0.67,8.0,4772463256,30.6635342,104.0450568
128683,P4,531.0,531.0,1251.0,1251.0,False,1.2,8.4,441159325,30.72123,104.10843
150545,P4,531.0,531.0,1251.0,1251.0,False,1.04,8.08,2823785843,30.6623932,104.0600959
173331,P4,531.0,531.0,1251.0,1251.0,False,0.07,8.0,3445813121,30.6631981,104.0813535
183420,P4,531.0,531.0,1251.0,1251.0,False,2.34,10.68,3562110258,30.6452969,104.0200247
46959,P4,531.0,531.0,1251.0,1251.0,False,0.1,8.0,3445813130,30.672283,104.07669
1436,P4,532.0,532.0,1252.0,1252.0,False,1.96,9.92,1586706334,30.7063279,103.9849236
38978,P4,532.0,532.0,1252.0,1252.0,False,1.06,8.12,1956554705,30.674965,104.1099524
53745,P4,532.0,532.0,1252.0,1252.0,False,0.58,8.0,1458570056,30.6932128,104.0893122
5415,P4,532.0,532.0,1252.0,1252.0,False,3.12,12.24,4903105794,30.6737569,104.0680319
130304,P4,533.0,533.0,1253.0,1253.0,False,1.73,9.46,4695700278,30.6102494,104.0225995
133213,P4,533.0,533.0,1253.0,1253.0,False,2.16,10.32,1313998779,30.6324772,104.0880906
143004,P4,533.0,533.0,1253.0,1253.0,False,2.19,10.38,1506395061,30.7051043,104.0755349
29254,P4,533.0,533.0,1253.0,1253.0,False,0.56,8.0,2372052925,30.6334788,104.0997912
57505,P4,533.0,533.0,1253.0,1253.0,False,2.16,10.32,4548211662,30.6560954,104.0197676
103797,P4,534.0,534.0,1254.0,1254.0,False,2.48,10.96,1159143637,30.6673365,104.1027215
67306,P4,534.0,534.0,1254.0,1254.0,False,1.48,8.96,5141328427,30.610254,104.0600137
155395,P4,535.0,535.0,1255.0,1255.0,False,0.98,8.0,1507261238,30.71334,104.06945
33300,P4,535.0,535.0,1255.0,1255.0,False,0.03,8.0,4782067643,30.6234752,104.0305219
66007,P4,535.0,535.0,1255.0,1255.0,False,0.98,8.0,1492633088,30.6201262,104.0645187
80079,P4,535.0,535.0,1255.0,1255.0,False,0.54,8.0,441187401,30.68598,104.06302
110811,P4,536.0,536.0,1256.0,1256.0,False,0.09,8.0,3034330081,30.66216,104.08642
118815,P4,536.0,536.0,1256.0,1256.0,False,1.64,9.28,4934383649,30.6163126,104.1125643
141146,P4,536.0,536.0,1256.0,1256.0,False,1.64,9.28,5436627803,30.6971396,104.0705211
143296,P4,536.0,536.0,1256.0,1256.0,False,0.35,8.0,4548141018,30.6250482,104.0743621
143963,P4,536.0,536.0,1256.0,1256.0,False,1.53,9.06,3582243021,30.714813,103.997894
146520,P4,536.0,536.0,1256.0,1256.0,False,1.47,8.94,672349622,30.6992483,104.0790999
162207,P4,536.0,536.0,1256.0,1256.0,False,1.86,9.72,4701577693,30.6166676,104.0695484
171861,P4,536.0,536.0,1256.0,1256.0,False,1.8,9.6,4701577781,30.6232535,104.0760322
198987,P4,536.0,536.0,1256.0,1256.0,False,1.53,9.06,3516887954,30.7199701,104.0348136
39056,P4,536.0,536.0,1256.0,1256.0,False,1.53,9.06,3541422914,30.7093211,104.0624142
43103,P4,536.0,536.0,1256.0,1256.0,False,0.87,8.0,1311904476,30.6442271,104.0796456
43818,P4,536.0,536.0,1256.0,1256.0,False,2.41,10.82,4695701801,30.612171,104.019493
45586,P4,536.0,536.0,1256.0,1256.0,False,1.34,8.68,4550701360,30.6159288,103.9790621
63705,P4,536.0,536.0,1256.0,1256.0,False,0.87,8.0,672282737,30.650318,104.097932
75458,P4,536.0,536.0,1256.0,1256.0,False,1.8,9.6,2078704441,30.6186999,104.101349
84384,P4,536.0,536.0,1256.0,1256.0,False,2.41,10.82,1445463636,30.6486735,104.0637335
123783,P4,537.0,537.0,1257.0,1257.0,False,2.15,10.3,2717970035,30.6319845,104.0612799
174747,P4,537.0,537.0,1257.0,1257.0,False,1.08,8.16,1339762127,30.715061,104.04664
189689,P4,537.0,537.0,1257.0,1257.0,False,1.26,8.52,2712421556,30.6345665,104.0589201
2283,P4,537.0,537.0,1257.0,1257.0,False,0.26,8.0,3680455702,30.6590729,104.0132488
33421,P4,537.0,537.0,1257.0,1257.0,False,1.61,9.22,3390819397,30.6417956,104.0509898
85175,P4,537.0,537.0,1257.0,1257.0,False,0.22,8.0,796679602,30.7109116,104.0012364
116767,P4,538.0,538.0,1258.0,1258.0,False,0.65,8.0,1159231408,30.68366,104.08837
14243,P4,538.0,538.0,1258.0,1258.0,False,0.95,8.0,5213253134,30.6647737,104.110961
153520,P4,538.0,538.0,1258.0,1258.0,False,0.09,8.0,5211337159,30.6342088,104.0011536
201651,P4,538.0,538.0,1258.0,1258.0,False,0.74,8.0,1313998800,30.639317,104.08729
70488,P4,538.0,538.0,1258.0,1258.0,False,3.33,12.66,4394309256,30.6310682,104.0370693
11693,P4,539.0,539.0,1259.0,1259.0,False,0.82,8.0,5375783791,30.6549766,104.0002674
171198,P4,539.0,539.0,1259.0,1259.0,False,1.79,9.58,3033986306,30.6563962,104.0263657
187166,P4,539.0,539.0,1259.0,1259.0,False,0.56,8.0,1504174273,30.7177876,104.0699971
194957,P4,539.0,539.0,1259.0,1259.0,False,0.9,8.0,1492597858,30.6226931,104.0671256
195618,P4,539.0,539.0,1259.0,1259.0,False,1.79,9.58,3582243031,30.7079381,104.0028381
5689,P4,539.0,539.0,1259.0,1259.0,False,2.19,10.38,3693431551,30.6475601,104.0343744
104113,P4,540.0,540.0,1260.0,1260.0,False,1.27,8.54,5141328629,30.6120574,104.0588267
124372,P4,540.0,540.0,1260.0,1260.0,False,2.36,10.72,1506487131,30.7163976,104.0721587
147390,P4,540.0,540.0,1260.0,1260.0,False,0.85,8.0,5436607828,30.6358806,104.0633516
159062,P4,540.0,540.0,1260.0,1260.0,False,1.54,9.08,1159941208,30.6697719,104.0225964
175095,P4,540.0,540.0,1260.0,1260.0,False,3.18,12.36,2908412242,30.6478073,104.0837688
184903,P4,540.0,540.0,1260.0,1260.0,False,0.85,8.0,4102485563,30.6906476,104.0359972
34513,P4,540.0,540.0,1260.0,1260.0,False,0.22,8.0,1958204061,30.6759934,104.0747179
62266,P4,540.0,540.0,1260.0,1260.0,False,0.9,8.0,2081197471,30.6184332,104.1106035
83084,P4,540.0,540.0,1260.0,1260.0,False,0.9,8.0,1459057463,30.6457887,104.1075099
83486,P4,540.0,540.0,1260.0,1260.0,False,2.36,10.72,4220546253,30.6527235,104.0741751
84175,P4,540.0,540.0,1260.0,1260.0,False,0.85,8.0,4534007627,30.70386,104.10293
120793,P4,541.0,541.0,1261.0,1261.0,False,1.05,8.1,2933855168,30.6116845,103.9823549
207719,P4,541.0,541.0,1261.0,1261.0,False,0.68,8.0,1493146459,30.6161906,104.0646181
83301,P4,541.0,541.0,1261.0,1261.0,False,1.55,9.1,2727022874,30.6186808,104.0472214
177974,P4,542.0,542.0,1262.0,1262.0,False,0.57,8.0,4548259386,30.6812152,104.0533192
187588,P4,542.0,542.0,1262.0,1262.0,False,1.07,8.14,2564226627,30.6398379,104.0185183
21642,P4,542.0,542.0,1262.0,1262.0,False,1.07,8.14,4136052210,30.6105356,104.0479173
34275,P4,542.0,542.0,1262.0,1262.0,False,0.57,8.0,2360396882,30.6678943,104.1117876
93701,P4,542.0,542.0,1262.0,1262.0,False,0.86,8.0,4548259376,30.6905693,104.0491032
123046,P4,543.0,543.0,1263.0,1263.0,False,1.42,8.84,5367313164,30.6372345,103.9732297
163660,P4,543.0,543.0,1263.0,1263.0,False,1.42,8.84,2134826932,30.6719712,103.9856682
94315,P4,543.0,543.0,1263.0,1263.0,False,1.52,9.04,838319887,30.6449947,104.1092735
9671,P4,543.0,543.0,1263.0,1263.0,False,1.03,8.06,5310712645,30.65969,104.11077
106294,P4,544.0,544.0,1264.0,1264.0,False,2.2,10.4,4550018725,30.6298481,104.0170573
137615,P4,544.0,544.0,1264.0,1264.0,False,2.88,11.76,3445813130,30.6712099,104.0778022
15815,P4,544.0,544.0,1264.0,1264.0,False,0.15,8.0,4934383654,30.6187999,104.1145451
171676,P4,544.0,544.0,1264.0,1264.0,False,0.38,8.0,432432524,30.6546049,104.051174
186659,P4,544.0,544.0,1264.0,1264.0,False,0.74,8.0,3541422908,30.7050927,104.0611388
26726,P4,544.0,544.0,1264.0,1264.0,False,1.24,8.48,1947583845,30.6865865,104.084708
57808,P4,544.0,544.0,1264.0,1264.0,False,0.55,8.0,4548211285,30.6875514,104.0396181
6929,P4,544.0,544.0,1264.0,1264.0,False,0.15,8.0,5141328443,30.6117013,104.0558576
83548,P4,544.0,544.0,1264.0,1264.0,False,2.2,10.4,2081197489,30.6231996,104.1052598
96399,P4,544.0,544.0,1264.0,1264.0,False,0.55,8.0,5382831200,30.6804348,104.098086
120479,P4,545.0,545.0,1265.0,1265.0,False,0.44,8.0,1159445869,30.68228,104.03135
122415,P4,545.0,545.0,1265.0,1265.0,False,1.62,9.24,1159148929,30.65832,104.07196
131656,P4,545.0,545.0,1265.0,1265.0,False,0.46,8.0,1458459969,30.685851,104.1014144
30280,P4,545.0,545.0,1265.0,1265.0,False,1.62,9.24,1492615752,30.6230288,104.0630108
43399,P4,545.0,545.0,1265.0,1265.0,False,1.45,8.9,2560005526,30.6290254,104.0215011
56316,P4,545.0,545.0,1265.0,1265.0,False,1.45,8.9,3538771899,30.6539362,104.1144174
56324,P4,545.0,545.0,1265.0,1265.0,False,0.4,8.0,1458998774,30.6598935,104.0980119
108745,P4,546.0,546.0,1266.0,1266.0,False,0.84,8.0,3523298665,30.6303003,104.0500515
150396,P4,546.0,546.0,1266.0,1266.0,False,0.87,8.0,1819305343,30.6275766,104.0924339
152569,P4,546.0,546.0,1266.0,1266.0,False,1.32,8.64,2726978412,30.6110285,104.0511406
169589,P4,546.0,546.0,1266.0,1266.0,False,0.21,8.0,1159462567,30.6788371,104.0219721
188547,P4,546.0,546.0,1266.0,1266.0,False,0.84,8.0,2722829538,30.70838,104.051
29202,P4,546.0,546.0,1266.0,1266.0,False,0.78,8.0,4693609818,30.6326293,104.0675774
35657,P4,546.0,546.0,1266.0,1266.0,False,1.78,9.56,3331333440,30.6145225,104.0755938
96797,P4,546.0,546.0,1266.0,1266.0,False,1.32,8.64,4693609813,30.6348708,104.0708702
128851,P4,547.0,547.0,1267.0,1267.0,False,1.97,9.94,4548259506,30.65194,104.04133
156941,P4,547.0,547.0,1267.0,1267.0,False,0.12,8.0,4799100434,30.6462276,104.0312691
189637,P4,547.0,547.0,1267.0,1267.0,False,0.12,8.0,1159232653,30.6947943,104.0775007
194048,P4,547.0,547.0,1267.0,1267.0,False,2.53,11.06,2204171413,30.7243336,104.0800078
29295,P4,547.0,547.0,1267.0,1267.0,False,2.53,11.06,2653570471,30.66717,104.09279
148455,P4,548.0,548.0,1268.0,1268.0,False,1.77,9.54,4773916428,30.6574387,104.0023707
154158,P4,548.0,548.0,1268.0,1268.0,False,0.3,8.0,3445794972,30.6613365,104.078164
19752,P4,548.0,548.0,1268.0,1268.0,False,1.16,8.32,4069514792,30.7217484,103.9724218
37847,P4,548.0,548.0,1268.0,1268.0,False,1.16,8.32,4896843834,30.63235,104.10271
75683,P4,548.0,548.0,1268.0,1268.0,False,0.76,8.0,4102465470,30.6797,104.04655
94396,P4,548.0,548.0,1268.0,1268.0,False,1.77,9.54,4572409854,30.6591059,104.0384476
190491,P4,549.0,549.0,1269.0,1269.0,False,0.87,8.0,5213253142,30.6656392,104.1094973
192481,P4,549.0,549.0,1269.0,1269.0,False,1.23,8.46,4549993291,30.6501848,103.9847515
196287,P4,549.0,549.0,1269.0,1269.0,False,0.3,8.0,1815729252,30.71225,104.06707
205519,P4,549.0,549.0,1269.0,1269.0,False,0.85,8.0,1964427886,30.67057,104.10301
5573,P4,549.0,549.0,1269.0,1269.0,False,1.48,8.96,2217714918,30.6607468,104.0611237
87512,P4,549.0,549.0,1269.0,1269.0,False,1.82,9.64,4550018782,30.6486413,104.0724094
71031,P4,550.0,550.0,1270.0,1270.0,False,0.45,8.0,4548259625,30.653599,104.04841
85525,P4,550.0,550.0,1270.0,1270.0,False,0.48,8.0,4447946462,30.6531707,104.1127403
98155,P4,550.0,550.0,1270.0,1270.0,False,1.47,8.94,3087817510,30.66649,103.99375
100683,P4,551.0,551.0,1271.0,1271.0,False,0.35,8.0,1159160255,30.6249165,104.0956931
130779,P4,551.0,551.0,1271.0,1271.0,False,1.08,8.16,4548211308,30.673086,104.05802
135733,P4,551.0,551.0,1271.0,1271.0,False,0.65,8.0,2823785853,30.678634,104.0771324
151035,P4,551.0,551.0,1271.0,1271.0,False,1.16,8.32,1819305361,30.6245767,104.0902717
163835,P4,551.0,551.0,1271.0,1271.0,False,0.9,8.0,2532969464,30.7039148,104.0930384
176844,P4,551.0,551.0,1271.0,1271.0,False,0.9,8.0,1916520527,30.6265862,104.0067958
184458,P4,551.0,551.0,1271.0,1271.0,False,0.06,8.0,671587313,30.6393549,104.0704479
204727,P4,551.0,551.0,1271.0,1271.0,False,2.47,10.94,4699007153,30.6122293,104.0355527
3139,P4,551.0,551.0,1271.0,1271.0,False,0.77,8.0,3087817522,30.6753,104.01081
33931,P4,551.0,551.0,1271.0,1271.0,False,1.04,8.08,1916524716,30.6124861,103.9798318
9011,P4,551.0,551.0,1271.0,1271.0,False,0.57,8.0,288416399,30.680634,104.032776
93690,P4,551.0,551.0,1271.0,1271.0,False,2.59,11.18,5315745146,30.6882689,104.0565912
9955,P4,551.0,551.0,1271.0,1271.0,False,0.9,8.0,1504233589,30.697927,104.09999
100258,P4,552.0,552.0,1272.0,1272.0,False,0.77,8.0,4582821488,30.6632632,104.0494639
146661,P4,552.0,552.0,1272.0,1272.0,False,2.36,10.72,2327779714,30.6221802,104.1042959
161077,P4,552.0,552.0,1272.0,1272.0,False,1.16,8.32,5100157872,30.6337197,104.08098
16916,P4,552.0,552.0,1272.0,1272.0,False,2.94,11.88,5141468741,30.632838,104.0958399
171425,P4,552.0,552.0,1272.0,1272.0,False,1.16,8.32,1159475863,30.6927926,104.0444649
194781,P4,552.0,552.0,1272.0,1272.0,False,0.16,8.0,4695601610,30.6092985,104.0364877
69599,P4,552.0,552.0,1272.0,1272.0,False,1.59,9.18,465203734,30.70516,104.10343
93781,P4,552.0,552.0,1272.0,1272.0,False,1.1,8.2,2662847701,30.6802941,103.9937633
117214,P4,553.0,553.0,1273.0,1273.0,False,0.7,8.0,5375783871,30.6541852,103.9912122
11999,P4,553.0,553.0,1273.0,1273.0,False,1.43,8.86,1460296423,30.6496678,104.110043
133487,P4,553.0,553.0,1273.0,1273.0,False,1.35,8.7,1453885542,30.703105,104.0052113
171382,P4,553.0,553.0,1273.0,1273.0,False,1.91,9.82,3034376773,30.6807408,104.0637679
185107,P4,553.0,553.0,1273.0,1273.0,False,0.5,8.0,2217714910,30.66022,104.06587
28905,P4,553.0,553.0,1273.0,1273.0,False,0.5,8.0,2726912093,30.6768605,104.0753234
109692,P4,554.0,554.0,1274.0,1274.0,False,1.44,8.88,465203751,30.7069298,104.1012989
192325,P4,554.0,554.0,1274.0,1274.0,False,0.21,8.0,2329101948,30.6933261,104.0144845
83992,P4,554.0,554.0,1274.0,1274.0,False,0.7,8.0,3927891201,30.676502,103.9893629
99253,P4,554.0,554.0,1274.0,1274.0,False,0.17,8.0,2041535225,30.6639499,104.0798127
180419,P4,555.0,555.0,1275.0,1275.0,False,0.56,8.0,1159149361,30.6483997,104.0753447
19431,P4,555.0,555.0,1275.0,1275.0,False,1.37,8.74,4701464360,30.6145801,104.0561065
196177,P4,555.0,555.0,1275.0,1275.0,False,2.33,10.66,1072698605,30.7097042,104.0967871
44107,P4,555.0,555.0,1275.0,1275.0,False,0.92,8.0,1159176228,30.6251747,104.0643543
79432,P4,555.0,555.0,1275.0,1275.0,False,2.15,10.3,432442971,30.6806612,104.0153467
8433,P4,555.0,555.0,1275.0,1275.0,False,2.33,10.66,2041337982,30.6830604,104.0956174
85562,P4,555.0,555.0,1275.0,1275.0,False,3.06,12.12,1159231421,30.6921475,104.0786212
86967,P4,555.0,555.0,1275.0,1275.0,False,0.3,8.0,1916530811,30.6625556,103.9750605
38888,P4,556.0,556.0,1276.0,1276.0,False,0.92,8.0,4693609876,30.6319966,104.0696843
44386,P4,556.0,556.0,1276.0,1276.0,False,1.36,8.72,4106681949,30.6260866,104.0023914
118015,P4,557.0,557.0,1277.0,1277.0,False,0.5,8.0,1947583867,30.68468,104.08662
121764,P4,557.0,557.0,1277.0,1277.0,False,1.89,9.78,4772430862,30.6783348,104.0057852
151683,P4,557.0,557.0,1277.0,1277.0,False,1.46,8.92,4242372865,30.6875522,104.0225602
185219,P4,557.0,557.0,1277.0,1277.0,False,0.68,8.0,2039550410,30.67085,104.11437
185520,P4,557.0,557.0,1277.0,1277.0,False,1.56,9.12,2729395909,30.6301413,104.0472898
60122,P4,557.0,557.0,1277.0,1277.0,False,1.89,9.78,3562045374,30.7156219,104.0720193
89913,P4,557.0,557.0,1277.0,1277.0,False,2.64,11.28,4772430846,30.6782177,104.0045583
95938,P4,557.0,557.0,1277.0,1277.0,False,2.64,11.28,2560005526,30.6290254,104.0215011
144526,P4,558.0,558.0,1278.0,1278.0,False,0.59,8.0,3538771899,30.6539362,104.1144174
150121,P4,558.0,558.0,1278.0,1278.0,False,1.36,8.72,2532979487,30.7053537,104.0901657
188521,P4,558.0,558.0,1278.0,1278.0,False,0.93,8.0,3562015382,30.6621508,104.0808192
25319,P4,558.0,558.0,1278.0,1278.0,False,0.65,8.0,479902231,30.62085,104.09052
31937,P4,558.0,558.0,1278.0,1278.0,False,0.59,8.0,4693610170,30.6340732,104.0708935
58656,P4,558.0,558.0,1278.0,1278.0,False,1.08,8.16,4012382184,30.661393,104.0748132
80460,P4,558.0,558.0,1278.0,1278.0,False,1.36,8.72,432429393,30.6387705,104.0539813
87542,P4,558.0,558.0,1278.0,1278.0,False,1.68,9.36,1958204223,30.6680714,104.0845314
144043,P4,559.0,559.0,1279.0,1279.0,False,0.08,8.0,1507225954,30.7131908,104.078101
158896,P4,559.0,559.0,1279.0,1279.0,False,1.74,9.48,4118527454,30.7001652,104.0826139
164825,P4,559.0,559.0,1279.0,1279.0,False,2.46,10.92,4695640642,30.6116592,104.0243512
40270,P4,559.0,559.0,1279.0,1279.0,False,2.33,10.66,1458575267,30.6866235,104.0984555
73593,P4,559.0,559.0,1279.0,1279.0,False,0.94,8.0,3691210143,30.65801,104.0164294
81475,P4,559.0,559.0,1279.0,1279.0,False,1.52,9.04,4548258452,30.68753,104.05151
98362,P4,559.0,559.0,1279.0,1279.0,False,0.01,8.0,4695601585,30.6108388,104.0332912
102197,P4,560.0,560.0,1280.0,1280.0,False,1.56,9.12,4695700258,30.6162053,104.0164091
112892,P4,560.0,560.0,1280.0,1280.0,False,1.27,8.54,1815729252,30.7124346,104.0674139
126686,P4,560.0,560.0,1280.0,1280.0,False,1.49,8.98,3562047399,30.7210672,104.063031
134108,P4,560.0,560.0,1280.0,1280.0,False,1.62,9.24,4550018613,30.6404136,104.027148
134259,P4,560.0,560.0,1280.0,1280.0,False,1.88,9.76,1156126793,30.681287,104.0534015
146348,P4,560.0,560.0,1280.0,1280.0,False,0.39,8.0,4699007189,30.6113466,104.0329111
156435,P4,560.0,560.0,1280.0,1280.0,False,1.87,9.74,3582245815,30.7173001,104.0020275
160867,P4,560.0,560.0,1280.0,1280.0,False,0.39,8.0,432432555,30.6564327,104.0454739
165035,P4,560.0,560.0,1280.0,1280.0,False,1.88,9.76,4438083262,30.6968113,104.0780958
180469,P4,560.0,560.0,1280.0,1280.0,False,0.98,8.0,2712421553,30.6357703,104.0573059
182044,P4,560.0,560.0,1280.0,1280.0,False,1.26,8.52,2696407816,30.6204241,104.1130503
207816,P4,560.0,560.0,1280.0,1280.0,False,1.26,8.52,4779165711,30.6369783,104.0246201
27375,P4,560.0,560.0,1280.0,1280.0,False,1.88,9.76,1964427886,30.66921,104.10377
5215,P4,560.0,560.0,1280.0,1280.0,False,1.87,9.74,1500780822,30.65822,104.00807
55908,P4,560.0,560.0,1280.0,1280.0,False,2.01,10.02,1445463636,30.6486735,104.0637335
69082,P4,560.0,560.0,1280.0,1280.0,False,1.49,8.98,4107377046,30.6443974,103.9914196
94963,P4,560.0,560.0,1280.0,1280.0,False,0.69,8.0,2708961595,30.62007,104.08387
108057,P4,561.0,561.0,1281.0,1281.0,False,0.48,8.0,2852225599,30.6383419,104.0601673
117713,P4,561.0,561.0,1281.0,1281.0,False,0.36,8.0,2041314666,30.6792958,104.1007694
165188,P4,561.0,561.0,1281.0,1281.0,False,0.88,8.0,2366951323,30.6480711,104.1134414
54514,P4,561.0,561.0,1281.0,1281.0,False,0.36,8.0,465203714,30.7014308,104.1026237
139683,P4,562.0,562.0,1282.0,1282.0,False,0.34,8.0,1159227452,30.69493,104.05456
200359,P4,562.0,562.0,1282.0,1282.0,False,0.21,8.0,1290303454,30.65693,104.0722
27921,P4,562.0,562.0,1282.0,1282.0,False,1.7,9.4,1445523376,30.649645,104.0650195
33402,P4,562.0,562.0,1282.0,1282.0,False,1.04,8.08,3089029138,30.6632578,104.0507561
44435,P4,562.0,562.0,1282.0,1282.0,False,1.57,9.14,4548211213,30.66324,104.059204
62879,P4,562.0,562.0,1282.0,1282.0,False,1.04,8.08,1312615976,30.6538,104.06014
95489,P4,562.0,562.0,1282.0,1282.0,False,0.21,8.0,2933855153,30.6092679,103.9763125
138162,P4,563.0,563.0,1283.0,1283.0,False,1.26,8.52,4987534997,30.6209815,104.0055512
137503,P4,564.0,564.0,1284.0,1284.0,False,1.51,9.02,2956775225,30.71368,104.04907
207072,P4,564.0,564.0,1284.0,1284.0,False,3.25,12.5,4693609808,30.6333912,104.0671674
27915,P4,564.0,564.0,1284.0,1284.0,False,1.52,9.04,276556860,30.6213041,104.0645003
39393,P4,564.0,564.0,1284.0,1284.0,False,0.78,8.0,3523298661,30.628226,104.0530737
64748,P4,564.0,564.0,1284.0,1284.0,False,2.61,11.22,5211350155,30.6654019,103.9976296
69051,P4,564.0,564.0,1284.0,1284.0,False,1.51,9.02,4548211243,30.6764835,104.0665841
81809,P4,564.0,564.0,1284.0,1284.0,False,1.56,9.12,4701464737,30.6157459,104.0624217
94327,P4,564.0,564.0,1284.0,1284.0,False,1.56,9.12,5310712645,30.6595574,104.1104204
95696,P4,564.0,564.0,1284.0,1284.0,False,0.6,8.0,2329097175,30.7033156,104.0048532
202383,P4,565.0,565.0,1285.0,1285.0,False,1.64,9.28,1159134910,30.66146,104.09204
21955,P4,565.0,565.0,1285.0,1285.0,False,1.17,8.34,2039522710,30.67399,104.10869
28844,P4,565.0,565.0,1285.0,1285.0,False,0.83,8.0,4773916423,30.6586931,104.0019654
49600,P4,565.0,565.0,1285.0,1285.0,False,0.67,8.0,1916524716,30.6124861,103.9798318
113753,P4,566.0,566.0,1286.0,1286.0,False,1.35,8.7,5053143821,30.7123557,104.005345
138603,P4,566.0,566.0,1286.0,1286.0,False,0.25,8.0,4695700252,30.6176259,104.0200723
147848,P4,566.0,566.0,1286.0,1286.0,False,1.47,8.94,2843286555,30.6909109,104.0576327
183301,P4,566.0,566.0,1286.0,1286.0,False,0.23,8.0,3436486457,30.6403586,104.0464281
50126,P4,566.0,566.0,1286.0,1286.0,False,0.48,8.0,432432515,30.650556,104.0579121
68235,P4,566.0,566.0,1286.0,1286.0,False,1.72,9.44,4548258444,30.6540971,104.0385522
78162,P4,566.0,566.0,1286.0,1286.0,False,0.19,8.0,432442980,30.6734179,104.0162642
102639,P4,567.0,567.0,1287.0,1287.0,False,0.8,8.0,4294010427,30.7132668,104.078226
105146,P4,567.0,567.0,1287.0,1287.0,False,1.45,8.9,4779165746,30.6175235,104.0348328
121119,P4,567.0,567.0,1287.0,1287.0,False,0.63,8.0,2956775225,30.713715,104.04876
141243,P4,567.0,567.0,1287.0,1287.0,False,0.67,8.0,2843289945,30.701813,104.057175
192145,P4,567.0,567.0,1287.0,1287.0,False,1.66,9.32,1339701417,30.7081706,104.0474
206473,P4,567.0,567.0,1287.0,1287.0,False,0.25,8.0,4877246213,30.6262938,104.1001655
2779,P4,567.0,567.0,1287.0,1287.0,False,0.76,8.0,1492597859,30.6227417,104.0681792
32942,P4,567.0,567.0,1287.0,1287.0,False,0.8,8.0,4693610107,30.633577,104.0723202
102459,P4,568.0,568.0,1288.0,1288.0,False,0.65,8.0,4548211432,30.6777,104.03767
22725,P4,568.0,568.0,1288.0,1288.0,False,1.05,8.1,3562047406,30.7147038,104.0719792
43263,P4,568.0,568.0,1288.0,1288.0,False,0.81,8.0,1159227442,30.69215,104.05068
5208,P4,568.0,568.0,1288.0,1288.0,False,2.1,10.2,4703149496,30.6125499,104.0667557
54583,P4,568.0,568.0,1288.0,1288.0,False,0.06,8.0,1445515786,30.6497806,104.0638224
90859,P4,568.0,568.0,1288.0,1288.0,False,2.42,10.84,5382831200,30.6804348,104.098086
99555,P4,568.0,568.0,1288.0,1288.0,False,0.81,8.0,1159131046,30.6660168,104.059994
99701,P4,568.0,568.0,1288.0,1288.0,False,2.1,10.2,3943038368,30.6434264,104.064061
145972,P4,569.0,569.0,1289.0,1289.0,False,1.44,8.88,4106681940,30.6232731,103.9920918
180374,P4,569.0,569.0,1289.0,1289.0,False,1.84,9.68,1885342918,30.6768284,104.100802
53067,P4,569.0,569.0,1289.0,1289.0,False,0.24,8.0,4548259611,30.6504043,104.0160254
69585,P4,569.0,569.0,1289.0,1289.0,False,1.44,8.88,4548211609,30.6261413,104.0474114
137487,P4,570.0,570.0,1290.0,1290.0,False,0.96,8.0,1295783636,30.63934,104.0825
144497,P4,570.0,570.0,1290.0,1290.0,False,2.12,10.24,3034393448,30.6791288,104.0319296
196050,P4,570.0,570.0,1290.0,1290.0,False,0.96,8.0,4550018602,30.6507017,104.0541435
84855,P4,570.0,570.0,1290.0,1290.0,False,1.54,9.08,5375784263,30.625793,104.0054355
130125,P4,571.0,571.0,1291.0,1291.0,False,0.63,8.0,5053143821,30.7123557,104.005345
156134,P4,571.0,571.0,1291.0,1291.0,False,0.47,8.0,4973209486,30.6093294,104.0457207
157682,P4,571.0,571.0,1291.0,1291.0,False,0.39,8.0,5249392177,30.6356908,103.9692458
193351,P4,571.0,571.0,1291.0,1291.0,False,0.31,8.0,4799195762,30.6127737,103.9863544
32528,P4,571.0,571.0,1291.0,1291.0,False,1.96,9.92,3331334418,30.6118493,104.0842892
37656,P4,571.0,571.0,1291.0,1291.0,False,0.22,8.0,3034040786,30.6998437,104.017522
80195,P4,571.0,571.0,1291.0,1291.0,False,1.7,9.4,5100157873,30.6329753,104.0809311
81196,P4,571.0,571.0,1291.0,1291.0,False,1.51,9.02,1159155007,30.6526674,104.0863993
107983,P4,572.0,572.0,1292.0,1292.0,False,0.52,8.0,3541404997,30.6879967,104.0546328
126467,P4,572.0,572.0,1292.0,1292.0,False,1.26,8.52,1159148928,30.65717,104.0732
165243,P4,572.0,572.0,1292.0,1292.0,False,1.06,8.12,1159229568,30.671553,104.09851
40935,P4,572.0,572.0,1292.0,1292.0,False,1.12,8.24,5382831176,30.6754465,104.0984991
56679,P4,572.0,572.0,1292.0,1292.0,False,1.01,8.02,504315475,30.684134,104.10065
63672,P4,572.0,572.0,1292.0,1292.0,False,0.06,8.0,2843294275,30.6784459,104.0667463
71623,P4,572.0,572.0,1292.0,1292.0,False,2.84,11.68,5359113195,30.676981,104.01103
86722,P4,572.0,572.0,1292.0,1292.0,False,0.08,8.0,1458937214,30.6779189,104.0935893
91311,P4,572.0,572.0,1292.0,1292.0,False,2.84,11.68,5141468747,30.6322155,104.0954862
95508,P4,572.0,572.0,1292.0,1292.0,False,1.01,8.02,3562015379,30.6631522,104.0814488
120428,P4,573.0,573.0,1293.0,1293.0,False,0.4,8.0,2327780255,30.6219284,104.1059372
143646,P4,573.0,573.0,1293.0,1293.0,False,1.02,8.04,4772430844,30.6773366,104.0073327
160063,P4,573.0,573.0,1293.0,1293.0,False,0.21,8.0,314635450,30.6340301,104.0373755
166323,P4,573.0,573.0,1293.0,1293.0,False,0.08,8.0,4548211255,30.6796797,104.0394063
174851,P4,573.0,573.0,1293.0,1293.0,False,3.07,12.14,5053143834,30.7025755,104.0027377
64584,P4,573.0,573.0,1293.0,1293.0,False,0.21,8.0,1445516613,30.6497955,104.0637013
68717,P4,573.0,573.0,1293.0,1293.0,False,1.44,8.88,2981056910,30.6322883,104.0787406
96220,P4,573.0,573.0,1293.0,1293.0,False,0.54,8.0,4695601570,30.6108563,104.0328647
111427,P4,574.0,574.0,1294.0,1294.0,False,0.89,8.0,4638105428,30.7071744,104.0651964
112007,P4,574.0,574.0,1294.0,1294.0,False,2.59,11.18,3034393462,30.68345,104.04865
116231,P4,574.0,574.0,1294.0,1294.0,False,1.2,8.4,1159512572,30.64932,104.07704
138052,P4,574.0,574.0,1294.0,1294.0,False,0.17,8.0,4779165745,30.6177353,104.034375
141970,P4,574.0,574.0,1294.0,1294.0,False,0.31,8.0,3071355054,30.6279334,104.1131365
154907,P4,574.0,574.0,1294.0,1294.0,False,0.72,8.0,3199773577,30.69925,104.10853
166227,P4,574.0,574.0,1294.0,1294.0,False,0.31,8.0,3541401897,30.6860496,103.994608
176339,P4,574.0,574.0,1294.0,1294.0,False,2.22,10.44,1159131854,30.667849,104.07364
94832,P4,574.0,574.0,1294.0,1294.0,False,1.48,8.96,1159480334,30.6764266,104.0666973
127447,P4,575.0,575.0,1295.0,1295.0,False,0.81,8.0,2823785853,30.678634,104.0771324
140251,P4,575.0,575.0,1295.0,1295.0,False,1.56,9.12,3445813551,30.6672,104.070816
180271,P4,575.0,575.0,1295.0,1295.0,False,0.27,8.0,5053143842,30.72046,104.00733
193851,P4,575.0,575.0,1295.0,1295.0,False,1.61,9.22,5261581863,30.67788,104.09562
46139,P4,575.0,575.0,1295.0,1295.0,False,1.61,9.22,3069352141,30.6381688,103.9760546
96866,P4,575.0,575.0,1295.0,1295.0,False,1.97,9.94,3680455711,30.65943,104.0169098
107077,P4,576.0,576.0,1296.0,1296.0,False,0.69,8.0,3034409152,30.7224472,104.0747652
14433,P4,576.0,576.0,1296.0,1296.0,False,0.73,8.0,1493202761,30.611273,104.0580261
175796,P4,576.0,576.0,1296.0,1296.0,False,1.7,9.4,2917008732,30.637094,104.1083926
196522,P4,576.0,576.0,1296.0,1296.0,False,1.7,9.4,3582243027,30.7209293,104.0097864
175215,P4,577.0,577.0,1297.0,1297.0,False,1.95,9.9,432452898,30.6163733,104.0602255
63570,P4,577.0,577.0,1297.0,1297.0,False,0.57,8.0,3034040769,30.6926111,104.0271049
180154,P4,578.0,578.0,1298.0,1298.0,False,0.18,8.0,1492374043,30.6549228,104.0636717
186727,P4,578.0,578.0,1298.0,1298.0,False,0.45,8.0,1159491545,30.68514,104.074974
196696,P4,578.0,578.0,1298.0,1298.0,False,1.09,8.18,2041527433,30.6906512,104.0970227
64419,P4,578.0,578.0,1298.0,1298.0,False,2.35,10.7,4437947517,30.6869496,104.1005499
91848,P4,578.0,578.0,1298.0,1298.0,False,2.35,10.7,4695601334,30.6096643,104.0300392
104969,P4,579.0,579.0,1299.0,1299.0,False,0.26,8.0,318090605,30.6598101,104.0130367
183893,P4,579.0,579.0,1299.0,1299.0,False,0.09,8.0,5283966131,30.6347277,104.1146359
55787,P4,579.0,579.0,1299.0,1299.0,False,0.62,8.0,432442524,30.6871845,104.0155077
72620,P4,579.0,579.0,1299.0,1299.0,False,0.43,8.0,1819305189,30.6383429,104.1069867
82952,P4,579.0,579.0,1299.0,1299.0,False,0.09,8.0,3069352005,30.6334944,103.9704949
132173,P4,580.0,580.0,1300.0,1300.0,False,0.9,8.0,3076737452,30.6573334,104.0495723
168383,P4,580.0,580.0,1300.0,1300.0,False,1.66,9.32,3034029064,30.6801779,104.0141956
206984,P4,580.0,580.0,1300.0,1300.0,False,2.8,11.6,4772463318,30.661778,104.0444985
33275,P4,580.0,580.0,1300.0,1300.0,False,1.19,8.38,1159483883,30.682144,104.07532
66364,P4,580.0,580.0,1300.0,1300.0,False,2.8,11.6,1156119116,30.6650208,104.063298
10619,P4,581.0,581.0,1301.0,1301.0,False,2.15,10.3,4586722653,30.6855345,104.0377899
123882,P4,581.0,581.0,1301.0,1301.0,False,0.48,8.0,2441172197,30.6748274,104.0074372
132607,P4,581.0,581.0,1301.0,1301.0,False,2.15,10.3,1159227442,30.69249,104.05063
17556,P4,581.0,581.0,1301.0,1301.0,False,0.57,8.0,1159227704,30.6969675,104.0523384
83102,P4,581.0,581.0,1301.0,1301.0,False,0.63,8.0,5141326913,30.6095869,104.0584766
9707,P4,581.0,581.0,1301.0,1301.0,False,1.02,8.04,4550018992,30.6468176,104.0031769
137850,P4,582.0,582.0,1302.0,1302.0,False,0.33,8.0,1819305356,30.6269056,104.0937392
139385,P4,582.0,582.0,1302.0,1302.0,False,0.65,8.0,1159452242,30.66873,104.044892
150827,P4,582.0,582.0,1302.0,1302.0,False,2.77,11.54,4701577780,30.6229613,104.0759959
151157,P4,582.0,582.0,1302.0,1302.0,False,1.11,8.22,3562028074,30.6801297,104.1137765
158028,P4,582.0,582.0,1302.0,1302.0,False,1.68,9.36,3034409152,30.7224472,104.0747652
23795,P4,582.0,582.0,1302.0,1302.0,False,0.37,8.0,4106681979,30.6419758,103.9782734
2448,P4,582.0,582.0,1302.0,1302.0,False,1.03,8.06,3034029055,30.682102,103.9965228
45974,P4,582.0,582.0,1302.0,1302.0,False,1.03,8.06,432442933,30.6619607,104.0234685
48599,P4,582.0,582.0,1302.0,1302.0,False,0.52,8.0,4782097008,30.6270058,104.0236448
80339,P4,582.0,582.0,1302.0,1302.0,False,0.52,8.0,1312615976,30.653862,104.06031
168177,P4,583.0,583.0,1303.0,1303.0,False,1.72,9.44,439752000,30.7251238,104.0406087
33607,P4,583.0,583.0,1303.0,1303.0,False,1.63,9.26,1156126794,30.67834,104.04825
44785,P4,583.0,583.0,1303.0,1303.0,False,1.37,8.74,2472054565,30.7039793,104.0495284
60750,P4,583.0,583.0,1303.0,1303.0,False,0.11,8.0,3034040772,30.6999439,104.0134961
72177,P4,583.0,583.0,1303.0,1303.0,False,1.58,9.16,1504230242,30.6979719,104.0891476
158929,P4,584.0,584.0,1304.0,1304.0,False,1.42,8.84,1304795065,30.6456424,104.0756163
167928,P4,584.0,584.0,1304.0,1304.0,False,0.06,8.0,4773199375,30.6718697,104.0140332
49733,P4,584.0,584.0,1304.0,1304.0,False,0.06,8.0,4550701373,30.6145575,103.976073
95252,P4,584.0,584.0,1304.0,1304.0,False,1.55,9.1,1458907151,30.6808312,104.0891866
106883,P4,585.0,585.0,1305.0,1305.0,False,0.04,8.0,5436607863,30.64649,104.07216
117266,P4,585.0,585.0,1305.0,1305.0,False,0.1,8.0,4136052208,30.6103344,104.0471966
126587,P4,585.0,585.0,1305.0,1305.0,False,0.73,8.0,3582243029,30.7168305,103.9942523
13799,P4,585.0,585.0,1305.0,1305.0,False,0.58,8.0,1918491758,30.6427077,104.0042208
141806,P4,585.0,585.0,1305.0,1305.0,False,2.8,11.6,314635488,30.6573811,104.0705047
184419,P4,585.0,585.0,1305.0,1305.0,False,0.73,8.0,5367317630,30.6607435,103.979737
188506,P4,585.0,585.0,1305.0,1305.0,False,0.59,8.0,1072704335,30.7051535,104.0671596
21969,P4,585.0,585.0,1305.0,1305.0,False,0.73,8.0,4548211425,30.6605728,104.0581527
45267,P4,585.0,585.0,1305.0,1305.0,False,0.04,8.0,432442905,30.6718581,104.0248203
47037,P4,585.0,585.0,1305.0,1305.0,False,0.58,8.0,1504210129,30.706758,104.0951811
54705,P4,585.0,585.0,1305.0,1305.0,False,0.58,8.0,1159462567,30.6788371,104.0219721
58419,P4,585.0,585.0,1305.0,1305.0,False,2.8,11.6,432442534,30.69754,104.01596
7207,P4,585.0,585.0,1305.0,1305.0,False,2.16,10.32,1159234180,30.694905,104.0671903
79012,P4,585.0,585.0,1305.0,1305.0,False,0.49,8.0,1457834347,30.6947679,104.1084834
113865,P4,586.0,586.0,1306.0,1306.0,False,1.3,8.6,2329063773,30.6441531,104.1066749
114215,P4,586.0,586.0,1306.0,1306.0,False,0.16,8.0,5375783894,30.6558234,103.9917165
171971,P4,586.0,586.0,1306.0,1306.0,False,0.16,8.0,4987536562,30.6568159,103.9834305
203317,P4,586.0,586.0,1306.0,1306.0,False,0.36,8.0,5436627800,30.6969059,104.0706449
64337,P4,586.0,586.0,1306.0,1306.0,False,1.56,9.12,432441922,30.6267119,104.027919
75291,P4,586.0,586.0,1306.0,1306.0,False,0.68,8.0,1159488324,30.69316,104.07266
99291,P4,586.0,586.0,1306.0,1306.0,False,1.56,9.12,1159225483,30.70714,104.05209
108375,P4,587.0,587.0,1307.0,1307.0,False,0.48,8.0,2329101948,30.691883,104.01496
110687,P4,587.0,587.0,1307.0,1307.0,False,1.25,8.5,2843289913,30.685625,104.059074
12456,P4,587.0,587.0,1307.0,1307.0,False,0.01,8.0,2956775869,30.6986178,104.0390225
125443,P4,587.0,587.0,1307.0,1307.0,False,0.01,8.0,4106682126,30.64508,103.9849352
142545,P4,587.0,587.0,1307.0,1307.0,False,0.45,8.0,1916386509,30.6220137,104.0295696
41163,P4,587.0,587.0,1307.0,1307.0,False,1.29,8.58,5154977851,30.634448,104.0698891
86495,P4,587.0,587.0,1307.0,1307.0,False,0.01,8.0,1159941938,30.66712,104.02004
121618,P4,588.0,588.0,1308.0,1308.0,False,0.98,8.0,1492405933,30.6436019,104.0640516
125879,P4,588.0,588.0,1308.0,1308.0,False,2.4,10.8,3087817504,30.667887,103.9926
127467,P4,588.0,588.0,1308.0,1308.0,False,0.61,8.0,603415287,30.70998,104.1012
130728,P4,588.0,588.0,1308.0,1308.0,False,2.19,10.38,3562047448,30.7092817,104.065306
163358,P4,588.0,588.0,1308.0,1308.0,False,0.35,8.0,1492604722,30.6224104,104.064625
18740,P4,588.0,588.0,1308.0,1308.0,False,1.69,9.38,4701464321,30.6109237,104.0650738
64021,P4,588.0,588.0,1308.0,1308.0,False,1.86,9.72,1458959874,30.6666005,104.0835312
68883,P4,588.0,588.0,1308.0,1308.0,False,1.33,8.66,4359390979,30.724512,104.05849
69139,P4,588.0,588.0,1308.0,1308.0,False,0.42,8.0,1159234118,30.6948,104.06244
72891,P4,588.0,588.0,1308.0,1308.0,False,0.65,8.0,1445522773,30.6493805,104.0655802
7543,P4,588.0,588.0,1308.0,1308.0,False,1.12,8.24,3614070501,30.672366,104.0539944
8523,P4,588.0,588.0,1308.0,1308.0,False,0.65,8.0,5375784031,30.6561326,103.9898336
119753,P4,589.0,589.0,1309.0,1309.0,False,1.43,8.86,1845199169,30.6763721,104.0708243
160004,P4,589.0,589.0,1309.0,1309.0,False,0.11,8.0,5257005076,30.6774396,104.0933907
5000,P4,589.0,589.0,1309.0,1309.0,False,0.11,8.0,2843289904,30.6882674,104.0585709
61915,P4,589.0,589.0,1309.0,1309.0,False,0.33,8.0,1159224808,30.6964918,104.0361089
91682,P4,589.0,589.0,1309.0,1309.0,False,1.3,8.6,2653570475,30.6693079,104.0918115
102621,P4,590.0,590.0,1310.0,1310.0,False,2.96,11.92,3927877893,30.6774562,103.9886319
103505,P4,590.0,590.0,1310.0,1310.0,False,0.12,8.0,4505485116,30.6351107,104.0758277
114199,P4,590.0,590.0,1310.0,1310.0,False,0.55,8.0,5261581871,30.6767636,104.0962658
140111,P4,590.0,590.0,1310.0,1310.0,False,1.74,9.48,441187597,30.6918068,104.0546035
19451,P4,590.0,590.0,1310.0,1310.0,False,1.78,9.56,5310712302,30.6684427,104.1063581
52877,P4,590.0,590.0,1310.0,1310.0,False,1.72,9.44,5257005059,30.6769082,104.0937702
95277,P4,590.0,590.0,1310.0,1310.0,False,1.37,8.74,4548259532,30.6985522,104.0461076
16899,P4,591.0,591.0,1311.0,1311.0,False,1.44,8.88,3199773578,30.70039,104.10337
66139,P4,591.0,591.0,1311.0,1311.0,False,0.91,8.0,1159140553,30.65779,104.09971
70342,P4,591.0,591.0,1311.0,1311.0,False,2.22,10.44,1492598620,30.6226242,104.0668825
140843,P4,592.0,592.0,1312.0,1312.0,False,3.06,12.12,1500638639,30.6906254,104.0349723
143456,P4,592.0,592.0,1312.0,1312.0,False,1.95,9.9,4772215053,30.6797126,104.0064476
16859,P4,592.0,592.0,1312.0,1312.0,False,0.54,8.0,1507371735,30.6968505,104.0747738
186000,P4,592.0,592.0,1312.0,1312.0,False,0.28,8.0,3523314188,30.6256411,104.0520132
62166,P4,592.0,592.0,1312.0,1312.0,False,1.6,9.2,3680455716,30.6569365,104.0132599
64507,P4,592.0,592.0,1312.0,1312.0,False,1.6,9.2,4106682235,30.6803444,103.9972241
80683,P4,592.0,592.0,1312.0,1312.0,False,1.95,9.9,3925309351,30.69032,104.1084
112872,P4,593.0,593.0,1313.0,1313.0,False,0.96,8.0,3069351956,30.6280116,103.9877324
137566,P4,593.0,593.0,1313.0,1313.0,False,0.66,8.0,1159141115,30.659972,104.1035101
125840,P4,594.0,594.0,1314.0,1314.0,False,0.91,8.0,314623091,30.6463693,104.0312716
185423,P4,594.0,594.0,1314.0,1314.0,False,0.92,8.0,672406138,30.65259,104.06434
20582,P4,594.0,594.0,1314.0,1314.0,False,1.02,8.04,4638105423,30.7093856,104.062371
304,P4,594.0,594.0,1314.0,1314.0,False,0.43,8.0,5213253153,30.6942778,104.0869612
62217,P4,594.0,594.0,1314.0,1314.0,False,1.02,8.04,2956775863,30.7189106,104.0429193
74744,P4,594.0,594.0,1314.0,1314.0,False,1.34,8.68,5141468688,30.6378957,104.0924583
90242,P4,594.0,594.0,1314.0,1314.0,False,0.43,8.0,1459065008,30.6455599,104.1079664
92043,P4,594.0,594.0,1314.0,1314.0,False,2.48,10.96,4967265776,30.70488,104.01522
122559,P4,595.0,595.0,1315.0,1315.0,False,0.59,8.0,5375783430,30.6232331,104.0031144
14632,P4,595.0,595.0,1315.0,1315.0,False,2.64,11.28,4592713499,30.6215122,104.0600557
154884,P4,595.0,595.0,1315.0,1315.0,False,0.59,8.0,1987226861,30.663292,104.0523509
170121,P4,595.0,595.0,1315.0,1315.0,False,2.2,10.4,3541401912,30.6891082,104.0140594
195083,P4,595.0,595.0,1315.0,1315.0,False,1.52,9.04,4695701796,30.6136103,104.018995
195989,P4,595.0,595.0,1315.0,1315.0,False,1.85,9.7,5375783424,30.62574,104.0023166
23316,P4,595.0,595.0,1315.0,1315.0,False,2.29,10.58,3943038361,30.6436038,104.0639509
36323,P4,595.0,595.0,1315.0,1315.0,False,0.11,8.0,1756176909,30.675575,104.07005
68584,P4,595.0,595.0,1315.0,1315.0,False,2.29,10.58,5213238494,30.6460462,104.0431128
90203,P4,595.0,595.0,1315.0,1315.0,False,0.54,8.0,1815741571,30.6873519,104.0732238
98234,P4,595.0,595.0,1315.0,1315.0,False,1.08,8.16,4782097009,30.6273549,104.0238794
161309,P4,596.0,596.0,1316.0,1316.0,False,1.33,8.66,1102485505,30.6114951,104.0336942
163827,P4,596.0,596.0,1316.0,1316.0,False,0.46,8.0,5100157874,30.6331505,104.0804283
31814,P4,596.0,596.0,1316.0,1316.0,False,0.99,8.0,1159155384,30.6400714,104.098946
52472,P4,596.0,596.0,1316.0,1316.0,False,0.31,8.0,3541427569,30.7107552,104.0321589
11925,P4,597.0,597.0,1317.0,1317.0,False,0.82,8.0,5100157873,30.6329753,104.0809311
164387,P4,597.0,597.0,1317.0,1317.0,False,2.94,11.88,4106682237,30.6814702,103.9979325
18639,P4,597.0,597.0,1317.0,1317.0,False,0.82,8.0,1918491756,30.646639,103.99848
46923,P4,597.0,597.0,1317.0,1317.0,False,0.15,8.0,2868588325,30.66369,104.08542
74165,P4,597.0,597.0,1317.0,1317.0,False,0.49,8.0,4548211384,30.6729777,104.0699648
14487,P4,598.0,598.0,1318.0,1318.0,False,0.68,8.0,5375783424,30.62574,104.0023166
172072,P4,598.0,598.0,1318.0,1318.0,False,2.16,10.32,432442880,30.6853516,103.9833976
179472,P4,598.0,598.0,1318.0,1318.0,False,0.68,8.0,3034029048,30.6845106,103.9979889
65922,P4,598.0,598.0,1318.0,1318.0,False,0.76,8.0,4548211663,30.6352767,104.0323699
110075,P4,599.0,599.0,1319.0,1319.0,False,2.74,11.48,4548259609,30.652342,104.04511
164204,P4,599.0,599.0,1319.0,1319.0,False,1.32,8.64,1159176621,30.6291006,104.0598439
202276,P4,599.0,599.0,1319.0,1319.0,False,2.74,11.48,1459039204,30.6462551,104.1079678
86200,P4,599.0,599.0,1319.0,1319.0,False,1.23,8.46,3541401901,30.6819615,103.9831837
114135,P4,600.0,600.0,1320.0,1320.0,False,0.14,8.0,4012382184,30.66131,104.07525
11511,P4,600.0,600.0,1320.0,1320.0,False,2.23,10.46,432453022,30.6503024,104.0979656
153181,P4,600.0,600.0,1320.0,1320.0,False,0.58,8.0,1455098600,30.696203,104.1053895
164273,P4,600.0,600.0,1320.0,1320.0,False,0.98,8.0,4548259524,30.6542775,104.0157025
198855,P4,600.0,600.0,1320.0,1320.0,False,1.45,8.9,1159143909,30.6753,104.0815
58834,P4,600.0,600.0,1320.0,1320.0,False,2.19,10.38,1159131854,30.6667995,104.0748281
83285,P4,600.0,600.0,1320.0,1320.0,False,0.67,8.0,5359113185,30.6764275,104.0117529
94627,P4,600.0,600.0,1320.0,1320.0,False,0.56,8.0,3516900121,30.6695929,104.081195
