parcel_id,platform_id,true_release_time,observed_release_time,true_deadline,observed_deadline,is_delayed,weight,fare,location_node,lng,lat
113713,P3,0.0,0.0,720.0,720.0,False,0.22,8.0,672282785,30.6542062,104.1004411
11961,P3,0.0,0.0,720.0,720.0,False,1.06,8.12,4772430859,30.6773669,104.0058719
121804,P3,0.0,0.0,720.0,720.0,False,0.96,8.0,314622956,30.6469045,104.0472313
125514,P3,0.0,0.0,720.0,720.0,False,1.63,9.26,3034376768,30.6803432,104.0632667
13514,P3,0.0,0.0,720.0,720.0,False,0.09,8.0,4550769349,30.6497496,104.1100896
13824,P3,0.0,0.0,720.0,720.0,False,2.98,11.96,4548141079,30.6226315,104.0684014
149163,P3,0.0,0.0,720.0,720.0,False,1.16,8.32,3087817521,30.6761614,104.0116948
156377,P3,0.0,0.0,720.0,720.0,False,0.27,8.0,672360627,30.6484299,104.0725258
172940,P3,0.0,0.0,720.0,720.0,False,1.34,8.68,5359113192,30.676962,104.0118695
175091,P3,0.0,0.0,720.0,720.0,False,0.15,8.0,276560244,30.6112268,104.0524586
182980,P3,0.0,0.0,720.0,720.0,False,0.76,8.0,4699007260,30.610022,104.0408881
183584,P3,0.0,0.0,720.0,720.0,False,1.22,8.44,1458561796,30.6892727,104.0975161
184081,P3,0.0,0.0,720.0,720.0,False,0.47,8.0,4549993355,30.6972299,104.0577146
187150,P3,0.0,0.0,720.0,720.0,False,1.08,8.16,4414330244,30.6640162,104.0861765
193497,P3,0.0,0.0,720.0,720.0,False,1.34,8.68,3582245796,30.7194804,103.9969478
197842,P3,0.0,0.0,720.0,720.0,False,0.03,8.0,3069351961,30.6281566,103.9820995
206031,P3,0.0,0.0,720.0,720.0,False,1.55,9.1,3069351793,30.634981,103.97682
206972,P3,0.0,0.0,720.0,720.0,False,0.15,8.0,5141468792,30.630272,104.1010274
207059,P3,0.0,0.0,720.0,720.0,False,0.41,8.0,1156126798,30.665318,104.04182
23931,P3,0.0,0.0,720.0,720.0,False,0.79,8.0,5213253161,30.7160367,104.0783836
33416,P3,0.0,0.0,720.0,720.0,False,1.46,8.92,2917213940,30.6502524,104.0897701
52743,P3,0.0,0.0,720.0,720.0,False,0.08,8.0,1504232582,30.69875,104.0885
58054,P3,0.0,0.0,720.0,720.0,False,0.79,8.0,4847126867,30.654891,103.9821151
65221,P3,0.0,0.0,720.0,720.0,False,3.39,12.78,4393204198,30.6226323,104.0600095
68781,P3,0.0,0.0,720.0,720.0,False,2.55,11.1,4550568572,30.6359555,104.0641481
86803,P3,0.0,0.0,720.0,720.0,False,0.08,8.0,4106682122,30.6445536,103.9852081
119706,P3,1.0,1.0,721.0,721.0,False,1.73,9.46,5141468655,30.6403814,104.0950548
134795,P3,1.0,1.0,721.0,721.0,False,0.78,8.0,4772463299,30.6625014,104.0446051
147415,P3,1.0,1.0,721.0,721.0,False,0.22,8.0,4772463302,30.6617108,104.044674
159962,P3,1.0,1.0,721.0,721.0,False,1.12,8.24,4693610157,30.6347722,104.0677803
161286,P3,1.0,1.0,721.0,721.0,False,0.04,8.0,2214043181,30.6243233,104.0874931
178364,P3,1.0,1.0,721.0,721.0,False,0.78,8.0,3582230410,30.6410819,103.9678099
179135,P3,1.0,1.0,721.0,721.0,False,0.62,8.0,4794975972,30.64539,104.05809
187682,P3,1.0,1.0,721.0,721.0,False,1.12,8.24,2956775842,30.7235112,104.0463086
203302,P3,1.0,1.0,721.0,721.0,False,0.57,8.0,1072698542,30.6970816,104.0637742
27496,P3,1.0,1.0,721.0,721.0,False,1.74,9.48,1311904408,30.6429752,104.0781897
60407,P3,1.0,1.0,721.0,721.0,False,1.91,9.82,4521034134,30.6526203,104.0830937
74931,P3,1.0,1.0,721.0,721.0,False,0.24,8.0,4548211612,30.6471577,104.0206618
79722,P3,1.0,1.0,721.0,721.0,False,1.77,9.54,5436607834,30.6359382,104.0633514
79827,P3,1.0,1.0,721.0,721.0,False,0.02,8.0,3633008400,30.666945,104.040306
91894,P3,1.0,1.0,721.0,721.0,False,0.57,8.0,5336411862,30.6486589,104.0513229
103277,P3,2.0,2.0,722.0,722.0,False,0.66,8.0,671591330,30.6751212,104.0554058
105534,P3,2.0,2.0,722.0,722.0,False,4.03,14.06,4550019031,30.6506528,104.0541084
129946,P3,2.0,2.0,722.0,722.0,False,0.54,8.0,2329115975,30.622713,104.0732706
131486,P3,2.0,2.0,722.0,722.0,False,1.42,8.84,1493202240,30.6115156,104.0580196
137060,P3,2.0,2.0,722.0,722.0,False,1.89,9.78,4772463291,30.661337,104.0435044
17124,P3,2.0,2.0,722.0,722.0,False,0.96,8.0,1159155728,30.6463429,104.0969334
180411,P3,2.0,2.0,722.0,722.0,False,1.49,8.98,5312164200,30.66679,104.10367
182084,P3,2.0,2.0,722.0,722.0,False,1.83,9.66,4106682193,30.6584169,103.9777891
183978,P3,2.0,2.0,722.0,722.0,False,3.49,12.98,4695601443,30.611256,104.0278807
187041,P3,2.0,2.0,722.0,722.0,False,0.28,8.0,4220546259,30.654465,104.0754705
26595,P3,2.0,2.0,722.0,722.0,False,1.65,9.3,4106682116,30.6440316,103.9807417
33206,P3,2.0,2.0,722.0,722.0,False,0.66,8.0,2441172198,30.6749063,104.0074496
3601,P3,2.0,2.0,722.0,722.0,False,0.2,8.0,5141328646,30.6119273,104.0611141
52464,P3,2.0,2.0,722.0,722.0,False,0.66,8.0,3541401914,30.6835661,103.9831571
66232,P3,2.0,2.0,722.0,722.0,False,0.25,8.0,4695640583,30.6121963,104.0259698
7612,P3,2.0,2.0,722.0,722.0,False,0.54,8.0,2213049521,30.6190829,104.1093596
86055,P3,2.0,2.0,722.0,722.0,False,1.51,9.02,3034040779,30.70518,104.02461
8776,P3,2.0,2.0,722.0,722.0,False,1.54,9.08,1159945480,30.6561806,104.0562205
9227,P3,2.0,2.0,722.0,722.0,False,0.13,8.0,1159229836,30.6746432,104.0850109
10877,P3,3.0,3.0,723.0,723.0,False,0.8,8.0,4695640613,30.6105358,104.0278103
121154,P3,3.0,3.0,723.0,723.0,False,0.31,8.0,1819305465,30.6364458,104.1017098
138352,P3,3.0,3.0,723.0,723.0,False,1.72,9.44,3034330084,30.6656401,104.0762812
148543,P3,3.0,3.0,723.0,723.0,False,1.44,8.88,4903112583,30.65837,104.07953
159369,P3,3.0,3.0,723.0,723.0,False,1.44,8.88,3541376437,30.7151492,104.0578441
163343,P3,3.0,3.0,723.0,723.0,False,1.95,9.9,4106681980,30.6419947,103.9803577
183951,P3,3.0,3.0,723.0,723.0,False,0.36,8.0,4548259673,30.67811,104.05417
184437,P3,3.0,3.0,723.0,723.0,False,2.52,11.04,1912247274,30.6155268,104.0989612
191883,P3,3.0,3.0,723.0,723.0,False,1.22,8.44,2981056908,30.629631,104.07606
192576,P3,3.0,3.0,723.0,723.0,False,2.02,10.04,4638050387,30.7051021,104.0587609
22917,P3,3.0,3.0,723.0,723.0,False,0.43,8.0,441187481,30.6884102,104.0583636
24327,P3,3.0,3.0,723.0,723.0,False,1.69,9.38,5213238444,30.64295,104.11633
46727,P3,3.0,3.0,723.0,723.0,False,2.52,11.04,4695640559,30.6130623,104.0285961
68455,P3,3.0,3.0,723.0,723.0,False,2.02,10.04,1504196626,30.7096406,104.0971855
100994,P3,4.0,4.0,724.0,724.0,False,0.35,8.0,3927876944,30.6759877,103.9882606
110454,P3,4.0,4.0,724.0,724.0,False,0.97,8.0,1159168936,30.6305337,104.0798236
118397,P3,4.0,4.0,724.0,724.0,False,1.57,9.14,432442539,30.6941586,104.0133124
136364,P3,4.0,4.0,724.0,724.0,False,1.42,8.84,4230611280,30.6547707,104.0663872
162026,P3,4.0,4.0,724.0,724.0,False,0.98,8.0,5133238793,30.6292254,104.0739904
168274,P3,4.0,4.0,724.0,724.0,False,2.2,10.4,4106682200,30.6589439,103.9766732
173768,P3,4.0,4.0,724.0,724.0,False,0.03,8.0,1159942424,30.6648269,104.0213311
35555,P3,4.0,4.0,724.0,724.0,False,1.07,8.14,3034040785,30.7004902,104.0186486
50042,P3,4.0,4.0,724.0,724.0,False,1.57,9.14,5375783935,30.6570878,103.9967591
70695,P3,4.0,4.0,724.0,724.0,False,0.03,8.0,1312615989,30.65926,104.05727
1119,P3,5.0,5.0,725.0,725.0,False,0.42,8.0,3541404998,30.683483,104.04994
127313,P3,5.0,5.0,725.0,725.0,False,1.01,8.02,3562045387,30.7115826,104.042712
130831,P3,5.0,5.0,725.0,725.0,False,1.34,8.68,1958204061,30.6759934,104.0747179
13915,P3,5.0,5.0,725.0,725.0,False,1.04,8.08,1159450070,30.667452,104.029396
150361,P3,5.0,5.0,725.0,725.0,False,1.34,8.68,1159131046,30.6660168,104.059994
153027,P3,5.0,5.0,725.0,725.0,False,0.28,8.0,3445813552,30.66822,104.07315
160446,P3,5.0,5.0,725.0,725.0,False,0.88,8.0,1159513112,30.6478853,104.0725258
171533,P3,5.0,5.0,725.0,725.0,False,1.48,8.96,4118527356,30.6986384,104.1042586
173821,P3,5.0,5.0,725.0,725.0,False,0.64,8.0,803149470,30.6618889,104.0994413
186742,P3,5.0,5.0,725.0,725.0,False,1.6,9.2,2217714918,30.6607468,104.0611237
205066,P3,5.0,5.0,725.0,725.0,False,1.14,8.28,4572410288,30.6603868,104.0422218
27479,P3,5.0,5.0,725.0,725.0,False,0.56,8.0,2717964376,30.62686,104.06647
36564,P3,5.0,5.0,725.0,725.0,False,1.16,8.32,3196147288,30.7247343,104.0760184
38835,P3,5.0,5.0,725.0,725.0,False,1.48,8.96,465203743,30.7062979,104.1024445
64649,P3,5.0,5.0,725.0,725.0,False,0.2,8.0,3113656970,30.6657565,104.0485473
65159,P3,5.0,5.0,725.0,725.0,False,0.33,8.0,4548259349,30.67377,104.02339
74330,P3,5.0,5.0,725.0,725.0,False,2.25,10.5,432452891,30.6161711,104.0550729
96095,P3,5.0,5.0,725.0,725.0,False,1.01,8.02,2712189997,30.70034,104.07578
98679,P3,5.0,5.0,725.0,725.0,False,1.88,9.76,432452986,30.6272956,104.057672
108235,P3,6.0,6.0,726.0,726.0,False,0.95,8.0,5359113181,30.6768089,104.0142246
117590,P3,6.0,6.0,726.0,726.0,False,1.54,9.08,3680455717,30.6586496,104.012914
119286,P3,6.0,6.0,726.0,726.0,False,1.98,9.96,3523294437,30.6513355,104.048751
126820,P3,6.0,6.0,726.0,726.0,False,1.65,9.3,4572410254,30.6858528,103.9731053
126910,P3,6.0,6.0,726.0,726.0,False,2.1,10.2,5257005077,30.6770473,104.0940127
130878,P3,6.0,6.0,726.0,726.0,False,1.54,9.08,2039550423,30.6400167,104.1131883
136416,P3,6.0,6.0,726.0,726.0,False,0.58,8.0,2733352548,30.6168435,104.0797026
144335,P3,6.0,6.0,726.0,726.0,False,0.99,8.0,1072698672,30.7206637,104.0647446
154619,P3,6.0,6.0,726.0,726.0,False,1.54,9.08,3034040780,30.7061494,104.0105103
155252,P3,6.0,6.0,726.0,726.0,False,2.9,11.8,4695601335,30.6093585,104.0290837
162033,P3,6.0,6.0,726.0,726.0,False,1.07,8.14,4782067658,30.6249139,104.0274113
163698,P3,6.0,6.0,726.0,726.0,False,0.52,8.0,3761409982,30.6319717,104.0690619
203779,P3,6.0,6.0,726.0,726.0,False,0.9,8.0,1159228848,30.68476,104.10833
204240,P3,6.0,6.0,726.0,726.0,False,0.72,8.0,1445463641,30.6495454,104.0637026
3954,P3,6.0,6.0,726.0,726.0,False,0.58,8.0,1159462960,30.6755838,104.0233904
58428,P3,6.0,6.0,726.0,726.0,False,1.12,8.24,2118995449,30.6949772,104.0331321
5846,P3,6.0,6.0,726.0,726.0,False,0.56,8.0,1313998779,30.6324772,104.0880906
68967,P3,6.0,6.0,726.0,726.0,False,0.52,8.0,4782067643,30.62304,104.0317
11588,P3,7.0,7.0,727.0,727.0,False,2.24,10.48,3633001071,30.6661508,104.0233502
143207,P3,7.0,7.0,727.0,727.0,False,0.57,8.0,4799195759,30.627676,103.99521
147555,P3,7.0,7.0,727.0,727.0,False,0.91,8.0,3562033458,30.70213,104.07318
176684,P3,7.0,7.0,727.0,727.0,False,0.91,8.0,1956538342,30.680431,104.1103448
180095,P3,7.0,7.0,727.0,727.0,False,0.62,8.0,441221495,30.6503372,104.0222864
180643,P3,7.0,7.0,727.0,727.0,False,1.0,8.0,1819305258,30.62298,104.09713
25755,P3,7.0,7.0,727.0,727.0,False,0.29,8.0,5141468805,30.6294733,104.0984475
34015,P3,7.0,7.0,727.0,727.0,False,0.74,8.0,3541401915,30.6814038,103.9842864
59371,P3,7.0,7.0,727.0,727.0,False,0.93,8.0,1301932996,30.65368,104.07202
68185,P3,7.0,7.0,727.0,727.0,False,1.45,8.9,4772214801,30.679171,104.0045565
87224,P3,7.0,7.0,727.0,727.0,False,1.0,8.0,4547074304,30.6107818,104.0749601
94695,P3,7.0,7.0,727.0,727.0,False,0.74,8.0,3633008400,30.66527,104.0407
96915,P3,7.0,7.0,727.0,727.0,False,0.57,8.0,1987226884,30.6667057,104.0490266
97856,P3,7.0,7.0,727.0,727.0,False,0.62,8.0,4548211362,30.6770164,104.051386
1126,P3,8.0,8.0,728.0,728.0,False,0.49,8.0,1388442962,30.6477004,104.0724143
162444,P3,8.0,8.0,728.0,728.0,False,0.89,8.0,4701400365,30.6110054,104.0333785
162575,P3,8.0,8.0,728.0,728.0,False,2.39,10.78,4534007627,30.704424,104.103935
183909,P3,8.0,8.0,728.0,728.0,False,0.6,8.0,3034029049,30.6830572,104.000947
185643,P3,8.0,8.0,728.0,728.0,False,0.01,8.0,3199773577,30.7002921,104.1076309
3195,P3,8.0,8.0,728.0,728.0,False,2.06,10.12,2852754445,30.665938,104.1107595
65792,P3,8.0,8.0,728.0,728.0,False,0.9,8.0,1506449541,30.7050514,104.0638781
125110,P3,9.0,9.0,729.0,729.0,False,0.56,8.0,1918491748,30.6426339,103.9826451
136073,P3,9.0,9.0,729.0,729.0,False,0.5,8.0,4773916465,30.6568434,104.002173
153566,P3,9.0,9.0,729.0,729.0,False,2.76,11.52,3523298664,30.6318984,104.0466713
187275,P3,9.0,9.0,729.0,729.0,False,2.76,11.52,3089029129,30.66152,104.04984
40195,P3,9.0,9.0,729.0,729.0,False,2.68,11.36,4695640578,30.61196,104.0268747
85403,P3,9.0,9.0,729.0,729.0,False,1.12,8.24,3087817505,30.6640306,103.9890447
88837,P3,9.0,9.0,729.0,729.0,False,1.58,9.16,5141468734,30.636027,104.0942186
176043,P3,10.0,10.0,730.0,730.0,False,1.96,9.92,1507261226,30.7122732,104.0696739
186756,P3,10.0,10.0,730.0,730.0,False,1.0,8.0,4548259625,30.6553129,104.0498178
27090,P3,10.0,10.0,730.0,730.0,False,0.79,8.0,314623104,30.6469959,104.0389359
31452,P3,10.0,10.0,730.0,730.0,False,1.26,8.52,432442847,30.6692858,103.9955816
56939,P3,10.0,10.0,730.0,730.0,False,0.27,8.0,1159502924,30.6888689,104.0309874
671,P3,10.0,10.0,730.0,730.0,False,1.61,9.22,3034409153,30.7219321,104.0802094
9283,P3,10.0,10.0,730.0,730.0,False,1.71,9.42,3541404998,30.68478,104.05242
10539,P3,11.0,11.0,731.0,731.0,False,1.3,8.6,3266784226,30.6181292,104.0484686
124789,P3,11.0,11.0,731.0,731.0,False,0.16,8.0,4695700255,30.6148213,104.0208085
140700,P3,11.0,11.0,731.0,731.0,False,0.02,8.0,1964471393,30.6655426,104.1085626
163035,P3,11.0,11.0,731.0,731.0,False,0.43,8.0,5211343339,30.6444063,104.0141564
171890,P3,11.0,11.0,731.0,731.0,False,0.29,8.0,4220546253,30.6527235,104.0741751
17603,P3,11.0,11.0,731.0,731.0,False,0.67,8.0,4934383696,30.6132876,104.112267
19679,P3,11.0,11.0,731.0,731.0,False,2.32,10.64,1460311251,30.6552881,104.1122297
41314,P3,11.0,11.0,731.0,731.0,False,0.21,8.0,4550018882,30.6141469,104.034959
100375,P3,12.0,12.0,732.0,732.0,False,2.35,10.7,1159131854,30.66672,104.072845
115575,P3,12.0,12.0,732.0,732.0,False,1.1,8.2,1305816676,30.6460208,104.0850432
1223,P3,12.0,12.0,732.0,732.0,False,0.38,8.0,2651588758,30.66819,104.10035
122964,P3,12.0,12.0,732.0,732.0,False,0.33,8.0,1313998770,30.6357405,104.082223
136571,P3,12.0,12.0,732.0,732.0,False,0.75,8.0,4534007660,30.70393,104.10729
140170,P3,12.0,12.0,732.0,732.0,False,0.36,8.0,4880298885,30.6224508,104.1012885
162503,P3,12.0,12.0,732.0,732.0,False,2.17,10.34,1159478537,30.67322,104.04857
164275,P3,12.0,12.0,732.0,732.0,False,2.82,11.64,1159139949,30.6550192,104.1082199
178251,P3,12.0,12.0,732.0,732.0,False,1.21,8.42,4964134681,30.7167355,104.0296671
203443,P3,12.0,12.0,732.0,732.0,False,2.74,11.48,1159169336,30.63753,104.08405
206222,P3,12.0,12.0,732.0,732.0,False,0.33,8.0,4799195775,30.6136924,103.996444
531,P3,12.0,12.0,732.0,732.0,False,0.42,8.0,288416380,30.68461,104.08094
5607,P3,12.0,12.0,732.0,732.0,False,0.45,8.0,4981594485,30.6299603,103.9918807
90099,P3,12.0,12.0,732.0,732.0,False,0.51,8.0,1918491702,30.6517349,103.9786164
10026,P3,13.0,13.0,733.0,733.0,False,0.4,8.0,4444112336,30.7188785,104.1019167
1052,P3,13.0,13.0,733.0,733.0,False,0.04,8.0,4550769857,30.648202,104.113376
108364,P3,13.0,13.0,733.0,733.0,False,1.41,8.82,4106681949,30.6260866,104.0023914
109345,P3,13.0,13.0,733.0,733.0,False,1.05,8.1,5375783457,30.6222001,104.0080428
115315,P3,13.0,13.0,733.0,733.0,False,1.41,8.82,5102886109,30.71743,103.9695
11598,P3,13.0,13.0,733.0,733.0,False,0.12,8.0,5141458193,30.6331996,104.0710557
120615,P3,13.0,13.0,733.0,733.0,False,1.81,9.62,4437994407,30.6906596,104.0948537
131131,P3,13.0,13.0,733.0,733.0,False,0.75,8.0,3562028076,30.66075,104.091965
143742,P3,13.0,13.0,733.0,733.0,False,0.76,8.0,2558636073,30.6277602,104.0230006
155108,P3,13.0,13.0,733.0,733.0,False,0.39,8.0,1159149120,30.6560176,104.069601
167101,P3,13.0,13.0,733.0,733.0,False,0.37,8.0,4087177084,30.6172715,104.0146167
167207,P3,13.0,13.0,733.0,733.0,False,0.04,8.0,1159138407,30.66358,104.09773
174379,P3,13.0,13.0,733.0,733.0,False,0.12,8.0,628641789,30.6937,104.085365
179463,P3,13.0,13.0,733.0,733.0,False,0.84,8.0,1159141115,30.65992,104.10245
201083,P3,13.0,13.0,733.0,733.0,False,1.09,8.18,5375783866,30.6620069,103.996405
47967,P3,13.0,13.0,733.0,733.0,False,2.62,11.24,4242372865,30.6875522,104.0225602
82010,P3,13.0,13.0,733.0,733.0,False,0.39,8.0,5213238581,30.6420484,104.1151796
83615,P3,13.0,13.0,733.0,733.0,False,0.79,8.0,1156126880,30.680231,104.0549136
93200,P3,13.0,13.0,733.0,733.0,False,0.25,8.0,4078817958,30.7034035,104.0812211
94419,P3,13.0,13.0,733.0,733.0,False,0.35,8.0,1453885542,30.703105,104.0052113
98498,P3,13.0,13.0,733.0,733.0,False,0.79,8.0,1492574993,30.6251745,104.0642359
112990,P3,14.0,14.0,734.0,734.0,False,1.4,8.8,1159929697,30.6765696,103.9913824
114089,P3,14.0,14.0,734.0,734.0,False,1.84,9.68,1159228754,30.6866685,104.1090454
151407,P3,14.0,14.0,734.0,734.0,False,0.64,8.0,4772216921,30.6792894,104.0076746
156729,P3,14.0,14.0,734.0,734.0,False,0.75,8.0,3562045378,30.7099699,104.0449409
170184,P3,14.0,14.0,734.0,734.0,False,0.77,8.0,4582782984,30.6540919,104.0509498
180645,P3,14.0,14.0,734.0,734.0,False,0.4,8.0,3562047398,30.7176251,104.0653454
189997,P3,14.0,14.0,734.0,734.0,False,0.4,8.0,3031031600,30.6818163,104.1089397
200111,P3,14.0,14.0,734.0,734.0,False,1.53,9.06,1159471906,30.69476,104.03987
4658,P3,14.0,14.0,734.0,734.0,False,1.86,9.72,3680078467,30.6567858,104.0263431
59394,P3,14.0,14.0,734.0,734.0,False,0.5,8.0,4989782356,30.6836681,104.0590065
65335,P3,14.0,14.0,734.0,734.0,False,1.86,9.72,4548259667,30.6904299,104.0489385
8886,P3,14.0,14.0,734.0,734.0,False,0.73,8.0,4548211262,30.6263181,104.0468885
130911,P3,15.0,15.0,735.0,735.0,False,2.8,11.6,2564226649,30.6419605,104.0136976
136658,P3,15.0,15.0,735.0,735.0,False,1.72,9.44,4695640522,30.6157924,104.0243738
148033,P3,15.0,15.0,735.0,735.0,False,1.63,9.26,5141328772,30.6157441,104.0622497
170508,P3,15.0,15.0,735.0,735.0,False,0.63,8.0,4106682174,30.6518118,103.9757154
42885,P3,15.0,15.0,735.0,735.0,False,2.8,11.6,5375783892,30.6556357,103.9916599
73225,P3,15.0,15.0,735.0,735.0,False,0.63,8.0,4548259359,30.7141909,104.0344919
76327,P3,15.0,15.0,735.0,735.0,False,2.66,11.32,1459025620,30.6452655,104.1082344
107294,P3,16.0,16.0,736.0,736.0,False,0.44,8.0,1312616016,30.6437566,104.0425232
123263,P3,16.0,16.0,736.0,736.0,False,1.75,9.5,3390819399,30.6426634,104.0446584
134525,P3,16.0,16.0,736.0,736.0,False,0.67,8.0,5053143857,30.7080048,104.0028033
140783,P3,16.0,16.0,736.0,736.0,False,0.25,8.0,2134826936,30.6722605,103.9859752
148723,P3,16.0,16.0,736.0,736.0,False,0.87,8.0,4695601600,30.6091969,104.0394456
153967,P3,16.0,16.0,736.0,736.0,False,0.44,8.0,4078817932,30.70716,104.081665
168780,P3,16.0,16.0,736.0,736.0,False,0.25,8.0,2041531471,30.6798058,104.0744654
17255,P3,16.0,16.0,736.0,736.0,False,0.99,8.0,4967265770,30.7055098,104.0073112
180458,P3,16.0,16.0,736.0,736.0,False,1.12,8.24,3087817486,30.665038,104.0142181
18303,P3,16.0,16.0,736.0,736.0,False,1.07,8.14,1159228848,30.684364,104.10851
193681,P3,16.0,16.0,736.0,736.0,False,1.76,9.52,1072704392,30.7217259,104.0564201
209128,P3,16.0,16.0,736.0,736.0,False,0.0,8.0,4695700254,30.6133529,104.0205173
22347,P3,16.0,16.0,736.0,736.0,False,1.62,9.24,5002301692,30.663921,104.01955
58171,P3,16.0,16.0,736.0,736.0,False,0.89,8.0,4638105420,30.7127292,104.0642943
81566,P3,16.0,16.0,736.0,736.0,False,0.93,8.0,1956567320,30.6795793,104.1121713
87165,P3,16.0,16.0,736.0,736.0,False,1.07,8.14,4548141082,30.6226915,104.0684086
89970,P3,16.0,16.0,736.0,736.0,False,0.93,8.0,4772476118,30.6612464,104.0472241
90242,P3,16.0,16.0,736.0,736.0,False,0.0,8.0,2329101951,30.6993189,104.007402
123090,P3,17.0,17.0,737.0,737.0,False,1.34,8.68,2712338398,30.7073784,104.0390462
124382,P3,17.0,17.0,737.0,737.0,False,1.2,8.4,3680400098,30.6591807,104.0173265
148818,P3,17.0,17.0,737.0,737.0,False,1.33,8.66,1958204348,30.6687212,104.0873526
164284,P3,17.0,17.0,737.0,737.0,False,1.2,8.4,3613983370,30.6645591,104.0539275
186859,P3,17.0,17.0,737.0,737.0,False,1.9,9.8,432442902,30.672148,104.02714
196437,P3,17.0,17.0,737.0,737.0,False,1.01,8.02,432432573,30.6641733,104.0335951
199276,P3,17.0,17.0,737.0,737.0,False,0.66,8.0,4794993822,30.6433157,104.070735
72573,P3,17.0,17.0,737.0,737.0,False,2.5,11.0,4549993293,30.6508421,103.9890791
83875,P3,17.0,17.0,737.0,737.0,False,0.13,8.0,1947584056,30.68317,104.08209
85643,P3,17.0,17.0,737.0,737.0,False,1.1,8.2,1159231823,30.68843,104.07867
97765,P3,17.0,17.0,737.0,737.0,False,0.64,8.0,5218133609,30.6385827,104.1071122
117061,P3,18.0,18.0,738.0,738.0,False,0.8,8.0,2722829587,30.7026297,104.0681699
12631,P3,18.0,18.0,738.0,738.0,False,2.47,10.94,3199773650,30.70128,104.10852
143324,P3,18.0,18.0,738.0,738.0,False,1.65,9.3,5367313640,30.6351029,103.9797164
147959,P3,18.0,18.0,738.0,738.0,False,2.71,11.42,1159170633,30.6329783,104.0866246
15259,P3,18.0,18.0,738.0,738.0,False,0.8,8.0,4772463295,30.6632205,104.0452989
167531,P3,18.0,18.0,738.0,738.0,False,0.49,8.0,3034393462,30.683681,104.048965
203563,P3,18.0,18.0,738.0,738.0,False,0.91,8.0,4550701194,30.6238498,104.0339028
204598,P3,18.0,18.0,738.0,738.0,False,0.67,8.0,672282785,30.6542062,104.1004411
43517,P3,18.0,18.0,738.0,738.0,False,1.37,8.74,1159170636,30.6319546,104.0861607
6821,P3,18.0,18.0,738.0,738.0,False,2.47,10.94,441159663,30.7210306,104.106158
74825,P3,18.0,18.0,738.0,738.0,False,0.91,8.0,5002301709,30.6912824,104.0367992
105680,P3,19.0,19.0,739.0,739.0,False,1.89,9.78,3633018387,30.6667602,104.0632288
119875,P3,19.0,19.0,739.0,739.0,False,0.43,8.0,3742070456,30.648038,104.0907351
123210,P3,19.0,19.0,739.0,739.0,False,0.82,8.0,1815855109,30.6763892,103.9766457
137239,P3,19.0,19.0,739.0,739.0,False,2.15,10.3,4772463248,30.6629599,104.0461897
149791,P3,19.0,19.0,739.0,739.0,False,0.16,8.0,3436486397,30.6387646,104.0460612
150679,P3,19.0,19.0,739.0,739.0,False,0.83,8.0,1301933046,30.6545,104.07031
152463,P3,19.0,19.0,739.0,739.0,False,0.95,8.0,1958204265,30.67349,104.0847
161665,P3,19.0,19.0,739.0,739.0,False,1.8,9.6,5375784005,30.6558788,103.9937979
165214,P3,19.0,19.0,739.0,739.0,False,0.96,8.0,4693610171,30.6340601,104.0703572
188959,P3,19.0,19.0,739.0,739.0,False,0.46,8.0,2041535225,30.663895,104.080475
188997,P3,19.0,19.0,739.0,739.0,False,0.95,8.0,4106681953,30.6286976,103.9967634
24502,P3,19.0,19.0,739.0,739.0,False,0.46,8.0,2333096988,30.6241657,103.9868991
32213,P3,19.0,19.0,739.0,739.0,False,0.37,8.0,1492574993,30.6251745,104.0642359
52475,P3,19.0,19.0,739.0,739.0,False,0.96,8.0,3633018387,30.66608,104.0634
69870,P3,19.0,19.0,739.0,739.0,False,1.28,8.56,4548259373,30.6541163,104.0442485
78219,P3,19.0,19.0,739.0,739.0,False,0.51,8.0,3445794971,30.66238,104.07415
101118,P3,20.0,20.0,740.0,740.0,False,2.56,11.12,5283966192,30.7032928,104.116391
102335,P3,20.0,20.0,740.0,740.0,False,0.42,8.0,2329101948,30.69241,104.01616
134625,P3,20.0,20.0,740.0,740.0,False,1.28,8.56,3541401925,30.6967002,104.0100125
149222,P3,20.0,20.0,740.0,740.0,False,0.14,8.0,4548211481,30.6650832,104.0446397
153758,P3,20.0,20.0,740.0,740.0,False,0.14,8.0,314614375,30.6219189,104.0399447
154956,P3,20.0,20.0,740.0,740.0,False,1.4,8.8,4106682239,30.6819923,104.0032525
184847,P3,20.0,20.0,740.0,740.0,False,2.56,11.12,1458575268,30.6869,104.0979
185474,P3,20.0,20.0,740.0,740.0,False,0.85,8.0,3632988786,30.6642933,104.032285
195235,P3,20.0,20.0,740.0,740.0,False,1.55,9.1,5159344218,30.706,104.0533
199539,P3,20.0,20.0,740.0,740.0,False,0.28,8.0,2843289945,30.69966,104.05755
204334,P3,20.0,20.0,740.0,740.0,False,0.82,8.0,1159472366,30.6969257,104.0414286
23158,P3,20.0,20.0,740.0,740.0,False,0.34,8.0,5280629138,30.6746556,104.0074077
24232,P3,20.0,20.0,740.0,740.0,False,0.54,8.0,441187223,30.6692467,104.0578002
45847,P3,20.0,20.0,740.0,740.0,False,2.17,10.34,1159149121,30.65483,104.07331
48600,P3,20.0,20.0,740.0,740.0,False,3.03,12.06,3034029054,30.6807606,103.9995161
75654,P3,20.0,20.0,740.0,740.0,False,1.29,8.58,3597820284,30.7003536,104.0216861
107658,P3,21.0,21.0,741.0,741.0,False,2.31,10.62,2915973103,30.6364124,104.1157663
110395,P3,21.0,21.0,741.0,741.0,False,0.34,8.0,3562047448,30.70888,104.0658
112341,P3,21.0,21.0,741.0,741.0,False,2.56,11.12,4548259310,30.6761543,103.9766452
151176,P3,21.0,21.0,741.0,741.0,False,2.56,11.12,4106681984,30.6421889,103.972672
159054,P3,21.0,21.0,741.0,741.0,False,2.05,10.1,4695640659,30.6170463,104.0277181
173163,P3,21.0,21.0,741.0,741.0,False,0.93,8.0,1958204223,30.6680714,104.0845314
173618,P3,21.0,21.0,741.0,741.0,False,2.56,11.12,5283966198,30.7016693,104.1043698
68191,P3,21.0,21.0,741.0,741.0,False,0.34,8.0,1459018259,30.6452301,104.1087541
107975,P3,22.0,22.0,742.0,742.0,False,0.95,8.0,4779165767,30.636357,104.0742559
108239,P3,22.0,22.0,742.0,742.0,False,0.33,8.0,1492597858,30.6226931,104.0671256
110018,P3,22.0,22.0,742.0,742.0,False,0.43,8.0,3436486417,30.6413472,104.0450336
111019,P3,22.0,22.0,742.0,742.0,False,1.33,8.66,1159134910,30.6621,104.0906
124752,P3,22.0,22.0,742.0,742.0,False,1.18,8.36,1159137575,30.6581129,104.0920493
125686,P3,22.0,22.0,742.0,742.0,False,0.15,8.0,4548211260,30.6337186,104.0338666
158582,P3,22.0,22.0,742.0,742.0,False,1.56,9.12,4572410064,30.6597849,104.0384
172075,P3,22.0,22.0,742.0,742.0,False,1.67,9.34,4230611275,30.65266,104.0692
180375,P3,22.0,22.0,742.0,742.0,False,1.29,8.58,4219865854,30.625332,104.042103
180983,P3,22.0,22.0,742.0,742.0,False,3.16,12.32,3597608244,30.72427,104.02686
183907,P3,22.0,22.0,742.0,742.0,False,2.17,10.34,2712314632,30.7064434,104.0356675
187671,P3,22.0,22.0,742.0,742.0,False,1.46,8.92,838319859,30.651709,104.10925
206995,P3,22.0,22.0,742.0,742.0,False,0.08,8.0,4972894323,30.6102292,104.0463125
32551,P3,22.0,22.0,742.0,742.0,False,0.54,8.0,3445813127,30.67046,104.07691
5118,P3,22.0,22.0,742.0,742.0,False,1.29,8.58,4773916790,30.6601073,104.0083418
56360,P3,22.0,22.0,742.0,742.0,False,1.56,9.12,1885342898,30.6769671,104.0969535
57344,P3,22.0,22.0,742.0,742.0,False,2.69,11.38,2134782167,30.6223942,104.0086482
61527,P3,22.0,22.0,742.0,742.0,False,1.33,8.66,2282013888,30.6210077,103.9722222
79820,P3,22.0,22.0,742.0,742.0,False,0.03,8.0,432442545,30.6987537,104.0115058
9437,P3,22.0,22.0,742.0,742.0,False,0.53,8.0,4915834581,30.6969288,104.0708395
102287,P3,23.0,23.0,743.0,743.0,False,1.12,8.24,4987534963,30.6232412,104.0076567
10748,P3,23.0,23.0,743.0,743.0,False,1.96,9.92,4701400692,30.6134241,104.0647008
10776,P3,23.0,23.0,743.0,743.0,False,0.39,8.0,3034040780,30.7061494,104.0105103
108276,P3,23.0,23.0,743.0,743.0,False,1.75,9.5,4991425514,30.650584,103.9858654
120462,P3,23.0,23.0,743.0,743.0,False,0.2,8.0,432442882,30.6860971,103.9813332
123385,P3,23.0,23.0,743.0,743.0,False,2.18,10.36,2309311970,30.6253398,104.0943359
172282,P3,23.0,23.0,743.0,743.0,False,0.73,8.0,5213253210,30.6533417,104.1122761
178661,P3,23.0,23.0,743.0,743.0,False,0.69,8.0,3597608244,30.7228407,104.027452
182267,P3,23.0,23.0,743.0,743.0,False,0.05,8.0,3979164218,30.6751072,104.0891915
187852,P3,23.0,23.0,743.0,743.0,False,0.63,8.0,432442628,30.683863,104.0174281
198550,P3,23.0,23.0,743.0,743.0,False,2.71,11.42,432442950,30.6833924,104.0202498
20486,P3,23.0,23.0,743.0,743.0,False,1.12,8.24,2560005532,30.6237275,104.0259961
21923,P3,23.0,23.0,743.0,743.0,False,1.84,9.68,2039561245,30.68265,104.112686
32155,P3,23.0,23.0,743.0,743.0,False,0.16,8.0,2823785826,30.6602111,104.0563873
40823,P3,23.0,23.0,743.0,743.0,False,3.15,12.3,2653287869,30.685728,104.0777733
43177,P3,23.0,23.0,743.0,743.0,False,0.56,8.0,432442933,30.6619607,104.0234685
47268,P3,23.0,23.0,743.0,743.0,False,0.63,8.0,432442878,30.6798472,103.9950756
80591,P3,23.0,23.0,743.0,743.0,False,1.73,9.46,5359113181,30.6768089,104.0142246
92167,P3,23.0,23.0,743.0,743.0,False,1.57,9.14,1159950973,30.65369,104.0879
93503,P3,23.0,23.0,743.0,743.0,False,2.48,10.96,1458749296,30.67836,104.09406
104429,P3,24.0,24.0,744.0,744.0,False,2.1,10.2,5375783431,30.623058,104.0027511
141155,P3,24.0,24.0,744.0,744.0,False,1.33,8.66,5154977851,30.634448,104.0698891
150585,P3,24.0,24.0,744.0,744.0,False,1.18,8.36,1819305356,30.6269056,104.0937392
164700,P3,24.0,24.0,744.0,744.0,False,0.3,8.0,1459910105,30.6472178,104.1045086
179595,P3,24.0,24.0,744.0,744.0,False,0.16,8.0,1159171635,30.62655,104.08169
187107,P3,24.0,24.0,744.0,744.0,False,0.7,8.0,3562055478,30.71902,104.03813
196273,P3,24.0,24.0,744.0,744.0,False,0.43,8.0,4701400720,30.6226922,104.0678739
196611,P3,24.0,24.0,744.0,744.0,False,0.3,8.0,1159143854,30.6773,104.08391
6619,P3,24.0,24.0,744.0,744.0,False,1.7,9.4,1156126794,30.67834,104.04825
86816,P3,24.0,24.0,744.0,744.0,False,2.28,10.56,4550019097,30.6516575,104.0549409
168551,P3,25.0,25.0,745.0,745.0,False,2.58,11.16,1159137566,30.65448,104.09046
195438,P3,25.0,25.0,745.0,745.0,False,0.07,8.0,3028924419,30.6369133,104.0498441
206636,P3,25.0,25.0,745.0,745.0,False,0.59,8.0,432432591,30.660055,104.0366864
36587,P3,25.0,25.0,745.0,745.0,False,0.59,8.0,1492405931,30.6398776,104.0641663
65038,P3,25.0,25.0,745.0,745.0,False,1.49,8.98,1916401291,30.6120007,104.0314094
85681,P3,25.0,25.0,745.0,745.0,False,1.63,9.26,4695701801,30.612171,104.019493
87796,P3,25.0,25.0,745.0,745.0,False,0.53,8.0,3562110284,30.6545166,104.0800496
117600,P3,26.0,26.0,746.0,746.0,False,0.5,8.0,4695700279,30.6113756,104.0173529
166325,P3,26.0,26.0,746.0,746.0,False,3.19,12.38,5375783458,30.6223245,104.0078639
203515,P3,26.0,26.0,746.0,746.0,False,0.69,8.0,3033986268,30.6609585,104.0314765
208243,P3,26.0,26.0,746.0,746.0,False,1.63,9.26,2722829541,30.70595,104.04973
34817,P3,26.0,26.0,746.0,746.0,False,1.1,8.2,671581609,30.6111745,104.0604638
39474,P3,26.0,26.0,746.0,746.0,False,0.11,8.0,2133188713,30.6109464,104.0923554
45432,P3,26.0,26.0,746.0,746.0,False,0.33,8.0,4877227058,30.6227625,104.1015888
47911,P3,26.0,26.0,746.0,746.0,False,0.21,8.0,672405830,30.65682,104.0811
58795,P3,26.0,26.0,746.0,746.0,False,1.1,8.2,1159138260,30.6640049,104.1082922
65661,P3,26.0,26.0,746.0,746.0,False,0.92,8.0,4638050363,30.7114765,104.0609239
81519,P3,26.0,26.0,746.0,746.0,False,0.13,8.0,432442943,30.6832296,104.0265876
83518,P3,26.0,26.0,746.0,746.0,False,1.51,9.02,2662847700,30.6784339,103.994226
9796,P3,26.0,26.0,746.0,746.0,False,1.63,9.26,4548211274,30.6696446,104.0579016
105711,P3,27.0,27.0,747.0,747.0,False,0.72,8.0,432432589,30.6584676,104.0317297
140521,P3,27.0,27.0,747.0,747.0,False,2.57,11.14,4505485114,30.6366175,104.0748642
146181,P3,27.0,27.0,747.0,747.0,False,1.31,8.62,4548141018,30.6250482,104.0743621
14701,P3,27.0,27.0,747.0,747.0,False,0.8,8.0,5375783866,30.6620069,103.996405
26412,P3,27.0,27.0,747.0,747.0,False,1.33,8.66,3562045367,30.7168017,104.0350926
39121,P3,27.0,27.0,747.0,747.0,False,0.8,8.0,5375783749,30.632424,104.0113409
4588,P3,27.0,27.0,747.0,747.0,False,2.24,10.48,4572409854,30.6591059,104.0384476
47548,P3,27.0,27.0,747.0,747.0,False,2.24,10.48,1159451475,30.6718808,104.0387308
82547,P3,27.0,27.0,747.0,747.0,False,0.2,8.0,3633008402,30.6685677,104.0383566
87303,P3,27.0,27.0,747.0,747.0,False,0.8,8.0,1493017589,30.6274023,104.0643713
90579,P3,27.0,27.0,747.0,747.0,False,0.32,8.0,3562099597,30.65018,104.02629
136011,P3,28.0,28.0,748.0,748.0,False,4.31,14.62,4773916492,30.659593,104.0010094
140129,P3,28.0,28.0,748.0,748.0,False,1.72,9.44,3943038369,30.6434266,104.0639589
167858,P3,28.0,28.0,748.0,748.0,False,1.45,8.9,4548259490,30.6872951,104.0522103
169779,P3,28.0,28.0,748.0,748.0,False,2.08,10.16,3034409148,30.7209793,104.0717817
169919,P3,28.0,28.0,748.0,748.0,False,1.01,8.02,4106682100,30.6430626,103.9805398
18005,P3,28.0,28.0,748.0,748.0,False,0.15,8.0,2472030043,30.6624425,104.0625261
18308,P3,28.0,28.0,748.0,748.0,False,0.62,8.0,5141328656,30.6125187,104.0629582
183231,P3,28.0,28.0,748.0,748.0,False,1.33,8.66,1500780816,30.6504057,104.01609
191743,P3,28.0,28.0,748.0,748.0,False,1.16,8.32,432452894,30.61607,104.05754
207243,P3,28.0,28.0,748.0,748.0,False,4.31,14.62,2852225599,30.63735,104.05969
26418,P3,28.0,28.0,748.0,748.0,False,0.88,8.0,4230593005,30.6328983,104.0923328
31541,P3,28.0,28.0,748.0,748.0,False,1.33,8.66,5375783935,30.6570878,103.9967591
49863,P3,28.0,28.0,748.0,748.0,False,0.2,8.0,1159176756,30.6318037,104.0510417
104719,P3,29.0,29.0,749.0,749.0,False,0.27,8.0,1458570056,30.69456,104.09097
123709,P3,29.0,29.0,749.0,749.0,False,1.39,8.78,432442847,30.6692858,103.9955816
132143,P3,29.0,29.0,749.0,749.0,False,1.02,8.04,1902099081,30.722683,104.06635
135335,P3,29.0,29.0,749.0,749.0,False,1.42,8.84,3033986268,30.66261,104.03152
155226,P3,29.0,29.0,749.0,749.0,False,1.49,8.98,1458553201,30.6851519,104.1018439
156204,P3,29.0,29.0,749.0,749.0,False,0.26,8.0,4220546253,30.6527235,104.0741751
163151,P3,29.0,29.0,749.0,749.0,False,1.91,9.82,1159137566,30.65449,104.08986
18021,P3,29.0,29.0,749.0,749.0,False,1.28,8.56,1492399994,30.6560139,104.0594705
189950,P3,29.0,29.0,749.0,749.0,False,0.8,8.0,872835364,30.6587458,104.0582087
194071,P3,29.0,29.0,749.0,749.0,False,1.49,8.98,4548259674,30.67696,103.98134
196311,P3,29.0,29.0,749.0,749.0,False,0.95,8.0,3541371613,30.667887,104.050095
204929,P3,29.0,29.0,749.0,749.0,False,0.86,8.0,1159134919,30.6627522,104.0917496
52418,P3,29.0,29.0,749.0,749.0,False,1.28,8.56,3496653056,30.6186004,104.0511197
73575,P3,29.0,29.0,749.0,749.0,False,0.67,8.0,4903112577,30.65436,104.07405
11590,P3,30.0,30.0,750.0,750.0,False,0.63,8.0,4572365814,30.6773685,104.057906
118615,P3,30.0,30.0,750.0,750.0,False,2.73,11.46,5218133365,30.6429199,104.1082479
1339,P3,30.0,30.0,750.0,750.0,False,1.97,9.94,3562055478,30.71902,104.03813
153355,P3,30.0,30.0,750.0,750.0,False,2.73,11.46,2823785844,30.6681902,104.0598572
158656,P3,30.0,30.0,750.0,750.0,False,0.26,8.0,1072698672,30.7206637,104.0647446
184065,P3,30.0,30.0,750.0,750.0,False,1.97,9.94,1956567320,30.6795793,104.1121713
203634,P3,30.0,30.0,750.0,750.0,False,0.68,8.0,5002301677,30.6278621,104.0328238
37702,P3,30.0,30.0,750.0,750.0,False,0.38,8.0,4550019068,30.6529955,104.0532503
48576,P3,30.0,30.0,750.0,750.0,False,1.86,9.72,4748183731,30.6255167,104.0173584
50186,P3,30.0,30.0,750.0,750.0,False,0.28,8.0,2653330902,30.6563142,104.11232
55055,P3,30.0,30.0,750.0,750.0,False,0.65,8.0,4772463247,30.6640618,104.0469487
55059,P3,30.0,30.0,750.0,750.0,False,0.68,8.0,4548141081,30.6195536,104.0747294
65639,P3,30.0,30.0,750.0,750.0,False,1.97,9.94,1492416227,30.6273948,104.0641628
78395,P3,30.0,30.0,750.0,750.0,False,0.5,8.0,5053143827,30.7071468,103.9956726
111187,P3,31.0,31.0,751.0,751.0,False,2.15,10.3,5013455446,30.61496,104.05757
128021,P3,31.0,31.0,751.0,751.0,False,1.89,9.78,672287965,30.6653253,104.0540346
147786,P3,31.0,31.0,751.0,751.0,False,2.35,10.7,4963999570,30.721287,104.0357684
174536,P3,31.0,31.0,751.0,751.0,False,3.15,12.3,4550018892,30.6277797,104.0191042
188911,P3,31.0,31.0,751.0,751.0,False,0.34,8.0,4903105804,30.6547911,104.0759776
189958,P3,31.0,31.0,751.0,751.0,False,1.89,9.78,2118995449,30.6949772,104.0331321
65852,P3,31.0,31.0,751.0,751.0,False,2.0,10.0,3087817463,30.6407927,104.0195956
87553,P3,31.0,31.0,751.0,751.0,False,0.98,8.0,2823785809,30.6585408,104.0536748
87911,P3,31.0,31.0,751.0,751.0,False,0.49,8.0,3613960005,30.670471,104.05378
98239,P3,31.0,31.0,751.0,751.0,False,2.35,10.7,3562047447,30.7147003,104.072085
123426,P3,32.0,32.0,752.0,752.0,False,0.91,8.0,1159155243,30.6465848,104.095712
124374,P3,32.0,32.0,752.0,752.0,False,0.4,8.0,3199773565,30.7001212,104.114449
132379,P3,32.0,32.0,752.0,752.0,False,0.91,8.0,5283966197,30.700811,104.10474
133416,P3,32.0,32.0,752.0,752.0,False,1.45,8.9,3176012317,30.7050203,104.0719481
134926,P3,32.0,32.0,752.0,752.0,False,0.18,8.0,1311904462,30.6457733,104.0786797
141968,P3,32.0,32.0,752.0,752.0,False,0.65,8.0,2041531475,30.6783679,104.0735689
151751,P3,32.0,32.0,752.0,752.0,False,0.4,8.0,5213238510,30.64387,104.0316
164135,P3,32.0,32.0,752.0,752.0,False,0.35,8.0,4572365815,30.67722,104.05817
181897,P3,32.0,32.0,752.0,752.0,False,0.92,8.0,5375783430,30.6232331,104.0031144
54322,P3,32.0,32.0,752.0,752.0,False,0.85,8.0,671591599,30.6916631,104.0434307
1120,P3,33.0,33.0,753.0,753.0,False,0.22,8.0,1459913330,30.6475503,104.1037967
148792,P3,33.0,33.0,753.0,753.0,False,1.38,8.76,1958204265,30.6736638,104.0840451
149793,P3,33.0,33.0,753.0,753.0,False,0.09,8.0,1460296423,30.6496678,104.110043
161006,P3,33.0,33.0,753.0,753.0,False,0.22,8.0,5213238436,30.660691,104.0595706
163703,P3,33.0,33.0,753.0,753.0,False,0.47,8.0,3445813118,30.665857,104.0778
180428,P3,33.0,33.0,753.0,753.0,False,3.47,12.94,5002301690,30.6617988,104.0195732
206775,P3,33.0,33.0,753.0,753.0,False,0.9,8.0,5141468655,30.64104,104.09526
28911,P3,33.0,33.0,753.0,753.0,False,0.06,8.0,2039561238,30.68949,104.10958
76443,P3,33.0,33.0,753.0,753.0,False,2.64,11.28,1305816735,30.66699,104.06814
84216,P3,33.0,33.0,753.0,753.0,False,1.86,9.72,5375783790,30.6544968,103.9990219
127428,P3,34.0,34.0,754.0,754.0,False,0.2,8.0,4987536557,30.6430199,103.9924467
135973,P3,34.0,34.0,754.0,754.0,False,1.91,9.82,672406316,30.6524299,104.0693456
144633,P3,34.0,34.0,754.0,754.0,False,1.71,9.42,1159455513,30.6651666,104.0447468
168607,P3,34.0,34.0,754.0,754.0,False,1.91,9.82,1159450070,30.66881,104.03248
181161,P3,34.0,34.0,754.0,754.0,False,0.59,8.0,1445526137,30.6499564,104.0636053
19288,P3,34.0,34.0,754.0,754.0,False,1.75,9.5,1916386440,30.625976,104.0321467
194090,P3,34.0,34.0,754.0,754.0,False,0.27,8.0,3034409143,30.7190511,104.1022499
196440,P3,34.0,34.0,754.0,754.0,False,0.03,8.0,4548211233,30.6842025,104.0423568
205107,P3,34.0,34.0,754.0,754.0,False,0.59,8.0,2041527397,30.6902045,104.0941428
208011,P3,34.0,34.0,754.0,754.0,False,0.78,8.0,1301932981,30.65139,104.08035
21595,P3,34.0,34.0,754.0,754.0,False,2.05,10.1,4548211359,30.67502,104.05944
29535,P3,34.0,34.0,754.0,754.0,False,1.29,8.58,3562099191,30.6525357,104.0741928
30527,P3,34.0,34.0,754.0,754.0,False,1.31,8.62,4878041006,30.6224856,104.0994667
35897,P3,34.0,34.0,754.0,754.0,False,2.84,11.68,4548211661,30.6741327,104.0577152
42135,P3,34.0,34.0,754.0,754.0,False,0.27,8.0,4107377052,30.647995,103.989746
43085,P3,34.0,34.0,754.0,754.0,False,1.98,9.96,5213238504,30.6522155,104.0935782
45673,P3,34.0,34.0,754.0,754.0,False,1.31,8.62,4978440955,30.6766208,104.0826796
46115,P3,34.0,34.0,754.0,754.0,False,1.11,8.22,3613960004,30.66957,104.05228
68032,P3,34.0,34.0,754.0,754.0,False,1.98,9.96,4547074378,30.613321,104.078717
70147,P3,34.0,34.0,754.0,754.0,False,0.37,8.0,3516900123,30.67038,104.0747
7092,P3,34.0,34.0,754.0,754.0,False,1.91,9.82,4548211367,30.6381416,104.0291233
76933,P3,34.0,34.0,754.0,754.0,False,1.02,8.04,4991426391,30.6500873,103.9830204
88293,P3,34.0,34.0,754.0,754.0,False,1.11,8.22,1457843799,30.6884963,104.0995444
99399,P3,34.0,34.0,754.0,754.0,False,1.75,9.5,4701400388,30.61061,104.05455
111843,P3,35.0,35.0,755.0,755.0,False,1.45,8.9,5422574947,30.692722,104.07657
122204,P3,35.0,35.0,755.0,755.0,False,0.18,8.0,1918491718,30.649571,103.9838543
131004,P3,35.0,35.0,755.0,755.0,False,1.46,8.92,5359113207,30.6779485,104.0086357
136819,P3,35.0,35.0,755.0,755.0,False,2.58,11.16,3681180642,30.65489,104.06908
140975,P3,35.0,35.0,755.0,755.0,False,1.98,9.96,4987536531,30.62621,103.99893
174635,P3,35.0,35.0,755.0,755.0,False,1.6,9.2,5141468648,30.6338985,104.0928327
189979,P3,35.0,35.0,755.0,755.0,False,0.63,8.0,3582230416,30.6501977,103.9709854
41023,P3,35.0,35.0,755.0,755.0,False,0.1,8.0,3633018388,30.66705,104.06637
50923,P3,35.0,35.0,755.0,755.0,False,1.46,8.92,5312164201,30.6669683,104.1014989
117479,P3,36.0,36.0,756.0,756.0,False,2.35,10.7,4601261200,30.65917,104.07607
159028,P3,36.0,36.0,756.0,756.0,False,0.94,8.0,4136052237,30.6101995,104.0478514
162243,P3,36.0,36.0,756.0,756.0,False,0.82,8.0,2472054564,30.70535,104.04984
162361,P3,36.0,36.0,756.0,756.0,False,0.82,8.0,3089029129,30.661686,104.0497224
192399,P3,36.0,36.0,756.0,756.0,False,0.94,8.0,3176000073,30.7025996,104.0666415
196328,P3,36.0,36.0,756.0,756.0,False,0.15,8.0,3069352005,30.6334944,103.9704949
22198,P3,36.0,36.0,756.0,756.0,False,2.18,10.36,4967265752,30.702427,104.0054921
6256,P3,36.0,36.0,756.0,756.0,False,3.61,13.22,4987534953,30.6175186,104.0092058
67478,P3,36.0,36.0,756.0,756.0,False,0.42,8.0,3516896166,30.6510993,104.0699075
68455,P3,36.0,36.0,756.0,756.0,False,0.42,8.0,1819305169,30.6357104,104.107043
759,P3,36.0,36.0,756.0,756.0,False,0.94,8.0,3087817491,30.6652542,104.0107808
77551,P3,36.0,36.0,756.0,756.0,False,1.84,9.68,4695601774,30.609381,104.0329708
87446,P3,36.0,36.0,756.0,756.0,False,0.3,8.0,504315304,30.6953694,104.1053117
133632,P3,37.0,37.0,757.0,757.0,False,3.25,12.5,4550769795,30.6498745,104.1098212
154283,P3,37.0,37.0,757.0,757.0,False,0.07,8.0,1504208166,30.707075,104.096436
157101,P3,37.0,37.0,757.0,757.0,False,2.77,11.54,4874328128,30.6197553,104.1020939
175947,P3,37.0,37.0,757.0,757.0,False,0.51,8.0,1159231411,30.687092,104.083
197255,P3,37.0,37.0,757.0,757.0,False,1.99,9.98,1159465753,30.6779072,104.0242009
209272,P3,37.0,37.0,757.0,757.0,False,0.3,8.0,2441160949,30.632768,104.0342007
33537,P3,37.0,37.0,757.0,757.0,False,2.09,10.18,4230839432,30.6548004,104.0663426
46663,P3,37.0,37.0,757.0,757.0,False,1.86,9.72,3680400099,30.6589341,104.0170394
50519,P3,37.0,37.0,757.0,757.0,False,0.21,8.0,1499183068,30.7222897,104.1032908
65847,P3,37.0,37.0,757.0,757.0,False,0.49,8.0,4964134669,30.720329,104.0296511
86512,P3,37.0,37.0,757.0,757.0,False,0.57,8.0,4447921435,30.7235699,104.0479364
93410,P3,37.0,37.0,757.0,757.0,False,0.99,8.0,4989782355,30.6837988,104.0589449
12074,P3,38.0,38.0,758.0,758.0,False,1.47,8.94,5375784005,30.6558788,103.9937979
185360,P3,38.0,38.0,758.0,758.0,False,1.47,8.94,314614375,30.6219189,104.0399447
207127,P3,38.0,38.0,758.0,758.0,False,0.88,8.0,5312164196,30.668999,104.10376
36732,P3,38.0,38.0,758.0,758.0,False,0.34,8.0,3597820283,30.701601,104.0233206
52923,P3,38.0,38.0,758.0,758.0,False,0.25,8.0,1159472371,30.69656,104.03799
8007,P3,38.0,38.0,758.0,758.0,False,1.97,9.94,1159176619,30.629027,104.0582428
90880,P3,38.0,38.0,758.0,758.0,False,0.35,8.0,1469157760,30.6421674,104.1002107
105636,P3,39.0,39.0,759.0,759.0,False,1.99,9.98,2712338424,30.7079704,104.0380787
167281,P3,39.0,39.0,759.0,759.0,False,1.23,8.46,314614358,30.6303817,104.0455141
18410,P3,39.0,39.0,759.0,759.0,False,0.3,8.0,3562099187,30.6524163,104.0112641
10658,P3,40.0,40.0,760.0,760.0,False,1.4,8.8,2908413739,30.6457966,104.0893531
111627,P3,40.0,40.0,760.0,760.0,False,1.11,8.22,4695700263,30.6166728,104.0158739
114454,P3,40.0,40.0,760.0,760.0,False,1.54,9.08,2317059611,30.6252693,104.0424462
148100,P3,40.0,40.0,760.0,760.0,False,0.74,8.0,3089029137,30.6627737,104.0505275
181783,P3,40.0,40.0,760.0,760.0,False,0.92,8.0,1504196628,30.71016,104.0972
188094,P3,40.0,40.0,760.0,760.0,False,0.82,8.0,1159157712,30.6347269,104.1004368
188923,P3,40.0,40.0,760.0,760.0,False,1.92,9.84,4695701791,30.6127692,104.0190401
191291,P3,40.0,40.0,760.0,760.0,False,2.46,10.92,1301933007,30.65109,104.079155
200606,P3,40.0,40.0,760.0,760.0,False,0.52,8.0,4972893897,30.6095643,104.0488339
203531,P3,40.0,40.0,760.0,760.0,False,1.11,8.22,4799195761,30.6222623,103.99831
208193,P3,40.0,40.0,760.0,760.0,False,0.54,8.0,2726978412,30.6110285,104.0511406
40423,P3,40.0,40.0,760.0,760.0,False,1.19,8.38,2717452481,30.6171488,104.0550426
4163,P3,40.0,40.0,760.0,760.0,False,1.76,9.52,2217790316,30.6622591,104.0581724
52315,P3,40.0,40.0,760.0,760.0,False,1.67,9.34,4549993108,30.68965,104.03277
59165,P3,40.0,40.0,760.0,760.0,False,1.34,8.68,3691210147,30.6494199,104.0179582
77043,P3,40.0,40.0,760.0,760.0,False,1.92,9.84,5141468727,30.6350359,104.0959071
78648,P3,40.0,40.0,760.0,760.0,False,1.38,8.76,4991426391,30.6500873,103.9830204
98212,P3,40.0,40.0,760.0,760.0,False,2.46,10.92,439751999,30.7248504,104.0402564
109182,P3,41.0,41.0,761.0,761.0,False,0.21,8.0,4550018678,30.6187593,104.037914
124132,P3,41.0,41.0,761.0,761.0,False,0.48,8.0,3632988779,30.664558,104.0324639
130335,P3,41.0,41.0,761.0,761.0,False,0.29,8.0,4701577721,30.6109852,104.0717086
13351,P3,41.0,41.0,761.0,761.0,False,0.25,8.0,3562086847,30.67919,104.04626
159801,P3,41.0,41.0,761.0,761.0,False,2.72,11.44,4779165706,30.634746,104.0244234
187271,P3,41.0,41.0,761.0,761.0,False,0.81,8.0,2344329063,30.654251,104.05505
193978,P3,41.0,41.0,761.0,761.0,False,1.38,8.76,4701400718,30.6226227,104.0672305
201340,P3,41.0,41.0,761.0,761.0,False,2.97,11.94,4701464321,30.6109237,104.0650738
208687,P3,41.0,41.0,761.0,761.0,False,1.91,9.82,4572409840,30.7258333,104.0068709
22689,P3,41.0,41.0,761.0,761.0,False,0.48,8.0,3071355064,30.6235778,104.1136883
61867,P3,41.0,41.0,761.0,761.0,False,2.04,10.08,1902098901,30.7268584,104.0674493
68672,P3,41.0,41.0,761.0,761.0,False,0.21,8.0,4779165794,30.6368945,104.073728
70723,P3,41.0,41.0,761.0,761.0,False,0.24,8.0,4972899581,30.6336597,104.0486127
75473,P3,41.0,41.0,761.0,761.0,False,0.75,8.0,5375783989,30.6511974,103.9887698
99137,P3,41.0,41.0,761.0,761.0,False,1.88,9.76,4695601301,30.6110054,104.0300442
139921,P3,42.0,42.0,762.0,762.0,False,1.03,8.06,3087817471,30.635726,104.0123693
155212,P3,42.0,42.0,762.0,762.0,False,0.16,8.0,5359113188,30.677816,104.0120656
201260,P3,42.0,42.0,762.0,762.0,False,2.56,11.12,2653571754,30.6744222,104.0835944
205963,P3,42.0,42.0,762.0,762.0,False,1.79,9.58,1159477636,30.67234,104.0575
52737,P3,42.0,42.0,762.0,762.0,False,1.41,8.82,5141328728,30.612057,104.0633749
73407,P3,42.0,42.0,762.0,762.0,False,2.56,11.12,3680455697,30.6579432,104.013725
116513,P3,43.0,43.0,763.0,763.0,False,0.45,8.0,4078817952,30.7020856,104.0813019
147326,P3,43.0,43.0,763.0,763.0,False,1.72,9.44,3516900118,30.6704563,104.0794895
166767,P3,43.0,43.0,763.0,763.0,False,1.26,8.52,4550019007,30.6508625,104.0571591
169660,P3,43.0,43.0,763.0,763.0,False,0.67,8.0,2933855168,30.6116845,103.9823549
186300,P3,43.0,43.0,763.0,763.0,False,1.49,8.98,4106682092,30.6425109,103.9781022
187436,P3,43.0,43.0,763.0,763.0,False,2.38,10.76,4772463300,30.6621289,104.0455896
208189,P3,43.0,43.0,763.0,763.0,False,1.91,9.82,3579530515,30.6503071,104.1141567
27989,P3,43.0,43.0,763.0,763.0,False,0.42,8.0,314635450,30.6340301,104.0373755
3103,P3,43.0,43.0,763.0,763.0,False,2.95,11.9,3034040776,30.701887,104.018715
81127,P3,43.0,43.0,763.0,763.0,False,0.26,8.0,1756176909,30.67539,104.07043
81807,P3,43.0,43.0,763.0,763.0,False,1.49,8.98,2456925122,30.63705,104.10297
82533,P3,43.0,43.0,763.0,763.0,False,0.22,8.0,3597807847,30.7142127,104.0047842
87089,P3,43.0,43.0,763.0,763.0,False,0.22,8.0,4779165713,30.6363545,104.0246969
92051,P3,43.0,43.0,763.0,763.0,False,2.38,10.76,3436486412,30.6415693,104.0472758
125071,P3,44.0,44.0,764.0,764.0,False,1.71,9.42,5141468762,30.6243139,104.0922521
142475,P3,44.0,44.0,764.0,764.0,False,0.43,8.0,4548211370,30.6708997,104.057974
150681,P3,44.0,44.0,764.0,764.0,False,1.01,8.02,4799100436,30.64618,104.0308843
188167,P3,44.0,44.0,764.0,764.0,False,1.57,9.14,314655092,30.6193901,104.0454194
28007,P3,44.0,44.0,764.0,764.0,False,0.16,8.0,5141468744,30.6312,104.09467
33067,P3,44.0,44.0,764.0,764.0,False,0.11,8.0,1861145350,30.67171,104.11025
45461,P3,44.0,44.0,764.0,764.0,False,2.76,11.52,276556860,30.6213041,104.0645003
60812,P3,44.0,44.0,764.0,764.0,False,0.16,8.0,1507314127,30.696713,104.0774035
61600,P3,44.0,44.0,764.0,764.0,False,1.01,8.02,2712314631,30.7073306,104.0370666
77088,P3,44.0,44.0,764.0,764.0,False,2.51,11.02,2039561228,30.688943,104.1165114
104699,P3,45.0,45.0,765.0,765.0,False,0.75,8.0,1815741542,30.69025,104.07659
11299,P3,45.0,45.0,765.0,765.0,False,0.93,8.0,2823785848,30.67727,104.07295
114227,P3,45.0,45.0,765.0,765.0,False,1.92,9.84,5283966200,30.704237,104.10409
131341,P3,45.0,45.0,765.0,765.0,False,0.73,8.0,4695601601,30.6096228,104.041796
143615,P3,45.0,45.0,765.0,765.0,False,1.5,9.0,3633008400,30.6658,104.04045
157167,P3,45.0,45.0,765.0,765.0,False,0.01,8.0,1159225484,30.70478,104.04789
181902,P3,45.0,45.0,765.0,765.0,False,1.06,8.12,4437947518,30.6874592,104.1004164
195995,P3,45.0,45.0,765.0,765.0,False,0.74,8.0,4069514790,30.7217314,103.9724636
38935,P3,45.0,45.0,765.0,765.0,False,0.3,8.0,1159511641,30.65347,104.06613
53334,P3,45.0,45.0,765.0,765.0,False,2.4,10.8,1302807401,30.6455886,104.0810887
8844,P3,45.0,45.0,765.0,765.0,False,1.57,9.14,314622956,30.6469045,104.0472313
90086,P3,45.0,45.0,765.0,765.0,False,1.99,9.98,1156126792,30.6817358,104.0539551
92611,P3,45.0,45.0,765.0,765.0,False,0.74,8.0,4967265753,30.7026454,104.0054497
125343,P3,46.0,46.0,766.0,766.0,False,0.55,8.0,3541371613,30.6684,104.049
139804,P3,46.0,46.0,766.0,766.0,False,0.47,8.0,3034409015,30.7084608,104.0960167
141965,P3,46.0,46.0,766.0,766.0,False,2.52,11.04,4548259670,30.6542,104.0193926
199945,P3,46.0,46.0,766.0,766.0,False,2.55,11.1,4991425501,30.6490634,103.9833258
33316,P3,46.0,46.0,766.0,766.0,False,0.87,8.0,1156126882,30.6721011,104.0715837
62731,P3,46.0,46.0,766.0,766.0,False,1.28,8.56,1312615973,30.6470462,104.0475745
62963,P3,46.0,46.0,766.0,766.0,False,0.83,8.0,441187228,30.670267,104.063515
68092,P3,46.0,46.0,766.0,766.0,False,0.47,8.0,1457841606,30.6907791,104.1014833
105222,P3,47.0,47.0,767.0,767.0,False,2.42,10.84,1916386558,30.6438568,104.0122246
115589,P3,47.0,47.0,767.0,767.0,False,1.9,9.8,5141468648,30.6338985,104.0928327
116603,P3,47.0,47.0,767.0,767.0,False,0.21,8.0,2956775225,30.713732,104.048904
126287,P3,47.0,47.0,767.0,767.0,False,1.71,9.42,4721452999,30.70403,104.08237
15424,P3,47.0,47.0,767.0,767.0,False,0.25,8.0,1159172253,30.6136098,104.0827875
196922,P3,47.0,47.0,767.0,767.0,False,2.06,10.12,4359391012,30.7254702,104.1151762
31303,P3,47.0,47.0,767.0,767.0,False,0.61,8.0,1861145360,30.66891,104.11062
70291,P3,47.0,47.0,767.0,767.0,False,1.22,8.44,5213238503,30.65956,104.07361
101698,P3,48.0,48.0,768.0,768.0,False,0.46,8.0,1312615939,30.6405721,104.0801374
12499,P3,48.0,48.0,768.0,768.0,False,1.7,9.4,288416380,30.683283,104.08035
125215,P3,48.0,48.0,768.0,768.0,False,0.46,8.0,3541404998,30.6841,104.05071
148355,P3,48.0,48.0,768.0,768.0,False,0.57,8.0,2729373178,30.6133087,104.0447277
169415,P3,48.0,48.0,768.0,768.0,False,0.66,8.0,1305816752,30.6647,104.06883
169719,P3,48.0,48.0,768.0,768.0,False,0.81,8.0,1815855029,30.6763314,103.9861255
174301,P3,48.0,48.0,768.0,768.0,False,0.1,8.0,4701577694,30.6167123,104.0706989
17586,P3,48.0,48.0,768.0,768.0,False,1.59,9.18,432441930,30.6292713,104.0292513
34521,P3,48.0,48.0,768.0,768.0,False,1.07,8.14,5213238579,30.6359443,104.0647239
7470,P3,48.0,48.0,768.0,768.0,False,0.46,8.0,3541401915,30.6814038,103.9842864
85957,P3,48.0,48.0,768.0,768.0,False,1.26,8.52,432432585,30.6593166,104.0346479
104525,P3,49.0,49.0,769.0,769.0,False,0.2,8.0,1159227704,30.6969675,104.0523384
11886,P3,49.0,49.0,769.0,769.0,False,0.2,8.0,803149778,30.6795374,104.0924023
122773,P3,49.0,49.0,769.0,769.0,False,1.5,9.0,5213238513,30.6608611,104.0746718
158787,P3,49.0,49.0,769.0,769.0,False,1.81,9.62,3069351793,30.6341013,103.977463
169158,P3,49.0,49.0,769.0,769.0,False,1.95,9.9,4695701798,30.6127336,104.0193133
189006,P3,49.0,49.0,769.0,769.0,False,0.78,8.0,4444112339,30.7189594,104.1017075
208556,P3,49.0,49.0,769.0,769.0,False,0.17,8.0,5436627804,30.6978288,104.0705175
33387,P3,49.0,49.0,769.0,769.0,False,1.5,9.0,1159483888,30.680126,104.07375
37453,P3,49.0,49.0,769.0,769.0,False,2.04,10.08,4701464750,30.6158646,104.0602407
40461,P3,49.0,49.0,769.0,769.0,False,1.04,8.08,4701577759,30.6223977,104.0812069
58953,P3,49.0,49.0,769.0,769.0,False,0.17,8.0,5283966378,30.7112674,104.0939273
98952,P3,49.0,49.0,769.0,769.0,False,0.09,8.0,5141468774,30.6248848,104.0890945
102983,P3,50.0,50.0,770.0,770.0,False,0.13,8.0,3176012311,30.6978005,104.0728147
108979,P3,50.0,50.0,770.0,770.0,False,0.37,8.0,3562111924,30.6647,104.08217
191953,P3,50.0,50.0,770.0,770.0,False,1.04,8.08,1159226736,30.6931254,104.0546776
43113,P3,50.0,50.0,770.0,770.0,False,0.53,8.0,4701577781,30.6232535,104.0760322
10167,P3,51.0,51.0,771.0,771.0,False,1.07,8.14,1947583836,30.687391,104.0865
121597,P3,51.0,51.0,771.0,771.0,False,1.36,8.72,2712338398,30.7073784,104.0390462
123293,P3,51.0,51.0,771.0,771.0,False,0.69,8.0,4549993020,30.6968336,104.0443714
136381,P3,51.0,51.0,771.0,771.0,False,1.07,8.14,3680400071,30.6587536,104.0135099
31074,P3,51.0,51.0,771.0,771.0,False,2.55,11.1,1459074845,30.6462622,104.1076544
48470,P3,51.0,51.0,771.0,771.0,False,0.59,8.0,432442860,30.6759474,103.9966722
59065,P3,51.0,51.0,771.0,771.0,False,2.24,10.48,1457870721,30.6879683,104.0993049
67586,P3,51.0,51.0,771.0,771.0,False,1.6,9.2,4638105428,30.7071744,104.0651964
124198,P3,52.0,52.0,772.0,772.0,False,2.01,10.02,4695640584,30.6127957,104.0259355
12536,P3,52.0,52.0,772.0,772.0,False,0.88,8.0,3562099191,30.6525357,104.0741928
143330,P3,52.0,52.0,772.0,772.0,False,0.5,8.0,4106682233,30.6797038,104.0017987
145720,P3,52.0,52.0,772.0,772.0,False,1.17,8.34,2956775226,30.7133005,104.0456119
152951,P3,52.0,52.0,772.0,772.0,False,1.94,9.88,2329097187,30.704174,104.0044395
161017,P3,52.0,52.0,772.0,772.0,False,1.94,9.88,5037045682,30.6331021,104.0879891
162986,P3,52.0,52.0,772.0,772.0,False,0.05,8.0,3541371610,30.6656345,104.0579529
184247,P3,52.0,52.0,772.0,772.0,False,0.31,8.0,4548211609,30.6261413,104.0474114
191651,P3,52.0,52.0,772.0,772.0,False,2.01,10.02,4548211357,30.6452104,104.0219964
195728,P3,52.0,52.0,772.0,772.0,False,2.98,11.96,1916524814,30.616715,103.9878757
46585,P3,52.0,52.0,772.0,772.0,False,1.11,8.22,2728372891,30.6269278,104.072644
47437,P3,52.0,52.0,772.0,772.0,False,1.12,8.24,4219549257,30.6109806,104.0580492
50635,P3,52.0,52.0,772.0,772.0,False,0.2,8.0,1159131822,30.666367,104.08114
85600,P3,52.0,52.0,772.0,772.0,False,0.57,8.0,4548318423,30.6298222,104.0916942
89026,P3,52.0,52.0,772.0,772.0,False,1.24,8.48,3445794971,30.6623777,104.0739554
97547,P3,52.0,52.0,772.0,772.0,False,2.98,11.96,3597608246,30.718672,104.031204
100207,P3,53.0,53.0,773.0,773.0,False,2.72,11.44,2472030038,30.66332,104.06234
10179,P3,53.0,53.0,773.0,773.0,False,0.54,8.0,1305816697,30.66559,104.09777
11170,P3,53.0,53.0,773.0,773.0,False,1.56,9.12,1301932970,30.6484527,104.0800728
121491,P3,53.0,53.0,773.0,773.0,False,0.45,8.0,441159355,30.7207536,104.1060912
126309,P3,53.0,53.0,773.0,773.0,False,1.84,9.68,1815728532,30.7148358,104.0999671
127807,P3,53.0,53.0,773.0,773.0,False,0.21,8.0,4549993184,30.705957,104.0279388
152140,P3,53.0,53.0,773.0,773.0,False,0.96,8.0,4987536556,30.6443371,103.9951947
165407,P3,53.0,53.0,773.0,773.0,False,0.42,8.0,432442540,30.694029,104.01304
205178,P3,53.0,53.0,773.0,773.0,False,0.42,8.0,4701577724,30.6131597,104.0696412
21746,P3,53.0,53.0,773.0,773.0,False,1.67,9.34,4699007193,30.6098684,104.0319442
21794,P3,53.0,53.0,773.0,773.0,False,1.18,8.36,1445519248,30.6498217,104.0635159
46530,P3,53.0,53.0,773.0,773.0,False,0.96,8.0,1885342916,30.6808046,104.0983394
58555,P3,53.0,53.0,773.0,773.0,False,0.96,8.0,2714528004,30.62829,104.05193
88756,P3,53.0,53.0,773.0,773.0,False,0.21,8.0,4779165789,30.6357646,104.0737879
89542,P3,53.0,53.0,773.0,773.0,False,0.08,8.0,5141468684,30.6379997,104.0916988
101472,P3,54.0,54.0,774.0,774.0,False,1.76,9.52,5218239998,30.6983766,104.0523229
126039,P3,54.0,54.0,774.0,774.0,False,0.02,8.0,4748166145,30.6150412,104.0211609
142332,P3,54.0,54.0,774.0,774.0,False,1.34,8.68,4695601588,30.6109278,104.0337037
198610,P3,54.0,54.0,774.0,774.0,False,0.05,8.0,2981319495,30.7124992,104.0054218
54811,P3,54.0,54.0,774.0,774.0,False,0.88,8.0,1159143889,30.6759,104.08033
95327,P3,54.0,54.0,774.0,774.0,False,1.65,9.3,441187401,30.6861604,104.063251
107430,P3,55.0,55.0,775.0,775.0,False,1.27,8.54,5382831217,30.6762108,104.0950442
152916,P3,55.0,55.0,775.0,775.0,False,1.16,8.32,4967265408,30.6523148,104.0936397
15857,P3,55.0,55.0,775.0,775.0,False,0.67,8.0,432442958,30.6822205,104.0160978
176879,P3,55.0,55.0,775.0,775.0,False,2.68,11.36,1159176574,30.6305504,104.0581825
58060,P3,55.0,55.0,775.0,775.0,False,1.24,8.48,1815857516,30.6714839,103.9673978
95067,P3,55.0,55.0,775.0,775.0,False,0.47,8.0,1492399321,30.6588334,104.0636244
97389,P3,55.0,55.0,775.0,775.0,False,1.03,8.06,672406202,30.6509609,104.0664306
114727,P3,56.0,56.0,776.0,776.0,False,1.45,8.9,3562033461,30.7047269,104.0740656
132929,P3,56.0,56.0,776.0,776.0,False,2.25,10.5,3562004400,30.6534007,104.0332059
136178,P3,56.0,56.0,776.0,776.0,False,2.27,10.54,5436627804,30.6978288,104.0705175
138705,P3,56.0,56.0,776.0,776.0,False,1.45,8.9,432452998,30.661139,104.0742788
149195,P3,56.0,56.0,776.0,776.0,False,0.34,8.0,1290303466,30.65998,104.07605
178419,P3,56.0,56.0,776.0,776.0,False,1.58,9.16,3034376767,30.679581,104.0630297
17951,P3,56.0,56.0,776.0,776.0,False,0.14,8.0,1159148928,30.659275,104.073586
195779,P3,56.0,56.0,776.0,776.0,False,1.25,8.5,4701400695,30.6217339,104.0647417
3750,P3,56.0,56.0,776.0,776.0,False,2.27,10.54,4550018885,30.6476329,104.0113992
55293,P3,56.0,56.0,776.0,776.0,False,0.49,8.0,3034376780,30.6790592,104.0654413
7598,P3,56.0,56.0,776.0,776.0,False,1.93,9.86,1506487129,30.715398,104.0721394
119271,P3,57.0,57.0,777.0,777.0,False,2.35,10.7,4550019058,30.6175357,104.0375073
12367,P3,57.0,57.0,777.0,777.0,False,0.18,8.0,1916386527,30.6418483,104.0584766
140149,P3,57.0,57.0,777.0,777.0,False,1.17,8.34,1500638622,30.686871,104.080278
152587,P3,57.0,57.0,777.0,777.0,False,1.16,8.32,4550019058,30.6175357,104.0375073
153091,P3,57.0,57.0,777.0,777.0,False,2.32,10.64,3445794970,30.66266,104.07456
161249,P3,57.0,57.0,777.0,777.0,False,1.17,8.34,1159461706,30.6741038,104.040131
191112,P3,57.0,57.0,777.0,777.0,False,0.65,8.0,3436486463,30.6411768,104.0465579
193521,P3,57.0,57.0,777.0,777.0,False,0.18,8.0,872833768,30.6589036,104.0669358
56,P3,57.0,57.0,777.0,777.0,False,2.8,11.6,1819305084,30.6346534,104.1081534
65056,P3,57.0,57.0,777.0,777.0,False,1.52,9.04,3445813118,30.6652525,104.0771764
6935,P3,57.0,57.0,777.0,777.0,False,0.95,8.0,4695640576,30.6123812,104.0297284
69977,P3,57.0,57.0,777.0,777.0,False,0.22,8.0,1912247274,30.6155268,104.0989612
78321,P3,57.0,57.0,777.0,777.0,False,1.1,8.2,432442942,30.682359,104.0276313
93703,P3,57.0,57.0,777.0,777.0,False,0.8,8.0,1504174277,30.7178845,104.0700815
96340,P3,57.0,57.0,777.0,777.0,False,0.95,8.0,2118910074,30.701761,104.087606
10947,P3,58.0,58.0,778.0,778.0,False,1.78,9.56,3034330081,30.66216,104.08642
130504,P3,58.0,58.0,778.0,778.0,False,1.45,8.9,3943038369,30.6434266,104.0639589
133735,P3,58.0,58.0,778.0,778.0,False,1.78,9.56,5213238605,30.6444221,104.0390722
14043,P3,58.0,58.0,778.0,778.0,False,1.57,9.14,3087817482,30.6638318,104.0024922
143230,P3,58.0,58.0,778.0,778.0,False,0.55,8.0,5218133434,30.655242,104.1133119
165999,P3,58.0,58.0,778.0,778.0,False,1.54,9.08,5053143827,30.70768,103.99449
18863,P3,58.0,58.0,778.0,778.0,False,0.55,8.0,4359390980,30.72307,104.05452
192461,P3,58.0,58.0,778.0,778.0,False,1.51,9.02,2712272990,30.6746729,104.0958173
194607,P3,58.0,58.0,778.0,778.0,False,1.51,9.02,5382831201,30.6807416,104.0982928
198332,P3,58.0,58.0,778.0,778.0,False,1.78,9.56,5211337149,30.6479471,103.9926932
7515,P3,58.0,58.0,778.0,778.0,False,1.78,9.56,4106682252,30.685875,104.0027026
75529,P3,58.0,58.0,778.0,778.0,False,0.0,8.0,1458992380,30.6582352,104.0971331
89743,P3,58.0,58.0,778.0,778.0,False,1.81,9.62,314622896,30.65466,104.06674
106494,P3,59.0,59.0,779.0,779.0,False,0.76,8.0,1507338764,30.6968429,104.0755764
144627,P3,59.0,59.0,779.0,779.0,False,1.11,8.22,3034330077,30.66049,104.08647
149970,P3,59.0,59.0,779.0,779.0,False,1.14,8.28,1159176227,30.6250578,104.0599734
175960,P3,59.0,59.0,779.0,779.0,False,0.85,8.0,4585624086,30.6737789,104.0302601
177553,P3,59.0,59.0,779.0,779.0,False,0.76,8.0,3680455705,30.6592732,104.0135581
196623,P3,59.0,59.0,779.0,779.0,False,1.14,8.28,4549759367,30.6945439,104.0335267
64029,P3,59.0,59.0,779.0,779.0,False,0.31,8.0,3633021146,30.6743295,104.0804884
64495,P3,59.0,59.0,779.0,779.0,False,1.14,8.28,2380755498,30.682329,104.0251564
64940,P3,59.0,59.0,779.0,779.0,False,0.31,8.0,4874328001,30.6219598,104.101143
10547,P3,60.0,60.0,780.0,780.0,False,0.7,8.0,4693609813,30.6348708,104.0708702
115782,P3,60.0,60.0,780.0,780.0,False,1.35,8.7,2133188713,30.6109464,104.0923554
12422,P3,60.0,60.0,780.0,780.0,False,0.03,8.0,4394309248,30.6289653,104.0408397
134267,P3,60.0,60.0,780.0,780.0,False,0.09,8.0,4987535019,30.6266765,104.0095289
144937,P3,60.0,60.0,780.0,780.0,False,1.01,8.02,4106682212,30.6665612,103.9788178
163332,P3,60.0,60.0,780.0,780.0,False,1.97,9.94,4550568567,30.6358796,104.0647311
196512,P3,60.0,60.0,780.0,780.0,False,0.11,8.0,4548211231,30.6623306,104.058296
26511,P3,60.0,60.0,780.0,780.0,False,0.73,8.0,1506424272,30.71005,104.070045
2752,P3,60.0,60.0,780.0,780.0,False,0.23,8.0,4934383654,30.6187999,104.1145451
31705,P3,60.0,60.0,780.0,780.0,False,1.38,8.76,1445485650,30.6359353,104.0631555
33432,P3,60.0,60.0,780.0,780.0,False,1.01,8.02,4549759295,30.6715569,104.0631367
39188,P3,60.0,60.0,780.0,780.0,False,0.02,8.0,5053143824,30.7148013,104.0116119
72305,P3,60.0,60.0,780.0,780.0,False,0.9,8.0,432442860,30.6759474,103.9966722
80849,P3,60.0,60.0,780.0,780.0,False,1.5,9.0,1302807417,30.6427652,104.0877375
92435,P3,60.0,60.0,780.0,780.0,False,0.82,8.0,432432564,30.6481238,104.0415155
127133,P3,61.0,61.0,781.0,781.0,False,1.17,8.34,441160553,30.7260292,104.0935814
142502,P3,61.0,61.0,781.0,781.0,False,1.87,9.74,4444112357,30.7251837,104.1045152
166871,P3,61.0,61.0,781.0,781.0,False,2.24,10.48,2329101948,30.69188,104.01582
177412,P3,61.0,61.0,781.0,781.0,False,1.02,8.04,1500638653,30.6943811,104.0290585
20163,P3,61.0,61.0,781.0,781.0,False,1.87,9.74,432442950,30.6833924,104.0202498
26641,P3,61.0,61.0,781.0,781.0,False,0.1,8.0,3693209216,30.6645496,104.0299484
33838,P3,61.0,61.0,781.0,781.0,False,1.05,8.1,4106682209,30.6642587,103.9807168
47913,P3,61.0,61.0,781.0,781.0,False,3.33,12.66,5141468689,30.6371137,104.0931689
51494,P3,61.0,61.0,781.0,781.0,False,1.24,8.48,3742070445,30.6517484,104.0822534
63431,P3,61.0,61.0,781.0,781.0,False,1.19,8.38,318090562,30.668192,103.9980864
71648,P3,61.0,61.0,781.0,781.0,False,0.08,8.0,3943038365,30.6435267,104.0646167
97461,P3,61.0,61.0,781.0,781.0,False,1.34,8.68,3203414180,30.6376953,104.0343917
98847,P3,61.0,61.0,781.0,781.0,False,2.05,10.1,3516900122,30.67024,104.07339
125799,P3,62.0,62.0,782.0,782.0,False,1.13,8.26,4550018678,30.6187593,104.037914
131947,P3,62.0,62.0,782.0,782.0,False,1.97,9.94,4695601346,30.6096602,104.0295593
144588,P3,62.0,62.0,782.0,782.0,False,0.97,8.0,2329094595,30.7254157,104.0413492
15824,P3,62.0,62.0,782.0,782.0,False,1.75,9.5,4964000123,30.7181228,104.0312803
182231,P3,62.0,62.0,782.0,782.0,False,2.23,10.46,5141468753,30.6306584,104.0966797
22492,P3,62.0,62.0,782.0,782.0,False,1.88,9.76,1507366178,30.6959094,104.0834612
29247,P3,62.0,62.0,782.0,782.0,False,0.37,8.0,1504189444,30.7125121,104.0904715
35074,P3,62.0,62.0,782.0,782.0,False,0.78,8.0,1159486373,30.6864357,104.0671135
70970,P3,62.0,62.0,782.0,782.0,False,1.93,9.86,4294722531,30.640447,104.0060559
82431,P3,62.0,62.0,782.0,782.0,False,1.3,8.6,1458992381,30.6582235,104.0970132
90695,P3,62.0,62.0,782.0,782.0,False,2.91,11.82,3033986328,30.65244,104.02195
14307,P3,63.0,63.0,783.0,783.0,False,0.55,8.0,5211337163,30.6376286,104.0085718
171743,P3,63.0,63.0,783.0,783.0,False,1.29,8.58,1458578611,30.6830403,104.0954
34842,P3,63.0,63.0,783.0,783.0,False,0.32,8.0,3562047425,30.7020022,104.0719644
37375,P3,63.0,63.0,783.0,783.0,False,2.22,10.44,3693248902,30.6644036,104.0323616
43061,P3,63.0,63.0,783.0,783.0,False,0.5,8.0,1492368570,30.6571,104.0634553
57691,P3,63.0,63.0,783.0,783.0,False,0.55,8.0,2217714926,30.66142,104.07225
7914,P3,63.0,63.0,783.0,783.0,False,1.48,8.96,3780408667,30.6319399,104.0597235
111492,P3,64.0,64.0,784.0,784.0,False,0.19,8.0,1469155007,30.6324562,104.1136863
127198,P3,64.0,64.0,784.0,784.0,False,1.22,8.44,1455107494,30.6961744,104.106689
139690,P3,64.0,64.0,784.0,784.0,False,1.34,8.68,432442902,30.6713968,104.0275025
141372,P3,64.0,64.0,784.0,784.0,False,1.74,9.48,441187228,30.6694666,104.0631212
167211,P3,64.0,64.0,784.0,784.0,False,0.62,8.0,504315475,30.68453,104.1013
179103,P3,64.0,64.0,784.0,784.0,False,0.92,8.0,1072704325,30.71272,104.05479
186805,P3,64.0,64.0,784.0,784.0,False,0.28,8.0,2712338448,30.7077126,104.0382606
207964,P3,64.0,64.0,784.0,784.0,False,0.48,8.0,3333358462,30.7007169,104.0642907
40974,P3,64.0,64.0,784.0,784.0,False,1.34,8.68,1457841605,30.6902973,104.1011128
7248,P3,64.0,64.0,784.0,784.0,False,1.34,8.68,1964471393,30.6655426,104.1085626
77810,P3,64.0,64.0,784.0,784.0,False,3.2,12.4,1159464872,30.6777272,104.024808
100342,P3,65.0,65.0,785.0,785.0,False,1.94,9.88,1916520521,30.6301623,104.0052241
102748,P3,65.0,65.0,785.0,785.0,False,1.14,8.28,4106681984,30.6421889,103.972672
107967,P3,65.0,65.0,785.0,785.0,False,2.65,11.3,4230611271,30.6517581,104.0702595
116752,P3,65.0,65.0,785.0,785.0,False,1.88,9.76,3680455697,30.6579432,104.013725
129630,P3,65.0,65.0,785.0,785.0,False,1.03,8.06,1492614624,30.6231913,104.0645757
146314,P3,65.0,65.0,785.0,785.0,False,1.14,8.28,3680455706,30.6593293,104.0136735
176147,P3,65.0,65.0,785.0,785.0,False,1.03,8.06,1756176909,30.6760321,104.0698116
178715,P3,65.0,65.0,785.0,785.0,False,1.01,8.02,4695601588,30.6109278,104.0337037
189321,P3,65.0,65.0,785.0,785.0,False,0.5,8.0,314635476,30.6395178,104.0337337
19458,P3,65.0,65.0,785.0,785.0,False,0.02,8.0,4695601346,30.6096602,104.0295593
200843,P3,65.0,65.0,785.0,785.0,False,1.86,9.72,1815729252,30.712154,104.0678
28638,P3,65.0,65.0,785.0,785.0,False,0.5,8.0,4701400366,30.611094,104.0621361
32547,P3,65.0,65.0,785.0,785.0,False,2.6,11.2,2651588758,30.67031,104.09943
51147,P3,65.0,65.0,785.0,785.0,False,0.02,8.0,1987226888,30.667348,104.0491602
6896,P3,65.0,65.0,785.0,785.0,False,1.73,9.46,2708961595,30.6204751,104.0823862
144735,P3,66.0,66.0,786.0,786.0,False,0.52,8.0,441187597,30.69053,104.05382
15195,P3,66.0,66.0,786.0,786.0,False,1.06,8.12,3582230416,30.6501977,103.9709854
155995,P3,66.0,66.0,786.0,786.0,False,1.74,9.48,1947583845,30.68568,104.08303
170595,P3,66.0,66.0,786.0,786.0,False,1.2,8.4,2276187313,30.685,104.08124
180299,P3,66.0,66.0,786.0,786.0,False,1.53,9.06,1159134952,30.6766528,104.0902698
2479,P3,66.0,66.0,786.0,786.0,False,1.25,8.5,4548211351,30.660736,104.0546
26428,P3,66.0,66.0,786.0,786.0,False,1.53,9.06,3436486421,30.6425112,104.0461131
28388,P3,66.0,66.0,786.0,786.0,False,0.25,8.0,3979164230,30.6767971,104.1065281
76285,P3,66.0,66.0,786.0,786.0,False,1.13,8.26,4772214781,30.6797356,104.0054318
78842,P3,66.0,66.0,786.0,786.0,False,1.1,8.2,702755669,30.6716476,103.9714375
93165,P3,66.0,66.0,786.0,786.0,False,1.74,9.48,1885342919,30.6770521,104.1015547
9757,P3,66.0,66.0,786.0,786.0,False,0.15,8.0,4699007163,30.6121935,104.0361577
97702,P3,66.0,66.0,786.0,786.0,False,2.05,10.1,672406316,30.6524299,104.0693456
121801,P3,67.0,67.0,787.0,787.0,False,1.2,8.4,5213237302,30.6592821,104.0787494
141823,P3,67.0,67.0,787.0,787.0,False,0.43,8.0,1159491568,30.6830528,104.0755012
159430,P3,67.0,67.0,787.0,787.0,False,2.88,11.76,439751840,30.6555765,103.9815136
173361,P3,67.0,67.0,787.0,787.0,False,0.89,8.0,1159176228,30.6251747,104.0643543
26934,P3,67.0,67.0,787.0,787.0,False,1.09,8.18,1072698584,30.723694,104.0452856
119857,P3,68.0,68.0,788.0,788.0,False,2.76,11.52,4637732173,30.6592924,104.1122764
147830,P3,68.0,68.0,788.0,788.0,False,1.37,8.74,3516892731,30.6662803,104.0579399
163195,P3,68.0,68.0,788.0,788.0,False,0.0,8.0,1192818265,30.6714991,104.0865323
188342,P3,68.0,68.0,788.0,788.0,False,1.66,9.32,4550701195,30.6234342,104.0347121
33607,P3,68.0,68.0,788.0,788.0,False,1.21,8.42,5354813690,30.6588923,104.0608135
57238,P3,68.0,68.0,788.0,788.0,False,0.98,8.0,4963999613,30.7191388,104.0316629
59407,P3,68.0,68.0,788.0,788.0,False,1.74,9.48,1445515786,30.6497806,104.0638224
114365,P3,69.0,69.0,789.0,789.0,False,1.17,8.34,1506487131,30.7163976,104.0721587
128864,P3,69.0,69.0,789.0,789.0,False,0.91,8.0,5102886106,30.7097068,103.9736521
150808,P3,69.0,69.0,789.0,789.0,False,0.31,8.0,4991426385,30.6512187,103.9828504
167776,P3,69.0,69.0,789.0,789.0,False,1.11,8.22,5141328509,30.6112795,104.0574415
171631,P3,69.0,69.0,789.0,789.0,False,0.38,8.0,1159138261,30.6595403,104.1082716
203114,P3,69.0,69.0,789.0,789.0,False,0.17,8.0,4217837089,30.6259504,104.0427805
208665,P3,69.0,69.0,789.0,789.0,False,0.91,8.0,5213238734,30.6389549,104.051067
24899,P3,69.0,69.0,789.0,789.0,False,1.17,8.34,5375783834,30.649729,103.99925
25659,P3,69.0,69.0,789.0,789.0,False,1.26,8.52,4572363406,30.67376,104.05856
28717,P3,69.0,69.0,789.0,789.0,False,3.79,13.58,3691374712,30.6426135,104.0451198
56829,P3,69.0,69.0,789.0,789.0,False,0.24,8.0,4548258451,30.650178,104.0303138
68562,P3,69.0,69.0,789.0,789.0,False,1.07,8.14,3582230417,30.6362611,103.9767154
94748,P3,69.0,69.0,789.0,789.0,False,1.82,9.64,4414330243,30.6630248,104.0884294
105843,P3,70.0,70.0,790.0,790.0,False,3.25,12.5,5141328432,30.6121324,104.0578381
112419,P3,70.0,70.0,790.0,790.0,False,0.92,8.0,2560005550,30.6306077,104.0321554
153579,P3,70.0,70.0,790.0,790.0,False,1.12,8.24,2329094595,30.7254157,104.0413492
187403,P3,70.0,70.0,790.0,790.0,False,1.38,8.76,3034376767,30.679581,104.0630297
191645,P3,70.0,70.0,790.0,790.0,False,0.83,8.0,1459074857,30.6467491,104.1079732
192119,P3,70.0,70.0,790.0,790.0,False,0.05,8.0,4548211259,30.6691814,104.0381505
56522,P3,70.0,70.0,790.0,790.0,False,0.92,8.0,2653570473,30.6676255,104.0941546
100607,P3,71.0,71.0,791.0,791.0,False,2.23,10.46,3516896165,30.66575,104.07092
105982,P3,71.0,71.0,791.0,791.0,False,0.83,8.0,1459065008,30.6455599,104.1079664
115623,P3,71.0,71.0,791.0,791.0,False,1.03,8.06,4438083262,30.6968113,104.0780958
116173,P3,71.0,71.0,791.0,791.0,False,1.89,9.78,4136052206,30.6094552,104.046706
118638,P3,71.0,71.0,791.0,791.0,False,0.73,8.0,4701464322,30.6109189,104.064557
1523,P3,71.0,71.0,791.0,791.0,False,0.83,8.0,1507380412,30.6962632,104.0787688
152370,P3,71.0,71.0,791.0,791.0,False,1.97,9.94,5213238731,30.6369854,104.0498052
163167,P3,71.0,71.0,791.0,791.0,False,1.49,8.98,5375783435,30.6217903,104.0045511
169492,P3,71.0,71.0,791.0,791.0,False,0.31,8.0,3069351952,30.6273042,103.980142
199019,P3,71.0,71.0,791.0,791.0,False,0.67,8.0,4638105428,30.70761,104.06437
20879,P3,71.0,71.0,791.0,791.0,False,0.73,8.0,5211337094,30.6478855,104.0016635
20911,P3,71.0,71.0,791.0,791.0,False,2.01,10.02,1458749296,30.6780134,104.0937322
37077,P3,71.0,71.0,791.0,791.0,False,2.23,10.46,5375784230,30.6326764,104.0085178
41079,P3,71.0,71.0,791.0,791.0,False,1.03,8.06,3562028089,30.658218,104.091034
41135,P3,71.0,71.0,791.0,791.0,False,0.18,8.0,4748166157,30.614878,104.0236663
56996,P3,71.0,71.0,791.0,791.0,False,1.04,8.08,1507392436,30.6962331,104.0788739
104311,P3,72.0,72.0,792.0,792.0,False,0.88,8.0,2472036427,30.66457,104.06245
111879,P3,72.0,72.0,792.0,792.0,False,0.46,8.0,2823813240,30.668709,104.065414
143801,P3,72.0,72.0,792.0,792.0,False,0.46,8.0,4773199373,30.6726026,104.0146418
151623,P3,72.0,72.0,792.0,792.0,False,0.87,8.0,1313998800,30.63832,104.08772
167909,P3,72.0,72.0,792.0,792.0,False,0.52,8.0,1507338764,30.6968429,104.0755764
178492,P3,72.0,72.0,792.0,792.0,False,0.74,8.0,4799100438,30.648059,104.0303384
15143,P3,73.0,73.0,793.0,793.0,False,1.95,9.9,4695640577,30.6129163,104.0293082
23851,P3,73.0,73.0,793.0,793.0,False,1.54,9.08,4547074337,30.6110262,104.0748027
34671,P3,73.0,73.0,793.0,793.0,False,1.42,8.84,432442938,30.6750879,104.0256142
7071,P3,73.0,73.0,793.0,793.0,False,1.69,9.38,1460291850,30.64848,104.10821
98275,P3,73.0,73.0,793.0,793.0,False,2.54,11.08,441187183,30.657999,104.065575
105726,P3,74.0,74.0,794.0,794.0,False,2.18,10.36,3614062392,30.6726252,104.0541098
117822,P3,74.0,74.0,794.0,794.0,False,1.1,8.2,5002301707,30.6923756,104.0371901
122404,P3,74.0,74.0,794.0,794.0,False,1.56,9.12,4549993115,30.6489444,103.982456
124182,P3,74.0,74.0,794.0,794.0,False,0.91,8.0,4550018655,30.6277714,104.0189597
150166,P3,74.0,74.0,794.0,794.0,False,0.12,8.0,2718635891,30.7054133,104.0075966
169779,P3,74.0,74.0,794.0,794.0,False,0.6,8.0,4550769795,30.65083,104.10966
179423,P3,74.0,74.0,794.0,794.0,False,0.6,8.0,4779165773,30.6381677,104.0735962
193361,P3,74.0,74.0,794.0,794.0,False,1.56,9.12,1912247274,30.6155268,104.0989612
26196,P3,74.0,74.0,794.0,794.0,False,2.03,10.06,4393165156,30.6224558,104.0637896
28453,P3,74.0,74.0,794.0,794.0,False,1.1,8.2,1445526137,30.6499564,104.0636053
51360,P3,74.0,74.0,794.0,794.0,False,2.37,10.74,3633001072,30.664894,104.0233991
60385,P3,74.0,74.0,794.0,794.0,False,2.03,10.06,2041527427,30.6900383,104.0915495
83128,P3,74.0,74.0,794.0,794.0,False,2.76,11.52,1159143853,30.677097,104.0867398
150113,P3,75.0,75.0,795.0,795.0,False,1.65,9.3,4779165708,30.6364915,104.0258567
15103,P3,75.0,75.0,795.0,795.0,False,0.1,8.0,4880298880,30.6220867,104.101142
174934,P3,75.0,75.0,795.0,795.0,False,0.1,8.0,4973209504,30.6143625,104.042181
188859,P3,75.0,75.0,795.0,795.0,False,1.76,9.52,432452877,30.6130848,104.052745
206055,P3,75.0,75.0,795.0,795.0,False,0.1,8.0,672282820,30.65714,104.10188
29600,P3,75.0,75.0,795.0,795.0,False,0.58,8.0,432442580,30.6881247,104.0322076
35667,P3,75.0,75.0,795.0,795.0,False,1.2,8.4,3033986328,30.65392,104.0222
43755,P3,75.0,75.0,795.0,795.0,False,2.23,10.46,4505485122,30.6374121,104.0785068
84211,P3,75.0,75.0,795.0,795.0,False,0.71,8.0,3562033458,30.70213,104.07318
93323,P3,75.0,75.0,795.0,795.0,False,1.52,9.04,4118527451,30.699175,104.09633
129530,P3,76.0,76.0,796.0,796.0,False,1.98,9.96,5053143851,30.7217675,104.0032403
140384,P3,76.0,76.0,796.0,796.0,False,2.69,11.38,1159465753,30.6779072,104.0242009
20136,P3,76.0,76.0,796.0,796.0,False,1.63,9.26,432442900,30.6646498,104.0339359
207183,P3,76.0,76.0,796.0,796.0,False,0.67,8.0,432432542,30.65523,104.04118
26723,P3,76.0,76.0,796.0,796.0,False,0.71,8.0,1459018259,30.6452301,104.1087541
56973,P3,76.0,76.0,796.0,796.0,False,2.77,11.54,432442872,30.6763391,103.9849826
90930,P3,76.0,76.0,796.0,796.0,False,1.3,8.6,4549993097,30.6494605,103.9838758
104142,P3,77.0,77.0,797.0,797.0,False,1.31,8.62,4549993035,30.6969242,104.074307
126304,P3,77.0,77.0,797.0,797.0,False,2.15,10.3,1458995150,30.6597666,104.0982723
127507,P3,77.0,77.0,797.0,797.0,False,0.78,8.0,4987535057,30.634916,104.010666
12984,P3,77.0,77.0,797.0,797.0,False,1.19,8.38,3597807845,30.7165062,104.0106957
130508,P3,77.0,77.0,797.0,797.0,False,2.15,10.3,4106682157,30.649973,103.9800562
153251,P3,77.0,77.0,797.0,797.0,False,0.54,8.0,1159497991,30.68924,104.04265
163574,P3,77.0,77.0,797.0,797.0,False,0.08,8.0,4548211251,30.667978,104.0381806
198801,P3,77.0,77.0,797.0,797.0,False,0.54,8.0,1987271094,30.6845244,104.0967676
47598,P3,77.0,77.0,797.0,797.0,False,0.78,8.0,441187481,30.6884102,104.0583636
94608,P3,77.0,77.0,797.0,797.0,False,2.69,11.38,5141468694,30.6351947,104.0922324
115530,P3,78.0,78.0,798.0,798.0,False,0.78,8.0,4549993155,30.6970225,104.060635
135876,P3,78.0,78.0,798.0,798.0,False,0.78,8.0,2041527400,30.6929967,104.0976903
144888,P3,78.0,78.0,798.0,798.0,False,1.97,9.94,1819305351,30.6298922,104.0917678
179083,P3,78.0,78.0,798.0,798.0,False,1.53,9.06,5145177730,30.7239166,104.1013839
182553,P3,78.0,78.0,798.0,798.0,False,0.81,8.0,3069352245,30.6429697,103.9882012
20375,P3,78.0,78.0,798.0,798.0,False,0.09,8.0,432429425,30.6350493,104.0320493
47783,P3,78.0,78.0,798.0,798.0,False,2.1,10.2,441187597,30.69237,104.05369
48361,P3,78.0,78.0,798.0,798.0,False,1.88,9.76,1861145360,30.6698486,104.1111072
65997,P3,78.0,78.0,798.0,798.0,False,1.97,9.94,5040759936,30.6851895,104.1015641
90961,P3,78.0,78.0,798.0,798.0,False,0.25,8.0,5375783858,30.6529924,103.9970617
98016,P3,78.0,78.0,798.0,798.0,False,1.33,8.66,838319890,30.6452621,104.1088466
111235,P3,79.0,79.0,799.0,799.0,False,1.49,8.98,4695601310,30.6117815,104.02873
128632,P3,79.0,79.0,799.0,799.0,False,0.5,8.0,4896843834,30.6331035,104.1036892
133672,P3,79.0,79.0,799.0,799.0,False,0.0,8.0,4242372867,30.6869342,104.0229302
161923,P3,79.0,79.0,799.0,799.0,False,0.68,8.0,3034409011,30.71001,104.09396
166384,P3,79.0,79.0,799.0,799.0,False,0.34,8.0,1156126792,30.6817358,104.0539551
186544,P3,79.0,79.0,799.0,799.0,False,0.05,8.0,1964325479,30.6726221,104.0966472
41578,P3,79.0,79.0,799.0,799.0,False,0.87,8.0,5141328426,30.6100437,104.0612601
131115,P3,80.0,80.0,800.0,800.0,False,0.14,8.0,1159148929,30.6592,104.07105
163868,P3,80.0,80.0,800.0,800.0,False,0.23,8.0,3445777694,30.6403579,104.1047148
26528,P3,80.0,80.0,800.0,800.0,False,0.41,8.0,432432531,30.6541962,104.0450917
28418,P3,80.0,80.0,800.0,800.0,False,0.75,8.0,2907361697,30.6435724,104.0925075
35758,P3,80.0,80.0,800.0,800.0,False,0.75,8.0,1507334143,30.6969501,104.0745149
46382,P3,80.0,80.0,800.0,800.0,False,0.12,8.0,1815855086,30.6763219,103.9909272
86218,P3,80.0,80.0,800.0,800.0,False,0.94,8.0,2472054565,30.7039793,104.0495284
103369,P3,81.0,81.0,801.0,801.0,False,2.65,11.3,4724343815,30.6302412,104.06442
119647,P3,81.0,81.0,801.0,801.0,False,0.06,8.0,4695601620,30.6097956,104.0356402
152091,P3,81.0,81.0,801.0,801.0,False,0.28,8.0,1861145360,30.66942,104.1115
159358,P3,81.0,81.0,801.0,801.0,False,0.15,8.0,1311904476,30.6442271,104.0796456
197229,P3,81.0,81.0,801.0,801.0,False,0.08,8.0,3562033464,30.7086247,104.0779672
34733,P3,81.0,81.0,801.0,801.0,False,1.7,9.4,3693209218,30.6645951,104.0308641
35201,P3,81.0,81.0,801.0,801.0,False,2.06,10.12,1819305441,30.6279064,104.0944812
49738,P3,81.0,81.0,801.0,801.0,False,0.31,8.0,4549993115,30.6489444,103.982456
63920,P3,81.0,81.0,801.0,801.0,False,0.3,8.0,4701577693,30.6166676,104.0695484
69123,P3,81.0,81.0,801.0,801.0,False,0.08,8.0,4106681964,30.6307147,103.9931944
92065,P3,81.0,81.0,801.0,801.0,False,0.58,8.0,2041530098,30.6903526,104.0880269
135207,P3,82.0,82.0,802.0,802.0,False,0.02,8.0,3541429493,30.7118849,104.0507009
143611,P3,82.0,82.0,802.0,802.0,False,2.6,11.2,3087817485,30.66258,104.01612
79774,P3,82.0,82.0,802.0,802.0,False,0.02,8.0,2367361538,30.6142858,104.0645239
7981,P3,82.0,82.0,802.0,802.0,False,0.06,8.0,2718635891,30.7054133,104.0075966
101666,P3,83.0,83.0,803.0,803.0,False,0.11,8.0,4693609881,30.6334978,104.0694914
179992,P3,83.0,83.0,803.0,803.0,False,0.63,8.0,4549759366,30.6936258,104.0345574
190741,P3,83.0,83.0,803.0,803.0,False,0.4,8.0,4695640582,30.6128068,104.0270076
208517,P3,83.0,83.0,803.0,803.0,False,1.08,8.16,2883191117,30.6559268,104.1136561
27035,P3,83.0,83.0,803.0,803.0,False,0.42,8.0,4693609802,30.635007,104.0685679
3119,P3,83.0,83.0,803.0,803.0,False,2.23,10.46,4585517087,30.6304061,104.0558808
32083,P3,83.0,83.0,803.0,803.0,False,0.11,8.0,5037045685,30.632776,104.0878467
51788,P3,83.0,83.0,803.0,803.0,False,0.56,8.0,4069514820,30.7226983,103.9759358
81272,P3,83.0,83.0,803.0,803.0,False,0.11,8.0,4078817927,30.7034695,104.0812181
101799,P3,84.0,84.0,804.0,804.0,False,1.76,9.52,4149734728,30.6432335,104.100908
102877,P3,84.0,84.0,804.0,804.0,False,1.58,9.16,4294975865,30.6497285,103.9955946
143202,P3,84.0,84.0,804.0,804.0,False,1.58,9.16,3436486414,30.6422381,104.0487656
15028,P3,84.0,84.0,804.0,804.0,False,0.78,8.0,4572409838,30.7223359,104.0008769
161549,P3,84.0,84.0,804.0,804.0,False,1.41,8.82,2333189455,30.6333188,104.0336631
189698,P3,84.0,84.0,804.0,804.0,False,0.78,8.0,3034409150,30.7192989,104.0819162
191853,P3,84.0,84.0,804.0,804.0,False,1.58,9.16,1295783636,30.6399288,104.0817141
200108,P3,84.0,84.0,804.0,804.0,False,0.29,8.0,1885342907,30.6773384,104.0982086
57532,P3,84.0,84.0,804.0,804.0,False,0.96,8.0,672349507,30.7136199,104.072739
88460,P3,84.0,84.0,804.0,804.0,False,1.41,8.82,3445777695,30.6403661,104.1041886
10055,P3,85.0,85.0,805.0,805.0,False,0.03,8.0,2717452481,30.6171488,104.0550426
147051,P3,85.0,85.0,805.0,805.0,False,0.28,8.0,4107377004,30.6295558,103.9987763
155884,P3,85.0,85.0,805.0,805.0,False,0.52,8.0,3693248902,30.6644036,104.0323616
164243,P3,85.0,85.0,805.0,805.0,False,0.08,8.0,432432598,30.6565756,104.0324485
182295,P3,85.0,85.0,805.0,805.0,False,0.35,8.0,1458786995,30.6799981,104.0910676
186296,P3,85.0,85.0,805.0,805.0,False,0.43,8.0,3331333440,30.6145225,104.0755938
54155,P3,85.0,85.0,805.0,805.0,False,2.33,10.66,337539262,30.63896,104.03867
8881,P3,85.0,85.0,805.0,805.0,False,1.31,8.62,4972899582,30.632923,104.0486127
143268,P3,86.0,86.0,806.0,806.0,False,0.13,8.0,2271614427,30.7165086,103.966667
163563,P3,86.0,86.0,806.0,806.0,False,0.77,8.0,4799195775,30.6136924,103.996444
195307,P3,86.0,86.0,806.0,806.0,False,0.65,8.0,1964427886,30.66921,104.10377
8795,P3,86.0,86.0,806.0,806.0,False,0.6,8.0,1312616016,30.64404,104.04241
101795,P3,87.0,87.0,807.0,807.0,False,0.34,8.0,2119004926,30.695456,104.0230312
121192,P3,87.0,87.0,807.0,807.0,False,1.14,8.28,4549993291,30.6501848,103.9847515
13380,P3,87.0,87.0,807.0,807.0,False,0.45,8.0,4230611280,30.6547707,104.0663872
1344,P3,87.0,87.0,807.0,807.0,False,1.14,8.28,4934383687,30.6157501,104.1162622
153245,P3,87.0,87.0,807.0,807.0,False,0.45,8.0,1305816697,30.6662606,104.0991495
154636,P3,87.0,87.0,807.0,807.0,False,0.83,8.0,3034409136,30.7195895,104.0900763
170702,P3,87.0,87.0,807.0,807.0,False,1.59,9.18,3445794963,30.6616976,104.0734766
184333,P3,87.0,87.0,807.0,807.0,False,2.69,11.38,1159138260,30.6640049,104.1082922
202760,P3,87.0,87.0,807.0,807.0,False,1.59,9.18,432442954,30.6773601,104.0155506
36286,P3,87.0,87.0,807.0,807.0,False,3.24,12.48,4695601609,30.6105144,104.0371307
46712,P3,87.0,87.0,807.0,807.0,False,0.83,8.0,4549993410,30.6885233,104.0986763
76657,P3,87.0,87.0,807.0,807.0,False,0.83,8.0,4550701005,30.6542919,104.0199842
84492,P3,87.0,87.0,807.0,807.0,False,0.45,8.0,3069351961,30.6281566,103.9820995
90016,P3,87.0,87.0,807.0,807.0,False,0.83,8.0,1159478530,30.6769054,104.05131
117931,P3,88.0,88.0,808.0,808.0,False,1.96,9.92,5002301679,30.6595942,104.0191651
119720,P3,88.0,88.0,808.0,808.0,False,1.99,9.98,4548318082,30.6258223,104.0947612
138142,P3,88.0,88.0,808.0,808.0,False,2.36,10.72,2131996317,30.6221441,104.1060957
152204,P3,88.0,88.0,808.0,808.0,False,0.14,8.0,5141328715,30.6141925,104.0610426
160199,P3,88.0,88.0,808.0,808.0,False,1.17,8.34,2653567547,30.67083,104.09017
165223,P3,88.0,88.0,808.0,808.0,False,1.51,9.02,1159148928,30.657997,104.075096
176032,P3,88.0,88.0,808.0,808.0,False,2.17,10.34,1313065812,30.6294501,104.087285
178386,P3,88.0,88.0,808.0,808.0,False,1.15,8.3,3633008394,30.6687246,104.0380706
182927,P3,88.0,88.0,808.0,808.0,False,0.42,8.0,3176012317,30.70502,104.07215
187206,P3,88.0,88.0,808.0,808.0,False,2.0,10.0,4701464322,30.6109189,104.064557
192646,P3,88.0,88.0,808.0,808.0,False,1.8,9.6,3541427573,30.7087766,104.0313006
200890,P3,88.0,88.0,808.0,808.0,False,2.0,10.0,4981594513,30.6326565,103.9981125
205952,P3,88.0,88.0,808.0,808.0,False,1.28,8.56,432432548,30.6604332,104.0421477
27491,P3,88.0,88.0,808.0,808.0,False,0.78,8.0,4106682116,30.6440316,103.9807417
33952,P3,88.0,88.0,808.0,808.0,False,0.11,8.0,1301933039,30.6437094,104.0811201
37401,P3,88.0,88.0,808.0,808.0,False,2.36,10.72,4701464734,30.616402,104.0613394
50071,P3,88.0,88.0,808.0,808.0,False,1.15,8.3,3742070455,30.64695,104.09064
6606,P3,88.0,88.0,808.0,808.0,False,2.83,11.66,1159175201,30.6261832,104.0692804
73443,P3,88.0,88.0,808.0,808.0,False,1.83,9.66,1504189436,30.71311,104.09307
109707,P3,89.0,89.0,809.0,809.0,False,1.0,8.0,4550769855,30.6318329,104.0996223
113223,P3,89.0,89.0,809.0,809.0,False,0.13,8.0,3523308829,30.6416653,104.0811521
123583,P3,89.0,89.0,809.0,809.0,False,2.44,10.88,3516887954,30.7199701,104.0348136
140485,P3,89.0,89.0,809.0,809.0,False,0.02,8.0,432429428,30.6294102,104.0406415
149204,P3,89.0,89.0,809.0,809.0,False,2.44,10.88,4773916446,30.6587019,104.002388
151583,P3,89.0,89.0,809.0,809.0,False,0.02,8.0,2847752856,30.65612,104.10631
171578,P3,89.0,89.0,809.0,809.0,False,0.28,8.0,2309311958,30.694036,104.0878296
178871,P3,89.0,89.0,809.0,809.0,False,0.28,8.0,1301932985,30.65364,104.07919
192372,P3,89.0,89.0,809.0,809.0,False,0.41,8.0,1507261238,30.7142458,104.0699325
192979,P3,89.0,89.0,809.0,809.0,False,1.48,8.96,2366952977,30.6478698,104.1091083
200635,P3,89.0,89.0,809.0,809.0,False,0.28,8.0,1159474712,30.6954127,104.0441001
21317,P3,89.0,89.0,809.0,809.0,False,1.97,9.94,441187385,30.6883348,104.0637243
46503,P3,89.0,89.0,809.0,809.0,False,1.0,8.0,1457862034,30.6875784,104.0991898
52625,P3,89.0,89.0,809.0,809.0,False,0.02,8.0,3562015383,30.6595006,104.0820836
52836,P3,89.0,89.0,809.0,809.0,False,1.0,8.0,1458947310,30.6772008,104.0909144
58055,P3,89.0,89.0,809.0,809.0,False,0.68,8.0,1157121784,30.66343,104.00782
69409,P3,89.0,89.0,809.0,809.0,False,0.13,8.0,4701464356,30.6141202,104.0561229
71186,P3,89.0,89.0,809.0,809.0,False,1.15,8.3,4548211626,30.6684361,104.0383665
74942,P3,89.0,89.0,809.0,809.0,False,0.2,8.0,4900292717,30.665906,104.0677518
94965,P3,89.0,89.0,809.0,809.0,False,0.41,8.0,4903112578,30.6614221,104.080239
137024,P3,90.0,90.0,810.0,810.0,False,1.77,9.54,4106681943,30.6243263,103.9943735
15295,P3,90.0,90.0,810.0,810.0,False,1.26,8.52,5002301709,30.6912824,104.0367992
167243,P3,90.0,90.0,810.0,810.0,False,0.68,8.0,2653567547,30.670595,104.090675
194403,P3,90.0,90.0,810.0,810.0,False,2.24,10.48,1458561799,30.6895814,104.0966979
195452,P3,90.0,90.0,810.0,810.0,False,1.77,9.54,4218012567,30.6276483,104.0428316
21230,P3,90.0,90.0,810.0,810.0,False,0.81,8.0,5211337145,30.6512391,103.9895957
22732,P3,90.0,90.0,810.0,810.0,False,1.77,9.54,4572409999,30.6858435,103.9732577
95764,P3,90.0,90.0,810.0,810.0,False,0.68,8.0,5359113204,30.6778101,104.0089782
115228,P3,91.0,91.0,811.0,811.0,False,0.93,8.0,5375783840,30.6474125,104.0003127
134849,P3,91.0,91.0,811.0,811.0,False,1.1,8.2,4695601305,30.6109832,104.0281709
143765,P3,91.0,91.0,811.0,811.0,False,0.66,8.0,3541427586,30.7184633,104.041902
161080,P3,91.0,91.0,811.0,811.0,False,0.49,8.0,4773199403,30.6723964,104.0141622
167883,P3,91.0,91.0,811.0,811.0,False,0.97,8.0,3113656970,30.66582,104.04866
191244,P3,91.0,91.0,811.0,811.0,False,1.1,8.2,4782097003,30.6252512,104.0248876
21306,P3,91.0,91.0,811.0,811.0,False,0.62,8.0,3562099185,30.6512457,104.0754872
28189,P3,91.0,91.0,811.0,811.0,False,0.62,8.0,2956775868,30.7021713,104.034406
35368,P3,91.0,91.0,811.0,811.0,False,0.62,8.0,4106682233,30.6797038,104.0017987
55312,P3,91.0,91.0,811.0,811.0,False,0.66,8.0,4548259489,30.6680759,103.9980916
102418,P3,92.0,92.0,812.0,812.0,False,0.66,8.0,838319859,30.6514708,104.1108741
104259,P3,92.0,92.0,812.0,812.0,False,1.16,8.32,5382831172,30.6763123,104.09905
104448,P3,92.0,92.0,812.0,812.0,False,0.58,8.0,441187666,30.710912,104.0486169
120115,P3,92.0,92.0,812.0,812.0,False,2.45,10.9,4550018697,30.65216,104.06101
158459,P3,92.0,92.0,812.0,812.0,False,0.58,8.0,5213252920,30.661274,104.1122278
26800,P3,92.0,92.0,812.0,812.0,False,0.66,8.0,1159172253,30.6136098,104.0827875
38015,P3,92.0,92.0,812.0,812.0,False,1.57,9.14,4106682193,30.6584169,103.9777891
51458,P3,92.0,92.0,812.0,812.0,False,0.42,8.0,4547074343,30.6109764,104.0714529
61321,P3,92.0,92.0,812.0,812.0,False,2.45,10.9,4699007120,30.6100784,104.0383008
71167,P3,92.0,92.0,812.0,812.0,False,1.36,8.72,5254240664,30.6192811,103.9687413
109442,P3,93.0,93.0,813.0,813.0,False,0.87,8.0,432442595,30.6851455,104.0228033
16006,P3,93.0,93.0,813.0,813.0,False,0.77,8.0,4572365814,30.6773685,104.057906
197203,P3,93.0,93.0,813.0,813.0,False,0.86,8.0,1885342919,30.6770521,104.1015547
28441,P3,93.0,93.0,813.0,813.0,False,2.52,11.04,1159929697,30.6765696,103.9913824
40040,P3,93.0,93.0,813.0,813.0,False,0.8,8.0,1885342918,30.6768284,104.100802
45488,P3,93.0,93.0,813.0,813.0,False,0.23,8.0,1458992381,30.6582235,104.0970132
103698,P3,94.0,94.0,814.0,814.0,False,1.01,8.02,314622956,30.6469045,104.0472313
115543,P3,94.0,94.0,814.0,814.0,False,0.57,8.0,4903112572,30.653221,104.075836
170877,P3,94.0,94.0,814.0,814.0,False,1.45,8.9,5436607838,30.6359784,104.0640423
1888,P3,94.0,94.0,814.0,814.0,False,1.45,8.9,4772463269,30.663461,104.0458275
2381,P3,94.0,94.0,814.0,814.0,False,1.32,8.64,3541401908,30.6917465,104.0095708
55314,P3,94.0,94.0,814.0,814.0,False,2.22,10.44,2912291165,30.6410523,104.1040394
8112,P3,94.0,94.0,814.0,814.0,False,0.35,8.0,2662847704,30.6864409,103.9808631
90307,P3,94.0,94.0,814.0,814.0,False,2.22,10.44,5422574947,30.693586,104.07833
123264,P3,95.0,95.0,815.0,815.0,False,0.26,8.0,4548211453,30.6752746,104.0553758
1637,P3,95.0,95.0,815.0,815.0,False,0.39,8.0,2041527384,30.6848815,104.0960616
168888,P3,95.0,95.0,815.0,815.0,False,0.97,8.0,3087817472,30.6344052,104.0097338
173946,P3,95.0,95.0,815.0,815.0,False,1.77,9.54,432442942,30.682359,104.0276313
181104,P3,95.0,95.0,815.0,815.0,False,2.73,11.46,4548259350,30.6425634,104.0179388
184567,P3,95.0,95.0,815.0,815.0,False,0.64,8.0,5213253214,30.66703,104.11225
188920,P3,95.0,95.0,815.0,815.0,False,0.27,8.0,4794992619,30.6398884,104.0676252
204403,P3,95.0,95.0,815.0,815.0,False,0.39,8.0,5141468652,30.6399839,104.0936737
40119,P3,95.0,95.0,815.0,815.0,False,0.27,8.0,1159173786,30.63645,104.07117
4694,P3,95.0,95.0,815.0,815.0,False,1.89,9.78,4773916440,30.6576258,104.0019011
97294,P3,95.0,95.0,815.0,815.0,False,2.02,10.04,5283966197,30.7003324,104.104573
118399,P3,96.0,96.0,816.0,816.0,False,1.28,8.56,1964427886,30.670017,104.10342
129934,P3,96.0,96.0,816.0,816.0,False,1.69,9.38,4218012554,30.6269745,104.0442598
140847,P3,96.0,96.0,816.0,816.0,False,1.48,8.96,3176012319,30.700895,104.07152
15496,P3,96.0,96.0,816.0,816.0,False,0.44,8.0,1296102309,30.6430196,104.0731153
188103,P3,96.0,96.0,816.0,816.0,False,0.94,8.0,3445813552,30.668554,104.07083
199235,P3,96.0,96.0,816.0,816.0,False,2.98,11.96,3445813551,30.66672,104.07107
209104,P3,96.0,96.0,816.0,816.0,False,2.96,11.92,1457872913,30.6878465,104.0995121
40497,P3,96.0,96.0,816.0,816.0,False,1.85,9.7,5141328649,30.6129791,104.0629351
57139,P3,96.0,96.0,816.0,816.0,False,0.95,8.0,4549993157,30.703248,104.0289443
69498,P3,96.0,96.0,816.0,816.0,False,0.44,8.0,4699007414,30.6151936,104.0444383
77707,P3,96.0,96.0,816.0,816.0,False,3.28,12.56,3541427564,30.7082699,104.034165
102419,P3,97.0,97.0,817.0,817.0,False,2.68,11.36,1159234181,30.69398,104.07336
110279,P3,97.0,97.0,817.0,817.0,False,0.22,8.0,4693609812,30.6347905,104.0685728
150578,P3,97.0,97.0,817.0,817.0,False,0.33,8.0,4102465473,30.6858666,104.0419896
152701,P3,97.0,97.0,817.0,817.0,False,1.27,8.54,5213238535,30.6610698,104.0747047
20007,P3,97.0,97.0,817.0,817.0,False,1.68,9.36,1459000910,30.65839,104.0947
200849,P3,97.0,97.0,817.0,817.0,False,2.83,11.66,2956775867,30.6988103,104.0287998
203122,P3,97.0,97.0,817.0,817.0,False,0.22,8.0,4900292715,30.6661834,104.0685248
2070,P3,97.0,97.0,817.0,817.0,False,0.22,8.0,1492396690,30.6552064,104.0614654
26699,P3,97.0,97.0,817.0,817.0,False,2.2,10.4,432432565,30.659918,104.038795
38456,P3,97.0,97.0,817.0,817.0,False,0.09,8.0,4549993448,30.647749,103.9765894
43703,P3,97.0,97.0,817.0,817.0,False,1.57,9.14,4549993123,30.7022539,104.0343397
4457,P3,97.0,97.0,817.0,817.0,False,0.95,8.0,432432564,30.6481238,104.0415155
45036,P3,97.0,97.0,817.0,817.0,False,0.97,8.0,1455094508,30.696107,104.1054829
55565,P3,97.0,97.0,817.0,817.0,False,0.88,8.0,5141468776,30.6278597,104.0925419
62893,P3,97.0,97.0,817.0,817.0,False,0.76,8.0,5375783897,30.6565525,103.9919847
90346,P3,97.0,97.0,817.0,817.0,False,0.03,8.0,432442863,30.672203,104.0015513
93165,P3,97.0,97.0,817.0,817.0,False,0.33,8.0,2041527417,30.6855559,104.0947533
116285,P3,98.0,98.0,818.0,818.0,False,1.91,9.82,5213238579,30.6359443,104.0647239
143795,P3,98.0,98.0,818.0,818.0,False,0.81,8.0,3742070431,30.6572722,104.070432
155160,P3,98.0,98.0,818.0,818.0,False,2.11,10.22,4069514823,30.7267124,103.9745137
171070,P3,98.0,98.0,818.0,818.0,False,0.09,8.0,2843286568,30.6926156,104.0570324
179235,P3,98.0,98.0,818.0,818.0,False,1.36,8.72,4106682239,30.68282,104.0034
38652,P3,98.0,98.0,818.0,818.0,False,2.23,10.46,1885342897,30.6785159,104.0974069
54409,P3,98.0,98.0,818.0,818.0,False,1.39,8.78,5053143823,30.7137434,104.0089683
74883,P3,98.0,98.0,818.0,818.0,False,2.44,10.88,1159137575,30.6581129,104.0920493
76729,P3,98.0,98.0,818.0,818.0,False,1.91,9.82,5141328649,30.6129791,104.0629351
88024,P3,98.0,98.0,818.0,818.0,False,0.49,8.0,3927891201,30.676502,103.9893629
89194,P3,98.0,98.0,818.0,818.0,False,1.1,8.2,1885342902,30.6783873,104.0992476
101314,P3,99.0,99.0,819.0,819.0,False,1.07,8.14,432452877,30.6130848,104.052745
102799,P3,99.0,99.0,819.0,819.0,False,0.14,8.0,3266784227,30.6194413,104.0493543
176831,P3,99.0,99.0,819.0,819.0,False,0.51,8.0,3087817510,30.665932,103.9951649
21438,P3,99.0,99.0,819.0,819.0,False,0.97,8.0,4106681943,30.6243263,103.9943735
77520,P3,99.0,99.0,819.0,819.0,False,0.97,8.0,1311904456,30.645273,104.079601
93967,P3,99.0,99.0,819.0,819.0,False,0.14,8.0,1504208166,30.7074515,104.0956203
99322,P3,99.0,99.0,819.0,819.0,False,0.14,8.0,2956775874,30.7014651,104.038424
100411,P3,100.0,100.0,820.0,820.0,False,0.74,8.0,4549993276,30.6486719,103.9805232
103095,P3,100.0,100.0,820.0,820.0,False,1.49,8.98,1305816694,30.660105,104.07811
107977,P3,100.0,100.0,820.0,820.0,False,0.74,8.0,1159138260,30.6640049,104.1082922
161943,P3,100.0,100.0,820.0,820.0,False,2.51,11.02,1072698472,30.718601,104.06854
167787,P3,100.0,100.0,820.0,820.0,False,1.37,8.74,4580811894,30.647844,104.05608
196862,P3,100.0,100.0,820.0,820.0,False,2.18,10.36,4903105800,30.6651235,104.08676
99435,P3,100.0,100.0,820.0,820.0,False,1.47,8.94,441187228,30.670244,104.06341
104480,P3,101.0,101.0,821.0,821.0,False,3.68,13.36,1987226865,30.6643455,104.0523655
147504,P3,101.0,101.0,821.0,821.0,False,0.84,8.0,1159516309,30.6461422,104.0780014
147511,P3,101.0,101.0,821.0,821.0,False,1.87,9.74,441159355,30.71939,104.10579
152299,P3,101.0,101.0,821.0,821.0,False,1.57,9.14,314655436,30.7142235,104.1019833
195295,P3,101.0,101.0,821.0,821.0,False,0.84,8.0,1458975864,30.6628309,104.0918029
26845,P3,101.0,101.0,821.0,821.0,False,3.68,13.36,3034376766,30.6770038,104.0613492
93559,P3,101.0,101.0,821.0,821.0,False,0.84,8.0,5213238458,30.6353996,104.0522992
112493,P3,102.0,102.0,822.0,822.0,False,0.46,8.0,5141468696,30.6360241,104.0937883
126323,P3,102.0,102.0,822.0,822.0,False,1.32,8.64,3034409024,30.716543,104.09559
132863,P3,102.0,102.0,822.0,822.0,False,0.39,8.0,4900292716,30.6657138,104.0682592
153377,P3,102.0,102.0,822.0,822.0,False,0.46,8.0,4779165762,30.6318887,104.0528817
173946,P3,102.0,102.0,822.0,822.0,False,0.67,8.0,432442902,30.6713968,104.0275025
180259,P3,102.0,102.0,822.0,822.0,False,2.33,10.66,5382831201,30.6807416,104.0982928
186203,P3,102.0,102.0,822.0,822.0,False,3.12,12.24,2039550410,30.67131,104.11622
18637,P3,102.0,102.0,822.0,822.0,False,0.46,8.0,1159945480,30.6561806,104.0562205
186621,P3,102.0,102.0,822.0,822.0,False,1.77,9.54,3033986305,30.6569524,104.0263334
189675,P3,102.0,102.0,822.0,822.0,False,2.11,10.22,1159144966,30.66343,104.06618
205307,P3,102.0,102.0,822.0,822.0,False,3.12,12.24,2041314680,30.6805811,104.0969216
43478,P3,102.0,102.0,822.0,822.0,False,0.94,8.0,2727022877,30.6196592,104.049492
45119,P3,102.0,102.0,822.0,822.0,False,1.9,9.8,2180630928,30.6991222,104.0529965
57323,P3,102.0,102.0,822.0,822.0,False,0.67,8.0,4550770090,30.632084,104.1058371
153232,P3,103.0,103.0,823.0,823.0,False,2.4,10.8,2135946728,30.6134597,104.0194917
35471,P3,103.0,103.0,823.0,823.0,False,0.94,8.0,288416380,30.6846733,104.0806192
53243,P3,103.0,103.0,823.0,823.0,False,1.66,9.32,2560005550,30.6306077,104.0321554
60212,P3,103.0,103.0,823.0,823.0,False,2.4,10.8,1339701417,30.7081706,104.0474
70248,P3,103.0,103.0,823.0,823.0,False,1.87,9.74,3523308831,30.6400444,104.0741595
11214,P3,104.0,104.0,824.0,824.0,False,2.12,10.24,4550701394,30.6124175,103.9672765
127925,P3,104.0,104.0,824.0,824.0,False,1.06,8.12,2401092870,30.6891685,104.0973014
138265,P3,104.0,104.0,824.0,824.0,False,0.05,8.0,4693609960,30.6287686,104.0731289
170575,P3,104.0,104.0,824.0,824.0,False,1.02,8.04,4393165158,30.6227099,104.0637625
172143,P3,104.0,104.0,824.0,824.0,False,1.22,8.44,1339762127,30.71468,104.04504
179815,P3,104.0,104.0,824.0,824.0,False,1.06,8.12,5375783834,30.6493164,103.999908
185885,P3,104.0,104.0,824.0,824.0,False,2.08,10.16,4580811894,30.6477803,104.0565985
207515,P3,104.0,104.0,824.0,824.0,False,1.53,9.06,2997203347,30.696224,104.07375
34519,P3,104.0,104.0,824.0,824.0,False,1.29,8.58,1458995150,30.6597666,104.0982723
34815,P3,104.0,104.0,824.0,824.0,False,1.03,8.06,1457834347,30.6947679,104.1084834
49156,P3,104.0,104.0,824.0,824.0,False,1.53,9.06,1159450070,30.6683962,104.0309036
61515,P3,104.0,104.0,824.0,824.0,False,0.12,8.0,2282013902,30.6183466,103.9664428
10301,P3,105.0,105.0,825.0,825.0,False,0.2,8.0,5436607858,30.6339154,104.0737223
108635,P3,105.0,105.0,825.0,825.0,False,2.14,10.28,1916386518,30.648125,104.06128
133526,P3,105.0,105.0,825.0,825.0,False,0.2,8.0,4773199728,30.6676926,104.0124254
138228,P3,105.0,105.0,825.0,825.0,False,1.66,9.32,1819305409,30.6419823,104.110469
140093,P3,105.0,105.0,825.0,825.0,False,1.2,8.4,5249392177,30.6356908,103.9692458
144114,P3,105.0,105.0,825.0,825.0,False,1.48,8.96,4548211362,30.6770164,104.051386
151775,P3,105.0,105.0,825.0,825.0,False,1.74,9.48,1964337171,30.67404,104.10436
155551,P3,105.0,105.0,825.0,825.0,False,1.48,8.96,3541401908,30.6917465,104.0095708
193047,P3,105.0,105.0,825.0,825.0,False,1.2,8.4,4154127996,30.6765609,104.0904279
20247,P3,105.0,105.0,825.0,825.0,False,1.99,9.98,5213237318,30.63769,104.05146
207742,P3,105.0,105.0,825.0,825.0,False,0.94,8.0,2456925094,30.6375303,104.1021819
34855,P3,105.0,105.0,825.0,825.0,False,0.2,8.0,4693609814,30.6356312,104.0701148
58013,P3,105.0,105.0,825.0,825.0,False,1.2,8.4,4572410233,30.7119795,103.9901199
60018,P3,105.0,105.0,825.0,825.0,False,0.2,8.0,3582230420,30.6390482,103.9838561
64435,P3,105.0,105.0,825.0,825.0,False,0.93,8.0,5141328651,30.6142456,104.062873
66398,P3,105.0,105.0,825.0,825.0,False,0.94,8.0,3176012318,30.6987816,104.0728155
6727,P3,105.0,105.0,825.0,825.0,False,1.66,9.32,2981056908,30.62926,104.0771
86882,P3,105.0,105.0,825.0,825.0,False,1.14,8.28,1459047523,30.6450532,104.1090139
122135,P3,106.0,106.0,826.0,826.0,False,2.05,10.1,432442859,30.6727101,103.9961226
131759,P3,106.0,106.0,826.0,826.0,False,1.47,8.94,4794944084,30.64549,104.05917
136267,P3,106.0,106.0,826.0,826.0,False,1.89,9.78,3176012314,30.69832,104.06886
18683,P3,106.0,106.0,826.0,826.0,False,1.47,8.94,1159224813,30.6946555,104.0336862
190491,P3,106.0,106.0,826.0,826.0,False,1.51,9.02,5375783895,30.656914,103.99159
33815,P3,106.0,106.0,826.0,826.0,False,1.94,9.88,1339762127,30.71499,104.04657
51677,P3,106.0,106.0,826.0,826.0,False,0.62,8.0,1815741566,30.6883872,104.06055
68071,P3,106.0,106.0,826.0,826.0,False,0.07,8.0,4772214793,30.679756,104.0069078
712,P3,106.0,106.0,826.0,826.0,False,0.07,8.0,672405830,30.6565407,104.0799464
90975,P3,106.0,106.0,826.0,826.0,False,0.72,8.0,5375783792,30.6547874,103.9990065
97963,P3,106.0,106.0,826.0,826.0,False,0.92,8.0,441221450,30.6474,104.0235
9926,P3,106.0,106.0,826.0,826.0,False,0.07,8.0,1815855080,30.6762979,103.9893469
101407,P3,107.0,107.0,827.0,827.0,False,2.15,10.3,2564226626,30.6382814,104.0196474
113017,P3,107.0,107.0,827.0,827.0,False,0.4,8.0,1918491727,30.6532608,103.9756239
13698,P3,107.0,107.0,827.0,827.0,False,0.58,8.0,479902256,30.625905,104.0948228
203511,P3,107.0,107.0,827.0,827.0,False,0.6,8.0,1918491758,30.6427077,104.0042208
21512,P3,107.0,107.0,827.0,827.0,False,0.72,8.0,2981319494,30.7119294,104.0131058
47943,P3,107.0,107.0,827.0,827.0,False,1.78,9.56,2282013879,30.6292715,103.9671206
48109,P3,107.0,107.0,827.0,827.0,False,1.78,9.56,2204171434,30.7221189,104.0860256
78677,P3,107.0,107.0,827.0,827.0,False,1.75,9.5,4748166150,30.6138941,104.0240145
104896,P3,108.0,108.0,828.0,828.0,False,2.4,10.8,1459025620,30.6452655,104.1082344
109880,P3,108.0,108.0,828.0,828.0,False,1.62,9.24,4973209495,30.6134118,104.0456804
124183,P3,108.0,108.0,828.0,828.0,False,0.96,8.0,314655016,30.6280128,104.0440266
129796,P3,108.0,108.0,828.0,828.0,False,1.84,9.68,314655170,30.628819,104.0491371
142293,P3,108.0,108.0,828.0,828.0,False,0.27,8.0,4078817952,30.7020856,104.0813019
165033,P3,108.0,108.0,828.0,828.0,False,1.05,8.1,4548211467,30.6309116,104.022645
43729,P3,108.0,108.0,828.0,828.0,False,0.06,8.0,4847126867,30.654891,103.9821151
57199,P3,108.0,108.0,828.0,828.0,False,0.52,8.0,1159945476,30.65443,104.05867
57805,P3,108.0,108.0,828.0,828.0,False,0.21,8.0,1902099031,30.7263571,104.0673591
67448,P3,108.0,108.0,828.0,828.0,False,0.27,8.0,4772451022,30.680834,104.0077624
78652,P3,108.0,108.0,828.0,828.0,False,0.46,8.0,432452881,30.6207392,104.0502162
106119,P3,109.0,109.0,829.0,829.0,False,0.56,8.0,1916386465,30.6107309,104.0781483
119679,P3,109.0,109.0,829.0,829.0,False,0.84,8.0,4550018984,30.6508866,104.0565919
132031,P3,109.0,109.0,829.0,829.0,False,0.42,8.0,3033991447,30.6646004,104.0303454
140704,P3,109.0,109.0,829.0,829.0,False,1.64,9.28,432452891,30.6161711,104.0550729
158402,P3,109.0,109.0,829.0,829.0,False,0.88,8.0,4548211600,30.6918656,104.0362568
176184,P3,109.0,109.0,829.0,829.0,False,0.56,8.0,803149763,30.6791548,104.0929085
195092,P3,109.0,109.0,829.0,829.0,False,0.47,8.0,3333358469,30.7037607,104.0665976
195797,P3,109.0,109.0,829.0,829.0,False,2.17,10.34,4773916485,30.6558967,104.0025977
64569,P3,109.0,109.0,829.0,829.0,False,0.8,8.0,5375783911,30.6582347,103.9964534
85832,P3,109.0,109.0,829.0,829.0,False,0.42,8.0,1958204265,30.6736638,104.0840451
90747,P3,109.0,109.0,829.0,829.0,False,0.15,8.0,3034409146,30.71623,104.10632
109575,P3,110.0,110.0,830.0,830.0,False,0.2,8.0,4550018971,30.6272685,104.0185474
113127,P3,110.0,110.0,830.0,830.0,False,0.74,8.0,3516900123,30.66994,104.07419
127255,P3,110.0,110.0,830.0,830.0,False,1.25,8.5,4548259673,30.6791,104.05553
170095,P3,110.0,110.0,830.0,830.0,False,3.08,12.16,4699007416,30.6127652,104.0448773
193676,P3,110.0,110.0,830.0,830.0,False,0.87,8.0,3199773905,30.7079799,104.1034492
193771,P3,110.0,110.0,830.0,830.0,False,2.88,11.76,5213253137,30.70525,104.09418
199538,P3,110.0,110.0,830.0,830.0,False,0.05,8.0,5213253145,30.664923,104.1108604
25015,P3,110.0,110.0,830.0,830.0,False,0.23,8.0,4230839432,30.6548004,104.0663426
40697,P3,110.0,110.0,830.0,830.0,False,1.37,8.74,5382831216,30.6764337,104.1019211
85462,P3,110.0,110.0,830.0,830.0,False,0.26,8.0,4548211369,30.6779755,104.0676815
90033,P3,110.0,110.0,830.0,830.0,False,2.29,10.58,2933855167,30.6126413,103.9864192
10227,P3,111.0,111.0,831.0,831.0,False,2.02,10.04,1458992384,30.6613418,104.0990639
106630,P3,111.0,111.0,831.0,831.0,False,0.43,8.0,3523298667,30.6334082,104.0476509
110467,P3,111.0,111.0,831.0,831.0,False,1.26,8.52,3541427573,30.7087766,104.0313006
111069,P3,111.0,111.0,831.0,831.0,False,2.87,11.74,2041530108,30.6917482,104.0851926
111479,P3,111.0,111.0,831.0,831.0,False,1.71,9.42,4967265408,30.6523148,104.0936397
121365,P3,111.0,111.0,831.0,831.0,False,0.04,8.0,1492396694,30.655124,104.0636683
191731,P3,111.0,111.0,831.0,831.0,False,0.22,8.0,1159478537,30.67358,104.0486
20551,P3,111.0,111.0,831.0,831.0,False,0.57,8.0,2134782152,30.6248024,104.0052579
21014,P3,111.0,111.0,831.0,831.0,False,0.57,8.0,432442548,30.6983839,104.0085697
41119,P3,111.0,111.0,831.0,831.0,False,0.73,8.0,4294010427,30.7132668,104.078226
50450,P3,111.0,111.0,831.0,831.0,False,1.13,8.26,1159945476,30.6552583,104.0574386
65332,P3,111.0,111.0,831.0,831.0,False,2.18,10.36,4987535050,30.6310897,104.0088361
81103,P3,111.0,111.0,831.0,831.0,False,2.18,10.36,5375784071,30.6604265,103.9971319
87586,P3,111.0,111.0,831.0,831.0,False,2.5,11.0,2329094595,30.7254157,104.0413492
95007,P3,111.0,111.0,831.0,831.0,False,0.57,8.0,1459059553,30.645653,104.106834
106107,P3,112.0,112.0,832.0,832.0,False,1.85,9.7,2399471758,30.64043,104.10275
133142,P3,112.0,112.0,832.0,832.0,False,0.44,8.0,504315320,30.6965439,104.1055973
159055,P3,112.0,112.0,832.0,832.0,False,1.11,8.22,1916386437,30.64477,104.05901
186812,P3,112.0,112.0,832.0,832.0,False,0.76,8.0,4878041005,30.6219621,104.0995531
197125,P3,112.0,112.0,832.0,832.0,False,1.85,9.7,2330199410,30.7196881,104.1127212
197691,P3,112.0,112.0,832.0,832.0,False,2.98,11.96,3087817505,30.6640306,103.9890447
205573,P3,112.0,112.0,832.0,832.0,False,0.61,8.0,2722829526,30.6679794,104.038255
34390,P3,112.0,112.0,832.0,832.0,False,0.81,8.0,314622918,30.6606816,104.0581441
35006,P3,112.0,112.0,832.0,832.0,False,0.15,8.0,4572410068,30.722279,104.0007597
88662,P3,112.0,112.0,832.0,832.0,False,2.36,10.72,1819305271,30.6396884,104.1082506
92462,P3,112.0,112.0,832.0,832.0,False,0.44,8.0,5283966218,30.7035664,104.0998451
119296,P3,113.0,113.0,833.0,833.0,False,0.87,8.0,3927876938,30.6750634,103.9878627
141425,P3,113.0,113.0,833.0,833.0,False,0.8,8.0,1445516614,30.649811,104.0636048
147666,P3,113.0,113.0,833.0,833.0,False,0.18,8.0,432442896,30.6649296,104.0244961
155368,P3,113.0,113.0,833.0,833.0,False,0.95,8.0,5141468655,30.6403814,104.0950548
181042,P3,113.0,113.0,833.0,833.0,False,1.83,9.66,2847758682,30.6669625,104.1117503
182563,P3,113.0,113.0,833.0,833.0,False,0.62,8.0,1305816742,30.652464,104.07975
191933,P3,113.0,113.0,833.0,833.0,False,0.62,8.0,5382831174,30.6761074,104.0983647
21061,P3,113.0,113.0,833.0,833.0,False,1.85,9.7,5375783959,30.6607426,104.0005678
21126,P3,113.0,113.0,833.0,833.0,False,0.77,8.0,1159173786,30.6360052,104.0708288
46415,P3,113.0,113.0,833.0,833.0,False,0.62,8.0,1159148361,30.6629704,104.0769567
67055,P3,113.0,113.0,833.0,833.0,False,1.85,9.7,4693609826,30.6310792,104.0710346
69399,P3,113.0,113.0,833.0,833.0,False,0.88,8.0,5283966219,30.70107,104.09905
71913,P3,113.0,113.0,833.0,833.0,False,0.04,8.0,4393165157,30.6224945,104.0654743
79173,P3,113.0,113.0,833.0,833.0,False,0.77,8.0,5211337145,30.6512391,103.9895957
112691,P3,114.0,114.0,834.0,834.0,False,1.28,8.56,2366951323,30.64867,104.11537
130433,P3,114.0,114.0,834.0,834.0,False,1.27,8.54,1159225483,30.7066346,104.0527875
1368,P3,114.0,114.0,834.0,834.0,False,0.49,8.0,4107377015,30.6321849,104.0007438
161392,P3,114.0,114.0,834.0,834.0,False,0.25,8.0,2691023100,30.7096762,103.9981083
165457,P3,114.0,114.0,834.0,834.0,False,1.28,8.56,4701577730,30.6130057,104.0747279
178942,P3,114.0,114.0,834.0,834.0,False,1.3,8.6,2333193192,30.6306223,104.0982423
186931,P3,114.0,114.0,834.0,834.0,False,1.47,8.94,5141468753,30.6306584,104.0966797
191821,P3,114.0,114.0,834.0,834.0,False,1.61,9.22,2330199410,30.7196881,104.1127212
192223,P3,114.0,114.0,834.0,834.0,False,1.9,9.8,4779165794,30.6368945,104.073728
203200,P3,114.0,114.0,834.0,834.0,False,1.45,8.9,1445523376,30.649645,104.0650195
36467,P3,114.0,114.0,834.0,834.0,False,1.9,9.8,4772214782,30.6797153,104.0055931
8625,P3,114.0,114.0,834.0,834.0,False,1.11,8.22,1458687639,30.6807992,104.0936388
99964,P3,114.0,114.0,834.0,834.0,False,0.87,8.0,3541376467,30.7178758,104.0551458
138748,P3,115.0,115.0,835.0,835.0,False,0.19,8.0,4964000155,30.716408,104.0305715
152537,P3,115.0,115.0,835.0,835.0,False,2.09,10.18,2411594433,30.6217358,104.100452
162381,P3,115.0,115.0,835.0,835.0,False,0.81,8.0,439751784,30.7264748,104.0426474
185119,P3,115.0,115.0,835.0,835.0,False,0.45,8.0,1305816687,30.645222,104.083534
186015,P3,115.0,115.0,835.0,835.0,False,1.38,8.76,1861145348,30.6726053,104.1100305
190291,P3,115.0,115.0,835.0,835.0,False,3.19,12.38,504315334,30.6863459,104.098279
200667,P3,115.0,115.0,835.0,835.0,False,0.81,8.0,1458909662,30.6822297,104.0863899
4619,P3,115.0,115.0,835.0,835.0,False,0.81,8.0,672360506,30.66651,104.08526
55717,P3,115.0,115.0,835.0,835.0,False,4.42,14.84,4069514797,30.7237475,103.9798031
60877,P3,115.0,115.0,835.0,835.0,False,1.65,9.3,432442955,30.676432,104.0195962
84555,P3,115.0,115.0,835.0,835.0,False,1.65,9.3,4118527343,30.6974385,104.0888202
109853,P3,116.0,116.0,836.0,836.0,False,0.37,8.0,5375783920,30.6571479,103.9965859
115913,P3,116.0,116.0,836.0,836.0,False,1.52,9.04,3541427570,30.7108401,104.0342818
129826,P3,116.0,116.0,836.0,836.0,False,0.54,8.0,4799100434,30.6462276,104.0312691
140079,P3,116.0,116.0,836.0,836.0,False,0.9,8.0,5141328718,30.6131636,104.0620658
162355,P3,116.0,116.0,836.0,836.0,False,3.1,12.2,3445813127,30.66982,104.07654
165593,P3,116.0,116.0,836.0,836.0,False,0.71,8.0,3087817456,30.6477226,104.0113935
170857,P3,116.0,116.0,836.0,836.0,False,1.56,9.12,529952563,30.7023399,104.0640217
18111,P3,116.0,116.0,836.0,836.0,False,2.84,11.68,4394309254,30.63036,104.03719
19702,P3,116.0,116.0,836.0,836.0,False,1.21,8.42,4973209503,30.614432,104.0433815
6582,P3,116.0,116.0,836.0,836.0,False,3.1,12.2,4549993338,30.6507132,103.9859408
66796,P3,116.0,116.0,836.0,836.0,False,0.96,8.0,4548258487,30.6762249,103.9763893
71622,P3,116.0,116.0,836.0,836.0,False,0.48,8.0,3034376775,30.6800987,104.0631079
82607,P3,116.0,116.0,836.0,836.0,False,0.48,8.0,3614070503,30.6747592,104.0624488
91169,P3,116.0,116.0,836.0,836.0,False,0.34,8.0,4693610147,30.6353451,104.0677562
123036,P3,117.0,117.0,837.0,837.0,False,0.91,8.0,4701464751,30.615852,104.0596613
126837,P3,117.0,117.0,837.0,837.0,False,2.09,10.18,1312615933,30.6588757,104.0582065
128895,P3,117.0,117.0,837.0,837.0,False,0.19,8.0,3516900123,30.67016,104.07412
134196,P3,117.0,117.0,837.0,837.0,False,0.31,8.0,5141326917,30.6102598,104.0592811
142188,P3,117.0,117.0,837.0,837.0,False,0.56,8.0,1845199172,30.6794249,104.0705325
175367,P3,117.0,117.0,837.0,837.0,False,0.92,8.0,4695640523,30.6158361,104.023608
2877,P3,117.0,117.0,837.0,837.0,False,0.93,8.0,465203734,30.7061876,104.1023805
42218,P3,117.0,117.0,837.0,837.0,False,0.31,8.0,2726978412,30.6110285,104.0511406
4517,P3,117.0,117.0,837.0,837.0,False,1.65,9.3,1445463636,30.6486735,104.0637335
48523,P3,117.0,117.0,837.0,837.0,False,1.5,9.0,3523298656,30.6343904,104.0454678
69156,P3,117.0,117.0,837.0,837.0,False,2.48,10.96,1159148361,30.6629704,104.0769567
7907,P3,117.0,117.0,837.0,837.0,False,1.55,9.1,3028924419,30.6369133,104.0498441
899,P3,117.0,117.0,837.0,837.0,False,1.61,9.22,1159149121,30.65488,104.07309
89915,P3,117.0,117.0,837.0,837.0,False,0.53,8.0,432429420,30.6358259,104.0359135
108810,P3,118.0,118.0,838.0,838.0,False,1.12,8.24,4695601573,30.6111338,104.0330168
119812,P3,118.0,118.0,838.0,838.0,False,0.59,8.0,314614086,30.6170732,104.0339602
132323,P3,118.0,118.0,838.0,838.0,False,1.0,8.0,1388412850,30.68034,104.06979
146176,P3,118.0,118.0,838.0,838.0,False,0.52,8.0,4534007660,30.7035474,104.1072149
146600,P3,118.0,118.0,838.0,838.0,False,1.23,8.46,432442531,30.6910081,104.0180084
15744,P3,118.0,118.0,838.0,838.0,False,1.12,8.24,4548141054,30.6229301,104.074347
164915,P3,118.0,118.0,838.0,838.0,False,0.82,8.0,1159462565,30.67567,104.02882
199512,P3,118.0,118.0,838.0,838.0,False,1.46,8.92,4548141021,30.6234713,104.0814946
200755,P3,118.0,118.0,838.0,838.0,False,1.02,8.04,1159225485,30.69914,104.04313
208353,P3,118.0,118.0,838.0,838.0,False,0.44,8.0,1492596625,30.6225565,104.0621485
21230,P3,118.0,118.0,838.0,838.0,False,1.35,8.7,5141468665,30.6379642,104.0935546
45339,P3,118.0,118.0,838.0,838.0,False,1.5,9.0,672360627,30.6484299,104.0725258
101800,P3,119.0,119.0,839.0,839.0,False,0.36,8.0,4106681930,30.6201312,103.9829283
131443,P3,119.0,119.0,839.0,839.0,False,0.42,8.0,1159148557,30.66349,104.07177
170213,P3,119.0,119.0,839.0,839.0,False,1.29,8.58,5375783893,30.6556434,103.9916253
77734,P3,119.0,119.0,839.0,839.0,False,0.81,8.0,1492586173,30.6261686,104.0645195
94542,P3,119.0,119.0,839.0,839.0,False,0.27,8.0,4548141088,30.6188957,104.0747497
1022,P3,120.0,120.0,840.0,840.0,False,0.0,8.0,314635435,30.6318966,104.0360035
120243,P3,120.0,120.0,840.0,840.0,False,1.23,8.46,3562110284,30.654915,104.080536
122567,P3,120.0,120.0,840.0,840.0,False,1.46,8.92,2039550418,30.6387613,104.1120725
133712,P3,120.0,120.0,840.0,840.0,False,1.46,8.92,5141468778,30.6306381,104.0943624
141480,P3,120.0,120.0,840.0,840.0,False,0.35,8.0,2823785859,30.6789416,104.0764736
160003,P3,120.0,120.0,840.0,840.0,False,1.75,9.5,432432542,30.65561,104.04131
181720,P3,120.0,120.0,840.0,840.0,False,0.04,8.0,4695601318,30.6115778,104.0293964
195468,P3,120.0,120.0,840.0,840.0,False,0.42,8.0,3390819286,30.6413489,104.0482501
37719,P3,120.0,120.0,840.0,840.0,False,0.0,8.0,5367321407,30.66159,103.98453
45283,P3,120.0,120.0,840.0,840.0,False,1.46,8.92,1964326877,30.672747,104.09472
57064,P3,120.0,120.0,840.0,840.0,False,0.35,8.0,1916401375,30.6119248,104.0250889
69811,P3,120.0,120.0,840.0,840.0,False,0.57,8.0,5037045685,30.632776,104.0878467
80370,P3,120.0,120.0,840.0,840.0,False,2.64,11.28,1459895595,30.6427175,104.1056818
109520,P3,121.0,121.0,841.0,841.0,False,2.49,10.98,3034029067,30.6881384,104.000147
116501,P3,121.0,121.0,841.0,841.0,False,2.02,10.04,2722829525,30.6685817,104.0383319
129578,P3,121.0,121.0,841.0,841.0,False,0.35,8.0,4550018697,30.6528312,104.0601618
13697,P3,121.0,121.0,841.0,841.0,False,0.77,8.0,5141468694,30.6351947,104.0922324
169418,P3,121.0,121.0,841.0,841.0,False,1.57,9.14,5213253150,30.7148551,104.0781213
169641,P3,121.0,121.0,841.0,841.0,False,2.1,10.2,3597608246,30.7182842,104.0316439
184378,P3,121.0,121.0,841.0,841.0,False,1.56,9.12,3582243031,30.7079381,104.0028381
19512,P3,121.0,121.0,841.0,841.0,False,0.28,8.0,5280629136,30.6675265,104.0059084
27359,P3,121.0,121.0,841.0,841.0,False,0.01,8.0,1159228754,30.68626,104.10769
36828,P3,121.0,121.0,841.0,841.0,False,0.46,8.0,5213253210,30.6533417,104.1122761
39327,P3,121.0,121.0,841.0,841.0,False,1.23,8.46,2204171412,30.7213341,104.0984937
53475,P3,121.0,121.0,841.0,841.0,False,2.1,10.2,3071355054,30.627663,104.11388
69721,P3,121.0,121.0,841.0,841.0,False,1.56,9.12,2651714403,30.6682514,104.1131447
70183,P3,121.0,121.0,841.0,841.0,False,1.08,8.16,3562110284,30.65523,104.08022
89244,P3,121.0,121.0,841.0,841.0,False,1.43,8.86,1458561798,30.689514,104.0966765
96240,P3,121.0,121.0,841.0,841.0,False,0.01,8.0,1156126836,30.649598,104.0649956
117928,P3,122.0,122.0,842.0,842.0,False,1.0,8.0,5211337171,30.6355659,104.0033779
136975,P3,122.0,122.0,842.0,842.0,False,0.9,8.0,1861145344,30.67009,104.111948
148793,P3,122.0,122.0,842.0,842.0,False,1.0,8.0,1305816736,30.640662,104.0795673
184139,P3,122.0,122.0,842.0,842.0,False,0.82,8.0,2275370242,30.6232215,104.1063007
37456,P3,122.0,122.0,842.0,842.0,False,1.56,9.12,4987536534,30.6284653,104.0028014
40525,P3,122.0,122.0,842.0,842.0,False,1.56,9.12,2722829587,30.7026297,104.0681699
44539,P3,122.0,122.0,842.0,842.0,False,0.46,8.0,3680078468,30.6565435,104.0263571
65365,P3,122.0,122.0,842.0,842.0,False,0.35,8.0,1339762122,30.7045446,104.0435058
71363,P3,122.0,122.0,842.0,842.0,False,0.9,8.0,4693610148,30.6340006,104.0678179
77036,P3,122.0,122.0,842.0,842.0,False,0.89,8.0,1159148929,30.6586616,104.0714113
95652,P3,122.0,122.0,842.0,842.0,False,1.0,8.0,2717786564,30.6251659,104.0814952
113832,P3,123.0,123.0,843.0,843.0,False,0.6,8.0,439751893,30.6654472,103.983427
114769,P3,123.0,123.0,843.0,843.0,False,2.6,11.2,4107377035,30.6421326,103.9950814
139811,P3,123.0,123.0,843.0,843.0,False,2.92,11.84,3541427578,30.71701,104.04407
145390,P3,123.0,123.0,843.0,843.0,False,0.54,8.0,4903112572,30.6532597,104.074705
161636,P3,123.0,123.0,843.0,843.0,False,0.7,8.0,672360527,30.6518623,104.0932051
172099,P3,123.0,123.0,843.0,843.0,False,2.6,11.2,4963999593,30.718008,104.0324176
206979,P3,123.0,123.0,843.0,843.0,False,1.57,9.14,4106681906,30.6128716,103.9924123
6683,P3,123.0,123.0,843.0,843.0,False,0.67,8.0,2868588324,30.66489,104.08443
68507,P3,123.0,123.0,843.0,843.0,False,0.6,8.0,4102465470,30.68211,104.0476
85579,P3,123.0,123.0,843.0,843.0,False,2.27,10.54,1301932975,30.65569,104.071526
139286,P3,124.0,124.0,844.0,844.0,False,0.99,8.0,5436607863,30.6466031,104.0726158
140398,P3,124.0,124.0,844.0,844.0,False,0.12,8.0,5141326919,30.6107738,104.0587845
162824,P3,124.0,124.0,844.0,844.0,False,1.97,9.94,671591599,30.6916631,104.0434307
188999,P3,124.0,124.0,844.0,844.0,False,0.71,8.0,4934383718,30.610447,104.1112777
20809,P3,124.0,124.0,844.0,844.0,False,1.36,8.72,4217837156,30.6274212,104.0437542
24471,P3,124.0,124.0,844.0,844.0,False,0.12,8.0,3034409144,30.7156679,104.104129
88178,P3,124.0,124.0,844.0,844.0,False,1.55,9.1,4586532063,30.6893244,104.0206776
134855,P3,125.0,125.0,845.0,845.0,False,1.22,8.44,3633001071,30.667187,104.023636
141302,P3,125.0,125.0,845.0,845.0,False,0.41,8.0,3445813114,30.6618463,104.0770904
19502,P3,125.0,125.0,845.0,845.0,False,0.05,8.0,671587287,30.6451515,104.0676061
205540,P3,125.0,125.0,845.0,845.0,False,0.31,8.0,4550018719,30.6516916,104.0530604
25302,P3,125.0,125.0,845.0,845.0,False,1.24,8.48,2712338396,30.7080265,104.038763
38995,P3,125.0,125.0,845.0,845.0,False,0.05,8.0,5055908306,30.7077778,104.113684
46284,P3,125.0,125.0,845.0,845.0,False,2.81,11.62,2276187313,30.6848333,104.0807316
48150,P3,125.0,125.0,845.0,845.0,False,1.22,8.44,3691362657,30.6406983,104.0471504
72197,P3,125.0,125.0,845.0,845.0,False,2.01,10.02,3089029138,30.6632578,104.0507561
72223,P3,125.0,125.0,845.0,845.0,False,1.86,9.72,4549993183,30.707706,104.026306
143398,P3,126.0,126.0,846.0,846.0,False,1.16,8.32,4548258448,30.6545741,104.0111077
36423,P3,126.0,126.0,846.0,846.0,False,1.86,9.72,441187183,30.65839,104.0656
5701,P3,126.0,126.0,846.0,846.0,False,1.14,8.28,1159148358,30.663903,104.0750029
74099,P3,126.0,126.0,846.0,846.0,False,2.14,10.28,4779165745,30.6177353,104.034375
90591,P3,126.0,126.0,846.0,846.0,False,0.0,8.0,4779165747,30.619974,104.0358252
10183,P3,127.0,127.0,847.0,847.0,False,0.75,8.0,1159945489,30.6592,104.05196
102173,P3,127.0,127.0,847.0,847.0,False,3.31,12.62,4701400723,30.624126,104.0932815
104667,P3,127.0,127.0,847.0,847.0,False,0.11,8.0,3541426298,30.702866,104.071724
142446,P3,127.0,127.0,847.0,847.0,False,0.01,8.0,1159941942,30.6672644,104.0211265
144676,P3,127.0,127.0,847.0,847.0,False,1.12,8.24,2041314663,30.6800801,104.098613
26964,P3,127.0,127.0,847.0,847.0,False,0.75,8.0,441187491,30.6882423,104.060791
32349,P3,127.0,127.0,847.0,847.0,False,1.12,8.24,4699007122,30.6106663,104.0382725
5146,P3,127.0,127.0,847.0,847.0,False,2.63,11.26,432442981,30.6755493,104.0151322
57521,P3,127.0,127.0,847.0,847.0,False,1.57,9.14,1313065623,30.6355359,104.076713
85416,P3,127.0,127.0,847.0,847.0,False,1.12,8.24,4106681903,30.6110255,103.9940687
95926,P3,127.0,127.0,847.0,847.0,False,1.14,8.28,1457859162,30.6885273,104.0998884
98174,P3,127.0,127.0,847.0,847.0,False,1.0,8.0,1819305169,30.6357104,104.107043
124987,P3,128.0,128.0,848.0,848.0,False,1.37,8.74,4693610160,30.6336,104.06914
204427,P3,128.0,128.0,848.0,848.0,False,2.05,10.1,4548211407,30.6636395,104.058178
206251,P3,128.0,128.0,848.0,848.0,False,1.48,8.96,4548211359,30.67401,104.0586
127301,P3,129.0,129.0,849.0,849.0,False,1.8,9.6,5218133406,30.6426671,104.1090481
142483,P3,129.0,129.0,849.0,849.0,False,2.23,10.46,3034330079,30.6587488,104.0836754
147794,P3,129.0,129.0,849.0,849.0,False,0.3,8.0,2712272987,30.6882776,104.0577278
181015,P3,129.0,129.0,849.0,849.0,False,2.23,10.46,4548211662,30.6560954,104.0197676
51047,P3,129.0,129.0,849.0,849.0,False,0.99,8.0,4549993430,30.695966,104.0417285
112995,P3,130.0,130.0,850.0,850.0,False,1.01,8.02,3436486413,30.6413896,104.0486322
123363,P3,130.0,130.0,850.0,850.0,False,0.9,8.0,4230611261,30.6511304,104.0716652
127272,P3,130.0,130.0,850.0,850.0,False,0.9,8.0,4550019081,30.6488218,104.0727666
164110,P3,130.0,130.0,850.0,850.0,False,0.79,8.0,3582961910,30.6431788,104.0360662
177285,P3,130.0,130.0,850.0,850.0,False,1.92,9.84,1159226747,30.7017413,104.054964
203049,P3,130.0,130.0,850.0,850.0,False,2.98,11.96,2847764707,30.667251,104.1102926
34132,P3,130.0,130.0,850.0,850.0,False,0.39,8.0,4695640554,30.6129866,104.027866
39940,P3,130.0,130.0,850.0,850.0,False,1.42,8.84,1458909660,30.6805536,104.0897182
51056,P3,130.0,130.0,850.0,850.0,False,0.79,8.0,4967265776,30.7076058,104.0142672
62242,P3,130.0,130.0,850.0,850.0,False,1.21,8.42,4220530489,30.6862756,104.0762436
64595,P3,130.0,130.0,850.0,850.0,False,0.58,8.0,4106681985,30.642215,103.9863635
76300,P3,130.0,130.0,850.0,850.0,False,0.65,8.0,5040759944,30.6819257,104.1015117
101246,P3,131.0,131.0,851.0,851.0,False,0.01,8.0,4548259659,30.670601,104.0316948
11477,P3,131.0,131.0,851.0,851.0,False,0.38,8.0,4782067655,30.625138,104.0269049
134719,P3,131.0,131.0,851.0,851.0,False,0.07,8.0,4903105811,30.65727,104.08461
183555,P3,131.0,131.0,851.0,851.0,False,0.75,8.0,672406288,30.6511704,104.0686696
28,P3,131.0,131.0,851.0,851.0,False,0.62,8.0,1459011374,30.6551462,104.1082391
48352,P3,131.0,131.0,851.0,851.0,False,1.73,9.46,5213238429,30.6502177,104.0978725
70023,P3,131.0,131.0,851.0,851.0,False,0.75,8.0,3562110274,30.671309,104.0664
92471,P3,131.0,131.0,851.0,851.0,False,0.53,8.0,4294975865,30.65095,103.99595
95253,P3,131.0,131.0,851.0,851.0,False,0.07,8.0,432452905,30.6187725,104.0694879
9527,P3,131.0,131.0,851.0,851.0,False,0.84,8.0,1964388817,30.669052,104.10293
136991,P3,132.0,132.0,852.0,852.0,False,2.22,10.44,4779165713,30.6363545,104.0246969
154452,P3,132.0,132.0,852.0,852.0,False,1.83,9.66,4987534932,30.6228186,104.0148388
184758,P3,132.0,132.0,852.0,852.0,False,1.39,8.78,3089029125,30.6607572,104.0496751
20035,P3,132.0,132.0,852.0,852.0,False,0.77,8.0,2532972245,30.706848,104.092575
3858,P3,132.0,132.0,852.0,852.0,False,1.39,8.78,3034393457,30.6675188,104.0535782
41525,P3,132.0,132.0,852.0,852.0,False,1.83,9.66,4069514823,30.7267124,103.9745137
47943,P3,132.0,132.0,852.0,852.0,False,1.84,9.68,4548211429,30.679867,104.05886
73983,P3,132.0,132.0,852.0,852.0,False,0.72,8.0,2651588758,30.66782,104.09992
7635,P3,132.0,132.0,852.0,852.0,False,2.24,10.48,1916530820,30.647494,103.9759719
78621,P3,132.0,132.0,852.0,852.0,False,2.1,10.2,432429395,30.6406276,104.0550392
100239,P3,133.0,133.0,853.0,853.0,False,0.57,8.0,1159154995,30.65035,104.084816
102946,P3,133.0,133.0,853.0,853.0,False,1.53,9.06,4880298883,30.6217827,104.1011408
123207,P3,133.0,133.0,853.0,853.0,False,0.54,8.0,432441926,30.631062,104.033516
138006,P3,133.0,133.0,853.0,853.0,False,2.71,11.42,314635462,30.6439497,104.0318293
193706,P3,133.0,133.0,853.0,853.0,False,2.43,10.86,5141328772,30.6157441,104.0622497
61474,P3,133.0,133.0,853.0,853.0,False,0.57,8.0,3523298661,30.628226,104.0530737
87497,P3,133.0,133.0,853.0,853.0,False,2.43,10.86,1918491711,30.6486406,103.980874
102867,P3,134.0,134.0,854.0,854.0,False,0.84,8.0,1339701419,30.697239,104.04457
118879,P3,134.0,134.0,854.0,854.0,False,2.17,10.34,3390819397,30.6417956,104.0509898
121103,P3,134.0,134.0,854.0,854.0,False,2.41,10.82,1295783638,30.63917,104.07841
134086,P3,134.0,134.0,854.0,854.0,False,1.05,8.1,3199773818,30.7048456,104.1104058
138724,P3,134.0,134.0,854.0,854.0,False,2.81,11.62,1072704392,30.7217259,104.0564201
157841,P3,134.0,134.0,854.0,854.0,False,1.47,8.94,3541427573,30.7087766,104.0313006
159367,P3,134.0,134.0,854.0,854.0,False,0.05,8.0,1459011370,30.6537646,104.1121437
1655,P3,134.0,134.0,854.0,854.0,False,1.67,9.34,3541401921,30.6906986,104.0112456
201523,P3,134.0,134.0,854.0,854.0,False,2.81,11.62,5002301690,30.66248,104.02
69893,P3,134.0,134.0,854.0,854.0,False,2.41,10.82,1445519247,30.6487037,104.0635151
12395,P3,135.0,135.0,855.0,855.0,False,0.77,8.0,3445813553,30.66482,104.07307
199055,P3,135.0,135.0,855.0,855.0,False,0.26,8.0,3597608246,30.718262,104.032005
200997,P3,135.0,135.0,855.0,855.0,False,0.44,8.0,4549993123,30.7022539,104.0343397
208268,P3,135.0,135.0,855.0,855.0,False,2.22,10.44,3199773573,30.7002508,104.1103633
49704,P3,135.0,135.0,855.0,855.0,False,0.26,8.0,2119075573,30.6134307,104.1046502
8299,P3,135.0,135.0,855.0,855.0,False,0.26,8.0,2712338425,30.7077407,104.0383055
99005,P3,135.0,135.0,855.0,855.0,False,1.5,9.0,5218240016,30.7035506,104.0517129
131647,P3,136.0,136.0,856.0,856.0,False,1.54,9.08,4548211488,30.6626513,104.0580698
143355,P3,136.0,136.0,856.0,856.0,False,1.77,9.54,4773916495,30.658354,104.00075
183205,P3,136.0,136.0,856.0,856.0,False,0.49,8.0,1313998761,30.6371041,104.0872309
95291,P3,136.0,136.0,856.0,856.0,False,1.05,8.1,1159474712,30.6954127,104.0441001
114347,P3,137.0,137.0,857.0,857.0,False,3.13,12.26,672362109,30.6466976,104.0727046
153592,P3,137.0,137.0,857.0,857.0,False,0.3,8.0,4447946474,30.65332,104.1120082
160294,P3,137.0,137.0,857.0,857.0,False,2.51,11.02,2217746798,30.6608141,104.0601502
161738,P3,137.0,137.0,857.0,857.0,False,0.98,8.0,3445794968,30.663383,104.0738577
192349,P3,137.0,137.0,857.0,857.0,False,1.04,8.08,3724269696,30.6265975,104.1007529
19517,P3,137.0,137.0,857.0,857.0,False,1.61,9.22,2981056908,30.629219,104.0766189
29498,P3,137.0,137.0,857.0,857.0,False,0.12,8.0,4695601331,30.6106436,104.0295303
91091,P3,137.0,137.0,857.0,857.0,False,2.51,11.02,5102886106,30.7097068,103.9736521
150671,P3,138.0,138.0,858.0,858.0,False,0.67,8.0,2653571738,30.6681851,104.0934628
151089,P3,138.0,138.0,858.0,858.0,False,1.03,8.06,1506395061,30.7051043,104.0755349
153241,P3,138.0,138.0,858.0,858.0,False,0.28,8.0,314622996,30.6500439,103.9848469
188293,P3,138.0,138.0,858.0,858.0,False,1.1,8.2,4521050320,30.6523396,104.0842433
22825,P3,138.0,138.0,858.0,858.0,False,1.06,8.12,3028924421,30.6398675,104.0517574
115610,P3,139.0,139.0,859.0,859.0,False,0.55,8.0,3034330083,30.6615722,104.0847498
121987,P3,139.0,139.0,859.0,859.0,False,0.72,8.0,1159465756,30.6796725,104.0248418
124435,P3,139.0,139.0,859.0,859.0,False,1.3,8.6,1947583849,30.68917,104.08812
15987,P3,139.0,139.0,859.0,859.0,False,0.32,8.0,1469172057,30.633796,104.0919911
167604,P3,139.0,139.0,859.0,859.0,False,0.07,8.0,5213253185,30.698108,104.0894019
201602,P3,139.0,139.0,859.0,859.0,False,1.29,8.58,4638105431,30.7072888,104.0671505
201775,P3,139.0,139.0,859.0,859.0,False,1.86,9.72,4548211249,30.6772,104.05726
205817,P3,139.0,139.0,859.0,859.0,False,0.97,8.0,2560005532,30.6237275,104.0259961
26793,P3,139.0,139.0,859.0,859.0,False,0.42,8.0,3614062279,30.6659633,104.0579463
29170,P3,139.0,139.0,859.0,859.0,False,0.24,8.0,4772463260,30.6634581,104.044262
36480,P3,139.0,139.0,859.0,859.0,False,0.07,8.0,4693610106,30.6346591,104.0721713
37546,P3,139.0,139.0,859.0,859.0,False,0.55,8.0,5037045685,30.632776,104.0878467
76334,P3,139.0,139.0,859.0,859.0,False,1.04,8.08,3034330076,30.65804,104.0851762
95877,P3,139.0,139.0,859.0,859.0,False,1.79,9.58,2722829573,30.699471,104.0667513
144553,P3,140.0,140.0,860.0,860.0,False,0.17,8.0,1918491720,30.6498474,103.9800004
161415,P3,140.0,140.0,860.0,860.0,False,0.26,8.0,4782097004,30.6252518,104.0233075
184391,P3,140.0,140.0,860.0,860.0,False,0.01,8.0,3034393462,30.68329,104.04644
184955,P3,140.0,140.0,860.0,860.0,False,0.52,8.0,4794993822,30.6433157,104.070735
189528,P3,140.0,140.0,860.0,860.0,False,0.54,8.0,432429409,30.6357304,104.0537541
26395,P3,140.0,140.0,860.0,860.0,False,1.84,9.68,3034393463,30.685923,104.04542
32649,P3,140.0,140.0,860.0,860.0,False,0.36,8.0,1159149479,30.6517578,104.0769455
61895,P3,140.0,140.0,860.0,860.0,False,0.53,8.0,5283966327,30.70384,104.09694
7503,P3,140.0,140.0,860.0,860.0,False,0.32,8.0,5283966131,30.6347277,104.1146359
81922,P3,140.0,140.0,860.0,860.0,False,0.4,8.0,1156126880,30.680231,104.0549136
8385,P3,140.0,140.0,860.0,860.0,False,1.75,9.5,1305816676,30.6460208,104.0850432
101615,P3,141.0,141.0,861.0,861.0,False,0.33,8.0,1159477630,30.6732712,104.0543974
103185,P3,141.0,141.0,861.0,861.0,False,0.23,8.0,4699185726,30.6116081,104.0551037
112900,P3,141.0,141.0,861.0,861.0,False,0.8,8.0,4230593043,30.6432427,104.086689
149352,P3,141.0,141.0,861.0,861.0,False,1.42,8.84,5367321402,30.6637952,103.9994759
167118,P3,141.0,141.0,861.0,861.0,False,1.87,9.74,432432560,30.648601,104.0404737
175148,P3,141.0,141.0,861.0,861.0,False,0.19,8.0,3613983370,30.6645591,104.0539275
179048,P3,141.0,141.0,861.0,861.0,False,0.25,8.0,5102886110,30.6896485,103.9960596
193175,P3,141.0,141.0,861.0,861.0,False,0.99,8.0,4903112583,30.65797,104.0787
198068,P3,141.0,141.0,861.0,861.0,False,1.79,9.58,4106682119,30.6441269,103.9811572
64259,P3,141.0,141.0,861.0,861.0,False,1.03,8.06,314655092,30.619406,104.04572
81039,P3,141.0,141.0,861.0,861.0,False,0.99,8.0,1459018266,30.6462712,104.1084821
95041,P3,141.0,141.0,861.0,861.0,False,0.13,8.0,2133188683,30.6157685,104.0845906
130059,P3,142.0,142.0,862.0,862.0,False,0.54,8.0,1912247016,30.60915,104.07246
149035,P3,142.0,142.0,862.0,862.0,False,0.66,8.0,4444112336,30.7188785,104.1019167
149421,P3,142.0,142.0,862.0,862.0,False,2.02,10.04,3445794971,30.6623777,104.0739554
152900,P3,142.0,142.0,862.0,862.0,False,0.84,8.0,1819305169,30.6357104,104.107043
186772,P3,142.0,142.0,862.0,862.0,False,0.39,8.0,4987536553,30.6404953,103.9914348
19788,P3,142.0,142.0,862.0,862.0,False,0.12,8.0,3562033456,30.7027265,104.0739729
27235,P3,142.0,142.0,862.0,862.0,False,0.09,8.0,5213238526,30.6354076,104.0487645
74241,P3,142.0,142.0,862.0,862.0,False,0.12,8.0,5213238430,30.6608765,104.0718551
78526,P3,142.0,142.0,862.0,862.0,False,1.66,9.32,4695640612,30.6115694,104.0256068
83475,P3,142.0,142.0,862.0,862.0,False,0.09,8.0,1492616811,30.6227264,104.0621217
92498,P3,142.0,142.0,862.0,862.0,False,1.66,9.32,1072704385,30.7061785,104.0636484
98815,P3,142.0,142.0,862.0,862.0,False,2.02,10.04,4794975972,30.64542,104.05653
126663,P3,143.0,143.0,863.0,863.0,False,2.35,10.7,4549993410,30.6885233,104.0986763
151877,P3,143.0,143.0,863.0,863.0,False,1.28,8.56,1458459969,30.685851,104.1014144
201361,P3,143.0,143.0,863.0,863.0,False,0.86,8.0,1159174088,30.6320826,104.0738042
87909,P3,143.0,143.0,863.0,863.0,False,0.11,8.0,2729373177,30.6165939,104.0444413
88769,P3,143.0,143.0,863.0,863.0,False,0.7,8.0,1159155728,30.6463429,104.0969334
88816,P3,143.0,143.0,863.0,863.0,False,1.04,8.08,4748166145,30.6150412,104.0211609
106163,P3,144.0,144.0,864.0,864.0,False,0.11,8.0,1159155007,30.65193,104.08635
118318,P3,144.0,144.0,864.0,864.0,False,0.6,8.0,4772480181,30.6151332,104.0142654
144725,P3,144.0,144.0,864.0,864.0,False,0.29,8.0,1958204223,30.6680714,104.0845314
151840,P3,144.0,144.0,864.0,864.0,False,0.62,8.0,5034131303,30.6513901,103.990594
159155,P3,144.0,144.0,864.0,864.0,False,0.84,8.0,2981319496,30.713705,104.01272
202980,P3,144.0,144.0,864.0,864.0,False,1.61,9.22,4695601305,30.6109832,104.0281709
37992,P3,144.0,144.0,864.0,864.0,False,0.17,8.0,3633001078,30.6650952,104.0309679
103486,P3,145.0,145.0,865.0,865.0,False,0.07,8.0,4772463302,30.6617108,104.044674
134399,P3,145.0,145.0,865.0,865.0,False,1.03,8.06,1947584056,30.682386,104.08439
172771,P3,145.0,145.0,865.0,865.0,False,0.74,8.0,1457841605,30.6902973,104.1011128
114935,P3,146.0,146.0,866.0,866.0,False,1.8,9.6,1916386518,30.64601,104.06103
115999,P3,146.0,146.0,866.0,866.0,False,0.33,8.0,4087247228,30.7159715,104.0141698
156332,P3,146.0,146.0,866.0,866.0,False,1.8,9.6,2727024777,30.6169622,104.0519626
188649,P3,146.0,146.0,866.0,866.0,False,0.55,8.0,4078817927,30.7034695,104.0812181
23937,P3,146.0,146.0,866.0,866.0,False,1.93,9.86,1916386551,30.6244798,104.0243804
26645,P3,146.0,146.0,866.0,866.0,False,1.15,8.3,4695640695,30.6149252,104.0288175
26995,P3,146.0,146.0,866.0,866.0,False,1.93,9.86,4548211344,30.68361,104.06027
44296,P3,146.0,146.0,866.0,866.0,False,0.52,8.0,4699007267,30.6128935,104.0371765
67887,P3,146.0,146.0,866.0,866.0,False,1.87,9.74,1301932975,30.65533,104.07224
10280,P3,147.0,147.0,867.0,867.0,False,0.02,8.0,1458937192,30.6764909,104.0951605
109615,P3,147.0,147.0,867.0,867.0,False,0.61,8.0,4772430834,30.678899,104.0051329
126548,P3,147.0,147.0,867.0,867.0,False,0.38,8.0,1301933006,30.6488211,104.0696807
160263,P3,147.0,147.0,867.0,867.0,False,0.43,8.0,1159143854,30.67756,104.0836
170685,P3,147.0,147.0,867.0,867.0,False,0.75,8.0,4699007144,30.6094433,104.0369642
171380,P3,147.0,147.0,867.0,867.0,False,0.43,8.0,4548259677,30.6700194,104.0350055
181741,P3,147.0,147.0,867.0,867.0,False,0.43,8.0,4695701806,30.6125688,104.0201588
56637,P3,147.0,147.0,867.0,867.0,False,0.75,8.0,3034409147,30.7128685,104.1067446
99999,P3,147.0,147.0,867.0,867.0,False,0.11,8.0,4978440960,30.6806552,104.0759826
100566,P3,148.0,148.0,868.0,868.0,False,2.37,10.74,432432555,30.6564327,104.0454739
101527,P3,148.0,148.0,868.0,868.0,False,1.04,8.08,3614070502,30.67274,104.05264
114380,P3,148.0,148.0,868.0,868.0,False,0.5,8.0,4219549257,30.6109806,104.0580492
130966,P3,148.0,148.0,868.0,868.0,False,1.98,9.96,5375784029,30.6578262,103.9884872
165465,P3,148.0,148.0,868.0,868.0,False,1.6,9.2,3925309355,30.6915443,104.1097703
179618,P3,148.0,148.0,868.0,868.0,False,2.88,11.76,1072704384,30.7050992,104.0756891
192193,P3,148.0,148.0,868.0,868.0,False,2.37,10.74,5213237290,30.6421039,104.1150506
74003,P3,148.0,148.0,868.0,868.0,False,1.12,8.24,4987534964,30.6227155,104.0071752
91578,P3,148.0,148.0,868.0,868.0,False,1.59,9.18,4107377035,30.6421326,103.9950814
91851,P3,148.0,148.0,868.0,868.0,False,2.16,10.32,3034040779,30.70434,104.0223
100684,P3,149.0,149.0,869.0,869.0,False,0.09,8.0,1492645747,30.6225782,104.0681268
102690,P3,149.0,149.0,869.0,869.0,False,0.62,8.0,4106682209,30.6642587,103.9807168
154028,P3,149.0,149.0,869.0,869.0,False,0.26,8.0,4549993108,30.6889447,104.0331553
186508,P3,149.0,149.0,869.0,869.0,False,1.97,9.94,4699007411,30.6137133,104.0445728
186801,P3,149.0,149.0,869.0,869.0,False,0.62,8.0,2709174918,30.6275585,104.0817552
196612,P3,149.0,149.0,869.0,869.0,False,1.65,9.3,3582230414,30.6485644,103.967965
2822,P3,149.0,149.0,869.0,869.0,False,2.16,10.32,672360478,30.6772572,104.0907579
31637,P3,149.0,149.0,869.0,869.0,False,2.68,11.36,1159942424,30.6648269,104.0213311
34787,P3,149.0,149.0,869.0,869.0,False,0.62,8.0,1159148556,30.6630951,104.0744606
54243,P3,149.0,149.0,869.0,869.0,False,0.44,8.0,3516900123,30.67016,104.07412
55963,P3,149.0,149.0,869.0,869.0,False,0.09,8.0,1947583808,30.69413,104.0801
59053,P3,149.0,149.0,869.0,869.0,False,0.85,8.0,465203751,30.7069298,104.1012989
72673,P3,149.0,149.0,869.0,869.0,False,0.81,8.0,1902099047,30.7077718,104.0633477
96603,P3,149.0,149.0,869.0,869.0,False,0.85,8.0,2133188691,30.6174812,104.0935387
102987,P3,150.0,150.0,870.0,870.0,False,0.86,8.0,1916530848,30.609531,103.98355
132888,P3,150.0,150.0,870.0,870.0,False,0.16,8.0,1159945489,30.6591952,104.0526777
136657,P3,150.0,150.0,870.0,870.0,False,1.05,8.1,5211337156,30.6402239,104.0150181
157750,P3,150.0,150.0,870.0,870.0,False,0.51,8.0,3034409150,30.7192989,104.0819162
164131,P3,150.0,150.0,870.0,870.0,False,0.86,8.0,4136052362,30.6124723,104.0482938
204546,P3,150.0,150.0,870.0,870.0,False,2.23,10.46,5034783235,30.6258899,103.9692247
54839,P3,150.0,150.0,870.0,870.0,False,1.98,9.96,432442899,30.6650062,104.0318582
56691,P3,150.0,150.0,870.0,870.0,False,0.51,8.0,5247243491,30.7230832,104.0845197
77179,P3,150.0,150.0,870.0,870.0,False,0.16,8.0,5037045685,30.632776,104.0878467
92388,P3,150.0,150.0,870.0,870.0,False,0.27,8.0,432432585,30.6593166,104.0346479
92626,P3,150.0,150.0,870.0,870.0,False,1.22,8.44,4118527278,30.6827165,104.0562666
99941,P3,150.0,150.0,870.0,870.0,False,2.49,10.98,1947138487,30.6862855,104.0853675
109275,P3,151.0,151.0,871.0,871.0,False,1.62,9.24,3633018387,30.66696,104.06335
122191,P3,151.0,151.0,871.0,871.0,False,0.19,8.0,441187223,30.6692467,104.0578002
132567,P3,151.0,151.0,871.0,871.0,False,1.71,9.42,4903112584,30.66029,104.07985
149351,P3,151.0,151.0,871.0,871.0,False,0.68,8.0,1459896462,30.6431175,104.1058752
150240,P3,151.0,151.0,871.0,871.0,False,0.19,8.0,3562110262,30.6483164,104.0223891
158594,P3,151.0,151.0,871.0,871.0,False,1.54,9.08,465203743,30.7062979,104.1024445
1715,P3,151.0,151.0,871.0,871.0,False,0.2,8.0,3034409141,30.717375,104.111305
187904,P3,151.0,151.0,871.0,871.0,False,1.71,9.42,1916530825,30.6391487,103.9786219
36433,P3,151.0,151.0,871.0,871.0,False,1.97,9.94,4505485134,30.6322239,104.0813498
42526,P3,151.0,151.0,871.0,871.0,False,1.71,9.42,3541389071,30.6744182,104.0549892
50475,P3,151.0,151.0,871.0,871.0,False,1.71,9.42,3034393462,30.684558,104.0465137
56308,P3,151.0,151.0,871.0,871.0,False,0.68,8.0,628641734,30.6905232,104.0489147
135669,P3,152.0,152.0,872.0,872.0,False,0.73,8.0,4703149490,30.6125572,104.0674101
136051,P3,152.0,152.0,872.0,872.0,False,0.65,8.0,3034330076,30.658003,104.08486
197415,P3,152.0,152.0,872.0,872.0,False,0.65,8.0,2564226632,30.642674,104.0221933
23977,P3,152.0,152.0,872.0,872.0,False,0.41,8.0,4548259362,30.654276,104.015725
82936,P3,152.0,152.0,872.0,872.0,False,1.59,9.18,1159229836,30.6746432,104.0850109
94547,P3,152.0,152.0,872.0,872.0,False,1.59,9.18,2908412246,30.6489079,104.0851626
117134,P3,153.0,153.0,873.0,873.0,False,3.21,12.42,1072698651,30.7245612,104.046548
180897,P3,153.0,153.0,873.0,873.0,False,3.21,12.42,1492614626,30.6235405,104.0645649
189551,P3,153.0,153.0,873.0,873.0,False,0.78,8.0,1159518606,30.64902,104.06726
203260,P3,153.0,153.0,873.0,873.0,False,0.28,8.0,4136052221,30.6102329,104.0478087
2986,P3,153.0,153.0,873.0,873.0,False,0.78,8.0,432442933,30.6619607,104.0234685
59981,P3,153.0,153.0,873.0,873.0,False,1.9,9.8,3034393456,30.6734127,104.0457758
6139,P3,153.0,153.0,873.0,873.0,False,1.9,9.8,1492405937,30.6497248,104.0580098
82679,P3,153.0,153.0,873.0,873.0,False,0.54,8.0,1815729252,30.71225,104.06707
99178,P3,153.0,153.0,873.0,873.0,False,0.75,8.0,1311904439,30.6447965,104.0779901
16557,P3,154.0,154.0,874.0,874.0,False,0.41,8.0,2868588324,30.6642332,104.0845218
45230,P3,154.0,154.0,874.0,874.0,False,0.99,8.0,4106681986,30.6422666,103.9813306
87034,P3,154.0,154.0,874.0,874.0,False,0.07,8.0,1156126795,30.6770268,104.0466902
106750,P3,155.0,155.0,875.0,875.0,False,1.42,8.84,3541401912,30.6891082,104.0140594
121544,P3,155.0,155.0,875.0,875.0,False,0.09,8.0,4550018931,30.6531037,104.0603723
12837,P3,155.0,155.0,875.0,875.0,False,0.84,8.0,4698894019,30.6107365,104.0340323
15786,P3,155.0,155.0,875.0,875.0,False,0.76,8.0,4693609815,30.6341448,104.0701769
31432,P3,155.0,155.0,875.0,875.0,False,0.16,8.0,1457868175,30.688221,104.0988914
41807,P3,155.0,155.0,875.0,875.0,False,1.56,9.12,4548259587,30.664723,104.0194243
44195,P3,155.0,155.0,875.0,875.0,False,0.76,8.0,2653330901,30.65664,104.10998
62503,P3,155.0,155.0,875.0,875.0,False,0.84,8.0,5375783911,30.6582347,103.9964534
68397,P3,155.0,155.0,875.0,875.0,False,0.73,8.0,4978441006,30.6888068,104.1164095
72496,P3,155.0,155.0,875.0,875.0,False,0.16,8.0,4987536549,30.6432779,103.9973115
112992,P3,156.0,156.0,876.0,876.0,False,2.85,11.7,3523308819,30.6418678,104.0831107
131640,P3,156.0,156.0,876.0,876.0,False,0.83,8.0,4118527531,30.7031403,104.0984403
137839,P3,156.0,156.0,876.0,876.0,False,1.34,8.68,3613960016,30.6637584,104.0523448
191319,P3,156.0,156.0,876.0,876.0,False,1.46,8.92,3034029058,30.68398,104.00165
205793,P3,156.0,156.0,876.0,876.0,False,2.07,10.14,3028924422,30.6416096,104.0528757
57687,P3,156.0,156.0,876.0,876.0,False,1.34,8.68,1916386555,30.64035,104.0559
90302,P3,156.0,156.0,876.0,876.0,False,1.61,9.22,2956775846,30.7206809,104.0468228
175383,P3,157.0,157.0,877.0,877.0,False,2.08,10.16,4717800179,30.6793346,104.0961325
17595,P3,157.0,157.0,877.0,877.0,False,1.52,9.04,1159477630,30.6732712,104.0543974
176091,P3,157.0,157.0,877.0,877.0,False,1.74,9.48,2399471758,30.63986,104.10325
188731,P3,157.0,157.0,877.0,877.0,False,1.68,9.36,3815508518,30.6094335,104.0581403
199897,P3,157.0,157.0,877.0,877.0,False,0.44,8.0,1305816684,30.6676822,104.0696328
201713,P3,157.0,157.0,877.0,877.0,False,1.44,8.88,432442545,30.6987537,104.0115058
6111,P3,157.0,157.0,877.0,877.0,False,1.52,9.04,4773916485,30.6558967,104.0025977
141940,P3,158.0,158.0,878.0,878.0,False,1.04,8.08,1916530889,30.6453244,103.9766483
154952,P3,158.0,158.0,878.0,878.0,False,1.71,9.42,432452907,30.6109222,104.0696791
59659,P3,158.0,158.0,878.0,878.0,False,1.22,8.44,4967265415,30.7021133,104.0052277
110019,P3,159.0,159.0,879.0,879.0,False,0.54,8.0,2039561244,30.68408,104.10385
164671,P3,159.0,159.0,879.0,879.0,False,1.36,8.72,1916386528,30.6386243,104.0595409
193740,P3,159.0,159.0,879.0,879.0,False,1.35,8.7,4449099825,30.6423485,104.1149212
33786,P3,159.0,159.0,879.0,879.0,False,2.07,10.14,4548211652,30.6703553,104.0580108
46483,P3,159.0,159.0,879.0,879.0,False,0.86,8.0,3541401915,30.67937,103.98395
4699,P3,159.0,159.0,879.0,879.0,False,1.31,8.62,1159451504,30.67752,104.04118
98023,P3,159.0,159.0,879.0,879.0,False,0.19,8.0,2041527426,30.68941,104.09457
115065,P3,160.0,160.0,880.0,880.0,False,3.1,12.2,4744814864,30.7231304,104.0843329
131923,P3,160.0,160.0,880.0,880.0,False,1.73,9.46,5283966217,30.70619,104.09838
181122,P3,160.0,160.0,880.0,880.0,False,0.39,8.0,4550018655,30.6277714,104.0189597
20597,P3,160.0,160.0,880.0,880.0,False,1.06,8.12,1916386528,30.6386243,104.0595409
41935,P3,160.0,160.0,880.0,880.0,False,0.04,8.0,2843286584,30.68569,104.05791
4391,P3,160.0,160.0,880.0,880.0,False,1.06,8.12,4695700249,30.6220713,104.0141093
7462,P3,160.0,160.0,880.0,880.0,False,0.25,8.0,4585517087,30.6304061,104.0558808
165411,P3,161.0,161.0,881.0,881.0,False,1.05,8.1,1815728532,30.71439,104.09877
167687,P3,161.0,161.0,881.0,881.0,False,0.88,8.0,4987536562,30.6568159,103.9834305
169079,P3,161.0,161.0,881.0,881.0,False,0.3,8.0,4772430835,30.678527,104.0049938
117892,P3,162.0,162.0,882.0,882.0,False,0.2,8.0,2653573002,30.6685143,104.092876
125053,P3,162.0,162.0,882.0,882.0,False,2.77,11.54,1918491756,30.6466341,103.9980508
132259,P3,162.0,162.0,882.0,882.0,False,2.77,11.54,3028924407,30.61774,104.03836
181721,P3,162.0,162.0,882.0,882.0,False,0.88,8.0,4550018865,30.6232731,104.0152825
188675,P3,162.0,162.0,882.0,882.0,False,1.4,8.8,1159168936,30.6305337,104.0798236
192271,P3,162.0,162.0,882.0,882.0,False,0.88,8.0,3562047405,30.7179001,104.0328223
204386,P3,162.0,162.0,882.0,882.0,False,0.88,8.0,3069351988,30.6317795,103.9781921
53877,P3,162.0,162.0,882.0,882.0,False,1.28,8.56,2709067531,30.6260426,104.0826781
59479,P3,162.0,162.0,882.0,882.0,False,2.17,10.34,4582821486,30.6637538,104.0477514
82207,P3,162.0,162.0,882.0,882.0,False,0.2,8.0,1301932988,30.65248,104.06818
118537,P3,163.0,163.0,883.0,883.0,False,0.68,8.0,2956775833,30.7109657,104.0386308
133380,P3,163.0,163.0,883.0,883.0,False,2.2,10.4,2456925108,30.6390946,104.1032228
194788,P3,163.0,163.0,883.0,883.0,False,1.06,8.12,4548211249,30.6771193,104.0577876
200233,P3,163.0,163.0,883.0,883.0,False,0.97,8.0,4772463293,30.6611276,104.0433954
208354,P3,163.0,163.0,883.0,883.0,False,0.21,8.0,1159138498,30.6646315,104.0941547
59678,P3,163.0,163.0,883.0,883.0,False,0.23,8.0,4572410252,30.7209619,103.9986314
62196,P3,163.0,163.0,883.0,883.0,False,0.12,8.0,4717800179,30.6793346,104.0961325
194002,P3,164.0,164.0,884.0,884.0,False,1.12,8.24,4549993184,30.705957,104.0279388
203617,P3,164.0,164.0,884.0,884.0,False,0.3,8.0,1458590783,30.6806787,104.0937534
44567,P3,164.0,164.0,884.0,884.0,False,2.78,11.56,1159148967,30.659168,104.06997
55135,P3,164.0,164.0,884.0,884.0,False,1.12,8.24,3436486456,30.6405625,104.0471289
56989,P3,164.0,164.0,884.0,884.0,False,1.19,8.38,5141468775,30.6305071,104.0919439
76701,P3,164.0,164.0,884.0,884.0,False,2.78,11.56,4779165711,30.6369783,104.0246201
102829,P3,165.0,165.0,885.0,885.0,False,3.27,12.54,3523294443,30.6601842,104.0431961
140,P3,165.0,165.0,885.0,885.0,False,0.53,8.0,3076737454,30.6616917,104.0535075
152827,P3,165.0,165.0,885.0,885.0,False,1.52,9.04,5186309506,30.6747224,104.0088021
154603,P3,165.0,165.0,885.0,885.0,False,1.52,9.04,2722829541,30.706154,104.04954
175522,P3,165.0,165.0,885.0,885.0,False,2.87,11.74,4548211631,30.6751692,104.0553099
176979,P3,165.0,165.0,885.0,885.0,False,2.87,11.74,4701577776,30.6234797,104.079999
17757,P3,165.0,165.0,885.0,885.0,False,1.21,8.42,4242373753,30.6869936,104.0220627
186889,P3,165.0,165.0,885.0,885.0,False,0.66,8.0,4572409834,30.7143848,103.9924799
207474,P3,165.0,165.0,885.0,885.0,False,1.13,8.26,4701464386,30.6173746,104.0632787
71664,P3,165.0,165.0,885.0,885.0,False,2.87,11.74,4550018613,30.6404136,104.027148
103940,P3,166.0,166.0,886.0,886.0,False,2.12,10.24,4695601757,30.6105006,104.0344344
126852,P3,166.0,166.0,886.0,886.0,False,2.58,11.16,1159176619,30.629027,104.0582428
159734,P3,166.0,166.0,886.0,886.0,False,0.71,8.0,4772451024,30.6806986,104.0080739
169155,P3,166.0,166.0,886.0,886.0,False,0.68,8.0,5141458200,30.6324861,104.0709598
18565,P3,166.0,166.0,886.0,886.0,False,0.11,8.0,672360497,30.6665587,104.0834623
26263,P3,166.0,166.0,886.0,886.0,False,0.39,8.0,4548211255,30.67919,104.04061
57408,P3,166.0,166.0,886.0,886.0,False,0.11,8.0,5211337168,30.6368514,104.006719
58837,P3,166.0,166.0,886.0,886.0,False,2.58,11.16,1159462960,30.6755838,104.0233904
91328,P3,166.0,166.0,886.0,886.0,False,0.93,8.0,5141458193,30.6331996,104.0710557
100140,P3,167.0,167.0,887.0,887.0,False,0.37,8.0,5211337159,30.6342088,104.0011536
119707,P3,167.0,167.0,887.0,887.0,False,2.28,10.56,1445517492,30.64939,104.06187
137770,P3,167.0,167.0,887.0,887.0,False,1.17,8.34,2696407816,30.6204241,104.1130503
152230,P3,167.0,167.0,887.0,887.0,False,0.37,8.0,3680361285,30.6550449,104.0223873
168052,P3,167.0,167.0,887.0,887.0,False,1.11,8.22,3087817519,30.6769597,104.0078925
187650,P3,167.0,167.0,887.0,887.0,False,1.66,9.32,4548211332,30.6817227,104.0406246
199463,P3,167.0,167.0,887.0,887.0,False,0.83,8.0,4572410255,30.6847753,104.0699826
204918,P3,167.0,167.0,887.0,887.0,False,1.37,8.74,5141328774,30.614513,104.0614529
75355,P3,167.0,167.0,887.0,887.0,False,0.09,8.0,3541371606,30.66491,104.05706
126086,P3,168.0,168.0,888.0,888.0,False,1.56,9.12,3562028086,30.6808838,104.1163874
168406,P3,168.0,168.0,888.0,888.0,False,0.33,8.0,2843286556,30.6884143,104.0574989
169275,P3,168.0,168.0,888.0,888.0,False,1.46,8.92,4548259333,30.68747,104.04687
41376,P3,168.0,168.0,888.0,888.0,False,1.24,8.48,4064178181,30.6741915,103.9993135
85303,P3,168.0,168.0,888.0,888.0,False,1.56,9.12,2868588324,30.664322,104.08446
132943,P3,169.0,169.0,889.0,889.0,False,0.59,8.0,1885342922,30.67803,104.10057
173052,P3,169.0,169.0,889.0,889.0,False,0.47,8.0,4699007411,30.6137133,104.0445728
207167,P3,169.0,169.0,889.0,889.0,False,0.04,8.0,2908413738,30.6462573,104.0883003
23957,P3,169.0,169.0,889.0,889.0,False,1.31,8.62,3034393451,30.6701307,104.0422567
36825,P3,169.0,169.0,889.0,889.0,False,2.09,10.18,4548211429,30.6802549,104.0589444
104568,P3,170.0,170.0,890.0,890.0,False,2.07,10.14,3614070497,30.6740281,104.0577147
112594,P3,170.0,170.0,890.0,890.0,False,1.29,8.58,1916386526,30.6199829,104.0438585
135881,P3,170.0,170.0,890.0,890.0,False,0.83,8.0,4359390978,30.723514,104.0587727
175066,P3,170.0,170.0,890.0,890.0,False,1.31,8.62,4546939439,30.6195278,104.1083009
29103,P3,170.0,170.0,890.0,890.0,False,0.69,8.0,3681180644,30.65639,104.06631
50326,P3,170.0,170.0,890.0,890.0,False,2.22,10.44,5310712645,30.6595574,104.1104204
51651,P3,170.0,170.0,890.0,890.0,False,0.83,8.0,1458981267,30.661474,104.09635
77267,P3,170.0,170.0,890.0,890.0,False,0.26,8.0,2823785844,30.668098,104.06088
100388,P3,171.0,171.0,891.0,891.0,False,0.4,8.0,1159502916,30.6897875,104.0318126
110987,P3,171.0,171.0,891.0,891.0,False,0.75,8.0,1301933003,30.649977,104.08
119723,P3,171.0,171.0,891.0,891.0,False,0.13,8.0,432453024,30.64787,104.10345
123624,P3,171.0,171.0,891.0,891.0,False,0.29,8.0,3680455717,30.6586496,104.012914
130953,P3,171.0,171.0,891.0,891.0,False,1.83,9.66,3943038370,30.6435175,104.069155
147644,P3,171.0,171.0,891.0,891.0,False,0.43,8.0,4773916465,30.6568434,104.002173
15343,P3,171.0,171.0,891.0,891.0,False,0.2,8.0,432432540,30.6576646,104.0385639
18170,P3,171.0,171.0,891.0,891.0,False,1.62,9.24,432441924,30.6348201,104.0289088
186820,P3,171.0,171.0,891.0,891.0,False,1.83,9.66,4695640579,30.61222,104.0268661
195078,P3,171.0,171.0,891.0,891.0,False,1.36,8.72,2823798122,30.6572364,104.0546464
25822,P3,171.0,171.0,891.0,891.0,False,0.75,8.0,4934383695,30.6133222,104.1123815
34769,P3,171.0,171.0,891.0,891.0,False,0.43,8.0,1815855054,30.6684853,103.9742716
3726,P3,171.0,171.0,891.0,891.0,False,0.29,8.0,4972893912,30.6129315,104.0465191
57817,P3,171.0,171.0,891.0,891.0,False,1.85,9.7,1885342896,30.6788746,104.0972576
67167,P3,171.0,171.0,891.0,891.0,False,0.81,8.0,1159131046,30.666824,104.060814
88095,P3,171.0,171.0,891.0,891.0,False,1.35,8.7,5218240017,30.703959,104.055504
102173,P3,172.0,172.0,892.0,892.0,False,0.08,8.0,1458575268,30.686645,104.0983881
114742,P3,172.0,172.0,892.0,892.0,False,1.63,9.26,1159225748,30.7020337,104.051187
142354,P3,172.0,172.0,892.0,892.0,False,1.74,9.48,5249392176,30.6348954,103.9671368
154608,P3,172.0,172.0,892.0,892.0,False,1.63,9.26,504315332,30.6887864,104.1001353
158191,P3,172.0,172.0,892.0,892.0,False,0.55,8.0,2726869945,30.6784606,104.0389184
191463,P3,172.0,172.0,892.0,892.0,False,0.28,8.0,1159148557,30.6638613,104.0728561
203722,P3,172.0,172.0,892.0,892.0,False,0.08,8.0,432441924,30.6348201,104.0289088
58816,P3,172.0,172.0,892.0,892.0,False,2.28,10.56,3614070500,30.6740138,104.0639403
101251,P3,173.0,173.0,893.0,893.0,False,0.32,8.0,1815741542,30.68937,104.07675
18385,P3,173.0,173.0,893.0,893.0,False,1.03,8.06,5367321408,30.6639201,103.9890214
184868,P3,173.0,173.0,893.0,893.0,False,0.8,8.0,4701464753,30.6148219,104.0584996
73474,P3,173.0,173.0,893.0,893.0,False,1.39,8.78,3541401903,30.6841194,103.9859671
96070,P3,173.0,173.0,893.0,893.0,False,0.92,8.0,5280629138,30.6746556,104.0074077
98535,P3,173.0,173.0,893.0,893.0,False,0.66,8.0,1916386456,30.6403287,104.0149534
122363,P3,174.0,174.0,894.0,894.0,False,0.33,8.0,1159131855,30.66691,104.0766
159701,P3,174.0,174.0,894.0,894.0,False,1.3,8.6,1492633091,30.6201406,104.0646114
161020,P3,174.0,174.0,894.0,894.0,False,1.47,8.94,4934383718,30.610447,104.1112777
161733,P3,174.0,174.0,894.0,894.0,False,1.14,8.28,2039517042,30.6782506,104.0993024
190697,P3,174.0,174.0,894.0,894.0,False,1.14,8.28,4102465470,30.6811188,104.0453964
76600,P3,174.0,174.0,894.0,894.0,False,1.86,9.72,432442860,30.6759474,103.9966722
81406,P3,174.0,174.0,894.0,894.0,False,1.51,9.02,4218012539,30.6250297,104.0420657
9035,P3,174.0,174.0,894.0,894.0,False,2.77,11.54,432442926,30.663585,104.0216285
98360,P3,174.0,174.0,894.0,894.0,False,1.14,8.28,2981319489,30.7097138,104.0073594
108408,P3,175.0,175.0,895.0,895.0,False,0.41,8.0,1156126883,30.668247,104.0757688
125677,P3,175.0,175.0,895.0,895.0,False,1.66,9.32,3582243002,30.706525,104.0098499
127756,P3,175.0,175.0,895.0,895.0,False,1.68,9.36,4585553613,30.6548416,104.0264597
135584,P3,175.0,175.0,895.0,895.0,False,1.73,9.46,1302807417,30.6427652,104.0877375
142913,P3,175.0,175.0,895.0,895.0,False,0.46,8.0,4572410194,30.6856589,103.9731084
163999,P3,175.0,175.0,895.0,895.0,False,0.41,8.0,4695640558,30.614084,104.030205
188338,P3,175.0,175.0,895.0,895.0,False,1.66,9.32,432442854,30.6661921,103.9916253
18866,P3,175.0,175.0,895.0,895.0,False,1.35,8.7,5141328661,30.6133589,104.0634538
195409,P3,175.0,175.0,895.0,895.0,False,1.8,9.6,5055908307,30.7065733,104.1135254
30307,P3,175.0,175.0,895.0,895.0,False,0.44,8.0,2651714403,30.6678,104.11449
5543,P3,175.0,175.0,895.0,895.0,False,1.68,9.36,3562047448,30.709805,104.06519
90355,P3,175.0,175.0,895.0,895.0,False,1.8,9.6,1947584056,30.68233,104.0844
112619,P3,176.0,176.0,896.0,896.0,False,1.91,9.82,4550018997,30.6474632,103.9758156
147735,P3,176.0,176.0,896.0,896.0,False,2.05,10.1,2696407821,30.6199665,104.1094205
149154,P3,176.0,176.0,896.0,896.0,False,0.83,8.0,3541404997,30.6879967,104.0546328
174183,P3,176.0,176.0,896.0,896.0,False,2.29,10.58,3034330074,30.66061,104.07946
176663,P3,176.0,176.0,896.0,896.0,False,1.26,8.52,3614070502,30.67265,104.05257
18948,P3,176.0,176.0,896.0,896.0,False,0.03,8.0,4549993411,30.6925901,104.037526
202057,P3,176.0,176.0,896.0,896.0,False,1.03,8.06,1159516131,30.6466745,104.0782894
205010,P3,176.0,176.0,896.0,896.0,False,1.67,9.34,2564226633,30.641217,104.0236026
23587,P3,176.0,176.0,896.0,896.0,False,0.03,8.0,3034409146,30.71602,104.10716
73613,P3,176.0,176.0,896.0,896.0,False,1.03,8.06,4773916465,30.6568434,104.002173
75079,P3,176.0,176.0,896.0,896.0,False,1.67,9.34,3562110274,30.6716,104.06648
112334,P3,177.0,177.0,897.0,897.0,False,0.79,8.0,3541427589,30.7084491,104.045854
150165,P3,177.0,177.0,897.0,897.0,False,1.1,8.2,4505485114,30.6366175,104.0748642
155496,P3,177.0,177.0,897.0,897.0,False,0.66,8.0,4699007186,30.6142352,104.0316066
178007,P3,177.0,177.0,897.0,897.0,False,0.12,8.0,4701577720,30.6128944,104.072294
23502,P3,177.0,177.0,897.0,897.0,False,0.76,8.0,314635435,30.6318966,104.0360035
33773,P3,177.0,177.0,897.0,897.0,False,1.26,8.52,1458570760,30.6933855,104.0887586
65211,P3,177.0,177.0,897.0,897.0,False,1.49,8.98,314623136,30.6373753,104.0623818
68639,P3,177.0,177.0,897.0,897.0,False,1.81,9.62,4877924396,30.6456255,104.1023277
86459,P3,177.0,177.0,897.0,897.0,False,3.78,13.56,4393145698,30.6240557,104.0416792
94367,P3,177.0,177.0,897.0,897.0,False,0.77,8.0,5141468645,30.6337168,104.092846
168342,P3,178.0,178.0,898.0,898.0,False,1.76,9.52,5213238455,30.6356461,104.0559934
170360,P3,178.0,178.0,898.0,898.0,False,0.57,8.0,3979164235,30.678018,104.1072365
50440,P3,178.0,178.0,898.0,898.0,False,2.23,10.46,1159447656,30.6837739,104.0361967
58191,P3,178.0,178.0,898.0,898.0,False,0.86,8.0,3516900110,30.6681337,104.084441
90399,P3,178.0,178.0,898.0,898.0,False,0.65,8.0,3562045362,30.72305,104.062
14235,P3,179.0,179.0,899.0,899.0,False,0.28,8.0,4548211210,30.67636,104.05617
168479,P3,179.0,179.0,899.0,899.0,False,1.42,8.84,4548211249,30.6772,104.05726
177127,P3,179.0,179.0,899.0,899.0,False,1.14,8.28,2728372887,30.62702,104.07352
28106,P3,179.0,179.0,899.0,899.0,False,1.42,8.84,432432594,30.6590167,104.0359622
111964,P3,180.0,180.0,900.0,900.0,False,0.99,8.0,432432523,30.6548405,104.0512776
113985,P3,180.0,180.0,900.0,900.0,False,0.83,8.0,4779165800,30.6358011,104.0735412
117879,P3,180.0,180.0,900.0,900.0,False,0.1,8.0,5375783451,30.6231738,104.0080194
125730,P3,180.0,180.0,900.0,900.0,False,0.1,8.0,2333096988,30.6241657,103.9868991
137700,P3,180.0,180.0,900.0,900.0,False,2.14,10.28,5211350155,30.6654019,103.9976296
15235,P3,180.0,180.0,900.0,900.0,False,2.38,10.76,4693609824,30.6323588,104.0675906
163115,P3,180.0,180.0,900.0,900.0,False,0.99,8.0,4447946475,30.6534186,104.1120422
164175,P3,180.0,180.0,900.0,900.0,False,0.28,8.0,2726963385,30.61298,104.05536
17442,P3,180.0,180.0,900.0,900.0,False,0.99,8.0,1815741570,30.6864039,104.0764746
184715,P3,180.0,180.0,900.0,900.0,False,0.1,8.0,4106682094,30.6426409,103.9832551
188326,P3,180.0,180.0,900.0,900.0,False,2.22,10.44,4782097008,30.6270058,104.0236448
35961,P3,180.0,180.0,900.0,900.0,False,1.68,9.36,4217837125,30.6269819,104.0454571
68029,P3,180.0,180.0,900.0,900.0,False,1.28,8.56,1459924112,30.6397091,104.1059377
68159,P3,180.0,180.0,900.0,900.0,False,0.1,8.0,4549993020,30.6968336,104.0443714
812,P3,180.0,180.0,900.0,900.0,False,1.76,9.52,2441172197,30.6748274,104.0074372
36511,P3,181.0,181.0,901.0,901.0,False,0.56,8.0,5213238442,30.6469098,104.0388103
40695,P3,181.0,181.0,901.0,901.0,False,1.68,9.36,2259835274,30.625347,104.1026569
49895,P3,181.0,181.0,901.0,901.0,False,2.6,11.2,1492399992,30.6556101,104.0601795
71207,P3,181.0,181.0,901.0,901.0,False,0.7,8.0,1815741549,30.68747,104.07673
96197,P3,181.0,181.0,901.0,901.0,False,0.36,8.0,4695640656,30.6179593,104.0247902
107335,P3,182.0,182.0,902.0,902.0,False,1.54,9.08,2041527388,30.682013,104.09369
124627,P3,182.0,182.0,902.0,902.0,False,0.48,8.0,5213237318,30.6389243,104.0511465
142828,P3,182.0,182.0,902.0,902.0,False,0.48,8.0,1507228514,30.7131726,104.0782277
158721,P3,182.0,182.0,902.0,902.0,False,0.16,8.0,1301932980,30.6535045,104.0727944
187699,P3,182.0,182.0,902.0,902.0,False,1.93,9.86,504315403,30.6955933,104.1070941
196432,P3,182.0,182.0,902.0,902.0,False,0.29,8.0,3516887965,30.7091539,104.0183206
1971,P3,182.0,182.0,902.0,902.0,False,0.23,8.0,3562045366,30.702291,104.041435
201196,P3,182.0,182.0,902.0,902.0,False,1.92,9.84,4748166164,30.6186904,104.0214268
25020,P3,182.0,182.0,902.0,902.0,False,1.93,9.86,3927876951,30.676205,103.9921458
2563,P3,182.0,182.0,902.0,902.0,False,1.88,9.76,4638105420,30.713697,104.063736
3395,P3,182.0,182.0,902.0,902.0,False,1.93,9.86,432432585,30.6593166,104.0346479
39360,P3,182.0,182.0,902.0,902.0,False,0.15,8.0,4773916446,30.6587019,104.002388
53296,P3,182.0,182.0,902.0,902.0,False,1.91,9.82,5141328770,30.6123513,104.0620954
63570,P3,182.0,182.0,902.0,902.0,False,0.16,8.0,3541371613,30.6680667,104.0492802
89083,P3,182.0,182.0,902.0,902.0,False,0.36,8.0,5436627807,30.6969035,104.0707547
12369,P3,183.0,183.0,903.0,903.0,False,0.49,8.0,314623091,30.6463693,104.0312716
152352,P3,183.0,183.0,903.0,903.0,False,2.17,10.34,1958204318,30.6699136,104.0897098
180148,P3,183.0,183.0,903.0,903.0,False,2.16,10.32,4699007175,30.6119028,104.0345229
209411,P3,183.0,183.0,903.0,903.0,False,0.26,8.0,4136052358,30.6133902,104.0484293
50471,P3,183.0,183.0,903.0,903.0,False,1.51,9.02,3681180644,30.655869,104.06688
60998,P3,183.0,183.0,903.0,903.0,False,2.16,10.32,4973209503,30.614432,104.0433815
7619,P3,183.0,183.0,903.0,903.0,False,1.51,9.02,5218133341,30.630701,104.1164631
9181,P3,183.0,183.0,903.0,903.0,False,0.26,8.0,1156126861,30.6748679,104.0815632
94437,P3,183.0,183.0,903.0,903.0,False,2.26,10.52,1305816731,30.6471713,104.0863754
10407,P3,184.0,184.0,904.0,904.0,False,1.99,9.98,4548211351,30.66096,104.05477
110424,P3,184.0,184.0,904.0,904.0,False,0.78,8.0,5375783786,30.6544505,104.0005356
12174,P3,184.0,184.0,904.0,904.0,False,2.54,11.08,4242372662,30.687755,104.0217668
20599,P3,184.0,184.0,904.0,904.0,False,0.48,8.0,5367313638,30.6362689,103.9822918
37638,P3,184.0,184.0,904.0,904.0,False,0.78,8.0,4549993310,30.6510165,103.9886428
60243,P3,184.0,184.0,904.0,904.0,False,1.06,8.12,3034393462,30.6832,104.04642
92037,P3,184.0,184.0,904.0,904.0,False,2.28,10.56,4548211678,30.6290729,104.0969495
115546,P3,185.0,185.0,905.0,905.0,False,3.14,12.28,4638050377,30.7029644,104.0606235
118155,P3,185.0,185.0,905.0,905.0,False,0.58,8.0,4106681977,30.642,103.9774
119437,P3,185.0,185.0,905.0,905.0,False,0.77,8.0,4695640643,30.6114947,104.0245835
119543,P3,185.0,185.0,905.0,905.0,False,0.18,8.0,2868588325,30.66351,104.08572
125622,P3,185.0,185.0,905.0,905.0,False,2.56,11.12,1492368570,30.6571,104.0634553
138809,P3,185.0,185.0,905.0,905.0,False,2.48,10.96,4549993159,30.7059566,104.002035
15075,P3,185.0,185.0,905.0,905.0,False,1.71,9.42,4106682231,30.6774,104.00027
156943,P3,185.0,185.0,905.0,905.0,False,0.5,8.0,3176012314,30.70018,104.0695
167875,P3,185.0,185.0,905.0,905.0,False,0.87,8.0,4106682243,30.6838138,103.9994071
72054,P3,185.0,185.0,905.0,905.0,False,3.14,12.28,2653571754,30.6744222,104.0835944
138815,P3,186.0,186.0,906.0,906.0,False,0.36,8.0,1159228754,30.68639,104.1078
147968,P3,186.0,186.0,906.0,906.0,False,2.74,11.48,4903105802,30.6590823,104.0789158
15105,P3,186.0,186.0,906.0,906.0,False,3.75,13.5,4106682223,30.6744327,103.9973653
172031,P3,186.0,186.0,906.0,906.0,False,0.82,8.0,4548211322,30.6261544,104.0465852
181411,P3,186.0,186.0,906.0,906.0,False,1.01,8.02,5211345684,30.648848,103.9941538
189442,P3,186.0,186.0,906.0,906.0,False,0.17,8.0,3087817450,30.65002,104.0039503
19699,P3,186.0,186.0,906.0,906.0,False,0.23,8.0,4359391014,30.724655,104.11323
44260,P3,186.0,186.0,906.0,906.0,False,0.22,8.0,3680400072,30.6586156,104.0134178
51676,P3,186.0,186.0,906.0,906.0,False,0.49,8.0,5367317631,30.6607161,103.9778598
76096,P3,186.0,186.0,906.0,906.0,False,0.25,8.0,4154127996,30.6765609,104.0904279
7755,P3,186.0,186.0,906.0,906.0,False,0.6,8.0,1912247134,30.6133435,104.0968211
9886,P3,186.0,186.0,906.0,906.0,False,1.65,9.3,314623119,30.6501008,104.0321723
110559,P3,187.0,187.0,907.0,907.0,False,0.56,8.0,5218133309,30.638398,104.1069014
131076,P3,187.0,187.0,907.0,907.0,False,0.1,8.0,432442952,30.6801568,104.0168907
148035,P3,187.0,187.0,907.0,907.0,False,0.4,8.0,1156126849,30.65768,104.08739
148989,P3,187.0,187.0,907.0,907.0,False,2.04,10.08,1458786995,30.6799981,104.0910676
181507,P3,187.0,187.0,907.0,907.0,False,0.14,8.0,5211343337,30.6393548,104.0126613
191117,P3,187.0,187.0,907.0,907.0,False,1.61,9.22,4393216985,30.6223709,104.0562627
37172,P3,187.0,187.0,907.0,907.0,False,0.1,8.0,5359113188,30.677816,104.0120656
46046,P3,187.0,187.0,907.0,907.0,False,0.53,8.0,4548211260,30.6337186,104.0338666
145800,P3,188.0,188.0,908.0,908.0,False,0.04,8.0,5310712645,30.6595574,104.1104204
188626,P3,188.0,188.0,908.0,908.0,False,0.28,8.0,3927877868,30.6765814,103.9869561
20115,P3,188.0,188.0,908.0,908.0,False,0.04,8.0,2041527435,30.6919726,104.096199
37408,P3,188.0,188.0,908.0,908.0,False,2.34,10.68,1159155218,30.642551,104.1024389
83231,P3,188.0,188.0,908.0,908.0,False,1.7,9.4,1305816694,30.65865,104.07736
111447,P3,189.0,189.0,909.0,909.0,False,0.02,8.0,1445522777,30.6499242,104.0633786
141775,P3,189.0,189.0,909.0,909.0,False,1.59,9.18,4693610145,30.635339,104.0672745
144748,P3,189.0,189.0,909.0,909.0,False,0.76,8.0,3445794970,30.6627203,104.0741967
161348,P3,189.0,189.0,909.0,909.0,False,0.24,8.0,4695701805,30.6120169,104.0203408
16495,P3,189.0,189.0,909.0,909.0,False,1.51,9.02,432432551,30.6588313,104.0436132
170269,P3,189.0,189.0,909.0,909.0,False,1.51,9.02,4773916495,30.6581682,104.0003368
189240,P3,189.0,189.0,909.0,909.0,False,2.12,10.24,3034330074,30.660656,104.0796383
193646,P3,189.0,189.0,909.0,909.0,False,0.02,8.0,5141328779,30.6146574,104.0627682
57772,P3,189.0,189.0,909.0,909.0,False,3.35,12.7,441187240,30.6748807,104.0655675
98713,P3,189.0,189.0,909.0,909.0,False,2.12,10.24,2135946735,30.6246646,104.0047638
110363,P3,190.0,190.0,910.0,910.0,False,1.56,9.12,1159228754,30.6865,104.10975
123323,P3,190.0,190.0,910.0,910.0,False,1.96,9.92,4106682230,30.6772401,104.0002265
152829,P3,190.0,190.0,910.0,910.0,False,0.05,8.0,2360396882,30.6678943,104.1117876
34728,P3,190.0,190.0,910.0,910.0,False,0.85,8.0,1290303454,30.6567773,104.0717801
39653,P3,190.0,190.0,910.0,910.0,False,0.36,8.0,5283966123,30.6370674,104.100346
57640,P3,190.0,190.0,910.0,910.0,False,0.77,8.0,4987535038,30.6311871,104.0091674
108920,P3,191.0,191.0,911.0,911.0,False,2.62,11.24,4972899581,30.6336597,104.0486127
110836,P3,191.0,191.0,911.0,911.0,False,1.43,8.86,3680455697,30.6579432,104.013725
118959,P3,191.0,191.0,911.0,911.0,False,0.85,8.0,5141468658,30.6393528,104.0971926
12740,P3,191.0,191.0,911.0,911.0,False,2.62,11.24,337539262,30.6386619,104.0405524
134600,P3,191.0,191.0,911.0,911.0,False,0.33,8.0,5141328781,30.6149508,104.062869
14067,P3,191.0,191.0,911.0,911.0,False,0.69,8.0,1504208933,30.7121505,104.0984302
162577,P3,191.0,191.0,911.0,911.0,False,1.79,9.58,4106682099,30.6429631,103.9801004
174037,P3,191.0,191.0,911.0,911.0,False,1.0,8.0,4586532061,30.6879114,104.0196271
175818,P3,191.0,191.0,911.0,911.0,False,2.62,11.24,3541427562,30.7068456,104.0316989
18747,P3,191.0,191.0,911.0,911.0,False,1.43,8.86,2135946742,30.6241056,104.0053515
34870,P3,191.0,191.0,911.0,911.0,False,1.13,8.26,2217714926,30.6609975,104.0718879
39267,P3,191.0,191.0,911.0,911.0,False,0.85,8.0,1159223043,30.7142873,104.0344182
58944,P3,191.0,191.0,911.0,911.0,False,0.07,8.0,4572410074,30.6968067,103.9778626
69283,P3,191.0,191.0,911.0,911.0,False,1.43,8.86,4548141055,30.611713,104.0758
76676,P3,191.0,191.0,911.0,911.0,False,0.94,8.0,4695601568,30.6115009,104.0325921
82857,P3,191.0,191.0,911.0,911.0,False,0.04,8.0,4877924402,30.6470827,104.1032209
94471,P3,191.0,191.0,911.0,911.0,False,0.85,8.0,3582245798,30.7160362,104.0005616
10369,P3,192.0,192.0,912.0,912.0,False,3.81,13.62,603415280,30.7059606,104.099774
123146,P3,192.0,192.0,912.0,912.0,False,1.02,8.04,5367313162,30.6350008,103.9670743
126657,P3,192.0,192.0,912.0,912.0,False,3.01,12.02,4693610094,30.6348449,104.0701541
127790,P3,192.0,192.0,912.0,912.0,False,1.75,9.5,5141468684,30.6379997,104.0916988
129158,P3,192.0,192.0,912.0,912.0,False,1.59,9.18,1312615989,30.6590086,104.0578798
1295,P3,192.0,192.0,912.0,912.0,False,2.79,11.58,4549993108,30.6889447,104.0331553
144533,P3,192.0,192.0,912.0,912.0,False,1.2,8.4,5141328658,30.6141144,104.064389
147588,P3,192.0,192.0,912.0,912.0,False,0.11,8.0,439751965,30.7051379,104.0066309
150395,P3,192.0,192.0,912.0,912.0,False,1.59,9.18,4693647096,30.63464,104.07284
151363,P3,192.0,192.0,912.0,912.0,False,1.17,8.34,1912247131,30.6100658,104.0924216
191506,P3,192.0,192.0,912.0,912.0,False,0.95,8.0,2119004935,30.6969457,104.0248742
28678,P3,192.0,192.0,912.0,912.0,False,0.53,8.0,288416386,30.6798985,104.0690959
55842,P3,192.0,192.0,912.0,912.0,False,1.17,8.34,1902099198,30.720077,104.065936
71349,P3,192.0,192.0,912.0,912.0,False,1.75,9.5,5283966373,30.7119682,104.0978783
95952,P3,192.0,192.0,912.0,912.0,False,2.79,11.58,5367291466,30.6264731,104.001824
151712,P3,193.0,193.0,913.0,913.0,False,1.66,9.32,5367313162,30.6350008,103.9670743
203991,P3,193.0,193.0,913.0,913.0,False,2.54,11.08,1159234181,30.69452,104.07325
2656,P3,193.0,193.0,913.0,913.0,False,1.8,9.6,672349263,30.7254834,104.0736286
59655,P3,193.0,193.0,913.0,913.0,False,3.68,13.36,4548211308,30.672487,104.05793
90472,P3,193.0,193.0,913.0,913.0,False,0.46,8.0,3582245805,30.721046,104.0017602
92907,P3,193.0,193.0,913.0,913.0,False,0.71,8.0,441187441,30.689,104.05573
101603,P3,194.0,194.0,914.0,914.0,False,2.36,10.72,2360396882,30.6678943,104.1117876
144347,P3,194.0,194.0,914.0,914.0,False,2.69,11.38,3633018391,30.6678065,104.0647205
161817,P3,194.0,194.0,914.0,914.0,False,0.47,8.0,671587213,30.6367614,104.0560237
197167,P3,194.0,194.0,914.0,914.0,False,2.11,10.22,3633018901,30.66695,104.06568
204421,P3,194.0,194.0,914.0,914.0,False,1.22,8.44,4772214765,30.6797793,104.0054537
206165,P3,194.0,194.0,914.0,914.0,False,2.36,10.72,4550018697,30.6528312,104.0601618
207661,P3,194.0,194.0,914.0,914.0,False,0.2,8.0,4230593005,30.6328983,104.0923328
4019,P3,194.0,194.0,914.0,914.0,False,1.25,8.5,1312615989,30.65937,104.05729
79228,P3,194.0,194.0,914.0,914.0,False,1.25,8.5,4548259554,30.6763906,103.9764911
134223,P3,195.0,195.0,915.0,915.0,False,0.37,8.0,504315475,30.68414,104.10053
147953,P3,195.0,195.0,915.0,915.0,False,0.61,8.0,2981319491,30.7106141,104.0138978
198159,P3,195.0,195.0,915.0,915.0,False,1.83,9.66,1159474715,30.693552,104.04599
40031,P3,195.0,195.0,915.0,915.0,False,2.16,10.32,4102465473,30.685253,104.041824
90359,P3,195.0,195.0,915.0,915.0,False,0.85,8.0,4548259673,30.6788,104.05603
97035,P3,195.0,195.0,915.0,915.0,False,1.31,8.62,3579530515,30.65066,104.11586
104505,P3,196.0,196.0,916.0,916.0,False,1.29,8.58,4550018780,30.650239,104.0581381
113388,P3,196.0,196.0,916.0,916.0,False,0.95,8.0,1159225754,30.7045332,104.0490966
113830,P3,196.0,196.0,916.0,916.0,False,1.04,8.08,2204171386,30.7211716,104.0979283
12983,P3,196.0,196.0,916.0,916.0,False,1.5,9.0,628641785,30.6820927,104.0863094
133644,P3,196.0,196.0,916.0,916.0,False,0.4,8.0,1159131810,30.6723637,104.06596
141476,P3,196.0,196.0,916.0,916.0,False,0.72,8.0,4548317899,30.6320768,104.0923232
194443,P3,196.0,196.0,916.0,916.0,False,0.42,8.0,4414330241,30.6626003,104.0893239
22243,P3,196.0,196.0,916.0,916.0,False,0.31,8.0,1815855107,30.676395,103.9861266
30507,P3,196.0,196.0,916.0,916.0,False,0.4,8.0,3445813130,30.672318,104.076355
4288,P3,196.0,196.0,916.0,916.0,False,0.72,8.0,1498677506,30.7263052,104.0717815
8751,P3,196.0,196.0,916.0,916.0,False,0.72,8.0,288416399,30.679916,104.033844
105029,P3,197.0,197.0,917.0,917.0,False,2.79,11.58,4106682109,30.6435481,103.9786326
175960,P3,197.0,197.0,917.0,917.0,False,1.25,8.5,4794975945,30.639873,104.0639714
188023,P3,197.0,197.0,917.0,917.0,False,0.76,8.0,1301932975,30.65537,104.07195
206436,P3,197.0,197.0,917.0,917.0,False,0.13,8.0,4106682120,30.6442026,103.9718285
23596,P3,197.0,197.0,917.0,917.0,False,0.76,8.0,4294775889,30.621076,104.0365612
62411,P3,197.0,197.0,917.0,917.0,False,2.39,10.78,4549992865,30.6929126,104.0376831
108087,P3,198.0,198.0,918.0,918.0,False,3.04,12.08,4572409840,30.7258333,104.0068709
184783,P3,198.0,198.0,918.0,918.0,False,1.64,9.28,4548211410,30.679415,104.04925
43971,P3,198.0,198.0,918.0,918.0,False,2.87,11.74,3541393466,30.6902142,104.008715
5219,P3,198.0,198.0,918.0,918.0,False,0.18,8.0,3034376768,30.68154,104.06141
67869,P3,198.0,198.0,918.0,918.0,False,1.64,9.28,4550018801,30.6372889,103.9790831
70375,P3,198.0,198.0,918.0,918.0,False,2.21,10.42,432442897,30.6650629,104.0266552
98911,P3,198.0,198.0,918.0,918.0,False,1.28,8.56,480012034,30.62054,104.06968
137505,P3,199.0,199.0,919.0,919.0,False,1.47,8.94,4972899551,30.6180476,104.0455301
146568,P3,199.0,199.0,919.0,919.0,False,3.39,12.78,1506487129,30.715398,104.0721394
163663,P3,199.0,199.0,919.0,919.0,False,1.36,8.72,3516900122,30.670305,104.07234
175961,P3,199.0,199.0,919.0,919.0,False,1.32,8.64,4987535039,30.6303759,104.0079777
180018,P3,199.0,199.0,919.0,919.0,False,1.57,9.14,5213238415,30.6443183,104.0390924
198243,P3,199.0,199.0,919.0,919.0,False,1.72,9.44,4900292686,30.670544,104.06439
37302,P3,199.0,199.0,919.0,919.0,False,0.1,8.0,1492619195,30.6230476,104.0660465
45595,P3,199.0,199.0,919.0,919.0,False,0.75,8.0,2276187313,30.6848333,104.0807316
6269,P3,199.0,199.0,919.0,919.0,False,0.56,8.0,4106681930,30.6201312,103.9829283
82202,P3,199.0,199.0,919.0,919.0,False,2.69,11.38,4548318161,30.6319802,104.092318
9419,P3,199.0,199.0,919.0,919.0,False,2.43,10.86,1312615976,30.6533569,104.0604054
118055,P3,200.0,200.0,920.0,920.0,False,0.41,8.0,5283966200,30.705112,104.10458
183084,P3,200.0,200.0,920.0,920.0,False,1.02,8.04,4695640612,30.6115694,104.0256068
31595,P3,200.0,200.0,920.0,920.0,False,2.02,10.04,4118527300,30.6838947,104.0602148
115638,P3,202.0,202.0,922.0,922.0,False,0.29,8.0,4695700280,30.6110924,104.0173551
182583,P3,202.0,202.0,922.0,922.0,False,0.09,8.0,2039550423,30.6400167,104.1131883
183083,P3,202.0,202.0,922.0,922.0,False,0.65,8.0,4987535059,30.6305476,104.0142447
22140,P3,202.0,202.0,922.0,922.0,False,0.49,8.0,3680078468,30.6565435,104.0263571
7430,P3,202.0,202.0,922.0,922.0,False,1.71,9.42,5141468776,30.6278597,104.0925419
105308,P3,203.0,203.0,923.0,923.0,False,0.83,8.0,4972894323,30.6102292,104.0463125
1259,P3,203.0,203.0,923.0,923.0,False,1.88,9.76,3034330085,30.6655,104.07809
126980,P3,203.0,203.0,923.0,923.0,False,1.55,9.1,314622896,30.6548869,104.0664771
152739,P3,203.0,203.0,923.0,923.0,False,1.8,9.6,337539262,30.63894,104.038666
165299,P3,203.0,203.0,923.0,923.0,False,1.2,8.4,5247243497,30.7244175,104.0826552
17643,P3,203.0,203.0,923.0,923.0,False,0.06,8.0,1159160249,30.611542,104.096245
76778,P3,203.0,203.0,923.0,923.0,False,1.2,8.4,529949133,30.6971902,104.1050953
187839,P3,204.0,204.0,924.0,924.0,False,1.92,9.84,3445813118,30.66457,104.07712
200538,P3,204.0,204.0,924.0,924.0,False,0.91,8.0,3742070457,30.6481855,104.0903968
86699,P3,204.0,204.0,924.0,924.0,False,0.34,8.0,5314457254,30.6929502,104.0546678
100168,P3,205.0,205.0,925.0,925.0,False,0.11,8.0,3541427587,30.7086902,104.0430668
101321,P3,205.0,205.0,925.0,925.0,False,0.73,8.0,337539435,30.6109798,104.0581568
116566,P3,205.0,205.0,925.0,925.0,False,0.35,8.0,318090562,30.668192,103.9980864
139984,P3,205.0,205.0,925.0,925.0,False,1.98,9.96,3087817513,30.6583491,103.9937287
148103,P3,205.0,205.0,925.0,925.0,False,0.12,8.0,3562028076,30.66067,104.09365
206721,P3,205.0,205.0,925.0,925.0,False,1.42,8.84,4547074304,30.6107818,104.0749601
3615,P3,205.0,205.0,925.0,925.0,False,0.29,8.0,4294975855,30.6510741,103.990069
48326,P3,205.0,205.0,925.0,925.0,False,0.73,8.0,1159471913,30.6889471,104.0385997
50463,P3,205.0,205.0,925.0,925.0,False,1.2,8.4,1819305123,30.6260816,104.0887933
51903,P3,205.0,205.0,925.0,925.0,False,1.86,9.72,4549992865,30.69322,104.03742
62672,P3,205.0,205.0,925.0,925.0,False,1.42,8.84,3087817510,30.665932,103.9951649
81685,P3,205.0,205.0,925.0,925.0,False,0.29,8.0,1445463639,30.6487245,104.0637304
86480,P3,205.0,205.0,925.0,925.0,False,1.42,8.84,3541401925,30.6967002,104.0100125
8907,P3,205.0,205.0,925.0,925.0,False,0.29,8.0,1459924112,30.6397091,104.1059377
122879,P3,206.0,206.0,926.0,926.0,False,0.79,8.0,5213238433,30.64279,104.03175
130900,P3,206.0,206.0,926.0,926.0,False,1.45,8.9,3523298668,30.629993,104.0475149
182609,P3,206.0,206.0,926.0,926.0,False,2.35,10.7,4550018717,30.6530717,104.0602401
192735,P3,206.0,206.0,926.0,926.0,False,0.86,8.0,2112262743,30.6167012,104.1042136
23703,P3,206.0,206.0,926.0,926.0,False,2.11,10.22,3523314186,30.6267236,104.0599377
56735,P3,206.0,206.0,926.0,926.0,False,0.7,8.0,4582821484,30.6586993,104.0469268
63685,P3,206.0,206.0,926.0,926.0,False,3.16,12.32,5213237318,30.6389243,104.0511465
91142,P3,206.0,206.0,926.0,926.0,False,3.16,12.32,672287883,30.6605319,104.0531342
92345,P3,206.0,206.0,926.0,926.0,False,0.21,8.0,1159224292,30.6965641,104.0475878
96443,P3,206.0,206.0,926.0,926.0,False,0.16,8.0,1159516309,30.6461422,104.0780014
116253,P3,207.0,207.0,927.0,927.0,False,0.15,8.0,4772463300,30.6621289,104.0455896
140370,P3,207.0,207.0,927.0,927.0,False,1.53,9.06,5436607862,30.6464904,104.0727254
173836,P3,207.0,207.0,927.0,927.0,False,1.01,8.02,3087817522,30.6743317,104.0112793
17778,P3,207.0,207.0,927.0,927.0,False,0.21,8.0,4219865854,30.625332,104.042103
185327,P3,207.0,207.0,927.0,927.0,False,1.01,8.02,4903112583,30.65765,104.078545
190253,P3,207.0,207.0,927.0,927.0,False,0.57,8.0,1918491733,30.6408853,103.9832352
192649,P3,207.0,207.0,927.0,927.0,False,0.58,8.0,4064178140,30.6685405,103.9794451
30258,P3,207.0,207.0,927.0,927.0,False,1.69,9.38,4987536553,30.6404953,103.9914348
32039,P3,207.0,207.0,927.0,927.0,False,1.35,8.7,2564226637,30.6373924,104.0276019
52575,P3,207.0,207.0,927.0,927.0,False,1.53,9.06,3034029073,30.6833556,103.9875599
133321,P3,208.0,208.0,928.0,928.0,False,0.43,8.0,1492416227,30.6273948,104.0641628
152699,P3,208.0,208.0,928.0,928.0,False,1.34,8.68,4695700253,30.6182648,104.0197066
195990,P3,208.0,208.0,928.0,928.0,False,0.86,8.0,3113656968,30.6644148,104.0516904
200492,P3,208.0,208.0,928.0,928.0,False,0.01,8.0,3582243013,30.7181715,104.0037623
205908,P3,208.0,208.0,928.0,928.0,False,0.18,8.0,5436607863,30.6466031,104.0726158
88679,P3,208.0,208.0,928.0,928.0,False,0.43,8.0,5283966197,30.69938,104.10577
94563,P3,208.0,208.0,928.0,928.0,False,0.32,8.0,3445813121,30.6631981,104.0813535
102106,P3,209.0,209.0,929.0,929.0,False,0.84,8.0,5283966192,30.7032928,104.116391
1137,P3,209.0,209.0,929.0,929.0,False,0.76,8.0,1458037196,30.6877515,104.100315
44608,P3,209.0,209.0,929.0,929.0,False,0.98,8.0,4701577774,30.6233758,104.0819005
59863,P3,209.0,209.0,929.0,929.0,False,0.96,8.0,2843289913,30.6854891,104.0600785
65873,P3,209.0,209.0,929.0,929.0,False,2.44,10.88,1159227572,30.6954961,104.0527502
88589,P3,209.0,209.0,929.0,929.0,False,1.3,8.6,3158040423,30.6378631,104.0478602
112937,P3,210.0,210.0,930.0,930.0,False,1.48,8.96,4548211447,30.6661912,104.0682416
149439,P3,210.0,210.0,930.0,930.0,False,1.57,9.14,2651588762,30.67023,104.10077
153363,P3,210.0,210.0,930.0,930.0,False,0.76,8.0,1159155728,30.6463429,104.0969334
16027,P3,210.0,210.0,930.0,930.0,False,0.93,8.0,4154368798,30.67544,104.05979
184157,P3,210.0,210.0,930.0,930.0,False,1.59,9.18,337539045,30.6278988,104.019046
202424,P3,210.0,210.0,930.0,930.0,False,0.93,8.0,2564226639,30.6360985,104.019244
45125,P3,210.0,210.0,930.0,930.0,False,0.93,8.0,4069514800,30.7222298,103.9742026
50494,P3,210.0,210.0,930.0,930.0,False,1.57,9.14,1916386553,30.6395429,104.0574268
79235,P3,210.0,210.0,930.0,930.0,False,1.97,9.94,1159155007,30.6526674,104.0863993
91011,P3,210.0,210.0,930.0,930.0,False,1.86,9.72,1159225483,30.707325,104.051765
99489,P3,210.0,210.0,930.0,930.0,False,2.32,10.64,1313998770,30.6357405,104.082223
126567,P3,211.0,211.0,931.0,931.0,False,1.02,8.04,5141328837,30.6350368,104.0701445
138394,P3,211.0,211.0,931.0,931.0,False,0.78,8.0,4548211469,30.6599405,104.0685921
151477,P3,211.0,211.0,931.0,931.0,False,0.86,8.0,432442865,30.6734613,103.9884603
170055,P3,211.0,211.0,931.0,931.0,False,0.86,8.0,3034409146,30.71631,104.106
173073,P3,211.0,211.0,931.0,931.0,False,0.86,8.0,432442945,30.6797108,104.0256357
180998,P3,211.0,211.0,931.0,931.0,False,1.09,8.18,1918491725,30.6443376,103.9820764
20935,P3,211.0,211.0,931.0,931.0,False,1.53,9.06,4772463258,30.6643129,104.0449738
215,P3,211.0,211.0,931.0,931.0,False,0.43,8.0,1313998761,30.63879,104.08701
24607,P3,211.0,211.0,931.0,931.0,False,0.78,8.0,5310712649,30.66388,104.10947
42248,P3,211.0,211.0,931.0,931.0,False,1.36,8.72,2718635891,30.7054133,104.0075966
54372,P3,211.0,211.0,931.0,931.0,False,1.55,9.1,337539262,30.6386619,104.0405524
134561,P3,212.0,212.0,932.0,932.0,False,0.77,8.0,1918491764,30.6509854,103.980506
148681,P3,212.0,212.0,932.0,932.0,False,1.8,9.6,4106681955,30.6290473,103.9838777
200445,P3,212.0,212.0,932.0,932.0,False,1.36,8.72,1918491742,30.6372668,103.9844582
21632,P3,212.0,212.0,932.0,932.0,False,1.75,9.5,1492639709,30.622166,104.0662143
25751,P3,212.0,212.0,932.0,932.0,False,1.36,8.72,3562028089,30.6583938,104.0914228
36244,P3,212.0,212.0,932.0,932.0,False,1.72,9.44,5257005060,30.6766472,104.0932164
66523,P3,212.0,212.0,932.0,932.0,False,0.91,8.0,4779165786,30.633853,104.0737251
105067,P3,213.0,213.0,933.0,933.0,False,2.14,10.28,4548259534,30.6533949,104.0296284
110979,P3,213.0,213.0,933.0,933.0,False,0.08,8.0,3199773905,30.7079799,104.1034492
144549,P3,213.0,213.0,933.0,933.0,False,0.6,8.0,1159483888,30.6800293,104.0739518
14579,P3,213.0,213.0,933.0,933.0,False,1.95,9.9,3562004417,30.6351037,104.0485641
148121,P3,213.0,213.0,933.0,933.0,False,0.13,8.0,4695601333,30.609656,104.0290645
148691,P3,213.0,213.0,933.0,933.0,False,0.08,8.0,1902099047,30.70834,104.06396
153259,P3,213.0,213.0,933.0,933.0,False,0.6,8.0,4106681964,30.631783,103.99331
173443,P3,213.0,213.0,933.0,933.0,False,0.13,8.0,4773916469,30.656163,104.0021928
183904,P3,213.0,213.0,933.0,933.0,False,0.08,8.0,4400595031,30.6754637,104.0757095
198290,P3,213.0,213.0,933.0,933.0,False,1.08,8.16,1459047527,30.6451948,104.1087318
26407,P3,213.0,213.0,933.0,933.0,False,1.68,9.36,4695601628,30.6120246,104.0344772
59343,P3,213.0,213.0,933.0,933.0,False,1.16,8.32,1500638622,30.686871,104.080278
69780,P3,213.0,213.0,933.0,933.0,False,2.44,10.88,1445484327,30.6398761,104.0640846
76445,P3,213.0,213.0,933.0,933.0,False,1.95,9.9,4294975861,30.6509153,103.9887188
81294,P3,213.0,213.0,933.0,933.0,False,1.95,9.9,439751905,30.6743165,103.9868492
10751,P3,214.0,214.0,934.0,934.0,False,1.5,9.0,4978441006,30.6888068,104.1164095
113578,P3,214.0,214.0,934.0,934.0,False,0.49,8.0,1159229568,30.6704077,104.0975317
160145,P3,214.0,214.0,934.0,934.0,False,2.38,10.76,4106682132,30.6465197,103.9841782
97631,P3,214.0,214.0,934.0,934.0,False,1.51,9.02,441187228,30.67021,104.06352
110650,P3,215.0,215.0,935.0,935.0,False,1.31,8.62,4069514821,30.7203896,103.980785
121660,P3,215.0,215.0,935.0,935.0,False,0.36,8.0,4118527460,30.7001906,104.0983786
156721,P3,215.0,215.0,935.0,935.0,False,2.66,11.32,1987226881,30.6663436,104.0488578
163125,P3,215.0,215.0,935.0,935.0,False,0.27,8.0,4548259555,30.6746826,104.0072773
167838,P3,215.0,215.0,935.0,935.0,False,1.29,8.58,4222812804,30.6417196,104.0167533
183031,P3,215.0,215.0,935.0,935.0,False,0.39,8.0,1460310224,30.6550805,104.1125545
187501,P3,215.0,215.0,935.0,935.0,False,0.15,8.0,1459924112,30.6397091,104.1059377
59000,P3,215.0,215.0,935.0,935.0,False,1.11,8.22,504315294,30.6972162,104.1051994
67248,P3,215.0,215.0,935.0,935.0,False,1.62,9.24,4550674910,30.6182113,104.0374637
85351,P3,215.0,215.0,935.0,935.0,False,2.66,11.32,1159168931,30.6365,104.0822
98880,P3,215.0,215.0,935.0,935.0,False,0.48,8.0,4878041005,30.6219621,104.0995531
105240,P3,216.0,216.0,936.0,936.0,False,0.32,8.0,4230611261,30.6511304,104.0716652
113605,P3,216.0,216.0,936.0,936.0,False,1.99,9.98,4987535018,30.6248157,104.0090078
136590,P3,216.0,216.0,936.0,936.0,False,3.29,12.58,1459018259,30.6452301,104.1087541
151929,P3,216.0,216.0,936.0,936.0,False,0.38,8.0,4106682106,30.6433167,103.9847414
164947,P3,216.0,216.0,936.0,936.0,False,1.42,8.84,4534007627,30.704508,104.10389
167035,P3,216.0,216.0,936.0,936.0,False,0.95,8.0,2912287863,30.63456,104.09944
168735,P3,216.0,216.0,936.0,936.0,False,0.82,8.0,3199773741,30.7033011,104.1145094
170771,P3,216.0,216.0,936.0,936.0,False,0.74,8.0,1159149121,30.65475,104.07347
18177,P3,216.0,216.0,936.0,936.0,False,0.75,8.0,4550018885,30.6476329,104.0113992
183963,P3,216.0,216.0,936.0,936.0,False,1.41,8.82,1301932985,30.65336,104.07916
39023,P3,216.0,216.0,936.0,936.0,False,0.08,8.0,671600406,30.67291,104.03467
39110,P3,216.0,216.0,936.0,936.0,False,0.38,8.0,432442880,30.6853516,103.9833976
54624,P3,216.0,216.0,936.0,936.0,False,0.7,8.0,4572410053,30.6647272,103.9750603
65871,P3,216.0,216.0,936.0,936.0,False,0.52,8.0,2472036427,30.66457,104.06245
102807,P3,217.0,217.0,937.0,937.0,False,1.93,9.86,803149786,30.678875,104.092155
109354,P3,217.0,217.0,937.0,937.0,False,1.93,9.86,1916524779,30.6158702,103.9865883
109643,P3,217.0,217.0,937.0,937.0,False,0.73,8.0,1159231823,30.68814,104.07855
131271,P3,217.0,217.0,937.0,937.0,False,0.24,8.0,436486346,30.6358924,103.993922
52086,P3,217.0,217.0,937.0,937.0,False,2.43,10.86,1819305264,30.6279591,104.091633
52574,P3,217.0,217.0,937.0,937.0,False,0.73,8.0,4701577705,30.6175321,104.0727403
68085,P3,217.0,217.0,937.0,937.0,False,2.13,10.26,2309311970,30.6253398,104.0943359
78546,P3,217.0,217.0,937.0,937.0,False,0.34,8.0,4695640653,30.6139095,104.0248146
85405,P3,217.0,217.0,937.0,937.0,False,2.43,10.86,4779165736,30.6248795,104.0390582
85658,P3,217.0,217.0,937.0,937.0,False,2.43,10.86,441221408,30.6459042,104.0229053
87406,P3,217.0,217.0,937.0,937.0,False,0.15,8.0,5141328741,30.6122128,104.0635145
89248,P3,217.0,217.0,937.0,937.0,False,0.3,8.0,4505488419,30.6356156,104.076879
125195,P3,218.0,218.0,938.0,938.0,False,1.22,8.44,4549993443,30.70661,104.04087
18144,P3,218.0,218.0,938.0,938.0,False,2.81,11.62,4701464362,30.6141471,104.0569488
191837,P3,218.0,218.0,938.0,938.0,False,0.06,8.0,4934383687,30.6157501,104.1162622
192575,P3,218.0,218.0,938.0,938.0,False,1.89,9.78,1156126797,30.67087,104.04652
26746,P3,218.0,218.0,938.0,938.0,False,1.26,8.52,441265746,30.6444698,104.028259
34430,P3,218.0,218.0,938.0,938.0,False,1.89,9.78,671600440,30.6639302,104.0475646
40995,P3,218.0,218.0,938.0,938.0,False,2.76,11.52,2372052925,30.63372,104.09984
8893,P3,218.0,218.0,938.0,938.0,False,1.89,9.78,2259835288,30.6235312,104.1025317
131511,P3,219.0,219.0,939.0,939.0,False,0.4,8.0,1159143637,30.66617,104.102554
178303,P3,219.0,219.0,939.0,939.0,False,1.21,8.42,1492416235,30.6320747,104.0640264
180889,P3,219.0,219.0,939.0,939.0,False,0.71,8.0,4106681972,30.6401081,103.9809856
183945,P3,219.0,219.0,939.0,939.0,False,1.65,9.3,2330199410,30.7196881,104.1127212
23292,P3,219.0,219.0,939.0,939.0,False,0.84,8.0,314635503,30.6253797,104.0422971
110335,P3,220.0,220.0,940.0,940.0,False,0.7,8.0,1493202761,30.611273,104.0580261
148995,P3,220.0,220.0,940.0,940.0,False,0.46,8.0,2559969425,30.6220613,104.0295577
149212,P3,220.0,220.0,940.0,940.0,False,1.25,8.5,3742070445,30.6517484,104.0822534
163412,P3,220.0,220.0,940.0,940.0,False,0.47,8.0,4991426385,30.6512187,103.9828504
27787,P3,220.0,220.0,940.0,940.0,False,1.62,9.24,2981319492,30.711016,104.011505
35240,P3,220.0,220.0,940.0,940.0,False,0.81,8.0,4987534962,30.622065,104.006195
38185,P3,220.0,220.0,940.0,940.0,False,2.53,11.06,432442926,30.663585,104.0216285
49083,P3,220.0,220.0,940.0,940.0,False,1.25,8.5,3034029052,30.676004,104.00206
85596,P3,220.0,220.0,940.0,940.0,False,0.91,8.0,2041527437,30.6922956,104.0955016
91324,P3,220.0,220.0,940.0,940.0,False,2.62,11.24,4572410232,30.7120563,103.9900015
92896,P3,220.0,220.0,940.0,940.0,False,0.81,8.0,3541401922,30.7018149,104.0085222
96728,P3,220.0,220.0,940.0,940.0,False,1.62,9.24,3927877862,30.6765267,103.9887115
9853,P3,220.0,220.0,940.0,940.0,False,0.46,8.0,2041530108,30.6917482,104.0851926
168879,P3,221.0,221.0,941.0,941.0,False,0.78,8.0,4154368798,30.67669,104.05876
25371,P3,221.0,221.0,941.0,941.0,False,2.05,10.1,1459057463,30.6457887,104.1075099
26851,P3,221.0,221.0,941.0,941.0,False,1.68,9.36,1457872913,30.6878465,104.0995121
58331,P3,221.0,221.0,941.0,941.0,False,2.46,10.92,4550018678,30.6187593,104.037914
75653,P3,221.0,221.0,941.0,941.0,False,0.52,8.0,1301933031,30.6531743,104.0712379
81829,P3,221.0,221.0,941.0,941.0,False,0.88,8.0,2997203343,30.6969032,104.0743068
83363,P3,221.0,221.0,941.0,941.0,False,1.28,8.56,3445813553,30.665438,104.0736
92827,P3,221.0,221.0,941.0,941.0,False,0.95,8.0,432442863,30.672203,104.0015513
177294,P3,222.0,222.0,942.0,942.0,False,0.5,8.0,4703149483,30.611085,104.0681825
181753,P3,222.0,222.0,942.0,942.0,False,1.89,9.78,2344329072,30.6542225,104.0532409
18227,P3,222.0,222.0,942.0,942.0,False,0.45,8.0,672282820,30.65647,104.10238
204246,P3,222.0,222.0,942.0,942.0,False,0.18,8.0,1819305354,30.637589,104.1042642
28683,P3,222.0,222.0,942.0,942.0,False,1.02,8.04,2039561244,30.68407,104.10386
55870,P3,222.0,222.0,942.0,942.0,False,1.89,9.78,4106681955,30.6290473,103.9838777
164364,P3,223.0,223.0,943.0,943.0,False,1.47,8.94,1507386725,30.6976709,104.0789527
41995,P3,223.0,223.0,943.0,943.0,False,1.04,8.08,3034393463,30.68585,104.04525
139538,P3,224.0,224.0,944.0,944.0,False,0.42,8.0,2333184029,30.6229981,104.0878428
146319,P3,224.0,224.0,944.0,944.0,False,1.18,8.36,3633018901,30.666607,104.0656
184704,P3,224.0,224.0,944.0,944.0,False,1.28,8.56,1916386454,30.6473557,104.0068671
3361,P3,224.0,224.0,944.0,944.0,False,0.79,8.0,5213238444,30.6422703,104.1153775
34708,P3,224.0,224.0,944.0,944.0,False,0.73,8.0,4548259625,30.6553129,104.0498178
100668,P3,225.0,225.0,945.0,945.0,False,0.46,8.0,3633001078,30.6650952,104.0309679
102979,P3,225.0,225.0,945.0,945.0,False,1.96,9.92,3445794973,30.6621836,104.0786846
103796,P3,225.0,225.0,945.0,945.0,False,0.6,8.0,1815729252,30.7124346,104.0674139
112310,P3,225.0,225.0,945.0,945.0,False,0.09,8.0,314614336,30.6416734,104.0527377
122903,P3,225.0,225.0,945.0,945.0,False,2.44,10.88,1827955129,30.66337,104.05616
34089,P3,225.0,225.0,945.0,945.0,False,0.92,8.0,4773199417,30.6698554,104.0112435
5960,P3,225.0,225.0,945.0,945.0,False,1.13,8.26,3523314188,30.6256411,104.0520132
65895,P3,225.0,225.0,945.0,945.0,False,0.11,8.0,1159483868,30.685532,104.07371
104966,P3,226.0,226.0,946.0,946.0,False,3.11,12.22,4772463302,30.6617108,104.044674
12148,P3,226.0,226.0,946.0,946.0,False,1.52,9.04,1469155000,30.6317063,104.1151237
123193,P3,226.0,226.0,946.0,946.0,False,0.71,8.0,1458553198,30.6826836,104.1032519
123393,P3,226.0,226.0,946.0,946.0,False,0.1,8.0,4874328126,30.6183307,104.1040953
127143,P3,226.0,226.0,946.0,946.0,False,3.11,12.22,314622958,30.644276,104.04735
14771,P3,226.0,226.0,946.0,946.0,False,1.92,9.84,4548211344,30.68252,104.06145
162147,P3,226.0,226.0,946.0,946.0,False,1.92,9.84,1459025676,30.6457794,104.1082638
183004,P3,226.0,226.0,946.0,946.0,False,1.52,9.04,3562045359,30.7048908,104.0389388
183823,P3,226.0,226.0,946.0,946.0,False,1.48,8.96,4934383655,30.61838,104.11582
195944,P3,226.0,226.0,946.0,946.0,False,1.66,9.32,3562033463,30.7051544,104.0713387
26765,P3,226.0,226.0,946.0,946.0,False,3.11,12.22,4695700257,30.6165978,104.0198291
54583,P3,226.0,226.0,946.0,946.0,False,0.54,8.0,3516900112,30.67268,104.06806
80286,P3,226.0,226.0,946.0,946.0,False,1.92,9.84,1159482260,30.6749642,104.073562
103849,P3,227.0,227.0,947.0,947.0,False,0.88,8.0,2560005533,30.6219411,104.0248598
115385,P3,227.0,227.0,947.0,947.0,False,0.57,8.0,4695640612,30.6115694,104.0256068
117278,P3,227.0,227.0,947.0,947.0,False,0.47,8.0,4546939439,30.6195278,104.1083009
170191,P3,227.0,227.0,947.0,947.0,False,0.88,8.0,1159234180,30.694905,104.0671903
173859,P3,227.0,227.0,947.0,947.0,False,0.04,8.0,3633008400,30.666126,104.04059
185446,P3,227.0,227.0,947.0,947.0,False,1.68,9.36,4695640526,30.6150763,104.0247805
202075,P3,227.0,227.0,947.0,947.0,False,1.02,8.04,4107377043,30.6437136,103.9939749
42906,P3,227.0,227.0,947.0,947.0,False,2.96,11.92,314622992,30.6505147,103.9859147
65259,P3,227.0,227.0,947.0,947.0,False,0.88,8.0,1159462571,30.67946,104.02016
98005,P3,227.0,227.0,947.0,947.0,False,0.63,8.0,4550701194,30.6238498,104.0339028
102351,P3,228.0,228.0,948.0,948.0,False,3.1,12.2,3579517899,30.6684,104.05346
124558,P3,228.0,228.0,948.0,948.0,False,3.1,12.2,1159148967,30.6591583,104.0702933
156078,P3,228.0,228.0,948.0,948.0,False,0.39,8.0,2135944704,30.6161217,104.0165029
33239,P3,228.0,228.0,948.0,948.0,False,0.07,8.0,5053143858,30.708914,104.00113
82351,P3,228.0,228.0,948.0,948.0,False,1.74,9.48,2727024784,30.615147,104.05211
107779,P3,229.0,229.0,949.0,949.0,False,1.01,8.02,1964427886,30.67026,104.10314
154578,P3,229.0,229.0,949.0,949.0,False,0.72,8.0,3089029133,30.6625833,104.0491137
176643,P3,229.0,229.0,949.0,949.0,False,0.72,8.0,5283966195,30.70219,104.11484
204608,P3,229.0,229.0,949.0,949.0,False,1.84,9.68,1459018266,30.6462712,104.1084821
42847,P3,229.0,229.0,949.0,949.0,False,0.96,8.0,3390819397,30.6417956,104.0509898
44429,P3,229.0,229.0,949.0,949.0,False,1.21,8.42,432442939,30.6774502,104.0262043
5096,P3,229.0,229.0,949.0,949.0,False,0.05,8.0,4549993408,30.6964897,104.0443426
94923,P3,229.0,229.0,949.0,949.0,False,0.05,8.0,3562099185,30.65154,104.07475
116779,P3,230.0,230.0,950.0,950.0,False,1.9,9.8,3541371613,30.66761,104.05067
11775,P3,230.0,230.0,950.0,950.0,False,1.18,8.36,3943038384,30.6400695,104.069163
126227,P3,230.0,230.0,950.0,950.0,False,1.35,8.7,5040759944,30.68345,104.10039
131352,P3,230.0,230.0,950.0,950.0,False,1.46,8.92,2843286568,30.6926156,104.0570324
173632,P3,230.0,230.0,950.0,950.0,False,1.18,8.36,1305816711,30.6398407,104.0789439
195840,P3,230.0,230.0,950.0,950.0,False,3.29,12.58,4748166159,30.6149621,104.0244121
207504,P3,230.0,230.0,950.0,950.0,False,1.68,9.36,2546074266,30.6859804,104.0297723
62186,P3,230.0,230.0,950.0,950.0,False,0.5,8.0,5367317631,30.6607161,103.9778598
66032,P3,230.0,230.0,950.0,950.0,False,0.65,8.0,1500638700,30.6853115,104.0794117
131431,P3,231.0,231.0,951.0,951.0,False,3.43,12.86,1756176909,30.67562,104.07029
14555,P3,231.0,231.0,951.0,951.0,False,0.32,8.0,3199773573,30.69984,104.10909
153874,P3,231.0,231.0,951.0,951.0,False,0.55,8.0,3582243005,30.7096292,104.007262
15558,P3,231.0,231.0,951.0,951.0,False,0.68,8.0,2717964376,30.6274826,104.0669172
165694,P3,231.0,231.0,951.0,951.0,False,3.43,12.86,1504232582,30.6981113,104.0892389
179807,P3,231.0,231.0,951.0,951.0,False,1.03,8.06,5283966122,30.6507739,104.096601
191738,P3,231.0,231.0,951.0,951.0,False,0.02,8.0,5375783867,30.6616793,103.9966035
48396,P3,231.0,231.0,951.0,951.0,False,1.51,9.02,4934383689,30.6160087,104.1156346
57958,P3,231.0,231.0,951.0,951.0,False,0.68,8.0,1156126795,30.6770268,104.0466902
111240,P3,232.0,232.0,952.0,952.0,False,2.24,10.48,4102465474,30.6874097,104.0398793
111479,P3,232.0,232.0,952.0,952.0,False,1.52,9.04,441159355,30.72083,104.10473
112571,P3,232.0,232.0,952.0,952.0,False,1.4,8.8,5218239999,30.6976768,104.0519257
202436,P3,232.0,232.0,952.0,952.0,False,2.39,10.78,5213238558,30.639159,104.0308764
67616,P3,232.0,232.0,952.0,952.0,False,1.77,9.54,4106682116,30.6440316,103.9807417
93557,P3,232.0,232.0,952.0,952.0,False,0.17,8.0,1459057464,30.6466569,104.1080476
182349,P3,233.0,233.0,953.0,953.0,False,1.27,8.54,2997203349,30.6989641,104.0736052
209095,P3,233.0,233.0,953.0,953.0,False,0.49,8.0,1313998738,30.6313234,104.0879795
52554,P3,233.0,233.0,953.0,953.0,False,2.13,10.26,3633001071,30.6661508,104.0233502
98342,P3,233.0,233.0,953.0,953.0,False,0.07,8.0,314623162,30.6569104,104.0679409
13506,P3,234.0,234.0,954.0,954.0,False,0.48,8.0,4880318306,30.6979264,104.0672621
144227,P3,234.0,234.0,954.0,954.0,False,0.98,8.0,1827955129,30.66337,104.05616
171010,P3,234.0,234.0,954.0,954.0,False,0.63,8.0,702755670,30.6717011,103.9673638
184798,P3,234.0,234.0,954.0,954.0,False,1.23,8.46,4695640584,30.6127957,104.0259355
25967,P3,234.0,234.0,954.0,954.0,False,1.1,8.2,1159477627,30.6751,104.05285
57936,P3,234.0,234.0,954.0,954.0,False,0.14,8.0,4772463303,30.661617,104.0449828
60976,P3,234.0,234.0,954.0,954.0,False,2.68,11.36,3927877868,30.6765814,103.9869561
96255,P3,234.0,234.0,954.0,954.0,False,0.14,8.0,1916530866,30.6104086,103.987345
115427,P3,235.0,235.0,955.0,955.0,False,0.23,8.0,1506449541,30.7050514,104.0638781
121233,P3,235.0,235.0,955.0,955.0,False,1.75,9.5,1756193230,30.6394057,104.0282731
160019,P3,235.0,235.0,955.0,955.0,False,0.93,8.0,4220546259,30.654554,104.07429
191455,P3,235.0,235.0,955.0,955.0,False,1.77,9.54,4693609966,30.6294274,104.0686324
23468,P3,235.0,235.0,955.0,955.0,False,1.8,9.6,1159172636,30.6229853,104.0775336
42527,P3,235.0,235.0,955.0,955.0,False,0.06,8.0,3541376437,30.715878,104.05871
73963,P3,235.0,235.0,955.0,955.0,False,1.51,9.02,2135944704,30.6161217,104.0165029
63599,P3,236.0,236.0,956.0,956.0,False,2.27,10.54,4548318165,30.6259711,104.0946067
92745,P3,236.0,236.0,956.0,956.0,False,1.71,9.42,2041337982,30.6830604,104.0956174
112979,P3,237.0,237.0,957.0,957.0,False,1.39,8.78,1301932985,30.65349,104.079834
120228,P3,237.0,237.0,957.0,957.0,False,0.09,8.0,4548317440,30.6182658,104.0961583
141791,P3,237.0,237.0,957.0,957.0,False,1.74,9.48,4695640656,30.6179593,104.0247902
142550,P3,237.0,237.0,957.0,957.0,False,0.44,8.0,4294975866,30.6480272,103.9928105
21293,P3,237.0,237.0,957.0,957.0,False,0.09,8.0,2315717685,30.6295811,104.0975905
85295,P3,237.0,237.0,957.0,957.0,False,4.51,15.02,4972899566,30.62058,104.05597
91419,P3,237.0,237.0,957.0,957.0,False,2.39,10.78,5314457254,30.6929502,104.0546678
175433,P3,238.0,238.0,958.0,958.0,False,2.15,10.3,3680455711,30.65943,104.0169098
183638,P3,238.0,238.0,958.0,958.0,False,0.66,8.0,2852215059,30.717982,104.0866281
186879,P3,238.0,238.0,958.0,958.0,False,1.01,8.02,5261581863,30.67786,104.09564
25856,P3,238.0,238.0,958.0,958.0,False,0.66,8.0,432442540,30.6940599,104.0132439
42905,P3,238.0,238.0,958.0,958.0,False,0.77,8.0,2119004937,30.6986814,104.0269566
49419,P3,238.0,238.0,958.0,958.0,False,0.24,8.0,4550700992,30.6278825,104.098802
76402,P3,238.0,238.0,958.0,958.0,False,0.24,8.0,3087817485,30.6643872,104.0141038
113644,P3,239.0,239.0,959.0,959.0,False,0.8,8.0,4505485125,30.6371748,104.0818658
125861,P3,239.0,239.0,959.0,959.0,False,0.2,8.0,276556860,30.6213041,104.0645003
131941,P3,239.0,239.0,959.0,959.0,False,1.06,8.12,4549993293,30.6508421,103.9890791
171839,P3,239.0,239.0,959.0,959.0,False,0.21,8.0,1458937192,30.6764909,104.0951605
196260,P3,239.0,239.0,959.0,959.0,False,1.6,9.2,4972899565,30.6237876,104.0495915
25781,P3,239.0,239.0,959.0,959.0,False,0.2,8.0,5382831197,30.6749061,104.0966255
105306,P3,240.0,240.0,960.0,960.0,False,1.0,8.0,5249392176,30.6348954,103.9671368
116800,P3,240.0,240.0,960.0,960.0,False,1.93,9.86,4548211649,30.6912378,104.0367322
146070,P3,240.0,240.0,960.0,960.0,False,2.76,11.52,3562086848,30.6732419,104.0595487
148956,P3,240.0,240.0,960.0,960.0,False,2.53,11.06,3541427565,30.7090109,104.0467738
180003,P3,240.0,240.0,960.0,960.0,False,1.97,9.94,5055911223,30.71351,104.11463
206673,P3,240.0,240.0,960.0,960.0,False,0.7,8.0,3562047421,30.7161418,104.0610998
35840,P3,240.0,240.0,960.0,960.0,False,0.82,8.0,5141468763,30.6263963,104.0941468
57296,P3,240.0,240.0,960.0,960.0,False,1.0,8.0,3412058099,30.6112769,104.0847865
66276,P3,240.0,240.0,960.0,960.0,False,2.76,11.52,5375783426,30.6250323,104.0039095
66338,P3,240.0,240.0,960.0,960.0,False,2.97,11.94,1756193219,30.6382746,104.0289902
69003,P3,240.0,240.0,960.0,960.0,False,0.23,8.0,1339701405,30.7020499,104.0530719
89224,P3,240.0,240.0,960.0,960.0,False,1.87,9.74,3562004416,30.6377822,104.0480217
99052,P3,240.0,240.0,960.0,960.0,False,2.97,11.94,4548318070,30.6452307,104.0820694
125002,P3,241.0,241.0,961.0,961.0,False,2.22,10.44,337539075,30.6245189,104.0049732
159082,P3,241.0,241.0,961.0,961.0,False,0.79,8.0,4779165794,30.6368945,104.073728
166250,P3,241.0,241.0,961.0,961.0,False,1.38,8.76,4981594499,30.6324128,103.9966808
203080,P3,241.0,241.0,961.0,961.0,False,2.55,11.1,4550770090,30.632084,104.1058371
31062,P3,241.0,241.0,961.0,961.0,False,1.67,9.34,4638050371,30.703058,104.0614812
89563,P3,241.0,241.0,961.0,961.0,False,1.13,8.26,4585624086,30.6737789,104.0302601
102797,P3,242.0,242.0,962.0,962.0,False,1.6,9.2,3541427576,30.7050616,104.0339721
11295,P3,242.0,242.0,962.0,962.0,False,2.11,10.22,672406316,30.6524299,104.0693456
118261,P3,242.0,242.0,962.0,962.0,False,1.12,8.24,432452881,30.6207392,104.0502162
148238,P3,242.0,242.0,962.0,962.0,False,1.12,8.24,3516900123,30.6712689,104.0733689
75334,P3,242.0,242.0,962.0,962.0,False,1.14,8.28,4750955766,30.7105967,104.1141998
10444,P3,243.0,243.0,963.0,963.0,False,1.1,8.2,4585624086,30.6737789,104.0302601
138171,P3,243.0,243.0,963.0,963.0,False,0.89,8.0,3516900115,30.6731,104.07516
147524,P3,243.0,243.0,963.0,963.0,False,1.89,9.78,4592713498,30.6215914,104.0643526
179757,P3,243.0,243.0,963.0,963.0,False,2.8,11.6,4106682230,30.6772401,104.0002265
18130,P3,243.0,243.0,963.0,963.0,False,0.27,8.0,4393216985,30.6223709,104.0562627
25543,P3,243.0,243.0,963.0,963.0,False,2.8,11.6,3562111926,30.6651,104.08841
34939,P3,243.0,243.0,963.0,963.0,False,0.19,8.0,5375784155,30.65144,104.00353
15751,P3,244.0,244.0,964.0,964.0,False,1.08,8.16,1312615956,30.6489116,104.0588362
201867,P3,244.0,244.0,964.0,964.0,False,1.32,8.64,3541401933,30.7003532,104.0090962
50911,P3,244.0,244.0,964.0,964.0,False,0.99,8.0,3562045366,30.70236,104.04125
11522,P3,245.0,245.0,965.0,965.0,False,3.44,12.88,4548211424,30.6785347,104.057734
159220,P3,245.0,245.0,965.0,965.0,False,2.17,10.34,2696407821,30.6199665,104.1094205
161202,P3,245.0,245.0,965.0,965.0,False,0.13,8.0,4987536539,30.627694,104.0011409
17499,P3,245.0,245.0,965.0,965.0,False,1.52,9.04,1458972939,30.66525,104.09065
205716,P3,245.0,245.0,965.0,965.0,False,2.08,10.16,4699007138,30.610447,104.0398246
38140,P3,245.0,245.0,965.0,965.0,False,3.68,13.36,5141468670,30.6376239,104.0905916
49034,P3,245.0,245.0,965.0,965.0,False,0.93,8.0,3331334418,30.6118493,104.0842892
159082,P3,246.0,246.0,966.0,966.0,False,1.79,9.58,5375783806,30.6558811,104.0016809
165651,P3,246.0,246.0,966.0,966.0,False,1.22,8.44,4906971007,30.658228,104.0691
177907,P3,246.0,246.0,966.0,966.0,False,1.27,8.54,4903105804,30.65463,104.07672
196382,P3,246.0,246.0,966.0,966.0,False,0.3,8.0,4106682091,30.6425019,103.9821727
22079,P3,246.0,246.0,966.0,966.0,False,0.3,8.0,5141468663,30.63955,104.09247
35130,P3,246.0,246.0,966.0,966.0,False,1.86,9.72,3087817511,30.6658238,103.997649
49808,P3,246.0,246.0,966.0,966.0,False,0.3,8.0,4548318064,30.6440185,104.0855758
81525,P3,246.0,246.0,966.0,966.0,False,1.86,9.72,4549993260,30.6492,103.9823516
102995,P3,247.0,247.0,967.0,967.0,False,1.32,8.64,3562099597,30.6502342,104.0276432
123707,P3,247.0,247.0,967.0,967.0,False,0.43,8.0,4693610128,30.636029,104.0718871
171009,P3,247.0,247.0,967.0,967.0,False,0.15,8.0,1159173784,30.6320216,104.0709797
196418,P3,247.0,247.0,967.0,967.0,False,1.14,8.28,4773916440,30.6576258,104.0019011
202603,P3,247.0,247.0,967.0,967.0,False,0.43,8.0,1159502924,30.68919,104.03015
36878,P3,247.0,247.0,967.0,967.0,False,1.09,8.18,5053143850,30.7230756,104.002431
46522,P3,247.0,247.0,967.0,967.0,False,1.02,8.04,2041531471,30.6798058,104.0744654
56347,P3,247.0,247.0,967.0,967.0,False,1.09,8.18,1459043869,30.6444,104.10778
128547,P3,248.0,248.0,968.0,968.0,False,1.09,8.18,4393204195,30.6224409,104.0600219
132686,P3,248.0,248.0,968.0,968.0,False,2.83,11.66,441159355,30.7207536,104.1060912
168234,P3,248.0,248.0,968.0,968.0,False,1.14,8.28,1159169335,30.6391357,104.0839256
179488,P3,248.0,248.0,968.0,968.0,False,0.7,8.0,3680400046,30.6593868,104.0264004
28255,P3,248.0,248.0,968.0,968.0,False,2.83,11.66,314622896,30.654749,104.06757
28486,P3,248.0,248.0,968.0,968.0,False,0.82,8.0,1458553201,30.6851519,104.1018439
31166,P3,248.0,248.0,968.0,968.0,False,2.83,11.66,4106682236,30.6808464,104.0025244
42289,P3,248.0,248.0,968.0,968.0,False,0.29,8.0,3979164207,30.6751625,104.0891486
207405,P3,249.0,249.0,969.0,969.0,False,0.49,8.0,1492399999,30.6567903,104.0584019
40392,P3,249.0,249.0,969.0,969.0,False,1.82,9.64,1500638635,30.6922961,104.0303781
62731,P3,249.0,249.0,969.0,969.0,False,2.14,10.28,1885342924,30.678185,104.1010445
63161,P3,249.0,249.0,969.0,969.0,False,1.33,8.66,1492626408,30.6212953,104.0644436
69347,P3,249.0,249.0,969.0,969.0,False,0.15,8.0,1159227442,30.69331,104.05032
78389,P3,249.0,249.0,969.0,969.0,False,1.72,9.44,4550568567,30.6358796,104.0647311
147181,P3,250.0,250.0,970.0,970.0,False,0.93,8.0,1459023394,30.6449286,104.1092314
15915,P3,250.0,250.0,970.0,970.0,False,0.63,8.0,2039561247,30.688173,104.11358
58623,P3,250.0,250.0,970.0,970.0,False,1.79,9.58,1159134903,30.6594044,104.0891979
68431,P3,250.0,250.0,970.0,970.0,False,0.93,8.0,3541426298,30.70276,104.07235
95240,P3,250.0,250.0,970.0,970.0,False,2.45,10.9,4548141087,30.6234574,104.0813778
205425,P3,251.0,251.0,971.0,971.0,False,2.04,10.08,1460291856,30.651437,104.1109436
27420,P3,251.0,251.0,971.0,971.0,False,1.24,8.48,3541401904,30.6999243,104.0012048
47637,P3,251.0,251.0,971.0,971.0,False,1.61,9.22,1159143438,30.6643061,104.1015089
48931,P3,251.0,251.0,971.0,971.0,False,0.47,8.0,4592713497,30.6142159,104.0620289
52635,P3,251.0,251.0,971.0,971.0,False,1.55,9.1,441187597,30.6905,104.05383
55445,P3,251.0,251.0,971.0,971.0,False,2.46,10.92,4978440954,30.6777353,104.0789285
75217,P3,251.0,251.0,971.0,971.0,False,0.87,8.0,3680455707,30.6593692,104.0138061
114136,P3,252.0,252.0,972.0,972.0,False,0.49,8.0,3034029052,30.6760811,104.0027193
122118,P3,252.0,252.0,972.0,972.0,False,2.91,11.82,4772214781,30.6797356,104.0054318
204900,P3,252.0,252.0,972.0,972.0,False,2.68,11.36,4779165755,30.6265117,104.0310451
38410,P3,252.0,252.0,972.0,972.0,False,2.14,10.28,3562055478,30.7198442,104.0374357
87342,P3,252.0,252.0,972.0,972.0,False,0.33,8.0,4699007281,30.6150398,104.0349117
159751,P3,253.0,253.0,973.0,973.0,False,1.41,8.82,5141468802,30.6302217,104.1002551
16303,P3,253.0,253.0,973.0,973.0,False,0.23,8.0,2564226627,30.6398379,104.0185183
167904,P3,253.0,253.0,973.0,973.0,False,2.15,10.3,3034376772,30.6802544,104.0634516
189799,P3,253.0,253.0,973.0,973.0,False,1.36,8.72,2784763755,30.6820043,104.0765705
190487,P3,253.0,253.0,973.0,973.0,False,1.89,9.78,5359113181,30.6768089,104.0142246
35924,P3,253.0,253.0,973.0,973.0,False,1.36,8.72,3680455708,30.659392,104.0139298
90194,P3,253.0,253.0,973.0,973.0,False,1.15,8.3,3541404997,30.6879967,104.0546328
97712,P3,253.0,253.0,973.0,973.0,False,1.36,8.72,4548259649,30.676216,103.9825873
126566,P3,254.0,254.0,974.0,974.0,False,3.97,13.94,504315334,30.6863459,104.098279
138345,P3,254.0,254.0,974.0,974.0,False,1.48,8.96,2981319486,30.7081174,104.0085289
184064,P3,254.0,254.0,974.0,974.0,False,0.43,8.0,1918491706,30.6304607,104.0082188
189124,P3,254.0,254.0,974.0,974.0,False,2.97,11.94,4549993196,30.7044116,104.0035518
27940,P3,254.0,254.0,974.0,974.0,False,2.97,11.94,5367291466,30.6264731,104.001824
45289,P3,254.0,254.0,974.0,974.0,False,0.98,8.0,4550018836,30.6230217,104.0149227
48999,P3,254.0,254.0,974.0,974.0,False,0.06,8.0,3925309351,30.6910605,104.1080237
74739,P3,254.0,254.0,974.0,974.0,False,1.39,8.78,3597689716,30.71451,103.98293
123237,P3,255.0,255.0,975.0,975.0,False,0.56,8.0,4693609876,30.6319966,104.0696843
141370,P3,255.0,255.0,975.0,975.0,False,1.22,8.44,3614062391,30.6737255,104.0495054
186069,P3,255.0,255.0,975.0,975.0,False,0.65,8.0,1916517839,30.6586864,103.9877811
205446,P3,255.0,255.0,975.0,975.0,False,0.88,8.0,5382831171,30.6756789,104.0993046
21406,P3,255.0,255.0,975.0,975.0,False,0.73,8.0,5213238504,30.6522155,104.0935782
36791,P3,255.0,255.0,975.0,975.0,False,1.56,9.12,2472054566,30.705041,104.05123
66262,P3,255.0,255.0,975.0,975.0,False,1.56,9.12,5141468665,30.6379642,104.0935546
78394,P3,255.0,255.0,975.0,975.0,False,1.48,8.96,5375783897,30.6565525,103.9919847
78663,P3,255.0,255.0,975.0,975.0,False,1.48,8.96,2823785843,30.66249,104.06047
107813,P3,256.0,256.0,976.0,976.0,False,0.97,8.0,1159226736,30.6931254,104.0546776
140802,P3,256.0,256.0,976.0,976.0,False,2.28,10.56,1492399992,30.6556101,104.0601795
163164,P3,256.0,256.0,976.0,976.0,False,1.08,8.16,1159168931,30.6363756,104.0824125
41703,P3,256.0,256.0,976.0,976.0,False,1.85,9.7,3614062279,30.6659633,104.0579463
44094,P3,256.0,256.0,976.0,976.0,False,2.24,10.48,2366951323,30.6480711,104.1134414
47227,P3,256.0,256.0,976.0,976.0,False,2.1,10.2,3582243017,30.7224039,104.0007077
55314,P3,256.0,256.0,976.0,976.0,False,2.01,10.02,5141468751,30.6312423,104.096373
57699,P3,256.0,256.0,976.0,976.0,False,0.71,8.0,2276187310,30.683964,104.08393
846,P3,256.0,256.0,976.0,976.0,False,0.23,8.0,1159477636,30.6716606,104.0577856
158628,P3,257.0,257.0,977.0,977.0,False,1.24,8.48,2956775862,30.7170364,104.0557895
27197,P3,257.0,257.0,977.0,977.0,False,1.24,8.48,5055911222,30.7145696,104.1119178
28449,P3,257.0,257.0,977.0,977.0,False,1.04,8.08,432452895,30.6185154,104.0577578
30459,P3,257.0,257.0,977.0,977.0,False,3.0,12.0,4550018782,30.6486413,104.0724094
129241,P3,258.0,258.0,978.0,978.0,False,1.22,8.44,1459913330,30.6475503,104.1037967
131001,P3,258.0,258.0,978.0,978.0,False,1.02,8.04,1313066152,30.6346805,104.074932
139640,P3,258.0,258.0,978.0,978.0,False,1.08,8.16,3069351967,30.6294731,103.9792085
141119,P3,258.0,258.0,978.0,978.0,False,0.47,8.0,1159474715,30.69375,104.04562
179743,P3,258.0,258.0,978.0,978.0,False,0.35,8.0,1458911919,30.67223,104.08756
194755,P3,258.0,258.0,978.0,978.0,False,0.48,8.0,1192818260,30.6637331,104.0895335
28718,P3,258.0,258.0,978.0,978.0,False,0.47,8.0,4548141018,30.6250482,104.0743621
58308,P3,258.0,258.0,978.0,978.0,False,0.47,8.0,1159168936,30.6305337,104.0798236
81214,P3,258.0,258.0,978.0,978.0,False,1.59,9.18,1457858414,30.68688,104.1009464
93267,P3,258.0,258.0,978.0,978.0,False,0.93,8.0,672360797,30.653433,104.076324
9388,P3,258.0,258.0,978.0,978.0,False,0.22,8.0,5213253322,30.722224,104.071879
102400,P3,259.0,259.0,979.0,979.0,False,1.0,8.0,4693609802,30.635007,104.0685679
104137,P3,259.0,259.0,979.0,979.0,False,0.83,8.0,1912247016,30.610869,104.0724022
139643,P3,259.0,259.0,979.0,979.0,False,1.28,8.56,3614070503,30.67479,104.06312
16194,P3,259.0,259.0,979.0,979.0,False,0.94,8.0,432429421,30.6354842,104.0346801
171572,P3,259.0,259.0,979.0,979.0,False,0.9,8.0,4695640642,30.6116592,104.0243512
191547,P3,259.0,259.0,979.0,979.0,False,2.23,10.46,628641783,30.6804739,104.0895106
192294,P3,259.0,259.0,979.0,979.0,False,0.9,8.0,4772214802,30.6800831,104.0073693
22351,P3,259.0,259.0,979.0,979.0,False,0.5,8.0,3541429493,30.71124,104.05272
25591,P3,259.0,259.0,979.0,979.0,False,0.77,8.0,2843286568,30.69308,104.05603
31563,P3,259.0,259.0,979.0,979.0,False,1.85,9.7,5375783830,30.6487502,104.0014426
36493,P3,259.0,259.0,979.0,979.0,False,0.37,8.0,1304795053,30.6427628,104.0731483
46160,P3,259.0,259.0,979.0,979.0,False,2.23,10.46,4549993430,30.695966,104.0417285
53842,P3,259.0,259.0,979.0,979.0,False,1.28,8.56,2956775865,30.7223456,104.0377228
79944,P3,259.0,259.0,979.0,979.0,False,0.6,8.0,3331333440,30.6145225,104.0755938
81366,P3,259.0,259.0,979.0,979.0,False,1.43,8.86,4447921433,30.7228458,104.0498017
8432,P3,259.0,259.0,979.0,979.0,False,1.83,9.66,1507175643,30.7083093,104.077945
88948,P3,259.0,259.0,979.0,979.0,False,0.9,8.0,5141468664,30.6386238,104.0939893
146146,P3,260.0,260.0,980.0,980.0,False,0.04,8.0,2217746791,30.6608671,104.0616731
163987,P3,260.0,260.0,980.0,980.0,False,0.41,8.0,314622958,30.644382,104.04683
179649,P3,260.0,260.0,980.0,980.0,False,1.84,9.68,963638465,30.6937921,104.0484386
46904,P3,260.0,260.0,980.0,980.0,False,2.0,10.0,5375783792,30.6547874,103.9990065
80192,P3,260.0,260.0,980.0,980.0,False,0.2,8.0,1459025654,30.645698,104.1084009
837,P3,260.0,260.0,980.0,980.0,False,0.98,8.0,3633018391,30.6678065,104.0647205
88863,P3,260.0,260.0,980.0,980.0,False,1.97,9.94,3633001072,30.664894,104.0233991
166510,P3,261.0,261.0,981.0,981.0,False,2.97,11.94,1507236191,30.7116085,104.078214
173971,P3,261.0,261.0,981.0,981.0,False,1.54,9.08,1460300831,30.6518887,104.111184
195964,P3,261.0,261.0,981.0,981.0,False,1.54,9.08,432452986,30.6272956,104.057672
41480,P3,261.0,261.0,981.0,981.0,False,2.57,11.14,4106682189,30.6581077,103.9714269
92755,P3,261.0,261.0,981.0,981.0,False,2.54,11.08,4069514815,30.726312,103.9726629
112253,P3,262.0,262.0,982.0,982.0,False,1.57,9.14,4549759295,30.6715569,104.0631367
133200,P3,262.0,262.0,982.0,982.0,False,0.5,8.0,4549992877,30.646014,103.9701757
134000,P3,262.0,262.0,982.0,982.0,False,0.54,8.0,1459059553,30.6455812,104.1072999
185440,P3,262.0,262.0,982.0,982.0,False,1.12,8.24,4693610112,30.6352034,104.0720644
188938,P3,262.0,262.0,982.0,982.0,False,0.75,8.0,4967265777,30.7070411,104.012388
207079,P3,262.0,262.0,982.0,982.0,False,1.22,8.44,337539262,30.6386619,104.0405524
35773,P3,262.0,262.0,982.0,982.0,False,1.12,8.24,3523314192,30.6251237,104.0536782
57159,P3,262.0,262.0,982.0,982.0,False,0.31,8.0,3541404998,30.68376,104.05254
82052,P3,262.0,262.0,982.0,982.0,False,1.45,8.9,3496653056,30.6186004,104.0511197
11792,P3,263.0,263.0,983.0,983.0,False,0.75,8.0,4638050376,30.7009156,104.0640557
120144,P3,263.0,263.0,983.0,983.0,False,1.0,8.0,5055908305,30.7142601,104.1148794
124348,P3,263.0,263.0,983.0,983.0,False,0.36,8.0,5213253157,30.6773577,104.1048147
169423,P3,263.0,263.0,983.0,983.0,False,1.92,9.84,2981056908,30.6297,104.07638
170336,P3,263.0,263.0,983.0,983.0,False,2.2,10.4,1506449543,30.7050601,104.0637507
17739,P3,263.0,263.0,983.0,983.0,False,1.92,9.84,5213238434,30.6406894,104.0326418
184225,P3,263.0,263.0,983.0,983.0,False,1.67,9.34,4748173619,30.6227748,104.0183999
197449,P3,263.0,263.0,983.0,983.0,False,1.92,9.84,4695701790,30.6126513,104.0199458
205891,P3,263.0,263.0,983.0,983.0,False,0.75,8.0,3199773577,30.69934,104.10714
34343,P3,263.0,263.0,983.0,983.0,False,1.67,9.34,3541389069,30.6872624,104.0312267
61599,P3,263.0,263.0,983.0,983.0,False,1.91,9.82,4548259532,30.6985522,104.0461076
83479,P3,263.0,263.0,983.0,983.0,False,0.74,8.0,4230593015,30.64016,104.08745
93499,P3,263.0,263.0,983.0,983.0,False,2.2,10.4,3034330085,30.66534,104.07822
97523,P3,263.0,263.0,983.0,983.0,False,0.6,8.0,3516896165,30.66529,104.07214
113807,P3,264.0,264.0,984.0,984.0,False,0.23,8.0,4695601774,30.609381,104.0329708
156381,P3,264.0,264.0,984.0,984.0,False,0.65,8.0,314622931,30.6487504,104.0512656
173630,P3,264.0,264.0,984.0,984.0,False,2.3,10.6,4548211190,30.6294211,104.0210117
180087,P3,264.0,264.0,984.0,984.0,False,2.3,10.6,4294722532,30.63945,104.00228
189906,P3,264.0,264.0,984.0,984.0,False,2.74,11.48,314623117,30.6499932,104.0325831
45449,P3,264.0,264.0,984.0,984.0,False,2.74,11.48,1457870720,30.6879038,104.0994127
53954,P3,264.0,264.0,984.0,984.0,False,2.25,10.5,4695601460,30.6105198,104.028902
82535,P3,264.0,264.0,984.0,984.0,False,3.38,12.76,1458575268,30.686645,104.0983881
127117,P3,265.0,265.0,985.0,985.0,False,2.95,11.9,432442584,30.6884916,104.0220553
200009,P3,265.0,265.0,985.0,985.0,False,2.95,11.9,3680455711,30.65943,104.0169098
132167,P3,266.0,266.0,986.0,986.0,False,1.65,9.3,4903112583,30.657515,104.078445
158846,P3,266.0,266.0,986.0,986.0,False,1.21,8.42,4699007263,30.6124149,104.0381858
161408,P3,266.0,266.0,986.0,986.0,False,1.3,8.6,1445485650,30.6359353,104.0631555
55951,P3,266.0,266.0,986.0,986.0,False,1.96,9.92,3034393457,30.667553,104.05239
79650,P3,266.0,266.0,986.0,986.0,False,1.3,8.6,4548259562,30.6752634,104.0031677
85831,P3,266.0,266.0,986.0,986.0,False,1.96,9.92,4549993430,30.695966,104.0417285
90591,P3,266.0,266.0,986.0,986.0,False,0.35,8.0,2039561244,30.68332,104.10227
99374,P3,266.0,266.0,986.0,986.0,False,1.52,9.04,3562033461,30.7047269,104.0740656
108906,P3,267.0,267.0,987.0,987.0,False,0.65,8.0,1313066001,30.633742,104.0778433
114678,P3,267.0,267.0,987.0,987.0,False,0.02,8.0,4693610159,30.6337419,104.0686041
123005,P3,267.0,267.0,987.0,987.0,False,0.02,8.0,1159223039,30.7067071,104.0200456
12337,P3,267.0,267.0,987.0,987.0,False,0.36,8.0,314623162,30.6569104,104.0679409
126145,P3,267.0,267.0,987.0,987.0,False,1.55,9.1,1459000910,30.6578934,104.0968099
143608,P3,267.0,267.0,987.0,987.0,False,0.65,8.0,4548258487,30.6762249,103.9763893
21967,P3,267.0,267.0,987.0,987.0,False,2.42,10.84,1964394675,30.670324,104.10716
34893,P3,267.0,267.0,987.0,987.0,False,2.42,10.84,4772463262,30.6635247,104.0450755
51063,P3,267.0,267.0,987.0,987.0,False,1.15,8.3,5218240012,30.7020592,104.0534955
61026,P3,267.0,267.0,987.0,987.0,False,1.19,8.38,1445515788,30.649938,104.0638246
91427,P3,267.0,267.0,987.0,987.0,False,1.15,8.3,4550769332,30.6364078,104.0966474
120738,P3,268.0,268.0,988.0,988.0,False,1.69,9.38,4106682093,30.6426156,103.9745464
138906,P3,268.0,268.0,988.0,988.0,False,2.33,10.66,504315393,30.694376,104.1087596
201606,P3,268.0,268.0,988.0,988.0,False,2.0,10.0,2334060843,30.6228964,104.0761516
2491,P3,268.0,268.0,988.0,988.0,False,0.17,8.0,5102886109,30.7176592,103.9709267
34121,P3,268.0,268.0,988.0,988.0,False,0.81,8.0,3087817510,30.665932,103.9951649
35351,P3,268.0,268.0,988.0,988.0,False,1.79,9.58,4695700257,30.6165978,104.0198291
106055,P3,269.0,269.0,989.0,989.0,False,0.59,8.0,3633018900,30.6667327,104.0640412
167079,P3,269.0,269.0,989.0,989.0,False,0.1,8.0,5211343335,30.6411655,104.0115981
207821,P3,269.0,269.0,989.0,989.0,False,0.61,8.0,4973209476,30.6093509,104.0467257
4799,P3,269.0,269.0,989.0,989.0,False,2.76,11.52,3614070503,30.6747592,104.0624488
50478,P3,269.0,269.0,989.0,989.0,False,0.03,8.0,1918491702,30.6517349,103.9786164
53840,P3,269.0,269.0,989.0,989.0,False,1.3,8.6,5141458201,30.6325094,104.0717295
59553,P3,269.0,269.0,989.0,989.0,False,0.03,8.0,3633008408,30.6727987,104.0181343
649,P3,269.0,269.0,989.0,989.0,False,0.31,8.0,1756176880,30.6384692,104.0293032
71983,P3,269.0,269.0,989.0,989.0,False,0.77,8.0,4078817932,30.7044827,104.0812617
76763,P3,269.0,269.0,989.0,989.0,False,2.33,10.66,5141328449,30.6132844,104.0579718
80994,P3,269.0,269.0,989.0,989.0,False,1.75,9.5,4064178181,30.6741915,103.9993135
936,P3,269.0,269.0,989.0,989.0,False,0.61,8.0,4698894019,30.6107365,104.0340323
135531,P3,270.0,270.0,990.0,990.0,False,0.5,8.0,5283966194,30.701812,104.1164124
194581,P3,270.0,270.0,990.0,990.0,False,1.03,8.06,3034330086,30.6666717,104.0791921
196511,P3,270.0,270.0,990.0,990.0,False,1.52,9.04,2708961595,30.62092,104.08218
19944,P3,270.0,270.0,990.0,990.0,False,0.64,8.0,4549993159,30.7059566,104.002035
48003,P3,270.0,270.0,990.0,990.0,False,1.05,8.1,5436627803,30.6971396,104.0705211
95154,P3,270.0,270.0,990.0,990.0,False,0.12,8.0,4550769332,30.6364078,104.0966474
108038,P3,271.0,271.0,991.0,991.0,False,0.63,8.0,1159461706,30.6741038,104.040131
112300,P3,271.0,271.0,991.0,991.0,False,3.5,13.0,432442526,30.6890954,104.0167578
142331,P3,271.0,271.0,991.0,991.0,False,1.48,8.96,3562110284,30.6545166,104.0800496
175407,P3,271.0,271.0,991.0,991.0,False,3.21,12.42,3633018901,30.666607,104.0656
188031,P3,271.0,271.0,991.0,991.0,False,0.53,8.0,4989152045,30.664,104.1146656
10503,P3,272.0,272.0,992.0,992.0,False,1.25,8.5,1458981267,30.661768,104.09512
11838,P3,272.0,272.0,992.0,992.0,False,1.55,9.1,1301933013,30.638015,104.0744565
150382,P3,272.0,272.0,992.0,992.0,False,0.42,8.0,5141468684,30.6379997,104.0916988
169156,P3,272.0,272.0,992.0,992.0,False,1.33,8.66,4972899561,30.6209499,104.0489497
175697,P3,272.0,272.0,992.0,992.0,False,1.33,8.66,2651700242,30.696686,104.0796635
189773,P3,272.0,272.0,992.0,992.0,False,0.6,8.0,4772463304,30.6615626,104.0451807
22559,P3,272.0,272.0,992.0,992.0,False,1.55,9.1,4106682091,30.6425019,103.9821727
33016,P3,272.0,272.0,992.0,992.0,False,0.6,8.0,432442952,30.6801568,104.0168907
34295,P3,272.0,272.0,992.0,992.0,False,0.57,8.0,3562028080,30.65939,104.08679
41747,P3,272.0,272.0,992.0,992.0,False,1.55,9.1,288416379,30.69016,104.08496
89703,P3,272.0,272.0,992.0,992.0,False,0.6,8.0,4218012712,30.6291281,104.0410267
116383,P3,273.0,273.0,993.0,993.0,False,2.38,10.76,4438008291,30.6912674,104.0937124
148835,P3,273.0,273.0,993.0,993.0,False,0.3,8.0,2690137361,30.709609,104.0180645
182357,P3,273.0,273.0,993.0,993.0,False,0.87,8.0,1304795065,30.6456424,104.0756163
11740,P3,274.0,274.0,994.0,994.0,False,0.19,8.0,4900292716,30.6657138,104.0682592
117833,P3,274.0,274.0,994.0,994.0,False,0.07,8.0,1159231411,30.687617,104.08245
13323,P3,274.0,274.0,994.0,994.0,False,0.19,8.0,4900292715,30.666397,104.06888
136043,P3,274.0,274.0,994.0,994.0,False,0.44,8.0,3087817511,30.6658238,103.997649
148584,P3,274.0,274.0,994.0,994.0,False,0.43,8.0,4701464341,30.6136914,104.0566031
16798,P3,274.0,274.0,994.0,994.0,False,0.07,8.0,1916531026,30.6258323,103.9828443
175579,P3,274.0,274.0,994.0,994.0,False,0.63,8.0,4549993225,30.6511794,103.9899927
32995,P3,274.0,274.0,994.0,994.0,False,1.03,8.06,4548259386,30.68032,104.05339
38763,P3,274.0,274.0,994.0,994.0,False,1.0,8.0,1506424273,30.71039,104.06807
46016,P3,274.0,274.0,994.0,994.0,False,0.15,8.0,2472030049,30.6608873,104.0637593
6111,P3,274.0,274.0,994.0,994.0,False,0.43,8.0,4549993076,30.6487446,103.9809058
134161,P3,275.0,275.0,995.0,995.0,False,3.72,13.44,5211343335,30.6411655,104.0115981
182112,P3,275.0,275.0,995.0,995.0,False,2.4,10.8,4102465470,30.6811188,104.0453964
1892,P3,275.0,275.0,995.0,995.0,False,1.37,8.74,441221495,30.6503372,104.0222864
21555,P3,275.0,275.0,995.0,995.0,False,2.08,10.16,4118527513,30.70259,104.09372
21946,P3,275.0,275.0,995.0,995.0,False,3.72,13.44,4444112346,30.7213619,104.1031379
42623,P3,275.0,275.0,995.0,995.0,False,0.65,8.0,1159143355,30.66014,104.10125
5926,P3,275.0,275.0,995.0,995.0,False,1.62,9.24,4703149499,30.6109945,104.0706073
92439,P3,275.0,275.0,995.0,995.0,False,0.98,8.0,1159143633,30.67119,104.1027
94903,P3,275.0,275.0,995.0,995.0,False,1.05,8.1,4550018922,30.6455442,104.08107
97248,P3,275.0,275.0,995.0,995.0,False,0.65,8.0,5218133488,30.6350627,104.1046167
99376,P3,275.0,275.0,995.0,995.0,False,0.88,8.0,3087817473,30.6350124,104.0203414
101815,P3,276.0,276.0,996.0,996.0,False,0.61,8.0,4972899578,30.6327338,104.0490138
107915,P3,276.0,276.0,996.0,996.0,False,2.25,10.5,1458553198,30.6826836,104.1032519
156729,P3,276.0,276.0,996.0,996.0,False,0.22,8.0,276556860,30.6213041,104.0645003
201935,P3,276.0,276.0,996.0,996.0,False,1.51,9.02,1506426847,30.7084,104.07218
22363,P3,276.0,276.0,996.0,996.0,False,0.95,8.0,1500780826,30.6504103,104.0114096
57702,P3,276.0,276.0,996.0,996.0,False,1.5,9.0,432452874,30.615053,104.053595
80853,P3,276.0,276.0,996.0,996.0,False,0.04,8.0,4701577731,30.6129639,104.0722921
91588,P3,276.0,276.0,996.0,996.0,False,2.39,10.78,4847126867,30.654891,103.9821151
97758,P3,276.0,276.0,996.0,996.0,False,2.01,10.02,4695640610,30.6111256,104.0272667
110417,P3,277.0,277.0,997.0,997.0,False,1.44,8.88,1460296423,30.6496678,104.110043
130803,P3,277.0,277.0,997.0,997.0,False,2.93,11.86,1159447643,30.67363,104.02809
141396,P3,277.0,277.0,997.0,997.0,False,1.69,9.38,3691210143,30.65801,104.0164294
43875,P3,277.0,277.0,997.0,997.0,False,0.61,8.0,672349622,30.6992483,104.0790999
49286,P3,277.0,277.0,997.0,997.0,False,1.24,8.48,1159148556,30.6630951,104.0744606
116783,P3,278.0,278.0,998.0,998.0,False,0.05,8.0,432442576,30.6845446,104.0280711
12239,P3,278.0,278.0,998.0,998.0,False,2.9,11.8,5261581864,30.6768045,104.0964039
160882,P3,278.0,278.0,998.0,998.0,False,1.99,9.98,1159155007,30.6526674,104.0863993
177806,P3,278.0,278.0,998.0,998.0,False,0.35,8.0,4695640649,30.611359,104.0248331
36989,P3,278.0,278.0,998.0,998.0,False,0.78,8.0,2907361697,30.6435724,104.0925075
79073,P3,278.0,278.0,998.0,998.0,False,2.04,10.08,2041314680,30.6805811,104.0969216
92765,P3,278.0,278.0,998.0,998.0,False,1.21,8.42,1458992380,30.6582352,104.0971331
97057,P3,278.0,278.0,998.0,998.0,False,2.44,10.88,4987536552,30.6414546,103.9935592
147121,P3,279.0,279.0,999.0,999.0,False,0.14,8.0,4106681930,30.6201312,103.9829283
178808,P3,279.0,279.0,999.0,999.0,False,2.6,11.2,1159149349,30.6567378,104.0509692
181392,P3,279.0,279.0,999.0,999.0,False,2.15,10.3,432432560,30.648601,104.0404737
28919,P3,279.0,279.0,999.0,999.0,False,3.06,12.12,1956538342,30.680431,104.1103448
66279,P3,279.0,279.0,999.0,999.0,False,2.42,10.84,3562015382,30.6621508,104.0808192
8260,P3,279.0,279.0,999.0,999.0,False,1.5,9.0,2134778549,30.6320643,103.9968932
111306,P3,280.0,280.0,1000.0,1000.0,False,0.06,8.0,4782097001,30.6270492,104.0245368
129639,P3,280.0,280.0,1000.0,1000.0,False,0.06,8.0,1947584056,30.68303,104.0834
134913,P3,280.0,280.0,1000.0,1000.0,False,2.17,10.34,4572410064,30.6597849,104.0384
13660,P3,280.0,280.0,1000.0,1000.0,False,0.6,8.0,1815728532,30.7148358,104.0999671
14162,P3,280.0,280.0,1000.0,1000.0,False,0.07,8.0,2843286568,30.6926156,104.0570324
208711,P3,280.0,280.0,1000.0,1000.0,False,2.05,10.1,3562015383,30.65921,104.08263
65060,P3,280.0,280.0,1000.0,1000.0,False,1.66,9.32,672349463,30.720436,104.0716919
71154,P3,280.0,280.0,1000.0,1000.0,False,1.34,8.68,4549993123,30.7022539,104.0343397
102933,P3,281.0,281.0,1001.0,1001.0,False,0.02,8.0,4107377016,30.6339745,103.9956836
11733,P3,281.0,281.0,1001.0,1001.0,False,0.99,8.0,4699007140,30.6094382,104.03841
142989,P3,281.0,281.0,1001.0,1001.0,False,0.53,8.0,1504210130,30.7068069,104.0951122
155584,P3,281.0,281.0,1001.0,1001.0,False,0.06,8.0,4903112583,30.65906,104.0789956
157116,P3,281.0,281.0,1001.0,1001.0,False,1.83,9.66,4549993338,30.6507132,103.9859408
172226,P3,281.0,281.0,1001.0,1001.0,False,1.39,8.78,4550019072,30.6528795,104.0600885
176223,P3,281.0,281.0,1001.0,1001.0,False,1.08,8.16,4102465473,30.68654,104.04287
187510,P3,281.0,281.0,1001.0,1001.0,False,0.53,8.0,3582245793,30.7233609,103.9909702
193812,P3,281.0,281.0,1001.0,1001.0,False,2.48,10.96,3632988779,30.664558,104.0324639
201203,P3,281.0,281.0,1001.0,1001.0,False,0.13,8.0,4106682176,30.6530592,103.981115
36477,P3,281.0,281.0,1001.0,1001.0,False,0.51,8.0,1311904387,30.6428828,104.080559
66010,P3,281.0,281.0,1001.0,1001.0,False,0.06,8.0,2080650542,30.6469992,104.0563483
1079,P3,282.0,282.0,1002.0,1002.0,False,0.86,8.0,1815741573,30.688207,104.0671706
122779,P3,282.0,282.0,1002.0,1002.0,False,0.3,8.0,1506426847,30.7087169,104.0715419
146249,P3,282.0,282.0,1002.0,1002.0,False,0.41,8.0,1916386454,30.6473557,104.0068671
162242,P3,282.0,282.0,1002.0,1002.0,False,1.11,8.22,5141468632,30.6346416,104.0918728
208255,P3,282.0,282.0,1002.0,1002.0,False,1.93,9.86,3562045366,30.7028977,104.0406788
34629,P3,282.0,282.0,1002.0,1002.0,False,0.86,8.0,1507236193,30.7116123,104.0780802
73785,P3,282.0,282.0,1002.0,1002.0,False,0.86,8.0,1492615689,30.6233246,104.064387
78783,P3,282.0,282.0,1002.0,1002.0,False,1.93,9.86,3034330086,30.667442,104.07928
81779,P3,282.0,282.0,1002.0,1002.0,False,0.09,8.0,5213238513,30.66008,104.07422
89883,P3,282.0,282.0,1002.0,1002.0,False,0.41,8.0,4078817952,30.7020856,104.0813019
146463,P3,283.0,283.0,1003.0,1003.0,False,1.99,9.98,4773916458,30.6577856,104.0019837
150015,P3,283.0,283.0,1003.0,1003.0,False,1.41,8.82,1159228848,30.68519,104.10755
182776,P3,283.0,283.0,1003.0,1003.0,False,1.0,8.0,4972899548,30.6134365,104.0472864
185209,P3,283.0,283.0,1003.0,1003.0,False,1.9,9.8,4548259560,30.6545119,104.0060533
30014,P3,283.0,283.0,1003.0,1003.0,False,0.68,8.0,4981594485,30.6299603,103.9918807
79477,P3,283.0,283.0,1003.0,1003.0,False,3.02,12.04,3780408672,30.6304794,104.0581853
11515,P3,284.0,284.0,1004.0,1004.0,False,3.54,13.08,2662847697,30.674543,104.00516
131483,P3,284.0,284.0,1004.0,1004.0,False,0.93,8.0,5436607066,30.63736,104.06773
166907,P3,284.0,284.0,1004.0,1004.0,False,0.39,8.0,1458553201,30.6851519,104.1018439
169411,P3,284.0,284.0,1004.0,1004.0,False,0.49,8.0,432442539,30.6941586,104.0133124
55465,P3,284.0,284.0,1004.0,1004.0,False,0.48,8.0,4069514797,30.7237475,103.9798031
78284,P3,284.0,284.0,1004.0,1004.0,False,0.48,8.0,3597807845,30.7165062,104.0106957
116701,P3,285.0,285.0,1005.0,1005.0,False,1.71,9.42,2956775232,30.7112033,104.0405831
118525,P3,285.0,285.0,1005.0,1005.0,False,1.33,8.66,432432625,30.6550435,104.0445345
16984,P3,285.0,285.0,1005.0,1005.0,False,0.6,8.0,441159357,30.7212985,104.0991414
18549,P3,285.0,285.0,1005.0,1005.0,False,1.86,9.72,4449099823,30.6421598,104.1053339
24848,P3,285.0,285.0,1005.0,1005.0,False,1.72,9.44,4550019081,30.6488218,104.0727666
48612,P3,285.0,285.0,1005.0,1005.0,False,0.64,8.0,1916401301,30.6104083,104.0467326
60859,P3,285.0,285.0,1005.0,1005.0,False,1.42,8.84,441159355,30.719755,104.106186
93593,P3,285.0,285.0,1005.0,1005.0,False,0.93,8.0,1459056443,30.6458912,104.1074828
106270,P3,286.0,286.0,1006.0,1006.0,False,1.73,9.46,1956538342,30.680431,104.1103448
106947,P3,286.0,286.0,1006.0,1006.0,False,0.9,8.0,4978440956,30.68027,104.07791
113014,P3,286.0,286.0,1006.0,1006.0,False,1.36,8.72,4550019087,30.6502695,104.0584956
123055,P3,286.0,286.0,1006.0,1006.0,False,1.11,8.22,3089029129,30.66185,104.0496
124874,P3,286.0,286.0,1006.0,1006.0,False,0.5,8.0,4637576793,30.6666763,104.1103432
161250,P3,286.0,286.0,1006.0,1006.0,False,0.9,8.0,1964301825,30.6731621,104.0877341
27413,P3,286.0,286.0,1006.0,1006.0,False,0.9,8.0,3087817471,30.635726,104.0123693
34434,P3,286.0,286.0,1006.0,1006.0,False,3.99,13.98,1964394666,30.6695595,104.1061678
58534,P3,286.0,286.0,1006.0,1006.0,False,1.88,9.76,1492607688,30.6221993,104.0644785
77287,P3,286.0,286.0,1006.0,1006.0,False,3.99,13.98,314623088,30.6534002,104.034735
101311,P3,287.0,287.0,1007.0,1007.0,False,2.68,11.36,671587213,30.6367614,104.0560237
102238,P3,287.0,287.0,1007.0,1007.0,False,1.13,8.26,4987536556,30.6443371,103.9951947
163285,P3,287.0,287.0,1007.0,1007.0,False,1.8,9.6,4444112339,30.7189594,104.1017075
165666,P3,287.0,287.0,1007.0,1007.0,False,2.29,10.58,1947583861,30.6867677,104.0893553
20741,P3,287.0,287.0,1007.0,1007.0,False,1.13,8.26,5375783869,30.6540408,103.991111
5486,P3,287.0,287.0,1007.0,1007.0,False,1.83,9.66,4118527295,30.6837702,104.0601183
74042,P3,287.0,287.0,1007.0,1007.0,False,0.63,8.0,5375784028,30.6585507,103.9891684
79243,P3,287.0,287.0,1007.0,1007.0,False,0.22,8.0,4693609818,30.6326293,104.0675774
87743,P3,287.0,287.0,1007.0,1007.0,False,0.45,8.0,1425996106,30.67056,104.10847
103555,P3,288.0,288.0,1008.0,1008.0,False,0.13,8.0,5141328662,30.6133844,104.0643656
173307,P3,288.0,288.0,1008.0,1008.0,False,0.12,8.0,4934383649,30.61607,104.11309
173646,P3,288.0,288.0,1008.0,1008.0,False,0.12,8.0,314622896,30.6548869,104.0664771
186609,P3,288.0,288.0,1008.0,1008.0,False,0.62,8.0,4107377046,30.6443974,103.9914196
192180,P3,288.0,288.0,1008.0,1008.0,False,1.8,9.6,4547074369,30.6098637,104.0806211
21232,P3,288.0,288.0,1008.0,1008.0,False,0.62,8.0,4548318070,30.6452307,104.0820694
27646,P3,288.0,288.0,1008.0,1008.0,False,0.12,8.0,4772463291,30.661337,104.0435044
57543,P3,288.0,288.0,1008.0,1008.0,False,0.87,8.0,3681180644,30.65642,104.06737
70983,P3,288.0,288.0,1008.0,1008.0,False,0.13,8.0,1445511809,30.6498056,104.0641589
75080,P3,288.0,288.0,1008.0,1008.0,False,0.58,8.0,4967265727,30.6989695,104.0078814
77082,P3,288.0,288.0,1008.0,1008.0,False,0.39,8.0,3069351950,30.6264874,103.9784901
11993,P3,289.0,289.0,1009.0,1009.0,False,2.62,11.24,2282013879,30.6292715,103.9671206
133435,P3,289.0,289.0,1009.0,1009.0,False,0.51,8.0,4967265777,30.707783,104.01115
177375,P3,289.0,289.0,1009.0,1009.0,False,0.51,8.0,2217714910,30.6609371,104.0664485
178915,P3,289.0,289.0,1009.0,1009.0,False,1.27,8.54,1159488324,30.6924,104.07313
205411,P3,289.0,289.0,1009.0,1009.0,False,2.62,11.24,4782067637,30.6257234,104.0272821
74111,P3,289.0,289.0,1009.0,1009.0,False,0.51,8.0,4548259350,30.6425634,104.0179388
89574,P3,289.0,289.0,1009.0,1009.0,False,1.1,8.2,1339701405,30.7020499,104.0530719
106429,P3,290.0,290.0,1010.0,1010.0,False,3.1,12.2,4106681904,30.6116212,103.9898154
119875,P3,290.0,290.0,1010.0,1010.0,False,1.6,9.2,4693609827,30.6304207,104.0710045
32449,P3,290.0,290.0,1010.0,1010.0,False,0.34,8.0,4548211676,30.6224035,104.0549231
3454,P3,290.0,290.0,1010.0,1010.0,False,1.58,9.16,314623117,30.6499932,104.0325831
4624,P3,290.0,290.0,1010.0,1010.0,False,2.56,11.12,1506559770,30.7087416,104.0729111
83333,P3,290.0,290.0,1010.0,1010.0,False,0.34,8.0,3176012317,30.7050203,104.0719481
10413,P3,291.0,291.0,1011.0,1011.0,False,0.07,8.0,4695601443,30.611256,104.0278807
143432,P3,291.0,291.0,1011.0,1011.0,False,0.98,8.0,2726978405,30.611294,104.0523693
177660,P3,291.0,291.0,1011.0,1011.0,False,1.33,8.66,4549759341,30.692323,104.0358774
182335,P3,291.0,291.0,1011.0,1011.0,False,1.08,8.16,1305816747,30.64406,104.08333
203522,P3,291.0,291.0,1011.0,1011.0,False,0.98,8.0,5213238352,30.6408679,104.0419308
52591,P3,291.0,291.0,1011.0,1011.0,False,0.98,8.0,432432557,30.6557519,104.0472777
107079,P3,292.0,292.0,1012.0,1012.0,False,1.57,9.14,2131996474,30.6234285,104.1050717
137175,P3,292.0,292.0,1012.0,1012.0,False,0.53,8.0,1492582891,30.6261835,104.0643868
139221,P3,292.0,292.0,1012.0,1012.0,False,0.23,8.0,4106682223,30.6744327,103.9973653
141613,P3,292.0,292.0,1012.0,1012.0,False,1.4,8.8,1455111174,30.6973306,104.1037374
183908,P3,292.0,292.0,1012.0,1012.0,False,0.06,8.0,2039550426,30.672845,104.1108563
198319,P3,292.0,292.0,1012.0,1012.0,False,1.42,8.84,4547074368,30.6108816,104.0710354
40265,P3,292.0,292.0,1012.0,1012.0,False,2.22,10.44,5367297693,30.6988287,104.0061489
40564,P3,292.0,292.0,1012.0,1012.0,False,2.09,10.18,4701577767,30.6230711,104.0819533
42933,P3,292.0,292.0,1012.0,1012.0,False,0.53,8.0,4550018719,30.6516916,104.0530604
82758,P3,292.0,292.0,1012.0,1012.0,False,1.43,8.86,4972899546,30.6133345,104.0499744
85434,P3,292.0,292.0,1012.0,1012.0,False,0.53,8.0,1313998800,30.6379687,104.0890481
85945,P3,292.0,292.0,1012.0,1012.0,False,0.53,8.0,3562045370,30.7121906,104.043358
10097,P3,293.0,293.0,1013.0,1013.0,False,1.58,9.16,3436489823,30.6405095,104.0452117
118107,P3,293.0,293.0,1013.0,1013.0,False,0.57,8.0,4220530489,30.68508,104.07571
124989,P3,293.0,293.0,1013.0,1013.0,False,1.29,8.58,3069351961,30.6281566,103.9820995
128357,P3,293.0,293.0,1013.0,1013.0,False,1.66,9.32,5141468805,30.6294733,104.0984475
172636,P3,293.0,293.0,1013.0,1013.0,False,0.49,8.0,3436486402,30.6394385,104.0472766
75681,P3,293.0,293.0,1013.0,1013.0,False,1.9,9.8,1458937194,30.6767179,104.0947709
92003,P3,293.0,293.0,1013.0,1013.0,False,1.29,8.58,1192818260,30.6637331,104.0895335
101891,P3,294.0,294.0,1014.0,1014.0,False,0.24,8.0,1159225746,30.7001892,104.0477432
108562,P3,294.0,294.0,1014.0,1014.0,False,0.02,8.0,3333358462,30.7007169,104.0642907
114839,P3,294.0,294.0,1014.0,1014.0,False,0.02,8.0,4773916424,30.6589695,104.0020247
185583,P3,294.0,294.0,1014.0,1014.0,False,1.74,9.48,4695640672,30.6178241,104.0260072
195635,P3,294.0,294.0,1014.0,1014.0,False,1.74,9.48,2039550414,30.67568,104.10976
22735,P3,294.0,294.0,1014.0,1014.0,False,0.24,8.0,4773199361,30.669329,104.00816
52112,P3,294.0,294.0,1014.0,1014.0,False,1.74,9.48,4295768604,30.6908673,104.0812791
62347,P3,294.0,294.0,1014.0,1014.0,False,1.74,9.48,4987536539,30.627694,104.0011409
81005,P3,294.0,294.0,1014.0,1014.0,False,0.22,8.0,4779165706,30.634746,104.0244234
109137,P3,295.0,295.0,1015.0,1015.0,False,0.2,8.0,1072698584,30.723694,104.0452856
122955,P3,295.0,295.0,1015.0,1015.0,False,1.51,9.02,4549993126,30.6988926,104.028733
166280,P3,295.0,295.0,1015.0,1015.0,False,2.78,11.56,1159223968,30.717783,104.0315493
187121,P3,295.0,295.0,1015.0,1015.0,False,1.19,8.38,1504230228,30.6973358,104.1034032
190078,P3,295.0,295.0,1015.0,1015.0,False,0.97,8.0,1159234181,30.6948681,104.0742391
144885,P3,296.0,296.0,1016.0,1016.0,False,0.06,8.0,1445515788,30.649938,104.0638246
201211,P3,296.0,296.0,1016.0,1016.0,False,0.2,8.0,314655436,30.71233,104.1027
30697,P3,296.0,296.0,1016.0,1016.0,False,0.43,8.0,4934383684,30.616535,104.1164446
37211,P3,296.0,296.0,1016.0,1016.0,False,1.99,9.98,4118527530,30.70262,104.09644
45098,P3,296.0,296.0,1016.0,1016.0,False,0.2,8.0,2712338397,30.70792,104.0385925
131480,P3,297.0,297.0,1017.0,1017.0,False,1.12,8.24,3176000068,30.7026369,104.0690317
144807,P3,297.0,297.0,1017.0,1017.0,False,0.81,8.0,3516900118,30.6704563,104.0794895
149897,P3,297.0,297.0,1017.0,1017.0,False,1.45,8.9,432442545,30.6987537,104.0115058
153239,P3,297.0,297.0,1017.0,1017.0,False,2.28,10.56,314655092,30.62074,104.0455
2435,P3,297.0,297.0,1017.0,1017.0,False,1.57,9.14,3562047424,30.7224241,104.0492476
50487,P3,297.0,297.0,1017.0,1017.0,False,2.7,11.4,4549992865,30.6929126,104.0376831
55769,P3,297.0,297.0,1017.0,1017.0,False,2.35,10.7,5336411861,30.646812,104.0472629
83222,P3,297.0,297.0,1017.0,1017.0,False,2.33,10.66,4748166162,30.6138824,104.0234089
110063,P3,298.0,298.0,1018.0,1018.0,False,0.03,8.0,5141468734,30.636027,104.0942186
138842,P3,298.0,298.0,1018.0,1018.0,False,1.66,9.32,1159160259,30.6260538,104.0946651
140098,P3,298.0,298.0,1018.0,1018.0,False,1.44,8.88,4054919090,30.7025633,104.0640043
160347,P3,298.0,298.0,1018.0,1018.0,False,0.12,8.0,2041527471,30.6913485,104.0974473
193644,P3,298.0,298.0,1018.0,1018.0,False,1.21,8.42,5211368067,30.6697225,103.9724207
201848,P3,298.0,298.0,1018.0,1018.0,False,0.71,8.0,1159516304,30.6434561,104.0767783
29812,P3,298.0,298.0,1018.0,1018.0,False,2.51,11.02,1159516147,30.6449996,104.0774774
51673,P3,298.0,298.0,1018.0,1018.0,False,0.02,8.0,2039528348,30.6720945,104.1082021
62105,P3,298.0,298.0,1018.0,1018.0,False,0.9,8.0,1947583814,30.6930655,104.0813425
69771,P3,298.0,298.0,1018.0,1018.0,False,0.12,8.0,4967265402,30.65577,104.09438
135868,P3,299.0,299.0,1019.0,1019.0,False,2.32,10.64,432442889,30.6969248,103.9777283
156518,P3,299.0,299.0,1019.0,1019.0,False,2.79,11.58,5336411862,30.6486589,104.0513229
173395,P3,299.0,299.0,1019.0,1019.0,False,1.22,8.44,3034409149,30.719841,104.08002
34179,P3,299.0,299.0,1019.0,1019.0,False,0.56,8.0,1301933028,30.6496688,104.0808358
5787,P3,299.0,299.0,1019.0,1019.0,False,1.89,9.78,432442850,30.6703701,103.9917488
67797,P3,299.0,299.0,1019.0,1019.0,False,0.56,8.0,4548211453,30.6752746,104.0553758
83201,P3,299.0,299.0,1019.0,1019.0,False,1.22,8.44,3199773742,30.7033074,104.1132
119034,P3,300.0,300.0,1020.0,1020.0,False,1.51,9.02,4549993260,30.6492,103.9823516
126059,P3,300.0,300.0,1020.0,1020.0,False,0.6,8.0,3516900112,30.67192,104.06927
158753,P3,300.0,300.0,1020.0,1020.0,False,2.16,10.32,4699007134,30.6097561,104.0384704
167947,P3,300.0,300.0,1020.0,1020.0,False,1.51,9.02,4118527343,30.6974385,104.0888202
170539,P3,300.0,300.0,1020.0,1020.0,False,1.25,8.5,3436486419,30.6404353,104.0458223
203246,P3,300.0,300.0,1020.0,1020.0,False,1.51,9.02,2838556821,30.6252506,104.1047108
76127,P3,300.0,300.0,1020.0,1020.0,False,1.41,8.82,3633018387,30.665958,104.0634
104791,P3,301.0,301.0,1021.0,1021.0,False,1.01,8.02,4548211233,30.68342,104.04341
105198,P3,301.0,301.0,1021.0,1021.0,False,0.87,8.0,4699007140,30.6094382,104.03841
133000,P3,301.0,301.0,1021.0,1021.0,False,1.63,9.26,3562047425,30.7020022,104.0719644
187022,P3,301.0,301.0,1021.0,1021.0,False,0.88,8.0,432429395,30.6406276,104.0550392
200770,P3,301.0,301.0,1021.0,1021.0,False,1.22,8.44,441159654,30.7212134,104.0993884
57328,P3,301.0,301.0,1021.0,1021.0,False,2.02,10.04,4107377010,30.6310133,104.0017622
67291,P3,301.0,301.0,1021.0,1021.0,False,1.14,8.28,1845199170,30.678656,104.071724
88369,P3,301.0,301.0,1021.0,1021.0,False,2.02,10.04,4964134694,30.705688,104.0211277
11044,P3,302.0,302.0,1022.0,1022.0,False,0.06,8.0,1312615942,30.6489747,104.0560347
128151,P3,302.0,302.0,1022.0,1022.0,False,1.08,8.16,4548211432,30.6787,104.03595
16261,P3,302.0,302.0,1022.0,1022.0,False,0.46,8.0,3927876954,30.6762463,103.9869288
17580,P3,302.0,302.0,1022.0,1022.0,False,0.65,8.0,2843289926,30.6827975,104.0673054
204559,P3,302.0,302.0,1022.0,1022.0,False,0.18,8.0,4102465470,30.68198,104.04761
207042,P3,302.0,302.0,1022.0,1022.0,False,1.71,9.42,2558636073,30.6277602,104.0230006
25351,P3,302.0,302.0,1022.0,1022.0,False,0.25,8.0,3034330082,30.6633628,104.0871685
59987,P3,302.0,302.0,1022.0,1022.0,False,0.46,8.0,672360497,30.666906,104.08294
91079,P3,302.0,302.0,1022.0,1022.0,False,1.3,8.6,2847752856,30.657606,104.10621
170183,P3,303.0,303.0,1023.0,1023.0,False,0.21,8.0,5283966327,30.703344,104.097145
26130,P3,303.0,303.0,1023.0,1023.0,False,3.01,12.02,2981319500,30.7142472,104.0049102
27647,P3,303.0,303.0,1023.0,1023.0,False,3.01,12.02,1159488285,30.68783,104.07434
5586,P3,303.0,303.0,1023.0,1023.0,False,1.17,8.34,1492604722,30.6224104,104.064625
84689,P3,303.0,303.0,1023.0,1023.0,False,0.23,8.0,4449117687,30.6279971,104.0985318
107819,P3,304.0,304.0,1024.0,1024.0,False,1.87,9.74,3815062820,30.726202,104.0622
22766,P3,304.0,304.0,1024.0,1024.0,False,1.39,8.78,1159148928,30.65808,104.0726539
54695,P3,304.0,304.0,1024.0,1024.0,False,1.28,8.56,4294771688,30.6190361,104.0351897
125107,P3,305.0,305.0,1025.0,1025.0,False,0.15,8.0,314623148,30.65188,104.06349
151484,P3,305.0,305.0,1025.0,1025.0,False,0.21,8.0,1492399992,30.6556101,104.0601795
152698,P3,305.0,305.0,1025.0,1025.0,False,1.99,9.98,5141468802,30.6302217,104.1002551
160811,P3,305.0,305.0,1025.0,1025.0,False,2.66,11.32,3562033464,30.7086247,104.0779672
24151,P3,305.0,305.0,1025.0,1025.0,False,0.97,8.0,3087817510,30.665932,103.9951649
26946,P3,305.0,305.0,1025.0,1025.0,False,0.15,8.0,337539952,30.6360056,104.0703808
44877,P3,305.0,305.0,1025.0,1025.0,False,0.21,8.0,4549993126,30.6988926,104.028733
132652,P3,306.0,306.0,1026.0,1026.0,False,0.19,8.0,4548211291,30.6784787,104.0578434
194255,P3,306.0,306.0,1026.0,1026.0,False,2.93,11.86,5055908306,30.70874,104.11351
56634,P3,306.0,306.0,1026.0,1026.0,False,0.54,8.0,4900292718,30.6656061,104.0681031
56871,P3,306.0,306.0,1026.0,1026.0,False,1.03,8.06,2559969494,30.6280963,104.0376483
13451,P3,307.0,307.0,1027.0,1027.0,False,0.68,8.0,4794992619,30.64009,104.06624
135039,P3,307.0,307.0,1027.0,1027.0,False,0.48,8.0,4064178135,30.6588987,103.9799388
13742,P3,307.0,307.0,1027.0,1027.0,False,1.21,8.42,4107377046,30.6443974,103.9914196
56139,P3,307.0,307.0,1027.0,1027.0,False,0.63,8.0,2041527389,30.694983,104.09332
95043,P3,307.0,307.0,1027.0,1027.0,False,0.47,8.0,2317059626,30.6270943,104.0450423
117789,P3,308.0,308.0,1028.0,1028.0,False,0.47,8.0,504315320,30.6965439,104.1055973
118389,P3,308.0,308.0,1028.0,1028.0,False,1.84,9.68,2631867279,30.686945,104.087863
153685,P3,308.0,308.0,1028.0,1028.0,False,0.11,8.0,3633008400,30.6661111,104.0383593
167046,P3,308.0,308.0,1028.0,1028.0,False,0.94,8.0,5055908308,30.7077759,104.1104706
174725,P3,308.0,308.0,1028.0,1028.0,False,1.99,9.98,4782067658,30.6249139,104.0274113
186880,P3,308.0,308.0,1028.0,1028.0,False,0.47,8.0,432452905,30.6187725,104.0694879
2637,P3,308.0,308.0,1028.0,1028.0,False,2.38,10.76,4106681987,30.6423885,103.9775849
4168,P3,308.0,308.0,1028.0,1028.0,False,1.89,9.78,4548211387,30.6766037,104.0579844
7320,P3,308.0,308.0,1028.0,1028.0,False,0.69,8.0,4695601443,30.611256,104.0278807
81338,P3,308.0,308.0,1028.0,1028.0,False,2.38,10.76,1459047523,30.6450532,104.1090139
91515,P3,308.0,308.0,1028.0,1028.0,False,0.44,8.0,4701400382,30.613927,104.0551457
166219,P3,309.0,309.0,1029.0,1029.0,False,1.81,9.62,1459920705,30.640689,104.1043602
39436,P3,309.0,309.0,1029.0,1029.0,False,0.42,8.0,5375784265,30.6260592,104.0059923
47379,P3,309.0,309.0,1029.0,1029.0,False,0.37,8.0,1159447649,30.6777163,104.0311397
93847,P3,309.0,309.0,1029.0,1029.0,False,1.32,8.64,1159234181,30.69471,104.07285
162240,P3,310.0,310.0,1030.0,1030.0,False,0.05,8.0,529952509,30.6980299,104.0640131
200328,P3,310.0,310.0,1030.0,1030.0,False,0.05,8.0,1500638719,30.7080075,104.0885952
39029,P3,310.0,310.0,1030.0,1030.0,False,1.64,9.28,1313998738,30.6313234,104.0879795
45979,P3,310.0,310.0,1030.0,1030.0,False,2.28,10.56,1460310224,30.6550805,104.1125545
56819,P3,310.0,310.0,1030.0,1030.0,False,2.7,11.4,2930487776,30.7246179,104.0988442
109765,P3,311.0,311.0,1031.0,1031.0,False,1.03,8.06,2662847702,30.6829044,103.9885007
136205,P3,311.0,311.0,1031.0,1031.0,False,1.6,9.2,4106682252,30.685875,104.0027026
143701,P3,311.0,311.0,1031.0,1031.0,False,1.66,9.32,2843289904,30.6882674,104.0585709
153601,P3,311.0,311.0,1031.0,1031.0,False,1.54,9.08,1159148967,30.6591583,104.0702933
29471,P3,311.0,311.0,1031.0,1031.0,False,1.03,8.06,3516896165,30.665585,104.07092
43702,P3,311.0,311.0,1031.0,1031.0,False,0.22,8.0,3069351790,30.6338674,103.988757
66751,P3,311.0,311.0,1031.0,1031.0,False,1.35,8.7,1458570056,30.69361,104.09036
125791,P3,313.0,313.0,1033.0,1033.0,False,1.78,9.56,4106681969,30.6358956,103.9875688
161302,P3,313.0,313.0,1033.0,1033.0,False,1.39,8.78,2041527434,30.6902989,104.0950073
175914,P3,313.0,313.0,1033.0,1033.0,False,0.72,8.0,1301933028,30.6496688,104.0808358
183101,P3,313.0,313.0,1033.0,1033.0,False,0.72,8.0,3613960016,30.6637584,104.0523448
198719,P3,313.0,313.0,1033.0,1033.0,False,0.72,8.0,2956775225,30.71396,104.04934
100591,P3,314.0,314.0,1034.0,1034.0,False,0.04,8.0,3034330077,30.6607,104.086205
115543,P3,314.0,314.0,1034.0,1034.0,False,0.79,8.0,4549759318,30.6919457,104.0362771
181599,P3,314.0,314.0,1034.0,1034.0,False,0.04,8.0,5213238526,30.6354076,104.0487645
188102,P3,314.0,314.0,1034.0,1034.0,False,1.29,8.58,1156126791,30.6874943,104.1001317
203101,P3,314.0,314.0,1034.0,1034.0,False,0.46,8.0,4549993166,30.6970917,104.0550452
48417,P3,314.0,314.0,1034.0,1034.0,False,0.11,8.0,2041527399,30.692028,104.0979478
112032,P3,315.0,315.0,1035.0,1035.0,False,0.04,8.0,4549759296,30.6927083,104.037577
120534,P3,315.0,315.0,1035.0,1035.0,False,1.98,9.96,1459018259,30.6452301,104.1087541
131999,P3,315.0,315.0,1035.0,1035.0,False,0.46,8.0,1159143909,30.674767,104.082504
170162,P3,315.0,315.0,1035.0,1035.0,False,1.47,8.94,4601260487,30.6369695,104.0662229
174013,P3,315.0,315.0,1035.0,1035.0,False,0.78,8.0,4695640528,30.6151249,104.0271256
176723,P3,315.0,315.0,1035.0,1035.0,False,0.3,8.0,4703149483,30.611085,104.0681825
178567,P3,315.0,315.0,1035.0,1035.0,False,0.89,8.0,1912247134,30.6133435,104.0968211
188968,P3,315.0,315.0,1035.0,1035.0,False,1.47,8.94,1507261226,30.7122732,104.0696739
196568,P3,315.0,315.0,1035.0,1035.0,False,0.04,8.0,4548317900,30.6319564,104.0923129
26551,P3,315.0,315.0,1035.0,1035.0,False,1.01,8.02,3680455715,30.659544,104.0163177
41906,P3,315.0,315.0,1035.0,1035.0,False,1.98,9.96,3979164235,30.678018,104.1072365
83481,P3,315.0,315.0,1035.0,1035.0,False,0.76,8.0,1159176989,30.6308255,104.0503757
86145,P3,315.0,315.0,1035.0,1035.0,False,1.8,9.6,4972899550,30.6142437,104.0472559
105515,P3,316.0,316.0,1036.0,1036.0,False,0.85,8.0,963638438,30.701605,104.04517
159789,P3,316.0,316.0,1036.0,1036.0,False,0.84,8.0,4695700267,30.6101747,104.0247853
163113,P3,316.0,316.0,1036.0,1036.0,False,0.92,8.0,3633001074,30.6662267,104.0308175
165129,P3,316.0,316.0,1036.0,1036.0,False,2.21,10.42,5213238547,30.6388162,104.0460927
185299,P3,316.0,316.0,1036.0,1036.0,False,0.71,8.0,3516900121,30.66932,104.07992
191255,P3,316.0,316.0,1036.0,1036.0,False,1.41,8.82,4693610161,30.63434,104.0681102
199993,P3,316.0,316.0,1036.0,1036.0,False,0.94,8.0,2883191117,30.6559268,104.1136561
38244,P3,316.0,316.0,1036.0,1036.0,False,0.39,8.0,4738036115,30.6648399,103.9748849
4593,P3,316.0,316.0,1036.0,1036.0,False,0.85,8.0,1159462933,30.6771903,104.0218807
49046,P3,316.0,316.0,1036.0,1036.0,False,1.46,8.92,5141468665,30.6379642,104.0935546
49273,P3,316.0,316.0,1036.0,1036.0,False,2.35,10.7,1457843797,30.6884938,104.099715
50440,P3,316.0,316.0,1036.0,1036.0,False,0.71,8.0,1159229571,30.6726039,104.1046661
51223,P3,316.0,316.0,1036.0,1036.0,False,0.15,8.0,2981319500,30.7142472,104.0049102
76211,P3,316.0,316.0,1036.0,1036.0,False,0.28,8.0,3445813550,30.666502,104.0695
85555,P3,316.0,316.0,1036.0,1036.0,False,0.58,8.0,1312615989,30.65904,104.05767
121533,P3,317.0,317.0,1037.0,1037.0,False,1.78,9.56,5141468747,30.6322155,104.0954862
82215,P3,317.0,317.0,1037.0,1037.0,False,0.33,8.0,1159134910,30.66146,104.09191
110863,P3,318.0,318.0,1038.0,1038.0,False,0.16,8.0,3562033455,30.7072833,104.0713174
123552,P3,318.0,318.0,1038.0,1038.0,False,1.03,8.06,1956501938,30.687082,104.1033049
173730,P3,318.0,318.0,1038.0,1038.0,False,1.67,9.34,1159945481,30.6570112,104.0560918
185288,P3,318.0,318.0,1038.0,1038.0,False,1.08,8.16,3541427564,30.7082699,104.034165
18870,P3,318.0,318.0,1038.0,1038.0,False,2.44,10.88,3562086855,30.6812148,104.0427216
23205,P3,318.0,318.0,1038.0,1038.0,False,1.63,9.26,672349217,30.7266503,104.0721605
23249,P3,318.0,318.0,1038.0,1038.0,False,2.31,10.62,1885342907,30.6773384,104.0982086
39153,P3,318.0,318.0,1038.0,1038.0,False,1.39,8.78,4550701005,30.6542919,104.0199842
72044,P3,318.0,318.0,1038.0,1038.0,False,0.75,8.0,3445813553,30.664565,104.0733284
89724,P3,318.0,318.0,1038.0,1038.0,False,1.02,8.04,1159490053,30.6905324,104.0707845
106221,P3,319.0,319.0,1039.0,1039.0,False,3.16,12.32,4772463281,30.660393,104.0443583
108089,P3,319.0,319.0,1039.0,1039.0,False,1.38,8.76,5102926077,30.7257387,103.9703196
208671,P3,319.0,319.0,1039.0,1039.0,False,1.37,8.74,4964134712,30.7087777,104.0187191
439,P3,319.0,319.0,1039.0,1039.0,False,1.57,9.14,1305816676,30.64657,104.08497
56536,P3,319.0,319.0,1039.0,1039.0,False,1.19,8.38,1492620059,30.6224681,104.0616508
8011,P3,319.0,319.0,1039.0,1039.0,False,1.37,8.74,1458561798,30.689514,104.0966765
83024,P3,319.0,319.0,1039.0,1039.0,False,0.23,8.0,5141468785,30.6363947,104.1017616
85207,P3,319.0,319.0,1039.0,1039.0,False,1.19,8.38,1964305089,30.6764683,104.1020409
101759,P3,320.0,320.0,1040.0,1040.0,False,0.59,8.0,3541426298,30.70276,104.07235
101921,P3,320.0,320.0,1040.0,1040.0,False,0.23,8.0,2119075573,30.6134307,104.1046502
37494,P3,320.0,320.0,1040.0,1040.0,False,1.82,9.64,3089029129,30.661686,104.0497224
65881,P3,320.0,320.0,1040.0,1040.0,False,0.23,8.0,4118527510,30.7016943,104.1009642
80884,P3,320.0,320.0,1040.0,1040.0,False,0.91,8.0,4964134701,30.7053923,104.0206753
107055,P3,321.0,321.0,1041.0,1041.0,False,0.65,8.0,3034040776,30.70259,104.01947
107227,P3,321.0,321.0,1041.0,1041.0,False,0.76,8.0,672349622,30.70043,104.07907
15481,P3,321.0,321.0,1041.0,1041.0,False,0.21,8.0,4447946474,30.65332,104.1120082
180459,P3,321.0,321.0,1041.0,1041.0,False,2.77,11.54,1159176366,30.6256022,104.0577093
190235,P3,321.0,321.0,1041.0,1041.0,False,0.56,8.0,4782067663,30.6254565,104.0292764
74329,P3,321.0,321.0,1041.0,1041.0,False,0.39,8.0,4695640653,30.6139095,104.0248146
8793,P3,321.0,321.0,1041.0,1041.0,False,0.39,8.0,4703149460,30.6110835,104.0660773
114191,P3,322.0,322.0,1042.0,1042.0,False,3.17,12.34,5375783766,30.6356266,104.0121705
125366,P3,322.0,322.0,1042.0,1042.0,False,0.24,8.0,4217837238,30.6287051,104.0445607
134199,P3,322.0,322.0,1042.0,1042.0,False,0.4,8.0,3680455706,30.6593293,104.0136735
142570,P3,322.0,322.0,1042.0,1042.0,False,0.82,8.0,2134778549,30.6320643,103.9968932
147105,P3,322.0,322.0,1042.0,1042.0,False,0.85,8.0,439751910,30.6757224,103.9877432
16107,P3,322.0,322.0,1042.0,1042.0,False,0.61,8.0,288416379,30.68852,104.08381
167305,P3,322.0,322.0,1042.0,1042.0,False,0.85,8.0,1159173116,30.626184,104.0697696
184695,P3,322.0,322.0,1042.0,1042.0,False,0.52,8.0,1159226736,30.6934,104.05555
195473,P3,322.0,322.0,1042.0,1042.0,False,1.34,8.68,4230593029,30.6426155,104.0877824
97534,P3,322.0,322.0,1042.0,1042.0,False,1.18,8.36,1388442963,30.6478849,104.0724145
121472,P3,323.0,323.0,1043.0,1043.0,False,1.26,8.52,3541389064,30.6739928,104.0558713
127938,P3,323.0,323.0,1043.0,1043.0,False,1.27,8.54,4695601305,30.6109832,104.0281709
133230,P3,323.0,323.0,1043.0,1043.0,False,0.42,8.0,4699007193,30.6098684,104.0319442
148369,P3,323.0,323.0,1043.0,1043.0,False,1.3,8.6,1159143854,30.6784468,104.0839515
169690,P3,323.0,323.0,1043.0,1043.0,False,1.29,8.58,4693610094,30.6348449,104.0701541
169922,P3,323.0,323.0,1043.0,1043.0,False,2.32,10.64,1498677506,30.7263052,104.0717815
177514,P3,323.0,323.0,1043.0,1043.0,False,1.26,8.52,3523308807,30.6350645,104.0799302
199889,P3,323.0,323.0,1043.0,1043.0,False,0.52,8.0,5213253185,30.698108,104.0894019
33269,P3,323.0,323.0,1043.0,1043.0,False,0.32,8.0,432442635,30.6854591,104.0192413
87215,P3,323.0,323.0,1043.0,1043.0,False,0.52,8.0,441221463,30.648064,104.0265
122223,P3,324.0,324.0,1044.0,1044.0,False,0.37,8.0,4230611275,30.65266,104.0692
130235,P3,324.0,324.0,1044.0,1044.0,False,3.11,12.22,5375783992,30.653393,103.9914819
150639,P3,324.0,324.0,1044.0,1044.0,False,2.01,10.02,2785841182,30.6883007,104.0188268
151743,P3,324.0,324.0,1044.0,1044.0,False,1.83,9.66,529952514,30.7023178,104.0641075
17317,P3,324.0,324.0,1044.0,1044.0,False,1.15,8.3,1159170055,30.6336168,104.081274
201707,P3,324.0,324.0,1044.0,1044.0,False,0.56,8.0,4230593015,30.6417114,104.088153
206831,P3,324.0,324.0,1044.0,1044.0,False,3.45,12.9,5257056298,30.6764484,104.0961186
38846,P3,324.0,324.0,1044.0,1044.0,False,0.92,8.0,4393165158,30.6227099,104.0637625
39999,P3,324.0,324.0,1044.0,1044.0,False,1.83,9.66,3516896165,30.6652913,104.0717077
6285,P3,324.0,324.0,1044.0,1044.0,False,1.83,9.66,4106682107,30.6433701,103.9818986
6299,P3,324.0,324.0,1044.0,1044.0,False,0.52,8.0,432442860,30.67589,103.99668
76589,P3,324.0,324.0,1044.0,1044.0,False,0.95,8.0,4967265406,30.6501528,104.0921508
88778,P3,324.0,324.0,1044.0,1044.0,False,2.01,10.02,2908601185,30.6435054,104.0881332
148068,P3,325.0,325.0,1045.0,1045.0,False,1.68,9.36,3034393462,30.684558,104.0465137
25343,P3,325.0,325.0,1045.0,1045.0,False,1.34,8.68,4565541460,30.649093,103.9822942
42861,P3,325.0,325.0,1045.0,1045.0,False,2.52,11.04,4534007626,30.7034307,104.1059103
47567,P3,325.0,325.0,1045.0,1045.0,False,1.23,8.46,4989782356,30.6836681,104.0590065
57348,P3,325.0,325.0,1045.0,1045.0,False,0.36,8.0,4136052358,30.6133902,104.0484293
72211,P3,325.0,325.0,1045.0,1045.0,False,1.03,8.06,3927877883,30.6767866,103.9881902
8575,P3,325.0,325.0,1045.0,1045.0,False,1.34,8.68,1159225748,30.70202,104.05146
157757,P3,326.0,326.0,1046.0,1046.0,False,0.97,8.0,5141468759,30.6300238,104.0954168
17140,P3,326.0,326.0,1046.0,1046.0,False,0.51,8.0,2039550421,30.6741332,104.1149928
187139,P3,326.0,326.0,1046.0,1046.0,False,2.15,10.3,4772451022,30.680834,104.0077624
29424,P3,326.0,326.0,1046.0,1046.0,False,0.97,8.0,1295783630,30.6408375,104.0794357
141117,P3,327.0,327.0,1047.0,1047.0,False,1.04,8.08,2039561228,30.688943,104.1165114
26022,P3,327.0,327.0,1047.0,1047.0,False,0.8,8.0,4549993214,30.6968887,104.0475672
6183,P3,327.0,327.0,1047.0,1047.0,False,3.93,13.86,4973209514,30.613163,104.043251
116134,P3,328.0,328.0,1048.0,1048.0,False,2.44,10.88,1159227581,30.6926908,104.052127
127538,P3,328.0,328.0,1048.0,1048.0,False,1.17,8.34,3034029044,30.6945124,103.99917
61236,P3,328.0,328.0,1048.0,1048.0,False,0.39,8.0,4548259625,30.6553129,104.0498178
66208,P3,328.0,328.0,1048.0,1048.0,False,1.23,8.46,4548259568,30.6867196,104.0499428
84919,P3,328.0,328.0,1048.0,1048.0,False,0.31,8.0,4550018882,30.6141469,104.034959
129272,P3,329.0,329.0,1049.0,1049.0,False,0.03,8.0,3541427562,30.7068456,104.0316989
135813,P3,329.0,329.0,1049.0,1049.0,False,0.7,8.0,3693431551,30.6475601,104.0343744
138690,P3,329.0,329.0,1049.0,1049.0,False,0.73,8.0,3034029045,30.6913279,104.0063866
1559,P3,329.0,329.0,1049.0,1049.0,False,1.79,9.58,1159518606,30.64902,104.0673
16627,P3,329.0,329.0,1049.0,1049.0,False,0.88,8.0,3034376760,30.66709,104.08824
187033,P3,329.0,329.0,1049.0,1049.0,False,0.24,8.0,1159519336,30.6486787,104.063615
2532,P3,329.0,329.0,1049.0,1049.0,False,0.73,8.0,465203764,30.7051028,104.1010111
92395,P3,329.0,329.0,1049.0,1049.0,False,3.49,12.98,5283966326,30.70459,104.09549
140569,P3,330.0,330.0,1050.0,1050.0,False,0.31,8.0,1455094522,30.6962984,104.106018
159408,P3,330.0,330.0,1050.0,1050.0,False,2.45,10.9,1159140553,30.6589102,104.0999026
32003,P3,330.0,330.0,1050.0,1050.0,False,1.5,9.0,3979164236,30.6790215,104.1104619
36765,P3,330.0,330.0,1050.0,1050.0,False,0.38,8.0,4987535050,30.6310897,104.0088361
57472,P3,330.0,330.0,1050.0,1050.0,False,2.15,10.3,3582243027,30.7209293,104.0097864
62238,P3,330.0,330.0,1050.0,1050.0,False,1.35,8.7,1958204318,30.6699136,104.0897098
78797,P3,330.0,330.0,1050.0,1050.0,False,0.97,8.0,4106682105,30.643269,103.9814521
139299,P3,331.0,331.0,1051.0,1051.0,False,0.76,8.0,2276187310,30.68433,104.08433
209155,P3,331.0,331.0,1051.0,1051.0,False,1.2,8.4,2041527384,30.6848815,104.0960616
71964,P3,331.0,331.0,1051.0,1051.0,False,1.34,8.68,3541427573,30.7087766,104.0313006
76607,P3,331.0,331.0,1051.0,1051.0,False,0.74,8.0,1918491716,30.6490086,103.9823371
140212,P3,332.0,332.0,1052.0,1052.0,False,0.2,8.0,4549993020,30.6968336,104.0443714
184631,P3,332.0,332.0,1052.0,1052.0,False,0.59,8.0,1159474708,30.6964697,104.0436588
185208,P3,332.0,332.0,1052.0,1052.0,False,2.14,10.28,3541376548,30.716928,104.055664
205847,P3,332.0,332.0,1052.0,1052.0,False,0.64,8.0,4903112581,30.66148,104.08053
81059,P3,332.0,332.0,1052.0,1052.0,False,1.05,8.1,1159225748,30.70204,104.05156
175691,P3,333.0,333.0,1053.0,1053.0,False,0.82,8.0,1159143889,30.67576,104.07872
175783,P3,333.0,333.0,1053.0,1053.0,False,0.58,8.0,4548211308,30.672995,104.05757
201701,P3,333.0,333.0,1053.0,1053.0,False,0.32,8.0,4444112336,30.7188785,104.1019167
26679,P3,333.0,333.0,1053.0,1053.0,False,0.31,8.0,3541389072,30.68633,104.03611
39756,P3,333.0,333.0,1053.0,1053.0,False,0.82,8.0,4550018984,30.6508866,104.0565919
71859,P3,333.0,333.0,1053.0,1053.0,False,0.23,8.0,314623119,30.6501008,104.0321723
150363,P3,334.0,334.0,1054.0,1054.0,False,1.11,8.22,5382831222,30.6779593,104.0935433
200779,P3,334.0,334.0,1054.0,1054.0,False,0.53,8.0,3614070502,30.673196,104.0521527
37919,P3,334.0,334.0,1054.0,1054.0,False,0.49,8.0,4699007119,30.6099239,104.0381682
45379,P3,334.0,334.0,1054.0,1054.0,False,0.49,8.0,1756193229,30.63994,104.02765
106920,P3,335.0,335.0,1055.0,1055.0,False,0.62,8.0,4773916428,30.6574387,104.0023707
122025,P3,335.0,335.0,1055.0,1055.0,False,0.92,8.0,4572409841,30.7167403,103.9943604
132639,P3,335.0,335.0,1055.0,1055.0,False,2.65,11.3,1301932980,30.653038,104.07254
164130,P3,335.0,335.0,1055.0,1055.0,False,0.97,8.0,4701464751,30.615852,104.0596613
184968,P3,335.0,335.0,1055.0,1055.0,False,1.25,8.5,1916386509,30.6220137,104.0295696
190353,P3,335.0,335.0,1055.0,1055.0,False,1.09,8.18,3523308825,30.6403223,104.0825652
47879,P3,335.0,335.0,1055.0,1055.0,False,1.82,9.64,432442954,30.6775,104.01735
5712,P3,335.0,335.0,1055.0,1055.0,False,0.62,8.0,504315336,30.7036181,104.1011062
58607,P3,335.0,335.0,1055.0,1055.0,False,2.57,11.14,1159474708,30.69731,104.04323
66626,P3,335.0,335.0,1055.0,1055.0,False,0.92,8.0,4550018613,30.6404136,104.027148
83909,P3,335.0,335.0,1055.0,1055.0,False,1.4,8.8,432429425,30.6350493,104.0320493
103933,P3,336.0,336.0,1056.0,1056.0,False,0.76,8.0,5141468682,30.6384954,104.0922736
136511,P3,336.0,336.0,1056.0,1056.0,False,1.53,9.06,1159131458,30.6689,104.05954
146803,P3,336.0,336.0,1056.0,1056.0,False,0.76,8.0,5375783458,30.6223245,104.0078639
174539,P3,336.0,336.0,1056.0,1056.0,False,0.46,8.0,3597807845,30.7165062,104.0106957
185660,P3,336.0,336.0,1056.0,1056.0,False,1.68,9.36,1507392436,30.6962331,104.0788739
195391,P3,336.0,336.0,1056.0,1056.0,False,0.82,8.0,5141328652,30.6135716,104.062052
33847,P3,336.0,336.0,1056.0,1056.0,False,0.48,8.0,4521001284,30.6537616,104.0838077
36212,P3,336.0,336.0,1056.0,1056.0,False,0.67,8.0,4414330243,30.6630248,104.0884294
92610,P3,336.0,336.0,1056.0,1056.0,False,1.31,8.62,4778922967,30.6475558,103.9758102
9931,P3,336.0,336.0,1056.0,1056.0,False,0.76,8.0,4972899575,30.632518,104.049449
179091,P3,337.0,337.0,1057.0,1057.0,False,2.16,10.32,4107377015,30.631622,103.99972
22099,P3,337.0,337.0,1057.0,1057.0,False,0.21,8.0,4550769368,30.6270543,104.0999103
24854,P3,337.0,337.0,1057.0,1057.0,False,0.73,8.0,3683788278,30.6096084,104.0847674
40196,P3,337.0,337.0,1057.0,1057.0,False,1.33,8.66,5186309505,30.6766457,104.0093498
7221,P3,337.0,337.0,1057.0,1057.0,False,0.67,8.0,3523308829,30.6416653,104.0811521
73544,P3,337.0,337.0,1057.0,1057.0,False,1.24,8.48,3087817507,30.670692,103.989536
7616,P3,337.0,337.0,1057.0,1057.0,False,0.6,8.0,3562045359,30.7048908,104.0389388
87484,P3,337.0,337.0,1057.0,1057.0,False,0.99,8.0,2564226619,30.623285,104.015294
88691,P3,337.0,337.0,1057.0,1057.0,False,1.97,9.94,3436486414,30.64428,104.04874
140361,P3,338.0,338.0,1058.0,1058.0,False,0.6,8.0,4698894024,30.6115316,104.0353434
156928,P3,338.0,338.0,1058.0,1058.0,False,0.54,8.0,3034040786,30.6998437,104.017522
202755,P3,338.0,338.0,1058.0,1058.0,False,2.13,10.26,5141458205,30.63187,104.07616
208846,P3,338.0,338.0,1058.0,1058.0,False,1.18,8.36,314623056,30.6165495,104.0154053
27391,P3,338.0,338.0,1058.0,1058.0,False,1.18,8.36,1159143909,30.67521,104.08139
37862,P3,338.0,338.0,1058.0,1058.0,False,1.12,8.24,4773916794,30.6604012,104.0058858
106940,P3,339.0,339.0,1059.0,1059.0,False,0.61,8.0,4699007138,30.610447,104.0398246
122337,P3,339.0,339.0,1059.0,1059.0,False,0.86,8.0,2956775875,30.7003599,104.0367594
130933,P3,339.0,339.0,1059.0,1059.0,False,2.71,11.42,3562099594,30.6468583,104.0332341
141337,P3,339.0,339.0,1059.0,1059.0,False,1.19,8.38,1313998800,30.6379687,104.0890481
167313,P3,339.0,339.0,1059.0,1059.0,False,1.16,8.32,2276187313,30.6848333,104.0807316
176364,P3,339.0,339.0,1059.0,1059.0,False,0.25,8.0,4548211254,30.6609773,104.0685613
190211,P3,339.0,339.0,1059.0,1059.0,False,0.86,8.0,1159462960,30.6755838,104.0233904
202866,P3,339.0,339.0,1059.0,1059.0,False,1.89,9.78,4915830835,30.6761062,104.0713357
208086,P3,339.0,339.0,1059.0,1059.0,False,1.14,8.28,1159950973,30.654307,104.089357
22338,P3,339.0,339.0,1059.0,1059.0,False,1.14,8.28,5002301690,30.6617988,104.0195732
65266,P3,339.0,339.0,1059.0,1059.0,False,1.19,8.38,2651700257,30.695084,104.0787813
74119,P3,339.0,339.0,1059.0,1059.0,False,1.46,8.92,1916386558,30.6438568,104.0122246
88476,P3,339.0,339.0,1059.0,1059.0,False,0.61,8.0,4699007253,30.6099074,104.0402195
99164,P3,339.0,339.0,1059.0,1059.0,False,1.46,8.92,4987535024,30.6291307,104.0064751
148455,P3,340.0,340.0,1060.0,1060.0,False,2.64,11.28,1159134910,30.6613379,104.0909038
26467,P3,340.0,340.0,1060.0,1060.0,False,0.25,8.0,1159155218,30.642551,104.1024389
47400,P3,340.0,340.0,1060.0,1060.0,False,0.06,8.0,1916386425,30.6432891,104.0086412
61111,P3,340.0,340.0,1060.0,1060.0,False,0.06,8.0,2472030046,30.66182,104.06251
6351,P3,340.0,340.0,1060.0,1060.0,False,0.25,8.0,2472046174,30.6580365,104.0633586
89124,P3,340.0,340.0,1060.0,1060.0,False,0.71,8.0,4699007191,30.6102296,104.0321191
93522,P3,340.0,340.0,1060.0,1060.0,False,0.36,8.0,5213238484,30.6442885,104.0390223
13987,P3,341.0,341.0,1061.0,1061.0,False,0.64,8.0,432429421,30.6354842,104.0346801
187520,P3,341.0,341.0,1061.0,1061.0,False,0.8,8.0,3516900112,30.6717433,104.0682074
27812,P3,341.0,341.0,1061.0,1061.0,False,1.74,9.48,2217699757,30.6609329,104.0695824
80310,P3,341.0,341.0,1061.0,1061.0,False,1.01,8.02,4548211600,30.6918656,104.0362568
104169,P3,342.0,342.0,1062.0,1062.0,False,0.71,8.0,1159227704,30.6969675,104.0523384
114731,P3,342.0,342.0,1062.0,1062.0,False,0.23,8.0,2712338448,30.7077126,104.0382606
121488,P3,342.0,342.0,1062.0,1062.0,False,1.54,9.08,3034408997,30.7030464,104.0908574
148470,P3,342.0,342.0,1062.0,1062.0,False,1.54,9.08,3541427565,30.7090109,104.0467738
174037,P3,342.0,342.0,1062.0,1062.0,False,0.93,8.0,2823785848,30.676971,104.0726677
182459,P3,342.0,342.0,1062.0,1062.0,False,1.08,8.16,1159461706,30.6741038,104.040131
35555,P3,342.0,342.0,1062.0,1062.0,False,0.79,8.0,1504210129,30.706411,104.09512
60703,P3,342.0,342.0,1062.0,1062.0,False,2.12,10.24,432452884,30.618444,104.0550056
95651,P3,342.0,342.0,1062.0,1062.0,False,2.27,10.54,4106682242,30.6837922,104.0043502
97339,P3,342.0,342.0,1062.0,1062.0,False,2.12,10.24,2039550419,30.6384474,104.1095985
132134,P3,343.0,343.0,1063.0,1063.0,False,0.15,8.0,3158040415,30.642339,104.051278
201462,P3,343.0,343.0,1063.0,1063.0,False,4.14,14.28,5213238558,30.639159,104.0308764
204899,P3,343.0,343.0,1063.0,1063.0,False,1.77,9.54,5213253153,30.69282,104.08682
26400,P3,343.0,343.0,1063.0,1063.0,False,4.14,14.28,4437994403,30.6896657,104.0965366
34483,P3,343.0,343.0,1063.0,1063.0,False,1.55,9.1,4078817932,30.70415,104.08226
55619,P3,343.0,343.0,1063.0,1063.0,False,3.02,12.04,4978441006,30.6897,104.11438
86155,P3,343.0,343.0,1063.0,1063.0,False,1.26,8.52,4693609804,30.63349,104.06898
115383,P3,344.0,344.0,1064.0,1064.0,False,1.38,8.76,4550018783,30.6520369,104.0594294
199421,P3,344.0,344.0,1064.0,1064.0,False,1.38,8.76,3633018910,30.6645486,104.064824
207753,P3,344.0,344.0,1064.0,1064.0,False,0.9,8.0,2717970035,30.6319845,104.0612799
71475,P3,344.0,344.0,1064.0,1064.0,False,0.24,8.0,5213238503,30.66,104.07249
78093,P3,344.0,344.0,1064.0,1064.0,False,0.99,8.0,1457834347,30.6947679,104.1084834
100778,P3,345.0,345.0,1065.0,1065.0,False,0.63,8.0,2729413201,30.6295676,104.0481606
110460,P3,345.0,345.0,1065.0,1065.0,False,2.11,10.22,3541420734,30.6926479,104.0708075
119527,P3,345.0,345.0,1065.0,1065.0,False,1.99,9.98,1500780826,30.65128,104.01337
164335,P3,345.0,345.0,1065.0,1065.0,False,0.89,8.0,2956775836,30.715469,104.0400366
172336,P3,345.0,345.0,1065.0,1065.0,False,1.76,9.52,2214043177,30.6285325,104.0894399
172813,P3,345.0,345.0,1065.0,1065.0,False,0.63,8.0,3562110274,30.6720357,104.0660008
185585,P3,345.0,345.0,1065.0,1065.0,False,2.01,10.02,2160900160,30.6850638,104.1018361
187842,P3,345.0,345.0,1065.0,1065.0,False,0.89,8.0,3691210130,30.6581111,104.0127168
198473,P3,345.0,345.0,1065.0,1065.0,False,0.6,8.0,1506537728,30.715035,104.0719981
40008,P3,345.0,345.0,1065.0,1065.0,False,0.16,8.0,432432620,30.6570026,104.0302594
45149,P3,345.0,345.0,1065.0,1065.0,False,0.16,8.0,5141468694,30.6351947,104.0922324
63769,P3,345.0,345.0,1065.0,1065.0,False,0.6,8.0,2204171425,30.721668,104.0986304
93754,P3,345.0,345.0,1065.0,1065.0,False,1.76,9.52,1916386443,30.6353341,104.0032177
143959,P3,346.0,346.0,1066.0,1066.0,False,0.13,8.0,4449099864,30.651485,104.10344
178766,P3,346.0,346.0,1066.0,1066.0,False,1.14,8.28,1492396694,30.655124,104.0636683
199858,P3,346.0,346.0,1066.0,1066.0,False,0.97,8.0,1159223043,30.7142873,104.0344182
4471,P3,346.0,346.0,1066.0,1066.0,False,0.51,8.0,276558491,30.6226656,104.0661102
58355,P3,346.0,346.0,1066.0,1066.0,False,0.24,8.0,4242369821,30.6871877,104.0222008
92149,P3,346.0,346.0,1066.0,1066.0,False,1.44,8.88,3562047394,30.7167232,104.0649439
13627,P3,347.0,347.0,1067.0,1067.0,False,1.5,9.0,3562028082,30.6606917,104.0842097
167807,P3,347.0,347.0,1067.0,1067.0,False,2.08,10.16,4359391017,30.7259796,104.1125921
177550,P3,347.0,347.0,1067.0,1067.0,False,2.08,10.16,3680455704,30.6592168,104.0134453
34092,P3,347.0,347.0,1067.0,1067.0,False,1.01,8.02,3943038369,30.6434266,104.0639589
88501,P3,347.0,347.0,1067.0,1067.0,False,0.43,8.0,5211343344,30.6476004,104.0136879
94050,P3,347.0,347.0,1067.0,1067.0,False,0.43,8.0,1305816679,30.6460016,104.0863158
101657,P3,348.0,348.0,1068.0,1068.0,False,0.58,8.0,5382831176,30.6754465,104.0984991
110195,P3,348.0,348.0,1068.0,1068.0,False,0.06,8.0,4548211655,30.6749363,104.0654425
137295,P3,348.0,348.0,1068.0,1068.0,False,0.85,8.0,4393239473,30.6270158,104.045775
22835,P3,348.0,348.0,1068.0,1068.0,False,1.3,8.6,5102886109,30.7176592,103.9709267
36289,P3,348.0,348.0,1068.0,1068.0,False,0.58,8.0,5213253210,30.6533417,104.1122761
4879,P3,348.0,348.0,1068.0,1068.0,False,1.97,9.94,1305816742,30.652388,104.07865
60727,P3,348.0,348.0,1068.0,1068.0,False,0.22,8.0,4699007121,30.6101117,104.0378382
118235,P3,349.0,349.0,1069.0,1069.0,False,0.15,8.0,1918491753,30.63167,103.97461
127727,P3,349.0,349.0,1069.0,1069.0,False,2.57,11.14,1916530862,30.63069,103.98993
130767,P3,349.0,349.0,1069.0,1069.0,False,1.6,9.2,1916386526,30.62036,104.04324
133837,P3,349.0,349.0,1069.0,1069.0,False,0.65,8.0,672362123,30.6388882,104.073478
137584,P3,349.0,349.0,1069.0,1069.0,False,0.26,8.0,1492574988,30.6217426,104.0643473
142349,P3,349.0,349.0,1069.0,1069.0,False,0.96,8.0,2372052925,30.6334788,104.0997912
180830,P3,349.0,349.0,1069.0,1069.0,False,0.15,8.0,4107377006,30.6302083,104.0003801
88413,P3,349.0,349.0,1069.0,1069.0,False,0.27,8.0,4934383684,30.616535,104.1164446
92211,P3,349.0,349.0,1069.0,1069.0,False,1.6,9.2,432442887,30.6941255,103.9762069
94355,P3,349.0,349.0,1069.0,1069.0,False,0.98,8.0,4548141021,30.6234713,104.0814946
98418,P3,349.0,349.0,1069.0,1069.0,False,0.52,8.0,5436607833,30.6354732,104.0639735
105913,P3,350.0,350.0,1070.0,1070.0,False,2.63,11.26,1459896462,30.6431175,104.1058752
139382,P3,350.0,350.0,1070.0,1070.0,False,1.32,8.64,4695601445,30.6116619,104.0278827
141712,P3,350.0,350.0,1070.0,1070.0,False,0.18,8.0,4549993408,30.6964897,104.0443426
169370,P3,350.0,350.0,1070.0,1070.0,False,1.31,8.62,1159230555,30.6836121,104.0910298
171652,P3,350.0,350.0,1070.0,1070.0,False,1.31,8.62,4548317899,30.6320768,104.0923232
172058,P3,350.0,350.0,1070.0,1070.0,False,0.12,8.0,1987226861,30.663292,104.0523509
196361,P3,350.0,350.0,1070.0,1070.0,False,0.1,8.0,4782097004,30.6252518,104.0233075
34900,P3,350.0,350.0,1070.0,1070.0,False,0.49,8.0,5211343339,30.6444063,104.0141564
49095,P3,350.0,350.0,1070.0,1070.0,False,0.9,8.0,4444112359,30.7258416,104.1047748
62020,P3,350.0,350.0,1070.0,1070.0,False,1.32,8.64,2331442702,30.6547442,103.9814037
102289,P3,351.0,351.0,1071.0,1071.0,False,2.26,10.52,3523308816,30.6482732,104.058538
106316,P3,351.0,351.0,1071.0,1071.0,False,0.29,8.0,3562045386,30.7112589,104.0431327
126988,P3,351.0,351.0,1071.0,1071.0,False,2.26,10.52,2217714926,30.6609975,104.0718879
205643,P3,351.0,351.0,1071.0,1071.0,False,0.54,8.0,1918491705,30.6422139,104.0015439
34904,P3,351.0,351.0,1071.0,1071.0,False,0.42,8.0,5375783786,30.6544505,104.0005356
87157,P3,351.0,351.0,1071.0,1071.0,False,0.29,8.0,5218239987,30.6979349,104.0525637
116304,P3,352.0,352.0,1072.0,1072.0,False,0.34,8.0,4393165159,30.6227639,104.0671748
130068,P3,352.0,352.0,1072.0,1072.0,False,1.15,8.3,5218239999,30.6976768,104.0519257
204379,P3,352.0,352.0,1072.0,1072.0,False,1.29,8.58,2271614427,30.7165086,103.966667
43837,P3,352.0,352.0,1072.0,1072.0,False,1.29,8.58,3742070445,30.6517484,104.0822534
60555,P3,352.0,352.0,1072.0,1072.0,False,0.49,8.0,3516900114,30.66848,104.080696
61455,P3,352.0,352.0,1072.0,1072.0,False,0.29,8.0,1156119116,30.66534,104.063736
64790,P3,352.0,352.0,1072.0,1072.0,False,1.4,8.8,4220546253,30.6527235,104.0741751
76132,P3,352.0,352.0,1072.0,1072.0,False,0.45,8.0,4449099845,30.6450247,104.1098074
127634,P3,353.0,353.0,1073.0,1073.0,False,0.51,8.0,1956538080,30.6819793,104.1092987
190902,P3,353.0,353.0,1073.0,1073.0,False,1.19,8.38,5141328660,30.6133768,104.0641033
197337,P3,353.0,353.0,1073.0,1073.0,False,2.61,11.22,1156126880,30.680231,104.0549136
66284,P3,353.0,353.0,1073.0,1073.0,False,0.34,8.0,3523294443,30.6601842,104.0431961
69855,P3,353.0,353.0,1073.0,1073.0,False,0.34,8.0,3579530515,30.650686,104.115906
80216,P3,353.0,353.0,1073.0,1073.0,False,0.98,8.0,4701464324,30.6230885,104.0646899
14866,P3,354.0,354.0,1074.0,1074.0,False,2.12,10.24,3693431551,30.6475601,104.0343744
154957,P3,354.0,354.0,1074.0,1074.0,False,2.4,10.8,2441160953,30.6322658,104.0347838
161623,P3,354.0,354.0,1074.0,1074.0,False,0.81,8.0,672349217,30.7266503,104.0721605
169132,P3,354.0,354.0,1074.0,1074.0,False,1.18,8.36,4701400723,30.624126,104.0932815
194878,P3,354.0,354.0,1074.0,1074.0,False,1.21,8.42,5213253161,30.7160367,104.0783836
39624,P3,354.0,354.0,1074.0,1074.0,False,1.21,8.42,4549993433,30.6483772,103.9792516
57975,P3,354.0,354.0,1074.0,1074.0,False,0.13,8.0,4779165739,30.62951,104.03464
65383,P3,354.0,354.0,1074.0,1074.0,False,0.87,8.0,2564226641,30.6377069,104.0156665
70179,P3,354.0,354.0,1074.0,1074.0,False,0.92,8.0,441187228,30.670256,104.06354
79639,P3,354.0,354.0,1074.0,1074.0,False,0.25,8.0,1956538342,30.68068,104.111305
109757,P3,355.0,355.0,1075.0,1075.0,False,0.9,8.0,5213238523,30.6482973,104.0388537
121799,P3,355.0,355.0,1075.0,1075.0,False,0.9,8.0,1885342897,30.6785159,104.0974069
128690,P3,355.0,355.0,1075.0,1075.0,False,2.57,11.14,1305816693,30.6621443,104.1062174
15437,P3,355.0,355.0,1075.0,1075.0,False,0.9,8.0,4773199403,30.6723964,104.0141622
170633,P3,355.0,355.0,1075.0,1075.0,False,1.26,8.52,672287939,30.6651337,104.0543904
184983,P3,355.0,355.0,1075.0,1075.0,False,0.03,8.0,432452907,30.6109222,104.0696791
203527,P3,355.0,355.0,1075.0,1075.0,False,0.99,8.0,1156126794,30.6787,104.04723
6755,P3,355.0,355.0,1075.0,1075.0,False,0.03,8.0,1159478537,30.67296,104.04898
9637,P3,355.0,355.0,1075.0,1075.0,False,2.58,11.16,3541376443,30.7171014,104.1011129
106459,P3,356.0,356.0,1076.0,1076.0,False,1.95,9.9,3541427578,30.716934,104.04482
112223,P3,356.0,356.0,1076.0,1076.0,False,1.02,8.04,4400595030,30.6724672,104.0789696
122443,P3,356.0,356.0,1076.0,1076.0,False,0.44,8.0,4118527513,30.700628,104.09516
143770,P3,356.0,356.0,1076.0,1076.0,False,0.28,8.0,1457868175,30.688221,104.0988914
172851,P3,356.0,356.0,1076.0,1076.0,False,1.73,9.46,4548211342,30.670828,104.0569
180082,P3,356.0,356.0,1076.0,1076.0,False,1.6,9.2,4449099824,30.6422787,104.1148706
198231,P3,356.0,356.0,1076.0,1076.0,False,0.23,8.0,432429393,30.6387705,104.0539813
43125,P3,356.0,356.0,1076.0,1076.0,False,1.73,9.46,4218012692,30.6283062,104.0434778
45561,P3,356.0,356.0,1076.0,1076.0,False,1.6,9.2,4695640656,30.6179593,104.0247902
62504,P3,356.0,356.0,1076.0,1076.0,False,0.59,8.0,4972893897,30.6095643,104.0488339
104347,P3,357.0,357.0,1077.0,1077.0,False,2.11,10.22,4964134711,30.70869,104.01361
126350,P3,357.0,357.0,1077.0,1077.0,False,2.26,10.52,2722829584,30.7009341,104.0661237
175468,P3,357.0,357.0,1077.0,1077.0,False,1.68,9.36,4779165707,30.6362652,104.0217983
39806,P3,357.0,357.0,1077.0,1077.0,False,0.78,8.0,4548211387,30.6766037,104.0579844
69754,P3,357.0,357.0,1077.0,1077.0,False,2.39,10.78,1457843770,30.688178,104.0993623
114596,P3,358.0,358.0,1078.0,1078.0,False,2.38,10.76,1500780826,30.6504103,104.0114096
132325,P3,358.0,358.0,1078.0,1078.0,False,0.12,8.0,5375784048,30.6561051,103.997904
132489,P3,358.0,358.0,1078.0,1078.0,False,0.42,8.0,3541366766,30.6556229,104.0061546
149095,P3,358.0,358.0,1078.0,1078.0,False,0.42,8.0,3562028076,30.6599303,104.0923368
150579,P3,358.0,358.0,1078.0,1078.0,False,0.83,8.0,5283966195,30.7024,104.11456
19249,P3,358.0,358.0,1078.0,1078.0,False,1.58,9.16,5436607071,30.6375728,104.0649959
193717,P3,358.0,358.0,1078.0,1078.0,False,1.24,8.48,4934383678,30.6154639,104.1126949
195764,P3,358.0,358.0,1078.0,1078.0,False,2.27,10.54,1815741555,30.6862288,104.0763863
19735,P3,358.0,358.0,1078.0,1078.0,False,1.22,8.44,671581781,30.62582,104.073685
205857,P3,358.0,358.0,1078.0,1078.0,False,0.24,8.0,3742070456,30.648038,104.0907351
28339,P3,358.0,358.0,1078.0,1078.0,False,1.31,8.62,4548211199,30.6747842,104.0379887
61541,P3,358.0,358.0,1078.0,1078.0,False,2.82,11.64,4779165760,30.63338,104.0516044
72507,P3,358.0,358.0,1078.0,1078.0,False,0.12,8.0,4550018884,30.6555416,104.0603353
76391,P3,358.0,358.0,1078.0,1078.0,False,1.24,8.48,314622896,30.65466,104.06674
163035,P3,359.0,359.0,1079.0,1079.0,False,1.73,9.46,4721452999,30.704468,104.083115
182291,P3,359.0,359.0,1079.0,1079.0,False,1.08,8.16,1159950973,30.655083,104.08868
182412,P3,359.0,359.0,1079.0,1079.0,False,0.23,8.0,4972899580,30.6331037,104.0482294
39315,P3,359.0,359.0,1079.0,1079.0,False,0.23,8.0,2729395914,30.6296384,104.0450455
57145,P3,359.0,359.0,1079.0,1079.0,False,0.02,8.0,2131996317,30.6221441,104.1060957
135247,P3,360.0,360.0,1080.0,1080.0,False,0.73,8.0,2041314658,30.6797848,104.099203
13659,P3,360.0,360.0,1080.0,1080.0,False,2.41,10.82,4987535046,30.6319077,104.0107028
153806,P3,360.0,360.0,1080.0,1080.0,False,0.51,8.0,4934383649,30.6163126,104.1125643
166066,P3,360.0,360.0,1080.0,1080.0,False,0.51,8.0,432442916,30.6680932,104.0243643
17885,P3,360.0,360.0,1080.0,1080.0,False,2.41,10.82,1159486373,30.6864357,104.0671135
89326,P3,360.0,360.0,1080.0,1080.0,False,2.39,10.78,1459896462,30.6431175,104.1058752
97704,P3,360.0,360.0,1080.0,1080.0,False,1.95,9.9,4064178136,30.6589329,103.975293
10157,P3,361.0,361.0,1081.0,1081.0,False,0.93,8.0,3034040785,30.7004902,104.0186486
78927,P3,361.0,361.0,1081.0,1081.0,False,0.93,8.0,3633018387,30.66695,104.0631
102790,P3,362.0,362.0,1082.0,1082.0,False,1.34,8.68,1459023387,30.644176,104.1108717
106004,P3,362.0,362.0,1082.0,1082.0,False,0.86,8.0,1072704379,30.7033562,104.0770448
167626,P3,362.0,362.0,1082.0,1082.0,False,0.29,8.0,2564226627,30.6398379,104.0185183
173377,P3,362.0,362.0,1082.0,1082.0,False,2.25,10.5,2404125668,30.7209078,103.9826373
204239,P3,362.0,362.0,1082.0,1082.0,False,0.21,8.0,3562110274,30.6716,104.06648
43313,P3,362.0,362.0,1082.0,1082.0,False,1.8,9.6,5141328662,30.6133844,104.0643656
75089,P3,362.0,362.0,1082.0,1082.0,False,0.86,8.0,672360497,30.6665587,104.0834623
9983,P3,362.0,362.0,1082.0,1082.0,False,1.34,8.68,4799100434,30.64548,104.03222
113551,P3,363.0,363.0,1083.0,1083.0,False,1.32,8.64,3680455703,30.6591448,104.0133325
158191,P3,363.0,363.0,1083.0,1083.0,False,1.05,8.1,4695601570,30.6108563,104.0328647
199047,P3,363.0,363.0,1083.0,1083.0,False,0.18,8.0,1159230555,30.68455,104.09174
21409,P3,363.0,363.0,1083.0,1083.0,False,1.13,8.26,4693647097,30.6320632,104.0725698
45148,P3,363.0,363.0,1083.0,1083.0,False,0.97,8.0,3469876108,30.7077543,104.0383284
85207,P3,363.0,363.0,1083.0,1083.0,False,1.67,9.34,2910352375,30.6444842,104.0887257
167751,P3,364.0,364.0,1084.0,1084.0,False,1.38,8.76,1947584145,30.69124,104.0897
98823,P3,364.0,364.0,1084.0,1084.0,False,1.26,8.52,5141468685,30.6375532,104.0942474
182052,P3,365.0,365.0,1085.0,1085.0,False,1.43,8.86,1457840983,30.6909422,104.1019074
188566,P3,365.0,365.0,1085.0,1085.0,False,0.05,8.0,4217837125,30.6269819,104.0454571
44444,P3,365.0,365.0,1085.0,1085.0,False,0.78,8.0,2729395909,30.6301413,104.0472898
46050,P3,365.0,365.0,1085.0,1085.0,False,0.76,8.0,2041314668,30.6811532,104.0961062
88475,P3,365.0,365.0,1085.0,1085.0,False,0.29,8.0,2367361536,30.61894,104.06348
107236,P3,366.0,366.0,1086.0,1086.0,False,1.53,9.06,3087817473,30.6350124,104.0203414
147684,P3,366.0,366.0,1086.0,1086.0,False,1.08,8.16,4693610143,30.6355715,104.0672545
50478,P3,366.0,366.0,1086.0,1086.0,False,0.6,8.0,2823785849,30.6772748,104.0756106
64075,P3,366.0,366.0,1086.0,1086.0,False,1.53,9.06,4701400379,30.6118142,104.0552323
125235,P3,367.0,367.0,1087.0,1087.0,False,0.6,8.0,4548211447,30.6661912,104.0682416
137470,P3,367.0,367.0,1087.0,1087.0,False,1.64,9.28,4972899582,30.632923,104.0486127
159555,P3,367.0,367.0,1087.0,1087.0,False,0.6,8.0,2119004935,30.6977,104.02503
177987,P3,367.0,367.0,1087.0,1087.0,False,0.11,8.0,3034040769,30.69282,104.02521
179053,P3,367.0,367.0,1087.0,1087.0,False,1.64,9.28,1302807371,30.6424224,104.0874982
207058,P3,367.0,367.0,1087.0,1087.0,False,1.92,9.84,3979164228,30.6840565,104.0962674
39970,P3,367.0,367.0,1087.0,1087.0,False,0.37,8.0,1301932996,30.653893,104.0719969
65972,P3,367.0,367.0,1087.0,1087.0,False,1.33,8.66,3541427585,30.7051471,104.0719426
75235,P3,367.0,367.0,1087.0,1087.0,False,1.92,9.84,3562086854,30.67953,104.04313
97753,P3,367.0,367.0,1087.0,1087.0,False,2.66,11.32,4699007146,30.6116096,104.0352131
16503,P3,368.0,368.0,1088.0,1088.0,False,0.43,8.0,2041522384,30.66798,104.10733
190307,P3,368.0,368.0,1088.0,1088.0,False,0.2,8.0,4572363403,30.6791777,104.0582509
200734,P3,368.0,368.0,1088.0,1088.0,False,0.2,8.0,3034029069,30.6810066,103.9958321
38623,P3,368.0,368.0,1088.0,1088.0,False,2.11,10.22,1815741571,30.6863,104.07403
40603,P3,368.0,368.0,1088.0,1088.0,False,0.34,8.0,672282785,30.65552,104.09973
51614,P3,368.0,368.0,1088.0,1088.0,False,1.29,8.58,1301933005,30.6423101,104.0801153
66331,P3,368.0,368.0,1088.0,1088.0,False,1.13,8.26,1458037196,30.6877515,104.100315
109047,P3,369.0,369.0,1089.0,1089.0,False,1.44,8.88,4438008291,30.6912674,104.0937124
112267,P3,369.0,369.0,1089.0,1089.0,False,0.4,8.0,3087817485,30.66435,104.01354
113802,P3,369.0,369.0,1089.0,1089.0,False,2.91,11.82,1819305189,30.6383429,104.1069867
169955,P3,369.0,369.0,1089.0,1089.0,False,1.7,9.4,4548211308,30.672619,104.05729
51803,P3,369.0,369.0,1089.0,1089.0,False,1.21,8.42,1500638622,30.68677,104.07961
93147,P3,369.0,369.0,1089.0,1089.0,False,0.5,8.0,1301932970,30.64808,104.07881
104891,P3,370.0,370.0,1090.0,1090.0,False,2.32,10.64,1159138261,30.658089,104.107124
153781,P3,370.0,370.0,1090.0,1090.0,False,0.24,8.0,1305816684,30.6676822,104.0696328
164498,P3,370.0,370.0,1090.0,1090.0,False,0.52,8.0,4987536553,30.6404953,103.9914348
80047,P3,370.0,370.0,1090.0,1090.0,False,0.23,8.0,1311904462,30.64564,104.07896
93099,P3,370.0,370.0,1090.0,1090.0,False,0.24,8.0,314623107,30.6503,104.03722
119482,P3,371.0,371.0,1091.0,1091.0,False,2.0,10.0,4750955766,30.7105967,104.1141998
141,P3,371.0,371.0,1091.0,1091.0,False,1.43,8.86,2041527405,30.6904124,104.0951287
144671,P3,371.0,371.0,1091.0,1091.0,False,0.93,8.0,1305816697,30.665562,104.098305
161710,P3,371.0,371.0,1091.0,1091.0,False,1.19,8.38,1506449541,30.7050514,104.0638781
162034,P3,371.0,371.0,1091.0,1091.0,False,0.93,8.0,3113656970,30.6657565,104.0485473
169242,P3,371.0,371.0,1091.0,1091.0,False,0.15,8.0,3582245798,30.7160362,104.0005616
173567,P3,371.0,371.0,1091.0,1091.0,False,1.97,9.94,2041535225,30.664993,104.07981
177647,P3,371.0,371.0,1091.0,1091.0,False,0.93,8.0,288416384,30.6811455,104.0693596
186647,P3,371.0,371.0,1091.0,1091.0,False,1.1,8.2,1159143853,30.67733,104.08729
194373,P3,371.0,371.0,1091.0,1091.0,False,0.13,8.0,4550018993,30.6303428,103.9812421
198261,P3,371.0,371.0,1091.0,1091.0,False,0.48,8.0,1156126861,30.6748679,104.0815632
28889,P3,371.0,371.0,1091.0,1091.0,False,0.38,8.0,4106682215,30.6681547,103.9953913
30564,P3,371.0,371.0,1091.0,1091.0,False,0.11,8.0,5141328651,30.6142456,104.062873
38524,P3,371.0,371.0,1091.0,1091.0,False,0.49,8.0,1455094525,30.6963224,104.1056643
43807,P3,371.0,371.0,1091.0,1091.0,False,0.49,8.0,838319874,30.6442372,104.1109067
45760,P3,371.0,371.0,1091.0,1091.0,False,0.48,8.0,432442889,30.6969248,103.9777283
46059,P3,371.0,371.0,1091.0,1091.0,False,0.48,8.0,3562045362,30.724909,104.06176
58365,P3,371.0,371.0,1091.0,1091.0,False,1.91,9.82,4693610129,30.6358574,104.0718947
69059,P3,371.0,371.0,1091.0,1091.0,False,1.43,8.86,3681180642,30.655028,104.0688991
69960,P3,371.0,371.0,1091.0,1091.0,False,0.49,8.0,4012382184,30.661393,104.0748132
71327,P3,371.0,371.0,1091.0,1091.0,False,0.51,8.0,4136052366,30.6124202,104.049531
111533,P3,372.0,372.0,1092.0,1092.0,False,0.14,8.0,5213238732,30.6392713,104.0448258
112927,P3,372.0,372.0,1092.0,1092.0,False,0.05,8.0,2564226604,30.6182706,104.0197563
138715,P3,372.0,372.0,1092.0,1092.0,False,1.18,8.36,4967265766,30.7023098,104.0051202
140562,P3,372.0,372.0,1092.0,1092.0,False,1.24,8.48,3541427586,30.7184633,104.041902
145227,P3,372.0,372.0,1092.0,1092.0,False,0.14,8.0,4548211251,30.667568,104.03692
158262,P3,372.0,372.0,1092.0,1092.0,False,0.36,8.0,2180630939,30.6990716,104.0511989
159357,P3,372.0,372.0,1092.0,1092.0,False,0.36,8.0,4693610131,30.6356064,104.0708498
21370,P3,372.0,372.0,1092.0,1092.0,False,0.85,8.0,3034393457,30.6675188,104.0535782
45902,P3,372.0,372.0,1092.0,1092.0,False,0.79,8.0,4695640673,30.6170269,104.0270043
53209,P3,372.0,372.0,1092.0,1092.0,False,0.36,8.0,4550764070,30.648136,104.1133549
66851,P3,372.0,372.0,1092.0,1092.0,False,1.38,8.76,1918505692,30.612219,104.0042084
78630,P3,372.0,372.0,1092.0,1092.0,False,1.51,9.02,2039517044,30.6775009,104.0967332
82080,P3,372.0,372.0,1092.0,1092.0,False,1.7,9.4,4748166142,30.6148862,104.0209425
97332,P3,372.0,372.0,1092.0,1092.0,False,1.92,9.84,4772214782,30.6797153,104.0055931
124443,P3,373.0,373.0,1093.0,1093.0,False,0.86,8.0,1159226747,30.7017413,104.054964
126651,P3,373.0,373.0,1093.0,1093.0,False,1.37,8.74,2039561230,30.683146,104.10804
139827,P3,373.0,373.0,1093.0,1093.0,False,0.71,8.0,1159230079,30.6798659,104.0811056
141189,P3,373.0,373.0,1093.0,1093.0,False,1.91,9.82,1455132183,30.6950393,104.1079886
14631,P3,373.0,373.0,1093.0,1093.0,False,1.79,9.58,4695640554,30.6129866,104.027866
147967,P3,373.0,373.0,1093.0,1093.0,False,1.91,9.82,5145177740,30.722214,104.100802
15154,P3,373.0,373.0,1093.0,1093.0,False,0.06,8.0,2456925113,30.6383672,104.1026732
31189,P3,373.0,373.0,1093.0,1093.0,False,1.3,8.6,1159155729,30.6453167,104.0965398
31455,P3,373.0,373.0,1093.0,1093.0,False,1.3,8.6,5141468696,30.6360241,104.0937883
92677,P3,373.0,373.0,1093.0,1093.0,False,1.73,9.46,4393239473,30.6270158,104.045775
105404,P3,374.0,374.0,1094.0,1094.0,False,0.15,8.0,4550018629,30.6487126,104.0574834
114579,P3,374.0,374.0,1094.0,1094.0,False,2.22,10.44,4585624086,30.67521,104.03356
139810,P3,374.0,374.0,1094.0,1094.0,False,0.97,8.0,4400595030,30.6724672,104.0789696
43928,P3,374.0,374.0,1094.0,1094.0,False,0.15,8.0,4903105794,30.6737569,104.0680319
56903,P3,374.0,374.0,1094.0,1094.0,False,0.34,8.0,2868588324,30.665045,104.08402
71146,P3,374.0,374.0,1094.0,1094.0,False,0.4,8.0,465203788,30.7035608,104.1010111
91785,P3,374.0,374.0,1094.0,1094.0,False,1.06,8.12,3436486399,30.639693,104.046303
112500,P3,375.0,375.0,1095.0,1095.0,False,1.28,8.56,5359113193,30.676772,104.0129747
129943,P3,375.0,375.0,1095.0,1095.0,False,1.2,8.4,3089029138,30.6632578,104.0507561
13222,P3,375.0,375.0,1095.0,1095.0,False,0.01,8.0,1504184877,30.7133046,104.0780528
193039,P3,375.0,375.0,1095.0,1095.0,False,1.73,9.46,4695701808,30.6102404,104.0231
25442,P3,375.0,375.0,1095.0,1095.0,False,1.07,8.14,5141468730,30.6358411,104.0963416
29457,P3,375.0,375.0,1095.0,1095.0,False,0.92,8.0,1159472366,30.6969257,104.0414286
6833,P3,375.0,375.0,1095.0,1095.0,False,1.2,8.4,1815855081,30.6762251,103.9766378
89605,P3,375.0,375.0,1095.0,1095.0,False,1.05,8.1,432441915,30.6285016,104.026985
127405,P3,376.0,376.0,1096.0,1096.0,False,1.36,8.72,1455094508,30.696107,104.1054829
147127,P3,376.0,376.0,1096.0,1096.0,False,1.28,8.56,1916386490,30.6359657,104.0685217
166692,P3,376.0,376.0,1096.0,1096.0,False,2.53,11.06,1498768416,30.7260562,104.0740828
173731,P3,376.0,376.0,1096.0,1096.0,False,1.28,8.56,3199773577,30.69933,104.1071
180990,P3,376.0,376.0,1096.0,1096.0,False,1.32,8.64,2559969494,30.6280963,104.0376483
145661,P3,377.0,377.0,1097.0,1097.0,False,0.46,8.0,3562028074,30.6801297,104.1137765
185953,P3,377.0,377.0,1097.0,1097.0,False,1.06,8.12,1159234181,30.6948681,104.0742391
205830,P3,377.0,377.0,1097.0,1097.0,False,2.6,11.2,2981056908,30.629219,104.0766189
34066,P3,377.0,377.0,1097.0,1097.0,False,2.6,11.2,4547074370,30.6098362,104.0804477
35535,P3,377.0,377.0,1097.0,1097.0,False,1.39,8.78,2651714403,30.668123,104.114365
44875,P3,377.0,377.0,1097.0,1097.0,False,2.6,11.2,2041522384,30.66791,104.10715
47265,P3,377.0,377.0,1097.0,1097.0,False,1.58,9.16,4772476119,30.6615789,104.0474802
99019,P3,377.0,377.0,1097.0,1097.0,False,1.92,9.84,2041530098,30.690521,104.08764
103929,P3,378.0,378.0,1098.0,1098.0,False,1.04,8.08,4794944074,30.660741,104.0695936
142529,P3,378.0,378.0,1098.0,1098.0,False,2.03,10.06,3523308825,30.6403223,104.0825652
157504,P3,378.0,378.0,1098.0,1098.0,False,2.68,11.36,4548211308,30.6730409,104.0579156
158433,P3,378.0,378.0,1098.0,1098.0,False,3.29,12.58,1311904458,30.6437308,104.0793929
192670,P3,378.0,378.0,1098.0,1098.0,False,1.23,8.46,1916530842,30.6485722,103.9805666
201121,P3,378.0,378.0,1098.0,1098.0,False,2.03,10.06,1159230552,30.6865185,104.0928859
209347,P3,378.0,378.0,1098.0,1098.0,False,2.68,11.36,3333358469,30.703566,104.06609
23860,P3,378.0,378.0,1098.0,1098.0,False,0.47,8.0,1493185374,30.6142971,104.0649015
29936,P3,378.0,378.0,1098.0,1098.0,False,0.38,8.0,1159131810,30.6723637,104.06596
58926,P3,378.0,378.0,1098.0,1098.0,False,1.47,8.94,4972899566,30.6208285,104.0549477
72683,P3,378.0,378.0,1098.0,1098.0,False,0.48,8.0,1506487128,30.7150381,104.0721196
746,P3,378.0,378.0,1098.0,1098.0,False,0.43,8.0,2917213940,30.6502524,104.0897701
81198,P3,378.0,378.0,1098.0,1098.0,False,0.38,8.0,314614148,30.6113323,104.0472554
82920,P3,378.0,378.0,1098.0,1098.0,False,0.38,8.0,4548211443,30.6733783,104.068844
104345,P3,379.0,379.0,1099.0,1099.0,False,1.39,8.78,314623112,30.6491327,104.0348558
116155,P3,379.0,379.0,1099.0,1099.0,False,2.23,10.46,3034040779,30.70518,104.02461
16067,P3,379.0,379.0,1099.0,1099.0,False,0.73,8.0,4695640673,30.6170269,104.0270043
183683,P3,379.0,379.0,1099.0,1099.0,False,1.39,8.78,1159486373,30.68548,104.06598
2604,P3,379.0,379.0,1099.0,1099.0,False,0.33,8.0,3691210143,30.65801,104.0164294
57406,P3,379.0,379.0,1099.0,1099.0,False,1.47,8.94,432442971,30.6806612,104.0153467
69622,P3,379.0,379.0,1099.0,1099.0,False,1.41,8.82,3680400062,30.6591888,104.0162372
74915,P3,379.0,379.0,1099.0,1099.0,False,1.41,8.82,2327779714,30.62179,104.10395
116140,P3,380.0,380.0,1100.0,1100.0,False,0.9,8.0,3541371613,30.6680667,104.0492802
142424,P3,380.0,380.0,1100.0,1100.0,False,1.77,9.54,2823785856,30.6788256,104.0767495
183220,P3,380.0,380.0,1100.0,1100.0,False,0.31,8.0,3516887971,30.7188023,104.0334464
18915,P3,380.0,380.0,1100.0,1100.0,False,1.83,9.66,3614062391,30.67465,104.04925
203903,P3,380.0,380.0,1100.0,1100.0,False,2.98,11.96,4106682091,30.6425019,103.9821727
24041,P3,380.0,380.0,1100.0,1100.0,False,2.98,11.96,5375783864,30.6624543,103.9978549
40317,P3,380.0,380.0,1100.0,1100.0,False,0.74,8.0,1455094522,30.6962984,104.106018
52405,P3,380.0,380.0,1100.0,1100.0,False,2.52,11.04,432432621,30.6565848,104.0300828
64175,P3,380.0,380.0,1100.0,1100.0,False,2.52,11.04,5375783766,30.6356266,104.0121705
67845,P3,380.0,380.0,1100.0,1100.0,False,1.4,8.8,5213253219,30.7256417,104.0722196
80642,P3,380.0,380.0,1100.0,1100.0,False,0.89,8.0,3541427588,30.7198406,104.0521196
119164,P3,381.0,381.0,1101.0,1101.0,False,2.71,11.42,1885342902,30.6783873,104.0992476
12083,P3,381.0,381.0,1101.0,1101.0,False,2.31,10.62,1918491763,30.6501,103.97888
12199,P3,381.0,381.0,1101.0,1101.0,False,0.79,8.0,4550701395,30.616269,103.9750526
142456,P3,381.0,381.0,1101.0,1101.0,False,1.83,9.66,5283966219,30.701835,104.0995628
179689,P3,381.0,381.0,1101.0,1101.0,False,1.83,9.66,1586706375,30.7064975,103.9851115
22374,P3,381.0,381.0,1101.0,1101.0,False,0.54,8.0,1159149349,30.6567378,104.0509692
44047,P3,381.0,381.0,1101.0,1101.0,False,0.32,8.0,2843286555,30.69126,104.05717
68251,P3,381.0,381.0,1101.0,1101.0,False,1.13,8.26,4106681956,30.629204,103.998042
96960,P3,381.0,381.0,1101.0,1101.0,False,0.32,8.0,3582236093,30.7208361,103.9888859
111878,P3,382.0,382.0,1102.0,1102.0,False,0.16,8.0,441187481,30.6884102,104.0583636
148091,P3,382.0,382.0,1102.0,1102.0,False,0.99,8.0,3562110284,30.65498,104.08026
180303,P3,382.0,382.0,1102.0,1102.0,False,0.46,8.0,3582245800,30.7196968,103.9998528
34881,P3,382.0,382.0,1102.0,1102.0,False,0.8,8.0,2653570473,30.6676255,104.0941546
620,P3,382.0,382.0,1102.0,1102.0,False,1.32,8.64,5359113203,30.677847,104.0091123
86241,P3,382.0,382.0,1102.0,1102.0,False,1.31,8.62,5375783961,30.6616557,103.9986855
118873,P3,383.0,383.0,1103.0,1103.0,False,1.44,8.88,4106681966,30.6328569,103.9919272
172660,P3,383.0,383.0,1103.0,1103.0,False,1.58,9.16,3562045372,30.7102907,104.0617654
33315,P3,383.0,383.0,1103.0,1103.0,False,1.78,9.56,5375784055,30.6563586,103.9989238
44004,P3,383.0,383.0,1103.0,1103.0,False,2.36,10.72,5141468653,30.6384727,104.0924893
46905,P3,383.0,383.0,1103.0,1103.0,False,2.01,10.02,2956775871,30.7032196,104.03619
6856,P3,383.0,383.0,1103.0,1103.0,False,0.54,8.0,4701577738,30.6486566,104.0721736
7310,P3,383.0,383.0,1103.0,1103.0,False,0.94,8.0,2041531471,30.6798058,104.0744654
79531,P3,383.0,383.0,1103.0,1103.0,False,0.66,8.0,4548209365,30.6230395,104.0837609
82798,P3,383.0,383.0,1103.0,1103.0,False,0.66,8.0,4106681968,30.6349732,103.9852833
94037,P3,383.0,383.0,1103.0,1103.0,False,1.36,8.72,5382831172,30.6763123,104.09905
110846,P3,384.0,384.0,1104.0,1104.0,False,0.22,8.0,2204171375,30.7253223,104.0765603
133816,P3,384.0,384.0,1104.0,1104.0,False,2.71,11.42,1159136172,30.6598519,104.0882052
141563,P3,384.0,384.0,1104.0,1104.0,False,1.69,9.38,3516892731,30.6662803,104.0579399
52049,P3,384.0,384.0,1104.0,1104.0,False,1.26,8.52,4748166159,30.6149621,104.0244121
7274,P3,384.0,384.0,1104.0,1104.0,False,1.02,8.04,4549759306,30.692312,104.0359777
85262,P3,384.0,384.0,1104.0,1104.0,False,1.69,9.38,3680078462,30.6543343,104.0173902
95267,P3,384.0,384.0,1104.0,1104.0,False,2.21,10.42,2080664445,30.62118,104.09836
113151,P3,385.0,385.0,1105.0,1105.0,False,2.63,11.26,2823798122,30.6572364,104.0546464
126263,P3,385.0,385.0,1105.0,1105.0,False,1.41,8.82,1072704325,30.71272,104.05479
157511,P3,385.0,385.0,1105.0,1105.0,False,1.22,8.44,1492368560,30.6551263,104.0634537
190248,P3,385.0,385.0,1105.0,1105.0,False,1.41,8.82,3691210143,30.65801,104.0164294
203963,P3,385.0,385.0,1105.0,1105.0,False,0.8,8.0,1159452242,30.66948,104.0455
105755,P3,386.0,386.0,1106.0,1106.0,False,0.06,8.0,1492371540,30.6549288,104.0633533
111493,P3,386.0,386.0,1106.0,1106.0,False,1.11,8.22,4549993214,30.6968887,104.0475672
123589,P3,386.0,386.0,1106.0,1106.0,False,2.33,10.66,5211368067,30.6697225,103.9724207
124548,P3,386.0,386.0,1106.0,1106.0,False,1.43,8.86,4637576793,30.6666763,104.1103432
135306,P3,386.0,386.0,1106.0,1106.0,False,1.74,9.48,3516890331,30.6787788,103.9900198
170539,P3,386.0,386.0,1106.0,1106.0,False,1.12,8.24,3199773658,30.7016861,104.1031052
207351,P3,386.0,386.0,1106.0,1106.0,False,2.14,10.28,1159477630,30.6732712,104.0543974
30095,P3,386.0,386.0,1106.0,1106.0,False,0.31,8.0,1072704388,30.705185,104.06357
36540,P3,386.0,386.0,1106.0,1106.0,False,1.12,8.24,4548211485,30.6844994,104.0422998
56135,P3,386.0,386.0,1106.0,1106.0,False,2.92,11.84,2330197895,30.6950997,104.0873302
85159,P3,386.0,386.0,1106.0,1106.0,False,1.43,8.86,4064178140,30.6717,103.97933
199047,P3,387.0,387.0,1107.0,1107.0,False,2.33,10.66,4592713498,30.6215914,104.0643526
201778,P3,387.0,387.0,1107.0,1107.0,False,1.88,9.76,3089029126,30.6601973,104.0530264
71464,P3,387.0,387.0,1107.0,1107.0,False,1.68,9.36,4548211285,30.6875514,104.0396181
78359,P3,387.0,387.0,1107.0,1107.0,False,1.68,9.36,4549992877,30.646014,103.9701757
79171,P3,387.0,387.0,1107.0,1107.0,False,0.39,8.0,1339701407,30.7097361,104.0429594
104430,P3,388.0,388.0,1108.0,1108.0,False,0.69,8.0,5213238455,30.6356461,104.0559934
112391,P3,388.0,388.0,1108.0,1108.0,False,0.21,8.0,465203734,30.70534,104.10331
204164,P3,388.0,388.0,1108.0,1108.0,False,1.79,9.58,4106682252,30.685875,104.0027026
22160,P3,388.0,388.0,1108.0,1108.0,False,0.15,8.0,4699007123,30.6106432,104.0372022
24653,P3,388.0,388.0,1108.0,1108.0,False,0.57,8.0,4701577724,30.6131597,104.0696412
27430,P3,388.0,388.0,1108.0,1108.0,False,0.69,8.0,4225497264,30.6461378,104.0430636
27642,P3,388.0,388.0,1108.0,1108.0,False,2.44,10.88,1492416235,30.6320747,104.0640264
49847,P3,388.0,388.0,1108.0,1108.0,False,1.28,8.56,1072698672,30.7206637,104.0647446
50618,P3,388.0,388.0,1108.0,1108.0,False,0.47,8.0,3582245800,30.7196968,103.9998528
107116,P3,389.0,389.0,1109.0,1109.0,False,1.6,9.2,1159462567,30.6788371,104.0219721
114459,P3,389.0,389.0,1109.0,1109.0,False,0.29,8.0,1499189792,30.7174611,104.1012808
12062,P3,389.0,389.0,1109.0,1109.0,False,2.1,10.2,1339701406,30.7100912,104.0459688
131015,P3,389.0,389.0,1109.0,1109.0,False,0.71,8.0,1586706334,30.708284,103.979706
181534,P3,389.0,389.0,1109.0,1109.0,False,0.63,8.0,3582236095,30.7193016,103.9917401
189224,P3,389.0,389.0,1109.0,1109.0,False,1.64,9.28,5145177720,30.7243357,104.1038873
191765,P3,389.0,389.0,1109.0,1109.0,False,0.03,8.0,4695640522,30.6157924,104.0243738
68712,P3,389.0,389.0,1109.0,1109.0,False,1.6,9.2,3742070457,30.6481855,104.0903968
11364,P3,390.0,390.0,1110.0,1110.0,False,0.81,8.0,1159155219,30.6428556,104.102042
14685,P3,390.0,390.0,1110.0,1110.0,False,2.47,10.94,4547074368,30.6108816,104.0710354
186147,P3,390.0,390.0,1110.0,1110.0,False,0.67,8.0,4550019087,30.6502695,104.0584956
29848,P3,390.0,390.0,1110.0,1110.0,False,0.88,8.0,4772463247,30.6640618,104.0469487
30857,P3,390.0,390.0,1110.0,1110.0,False,2.47,10.94,4549993443,30.706049,104.0407028
64558,P3,390.0,390.0,1110.0,1110.0,False,1.36,8.72,4981594489,30.6339847,104.0005611
161215,P3,391.0,391.0,1111.0,1111.0,False,0.55,8.0,1159148361,30.66277,104.07634
164286,P3,391.0,391.0,1111.0,1111.0,False,0.01,8.0,5283966192,30.7032928,104.116391
164934,P3,391.0,391.0,1111.0,1111.0,False,0.44,8.0,1159227704,30.6969675,104.0523384
192417,P3,391.0,391.0,1111.0,1111.0,False,1.82,9.64,5436607833,30.6354732,104.0639735
21796,P3,391.0,391.0,1111.0,1111.0,False,3.28,12.56,4118527532,30.7031657,104.0976678
21819,P3,391.0,391.0,1111.0,1111.0,False,1.61,9.22,2852215057,30.71524,104.11269
2641,P3,391.0,391.0,1111.0,1111.0,False,0.55,8.0,2217699757,30.6609329,104.0695824
60309,P3,391.0,391.0,1111.0,1111.0,False,3.18,12.36,1159148928,30.65808,104.0726539
71104,P3,391.0,391.0,1111.0,1111.0,False,0.79,8.0,4549993421,30.6940004,104.0390818
85258,P3,391.0,391.0,1111.0,1111.0,False,0.57,8.0,1458553198,30.6826836,104.1032519
137716,P3,392.0,392.0,1112.0,1112.0,False,0.47,8.0,3579517902,30.670829,104.0497381
164851,P3,392.0,392.0,1112.0,1112.0,False,2.46,10.92,3087817450,30.65002,104.0039503
191236,P3,392.0,392.0,1112.0,1112.0,False,0.14,8.0,2213048013,30.6106275,104.104888
198849,P3,392.0,392.0,1112.0,1112.0,False,1.08,8.16,2133188691,30.6174812,104.0935387
23686,P3,392.0,392.0,1112.0,1112.0,False,0.34,8.0,5213238532,30.6363783,104.0740719
50519,P3,392.0,392.0,1112.0,1112.0,False,2.49,10.98,1885342917,30.6818,104.09909
79894,P3,392.0,392.0,1112.0,1112.0,False,0.97,8.0,2217746791,30.6608671,104.0616731
183697,P3,393.0,393.0,1113.0,1113.0,False,1.16,8.32,4748173617,30.623765,104.018185
196999,P3,393.0,393.0,1113.0,1113.0,False,0.53,8.0,3034330077,30.66049,104.08647
7515,P3,393.0,393.0,1113.0,1113.0,False,0.48,8.0,2852215060,30.7219313,104.0870773
79553,P3,393.0,393.0,1113.0,1113.0,False,2.05,10.1,4695640652,30.6119255,104.0251296
133463,P3,394.0,394.0,1114.0,1114.0,False,0.04,8.0,3614070501,30.67203,104.05418
158761,P3,394.0,394.0,1114.0,1114.0,False,3.33,12.66,1916386541,30.6444632,104.0143564
172761,P3,394.0,394.0,1114.0,1114.0,False,1.88,9.76,1507367048,30.6958994,104.0836976
178627,P3,394.0,394.0,1114.0,1114.0,False,1.2,8.4,3541401905,30.6803244,103.981551
58002,P3,394.0,394.0,1114.0,1114.0,False,3.33,12.66,5382831202,30.6774918,104.0944491
63433,P3,394.0,394.0,1114.0,1114.0,False,0.04,8.0,3034376772,30.6802544,104.0634516
78537,P3,394.0,394.0,1114.0,1114.0,False,0.8,8.0,432452998,30.661139,104.0742788
130371,P3,395.0,395.0,1115.0,1115.0,False,1.31,8.62,2843286580,30.68792,104.05742
134958,P3,395.0,395.0,1115.0,1115.0,False,1.21,8.42,5367313640,30.6351029,103.9797164
17703,P3,395.0,395.0,1115.0,1115.0,False,0.27,8.0,1815855067,30.6766497,103.9732604
206195,P3,395.0,395.0,1115.0,1115.0,False,1.46,8.92,1458553198,30.682405,104.1041
29909,P3,395.0,395.0,1115.0,1115.0,False,1.68,9.36,480012030,30.6200203,104.0686798
69849,P3,395.0,395.0,1115.0,1115.0,False,1.85,9.7,4794944066,30.6792428,104.0581595
11792,P3,396.0,396.0,1116.0,1116.0,False,1.84,9.68,4062101467,30.7163523,104.0326331
131448,P3,396.0,396.0,1116.0,1116.0,False,1.56,9.12,3445813128,30.6725658,104.0787595
142831,P3,396.0,396.0,1116.0,1116.0,False,0.19,8.0,4549992999,30.6516858,103.9928204
149371,P3,396.0,396.0,1116.0,1116.0,False,1.52,9.04,432442847,30.6692858,103.9955816
153559,P3,396.0,396.0,1116.0,1116.0,False,1.56,9.12,4548259562,30.67463,104.00288
177704,P3,396.0,396.0,1116.0,1116.0,False,0.43,8.0,1458692386,30.6794016,104.0924529
186521,P3,396.0,396.0,1116.0,1116.0,False,0.07,8.0,672360562,30.6422578,104.0860643
206489,P3,396.0,396.0,1116.0,1116.0,False,2.41,10.82,4693610168,30.6338146,104.0709043
23335,P3,396.0,396.0,1116.0,1116.0,False,2.99,11.98,4550018882,30.6141469,104.034959
2891,P3,396.0,396.0,1116.0,1116.0,False,2.5,11.0,1313998761,30.63815,104.0873
33615,P3,396.0,396.0,1116.0,1116.0,False,0.34,8.0,803147944,30.6393689,104.0804565
46596,P3,396.0,396.0,1116.0,1116.0,False,1.52,9.04,4438025578,30.6953342,104.0786646
73617,P3,396.0,396.0,1116.0,1116.0,False,0.44,8.0,4748166144,30.6133273,104.0214163
10655,P3,397.0,397.0,1117.0,1117.0,False,0.09,8.0,3562086855,30.68114,104.04382
137468,P3,397.0,397.0,1117.0,1117.0,False,1.16,8.32,3523314188,30.6256411,104.0520132
196132,P3,397.0,397.0,1117.0,1117.0,False,2.41,10.82,1819305341,30.6238293,104.0903355
22867,P3,397.0,397.0,1117.0,1117.0,False,0.17,8.0,2456925108,30.63919,104.10249
39071,P3,397.0,397.0,1117.0,1117.0,False,1.16,8.32,2712338400,30.70662,104.03792
55979,P3,397.0,397.0,1117.0,1117.0,False,0.52,8.0,4550018892,30.6277797,104.0191042
111068,P3,398.0,398.0,1118.0,1118.0,False,0.19,8.0,4693610107,30.633577,104.0723202
121983,P3,398.0,398.0,1118.0,1118.0,False,0.16,8.0,3436486414,30.644571,104.0497
177056,P3,398.0,398.0,1118.0,1118.0,False,0.3,8.0,5375783430,30.6232331,104.0031144
202379,P3,398.0,398.0,1118.0,1118.0,False,0.97,8.0,1492647285,30.6225044,104.0600179
41041,P3,398.0,398.0,1118.0,1118.0,False,1.36,8.72,1159140553,30.6589102,104.0999026
81509,P3,398.0,398.0,1118.0,1118.0,False,2.5,11.0,4695640554,30.6129866,104.027866
98226,P3,398.0,398.0,1118.0,1118.0,False,1.69,9.38,1159452250,30.6718953,104.038139
127075,P3,399.0,399.0,1119.0,1119.0,False,0.39,8.0,4550018716,30.64675,104.05418
139165,P3,399.0,399.0,1119.0,1119.0,False,0.76,8.0,3436489823,30.6405095,104.0452117
157935,P3,399.0,399.0,1119.0,1119.0,False,2.22,10.44,4550018616,30.648849,104.0703341
193179,P3,399.0,399.0,1119.0,1119.0,False,0.07,8.0,3562045366,30.7028977,104.0406788
2216,P3,399.0,399.0,1119.0,1119.0,False,1.99,9.98,4548211281,30.6786397,104.0577914
50493,P3,399.0,399.0,1119.0,1119.0,False,0.15,8.0,1499189792,30.7174611,104.1012808
90304,P3,399.0,399.0,1119.0,1119.0,False,0.07,8.0,872833768,30.6589036,104.0669358
127536,P3,400.0,400.0,1120.0,1120.0,False,1.59,9.18,3780408668,30.6307365,104.0597697
144871,P3,400.0,400.0,1120.0,1120.0,False,0.48,8.0,3034393458,30.68297,104.04558
176646,P3,400.0,400.0,1120.0,1120.0,False,1.59,9.18,5141328647,30.6110765,104.0629795
182868,P3,400.0,400.0,1120.0,1120.0,False,1.59,9.18,3087817462,30.6421599,104.0321951
29065,P3,400.0,400.0,1120.0,1120.0,False,1.42,8.84,5359113188,30.677816,104.0120656
62345,P3,400.0,400.0,1120.0,1120.0,False,0.93,8.0,4550769155,30.6253,104.1026023
63831,P3,400.0,400.0,1120.0,1120.0,False,1.42,8.84,4548318423,30.6298222,104.0916942
6936,P3,400.0,400.0,1120.0,1120.0,False,1.73,9.46,1311904387,30.6428828,104.080559
38770,P3,401.0,401.0,1121.0,1121.0,False,0.67,8.0,1313065875,30.6418278,104.086438
58403,P3,401.0,401.0,1121.0,1121.0,False,3.16,12.32,314655039,30.6274242,104.0445292
96908,P3,401.0,401.0,1121.0,1121.0,False,3.16,12.32,3925309355,30.6915443,104.1097703
137151,P3,402.0,402.0,1122.0,1122.0,False,0.83,8.0,4794992619,30.64067,104.06629
22599,P3,402.0,402.0,1122.0,1122.0,False,0.57,8.0,4294975866,30.6480272,103.9928105
69702,P3,402.0,402.0,1122.0,1122.0,False,0.83,8.0,4902294945,30.6786828,104.0737647
10550,P3,403.0,403.0,1123.0,1123.0,False,0.42,8.0,4701577719,30.6144711,104.0722512
127609,P3,403.0,403.0,1123.0,1123.0,False,0.71,8.0,4695640672,30.6178241,104.0260072
174202,P3,403.0,403.0,1123.0,1123.0,False,0.07,8.0,314622992,30.6505147,103.9859147
175474,P3,403.0,403.0,1123.0,1123.0,False,2.12,10.24,1455098600,30.696203,104.1053895
182795,P3,403.0,403.0,1123.0,1123.0,False,0.07,8.0,4585443316,30.6654,104.047
202730,P3,403.0,403.0,1123.0,1123.0,False,0.1,8.0,3680455717,30.6586496,104.012914
24783,P3,403.0,403.0,1123.0,1123.0,False,2.85,11.7,4521001284,30.65472,104.08276
47707,P3,403.0,403.0,1123.0,1123.0,False,1.34,8.68,4449099825,30.6423485,104.1149212
89068,P3,403.0,403.0,1123.0,1123.0,False,0.45,8.0,4874328128,30.6197553,104.1020939
93159,P3,403.0,403.0,1123.0,1123.0,False,0.58,8.0,4548209354,30.6229195,104.0873467
109003,P3,404.0,404.0,1124.0,1124.0,False,0.2,8.0,3541364362,30.6152585,104.0858755
147038,P3,404.0,404.0,1124.0,1124.0,False,0.39,8.0,4106682239,30.6819923,104.0032525
167847,P3,404.0,404.0,1124.0,1124.0,False,0.74,8.0,1156126796,30.67425,104.04419
176467,P3,404.0,404.0,1124.0,1124.0,False,0.36,8.0,3927876946,30.67551,103.98855
201997,P3,404.0,404.0,1124.0,1124.0,False,0.29,8.0,5375783805,30.6553989,104.0002727
27540,P3,404.0,404.0,1124.0,1124.0,False,0.39,8.0,4548259613,30.708376,104.0387369
57923,P3,404.0,404.0,1124.0,1124.0,False,0.24,8.0,963638438,30.70136,104.04474
84373,P3,404.0,404.0,1124.0,1124.0,False,0.54,8.0,4987536558,30.6457402,103.9937186
91772,P3,404.0,404.0,1124.0,1124.0,False,1.3,8.6,2333096988,30.6241657,103.9868991
94591,P3,404.0,404.0,1124.0,1124.0,False,0.74,8.0,4546940819,30.6133134,104.0967073
12271,P3,405.0,405.0,1125.0,1125.0,False,2.43,10.86,1455094498,30.6960259,104.1061202
158140,P3,405.0,405.0,1125.0,1125.0,False,0.16,8.0,4782067663,30.6254565,104.0292764
182067,P3,405.0,405.0,1125.0,1125.0,False,0.54,8.0,432432573,30.6641733,104.0335951
183877,P3,405.0,405.0,1125.0,1125.0,False,2.26,10.52,3034029055,30.682102,103.9965228
194393,P3,405.0,405.0,1125.0,1125.0,False,2.09,10.18,5436607829,30.6358314,104.0636154
52205,P3,405.0,405.0,1125.0,1125.0,False,0.57,8.0,1458992381,30.6582235,104.0970132
67051,P3,405.0,405.0,1125.0,1125.0,False,1.06,8.12,1159234110,30.69471,104.07235
73001,P3,405.0,405.0,1125.0,1125.0,False,0.08,8.0,1459913330,30.6475503,104.1037967
83955,P3,405.0,405.0,1125.0,1125.0,False,2.27,10.54,3516900121,30.670172,104.08121
86061,P3,405.0,405.0,1125.0,1125.0,False,0.57,8.0,4703149462,30.6118363,104.0659568
12158,P3,406.0,406.0,1126.0,1126.0,False,0.03,8.0,3445813123,30.6706637,104.0706051
157210,P3,406.0,406.0,1126.0,1126.0,False,0.8,8.0,803149763,30.6791548,104.0929085
1771,P3,406.0,406.0,1126.0,1126.0,False,1.89,9.78,4550018924,30.648484,104.0746407
58807,P3,406.0,406.0,1126.0,1126.0,False,1.89,9.78,2134826932,30.6719712,103.9856682
63779,P3,406.0,406.0,1126.0,1126.0,False,1.13,8.26,4550701397,30.62142,103.98137
82389,P3,406.0,406.0,1126.0,1126.0,False,0.66,8.0,3815508502,30.6269967,104.0184176
166764,P3,407.0,407.0,1127.0,1127.0,False,1.21,8.42,1507228514,30.7131726,104.0782277
197870,P3,407.0,407.0,1127.0,1127.0,False,1.49,8.98,1159517085,30.6448457,104.0728844
206241,P3,407.0,407.0,1127.0,1127.0,False,1.32,8.64,5218240008,30.6985323,104.0537409
26680,P3,407.0,407.0,1127.0,1127.0,False,0.57,8.0,2564226626,30.6382814,104.0196474
100222,P3,408.0,408.0,1128.0,1128.0,False,0.07,8.0,3034409138,30.7174561,104.0903889
120271,P3,408.0,408.0,1128.0,1128.0,False,1.7,9.4,4703149460,30.6110835,104.0660773
165746,P3,408.0,408.0,1128.0,1128.0,False,1.0,8.0,3562055474,30.7214627,104.0392095
40402,P3,408.0,408.0,1128.0,1128.0,False,0.19,8.0,5218239984,30.6976641,104.0522938
64705,P3,408.0,408.0,1128.0,1128.0,False,0.65,8.0,1159176882,30.6280508,104.0509035
73550,P3,408.0,408.0,1128.0,1128.0,False,0.65,8.0,1815857509,30.6715442,103.971448
76824,P3,408.0,408.0,1128.0,1128.0,False,2.45,10.9,338247006,30.6110831,104.0655961
10929,P3,409.0,409.0,1129.0,1129.0,False,0.07,8.0,441187183,30.6588635,104.0650026
160598,P3,409.0,409.0,1129.0,1129.0,False,0.35,8.0,4981594499,30.6324128,103.9966808
184088,P3,409.0,409.0,1129.0,1129.0,False,0.93,8.0,2329101951,30.6993189,104.007402
197896,P3,409.0,409.0,1129.0,1129.0,False,0.63,8.0,4548209336,30.6325431,104.0237382
202460,P3,409.0,409.0,1129.0,1129.0,False,0.6,8.0,432429422,30.6363058,104.0338325
55015,P3,409.0,409.0,1129.0,1129.0,False,0.6,8.0,1459916404,30.646223,104.10431
84037,P3,409.0,409.0,1129.0,1129.0,False,0.93,8.0,3034029056,30.6836588,103.9931764
88365,P3,409.0,409.0,1129.0,1129.0,False,1.48,8.96,1072704360,30.7027829,104.0773547
13352,P3,410.0,410.0,1130.0,1130.0,False,1.58,9.16,1500780826,30.6504103,104.0114096
196531,P3,410.0,410.0,1130.0,1130.0,False,0.79,8.0,3034409021,30.7191559,104.0931998
208928,P3,410.0,410.0,1130.0,1130.0,False,0.79,8.0,4547074373,30.6110311,104.0749581
26432,P3,410.0,410.0,1130.0,1130.0,False,0.62,8.0,1159472366,30.6969257,104.0414286
86471,P3,410.0,410.0,1130.0,1130.0,False,0.96,8.0,3445813130,30.67235,104.07638
90119,P3,410.0,410.0,1130.0,1130.0,False,1.8,9.6,3579517900,30.66752,104.05605
103632,P3,411.0,411.0,1131.0,1131.0,False,2.02,10.04,4548211206,30.6785695,104.0579543
132773,P3,411.0,411.0,1131.0,1131.0,False,1.25,8.5,2309311911,30.6295001,104.0973287
165699,P3,411.0,411.0,1131.0,1131.0,False,1.91,9.82,4903105794,30.67386,104.0679
203068,P3,411.0,411.0,1131.0,1131.0,False,0.49,8.0,2439237551,30.6298597,104.0955236
5857,P3,411.0,411.0,1131.0,1131.0,False,2.01,10.02,4772463289,30.6615652,104.0435626
60458,P3,411.0,411.0,1131.0,1131.0,False,1.17,8.34,4548259310,30.6761543,103.9766452
72876,P3,411.0,411.0,1131.0,1131.0,False,2.01,10.02,4548141026,30.6253438,104.0743731
90004,P3,411.0,411.0,1131.0,1131.0,False,0.46,8.0,4693610155,30.6346676,104.0671726
103483,P3,412.0,412.0,1132.0,1132.0,False,1.27,8.54,4794992619,30.63937,104.06626
16385,P3,412.0,412.0,1132.0,1132.0,False,0.99,8.0,4695601564,30.6116613,104.0322604
169,P3,412.0,412.0,1132.0,1132.0,False,1.71,9.42,4548211639,30.6830457,104.0414194
184279,P3,412.0,412.0,1132.0,1132.0,False,2.87,11.74,1956538080,30.6819793,104.1092987
197242,P3,412.0,412.0,1132.0,1132.0,False,1.33,8.66,3582243020,30.7257132,103.9989372
54839,P3,412.0,412.0,1132.0,1132.0,False,1.53,9.06,1159230079,30.67886,104.08084
83047,P3,412.0,412.0,1132.0,1132.0,False,0.54,8.0,4549993218,30.6969299,104.0549221
8701,P3,412.0,412.0,1132.0,1132.0,False,0.82,8.0,2532969464,30.7039148,104.0930384
106646,P3,413.0,413.0,1133.0,1133.0,False,0.96,8.0,2823785826,30.6602111,104.0563873
108387,P3,413.0,413.0,1133.0,1133.0,False,1.07,8.14,4548259642,30.6675864,104.0056781
108910,P3,413.0,413.0,1133.0,1133.0,False,1.26,8.52,3562004394,30.6565813,104.0309769
110307,P3,413.0,413.0,1133.0,1133.0,False,0.32,8.0,1159226949,30.69147,104.05079
112093,P3,413.0,413.0,1133.0,1133.0,False,0.06,8.0,4550018647,30.6507799,104.0571003
116110,P3,413.0,413.0,1133.0,1133.0,False,2.97,11.94,5053143846,30.7238487,104.0036091
128967,P3,413.0,413.0,1133.0,1133.0,False,0.96,8.0,1159491545,30.68631,104.075134
169406,P3,413.0,413.0,1133.0,1133.0,False,0.51,8.0,4592713497,30.6142159,104.0620289
188026,P3,413.0,413.0,1133.0,1133.0,False,0.14,8.0,2843286579,30.6882841,104.0576045
193047,P3,413.0,413.0,1133.0,1133.0,False,1.07,8.14,314622918,30.6611,104.05721
194565,P3,413.0,413.0,1133.0,1133.0,False,1.07,8.14,4776989900,30.6741077,104.0105314
197300,P3,413.0,413.0,1133.0,1133.0,False,1.38,8.76,4118527454,30.7001652,104.0826139
204044,P3,413.0,413.0,1133.0,1133.0,False,2.97,11.94,2367361538,30.6142858,104.0645239
25241,P3,413.0,413.0,1133.0,1133.0,False,1.35,8.7,1916516798,30.6552592,103.9818148
72152,P3,413.0,413.0,1133.0,1133.0,False,1.26,8.52,5141468775,30.6305071,104.0919439
110015,P3,414.0,414.0,1134.0,1134.0,False,2.04,10.08,2282015063,30.6134756,103.9694127
141917,P3,414.0,414.0,1134.0,1134.0,False,2.06,10.12,3562099598,30.6520995,104.0178843
144825,P3,414.0,414.0,1134.0,1134.0,False,0.87,8.0,4078817928,30.7030018,104.0814049
151476,P3,414.0,414.0,1134.0,1134.0,False,1.53,9.06,3034409011,30.7098571,104.0930998
170776,P3,414.0,414.0,1134.0,1134.0,False,1.32,8.64,1819305123,30.6260816,104.0887933
205164,P3,414.0,414.0,1134.0,1134.0,False,0.67,8.0,4548211614,30.6721921,104.0716447
61475,P3,414.0,414.0,1134.0,1134.0,False,0.87,8.0,2569540484,30.6907429,104.0944677
94406,P3,414.0,414.0,1134.0,1134.0,False,2.04,10.08,1987271096,30.684564,104.0966775
98233,P3,414.0,414.0,1134.0,1134.0,False,1.53,9.06,4695601645,30.6144441,104.0353952
108406,P3,415.0,415.0,1135.0,1135.0,False,1.19,8.38,5436607838,30.6359784,104.0640423
187963,P3,415.0,415.0,1135.0,1135.0,False,0.73,8.0,4772463293,30.6611276,104.0433954
200008,P3,415.0,415.0,1135.0,1135.0,False,0.73,8.0,4550568579,30.6358321,104.0639668
203116,P3,415.0,415.0,1135.0,1135.0,False,3.08,12.16,4106681899,30.6091898,103.991653
37750,P3,415.0,415.0,1135.0,1135.0,False,0.41,8.0,4106681938,30.6220957,103.9896637
89893,P3,415.0,415.0,1135.0,1135.0,False,2.27,10.54,5367321408,30.6639201,103.9890214
106626,P3,416.0,416.0,1136.0,1136.0,False,0.15,8.0,4698894059,30.6099411,104.0368275
1219,P3,416.0,416.0,1136.0,1136.0,False,0.62,8.0,314623162,30.65744,104.06752
172915,P3,416.0,416.0,1136.0,1136.0,False,0.39,8.0,4989782356,30.6836681,104.0590065
176440,P3,416.0,416.0,1136.0,1136.0,False,0.73,8.0,4549993310,30.6510165,103.9886428
190983,P3,416.0,416.0,1136.0,1136.0,False,0.39,8.0,4447921429,30.723618,104.051346
198109,P3,416.0,416.0,1136.0,1136.0,False,0.53,8.0,1916386580,30.6418601,104.0559219
45615,P3,416.0,416.0,1136.0,1136.0,False,0.28,8.0,4505485131,30.6315756,104.0872528
5278,P3,416.0,416.0,1136.0,1136.0,False,0.55,8.0,3176000067,30.7050264,104.0689735
62079,P3,416.0,416.0,1136.0,1136.0,False,0.39,8.0,1313998740,30.6354039,104.0864149
121677,P3,417.0,417.0,1137.0,1137.0,False,1.73,9.46,1159149121,30.6544621,104.0723536
124100,P3,417.0,417.0,1137.0,1137.0,False,0.65,8.0,432442865,30.6734613,103.9884603
124440,P3,417.0,417.0,1137.0,1137.0,False,2.13,10.26,4915834581,30.6969288,104.0708395
129915,P3,417.0,417.0,1137.0,1137.0,False,1.45,8.9,1815741571,30.68731,104.0736
135334,P3,417.0,417.0,1137.0,1137.0,False,0.93,8.0,3582243026,30.7191939,104.0061628
135550,P3,417.0,417.0,1137.0,1137.0,False,0.58,8.0,5013455446,30.6151252,104.057327
156963,P3,417.0,417.0,1137.0,1137.0,False,1.09,8.18,1157121784,30.664871,104.007744
183868,P3,417.0,417.0,1137.0,1137.0,False,0.21,8.0,4695640520,30.6117255,104.0378031
208707,P3,417.0,417.0,1137.0,1137.0,False,1.5,9.0,2908404376,30.6438577,104.0951169
5274,P3,417.0,417.0,1137.0,1137.0,False,0.55,8.0,5283966349,30.710806,104.074114
69595,P3,417.0,417.0,1137.0,1137.0,False,1.73,9.46,4779165787,30.6338618,104.0738243
80017,P3,417.0,417.0,1137.0,1137.0,False,0.74,8.0,4782067658,30.6249139,104.0274113
124065,P3,418.0,418.0,1138.0,1138.0,False,0.31,8.0,1918505692,30.612219,104.0042084
145951,P3,418.0,418.0,1138.0,1138.0,False,0.96,8.0,1388445910,30.6467232,104.0725925
170694,P3,418.0,418.0,1138.0,1138.0,False,1.07,8.14,2981319494,30.7119294,104.0131058
201217,P3,418.0,418.0,1138.0,1138.0,False,0.13,8.0,4695601309,30.6115849,104.0287347
37756,P3,418.0,418.0,1138.0,1138.0,False,0.31,8.0,2653567536,30.6677296,104.0940999
4148,P3,418.0,418.0,1138.0,1138.0,False,1.07,8.14,3582961906,30.638167,104.0442319
83683,P3,418.0,418.0,1138.0,1138.0,False,1.07,8.14,3028924416,30.6295915,104.0451446
106462,P3,419.0,419.0,1139.0,1139.0,False,1.08,8.16,5141468752,30.6309104,104.0961179
150831,P3,419.0,419.0,1139.0,1139.0,False,1.9,9.8,2118910074,30.701761,104.087606
157398,P3,419.0,419.0,1139.0,1139.0,False,1.22,8.44,2843289931,30.6850102,104.0683396
169593,P3,419.0,419.0,1139.0,1139.0,False,0.34,8.0,2329097175,30.7033156,104.0048532
174366,P3,419.0,419.0,1139.0,1139.0,False,0.25,8.0,4699007140,30.6094382,104.03841
23791,P3,419.0,419.0,1139.0,1139.0,False,2.29,10.58,3516900114,30.6687,104.08029
23928,P3,419.0,419.0,1139.0,1139.0,False,1.38,8.76,1492343256,30.6515882,104.0638064
43080,P3,419.0,419.0,1139.0,1139.0,False,0.34,8.0,5141468724,30.6353547,104.0937824
51478,P3,419.0,419.0,1139.0,1139.0,False,0.45,8.0,1815741573,30.688207,104.0671706
6023,P3,419.0,419.0,1139.0,1139.0,False,0.64,8.0,4963999563,30.7172978,104.0314568
124360,P3,420.0,420.0,1140.0,1140.0,False,0.88,8.0,5382831172,30.6763123,104.09905
38709,P3,420.0,420.0,1140.0,1140.0,False,0.58,8.0,5283966340,30.7029682,104.0883238
55384,P3,420.0,420.0,1140.0,1140.0,False,1.6,9.2,3562099191,30.6525357,104.0741928
99503,P3,420.0,420.0,1140.0,1140.0,False,2.38,10.76,2564226625,30.63696,104.02071
191274,P3,421.0,421.0,1141.0,1141.0,False,2.59,11.18,4106682200,30.6589439,103.9766732
204266,P3,421.0,421.0,1141.0,1141.0,False,2.47,10.94,3633001071,30.6661508,104.0233502
29849,P3,421.0,421.0,1141.0,1141.0,False,0.01,8.0,5367291465,30.6269762,104.0021941
39736,P3,421.0,421.0,1141.0,1141.0,False,0.11,8.0,5211368068,30.6684739,103.9724603
43799,P3,421.0,421.0,1141.0,1141.0,False,2.34,10.68,1459000910,30.65826,104.09491
57074,P3,421.0,421.0,1141.0,1141.0,False,1.42,8.84,2472030046,30.6618366,104.0628434
104733,P3,422.0,422.0,1142.0,1142.0,False,1.59,9.18,3034409153,30.7219321,104.0802094
106207,P3,422.0,422.0,1142.0,1142.0,False,0.04,8.0,4701577776,30.6234797,104.079999
129451,P3,422.0,422.0,1142.0,1142.0,False,0.05,8.0,3496551179,30.6191305,104.0500068
168606,P3,422.0,422.0,1142.0,1142.0,False,1.79,9.58,4505485117,30.6366431,104.0790184
171241,P3,422.0,422.0,1142.0,1142.0,False,1.59,9.18,1159229567,30.6695482,104.0946518
177570,P3,422.0,422.0,1142.0,1142.0,False,0.43,8.0,3613960020,30.6720396,104.0495155
196215,P3,422.0,422.0,1142.0,1142.0,False,0.39,8.0,432452903,30.6143936,104.0696007
205615,P3,422.0,422.0,1142.0,1142.0,False,0.05,8.0,1159225483,30.70766,104.05241
36575,P3,422.0,422.0,1142.0,1142.0,False,0.84,8.0,504315393,30.694376,104.1087596
43716,P3,422.0,422.0,1142.0,1142.0,False,0.42,8.0,4106681983,30.6421805,103.9790894
60596,P3,422.0,422.0,1142.0,1142.0,False,1.67,9.34,4794975964,30.6425036,104.0562795
94095,P3,422.0,422.0,1142.0,1142.0,False,2.68,11.36,2709174919,30.6268579,104.0817617
100898,P3,423.0,423.0,1143.0,1143.0,False,2.65,11.3,672405830,30.6565407,104.0799464
101897,P3,423.0,423.0,1143.0,1143.0,False,0.84,8.0,1159155247,30.6466194,104.0934495
1051,P3,423.0,423.0,1143.0,1143.0,False,0.84,8.0,2360396949,30.66728,104.11311
11,P3,423.0,423.0,1143.0,1143.0,False,0.81,8.0,1457870720,30.6879038,104.0994127
125435,P3,423.0,423.0,1143.0,1143.0,False,1.54,9.08,1507355161,30.695896,104.0801
146351,P3,423.0,423.0,1143.0,1143.0,False,3.03,12.06,4549759306,30.6928,104.03639
156107,P3,423.0,423.0,1143.0,1143.0,False,1.54,9.08,672360559,30.6425703,104.0857927
166855,P3,423.0,423.0,1143.0,1143.0,False,1.68,9.36,3579517900,30.66779,104.0562
40820,P3,423.0,423.0,1143.0,1143.0,False,0.47,8.0,3523314175,30.6261915,104.0642059
44336,P3,423.0,423.0,1143.0,1143.0,False,1.68,9.36,5213238535,30.6610698,104.0747047
116147,P3,424.0,424.0,1144.0,1144.0,False,1.1,8.2,5213253150,30.71537,104.07663
200443,P3,424.0,424.0,1144.0,1144.0,False,1.06,8.12,2276187310,30.6836141,104.0836003
3339,P3,424.0,424.0,1144.0,1144.0,False,1.14,8.28,672406316,30.652533,104.0693
129803,P3,425.0,425.0,1145.0,1145.0,False,2.44,10.88,2441172197,30.6748274,104.0074372
188075,P3,425.0,425.0,1145.0,1145.0,False,0.71,8.0,4359390803,30.715153,104.11298
21437,P3,425.0,425.0,1145.0,1145.0,False,1.53,9.06,2823785855,30.6788083,104.0766341
37675,P3,425.0,425.0,1145.0,1145.0,False,3.08,12.16,4136052358,30.6133902,104.0484293
39406,P3,425.0,425.0,1145.0,1145.0,False,1.84,9.68,4703149492,30.6120125,104.0674422
71993,P3,425.0,425.0,1145.0,1145.0,False,0.71,8.0,2727021133,30.6134771,104.0462834
83542,P3,425.0,425.0,1145.0,1145.0,False,1.15,8.3,4782067665,30.626368,104.0286114
92452,P3,425.0,425.0,1145.0,1145.0,False,0.38,8.0,4106682157,30.649973,103.9800562
123521,P3,426.0,426.0,1146.0,1146.0,False,1.36,8.72,314635488,30.6573811,104.0705047
130651,P3,426.0,426.0,1146.0,1146.0,False,1.0,8.0,628641785,30.6814,104.08528
160344,P3,426.0,426.0,1146.0,1146.0,False,1.36,8.72,3562099597,30.6502342,104.0276432
59354,P3,426.0,426.0,1146.0,1146.0,False,0.23,8.0,1507236193,30.7116123,104.0780802
82359,P3,426.0,426.0,1146.0,1146.0,False,0.49,8.0,432442943,30.68366,104.0274
96423,P3,426.0,426.0,1146.0,1146.0,False,1.84,9.68,314623160,30.6695004,104.0680712
108903,P3,427.0,427.0,1147.0,1147.0,False,1.04,8.08,4750955766,30.7105967,104.1141998
19974,P3,427.0,427.0,1147.0,1147.0,False,1.12,8.24,4779165713,30.6363545,104.0246969
22849,P3,427.0,427.0,1147.0,1147.0,False,0.05,8.0,3071355064,30.6235778,104.1136883
80611,P3,427.0,427.0,1147.0,1147.0,False,1.04,8.08,2564226631,30.6436367,104.0235994
107375,P3,428.0,428.0,1148.0,1148.0,False,0.24,8.0,3742070454,30.646,104.09365
188408,P3,428.0,428.0,1148.0,1148.0,False,1.29,8.58,1506395061,30.7051043,104.0755349
192787,P3,428.0,428.0,1148.0,1148.0,False,0.63,8.0,4601261200,30.660179,104.0765045
4308,P3,428.0,428.0,1148.0,1148.0,False,1.72,9.44,4693609819,30.6326168,104.0671626
66576,P3,428.0,428.0,1148.0,1148.0,False,0.18,8.0,2662847700,30.6784339,103.994226
73836,P3,428.0,428.0,1148.0,1148.0,False,0.18,8.0,3028924422,30.6416096,104.0528757
87375,P3,428.0,428.0,1148.0,1148.0,False,0.9,8.0,4972899562,30.62249,104.05245
124846,P3,429.0,429.0,1149.0,1149.0,False,1.66,9.32,3742070435,30.6548298,104.0755967
140605,P3,429.0,429.0,1149.0,1149.0,False,1.64,9.28,1498768416,30.7260562,104.0740828
153393,P3,429.0,429.0,1149.0,1149.0,False,0.34,8.0,1492598619,30.6224754,104.0621445
188722,P3,429.0,429.0,1149.0,1149.0,False,1.84,9.68,3523298665,30.6303003,104.0500515
196747,P3,429.0,429.0,1149.0,1149.0,False,0.34,8.0,4444112336,30.7188785,104.1019167
204483,P3,429.0,429.0,1149.0,1149.0,False,1.64,9.28,2133188693,30.6152364,104.0848677
26859,P3,429.0,429.0,1149.0,1149.0,False,0.77,8.0,1861145360,30.66898,104.11066
76339,P3,429.0,429.0,1149.0,1149.0,False,1.66,9.32,4548211359,30.675,104.05932
125169,P3,430.0,430.0,1150.0,1150.0,False,2.7,11.4,1312615939,30.6405721,104.0801374
158145,P3,430.0,430.0,1150.0,1150.0,False,2.74,11.48,314635437,30.6368504,104.0393042
163286,P3,430.0,430.0,1150.0,1150.0,False,1.76,9.52,4550770090,30.632084,104.1058371
164243,P3,430.0,430.0,1150.0,1150.0,False,1.55,9.1,838319891,30.64551,104.10636
170301,P3,430.0,430.0,1150.0,1150.0,False,1.62,9.24,4218012712,30.6291281,104.0410267
34240,P3,430.0,430.0,1150.0,1150.0,False,1.65,9.3,441187597,30.6918068,104.0546035
36551,P3,430.0,430.0,1150.0,1150.0,False,0.98,8.0,4550019021,30.6453625,104.055167
51019,P3,430.0,430.0,1150.0,1150.0,False,2.74,11.48,5375783837,30.6494872,104.0000957
9259,P3,430.0,430.0,1150.0,1150.0,False,1.62,9.24,3445813130,30.67068,104.07711
104756,P3,431.0,431.0,1151.0,1151.0,False,2.2,10.4,1159169335,30.6391357,104.0839256
34622,P3,431.0,431.0,1151.0,1151.0,False,0.43,8.0,5436607862,30.6464904,104.0727254
42631,P3,431.0,431.0,1151.0,1151.0,False,1.4,8.8,1458570056,30.6944,104.09105
46134,P3,431.0,431.0,1151.0,1151.0,False,1.99,9.98,2456925108,30.6390946,104.1032228
61453,P3,431.0,431.0,1151.0,1151.0,False,1.99,9.98,4222812816,30.6449696,104.0225685
94581,P3,431.0,431.0,1151.0,1151.0,False,2.2,10.4,4548259557,30.6720042,104.02318
102079,P3,432.0,432.0,1152.0,1152.0,False,0.47,8.0,4585443311,30.665359,104.0444208
104963,P3,432.0,432.0,1152.0,1152.0,False,0.47,8.0,3943038380,30.64273,104.0613
105844,P3,432.0,432.0,1152.0,1152.0,False,1.16,8.32,2135944704,30.6161217,104.0165029
109520,P3,432.0,432.0,1152.0,1152.0,False,1.63,9.26,3613982152,30.6633081,104.0522299
114348,P3,432.0,432.0,1152.0,1152.0,False,0.81,8.0,4701400690,30.6110509,104.0645522
128434,P3,432.0,432.0,1152.0,1152.0,False,1.16,8.32,4695601299,30.6113291,104.0300388
140685,P3,432.0,432.0,1152.0,1152.0,False,3.32,12.64,4217837097,30.6262553,104.0466306
145875,P3,432.0,432.0,1152.0,1152.0,False,0.25,8.0,4547074295,30.6106751,104.0780678
159262,P3,432.0,432.0,1152.0,1152.0,False,0.74,8.0,5375783961,30.6616557,103.9986855
160929,P3,432.0,432.0,1152.0,1152.0,False,0.56,8.0,4217844073,30.627813,104.0435407
162849,P3,432.0,432.0,1152.0,1152.0,False,1.16,8.32,5436607829,30.6358314,104.0636154
19447,P3,432.0,432.0,1152.0,1152.0,False,2.84,11.68,441187240,30.67395,104.06515
198571,P3,432.0,432.0,1152.0,1152.0,False,0.07,8.0,1159941208,30.6697719,104.0225964
203682,P3,432.0,432.0,1152.0,1152.0,False,0.81,8.0,2327779711,30.6216924,104.1048764
24939,P3,432.0,432.0,1152.0,1152.0,False,1.16,8.32,432442955,30.676432,104.0195962
28409,P3,432.0,432.0,1152.0,1152.0,False,0.56,8.0,4693609959,30.6292028,104.0730941
32625,P3,432.0,432.0,1152.0,1152.0,False,3.23,12.46,1504245916,30.7048412,104.0759451
37807,P3,432.0,432.0,1152.0,1152.0,False,0.74,8.0,432442532,30.6931723,104.0203893
59063,P3,432.0,432.0,1152.0,1152.0,False,0.25,8.0,1159226949,30.690363,104.0513
114718,P3,433.0,433.0,1153.0,1153.0,False,2.0,10.0,3436486403,30.6402757,104.0470832
118343,P3,433.0,433.0,1153.0,1153.0,False,3.61,13.22,5141458202,30.63349,104.07629
152797,P3,433.0,433.0,1153.0,1153.0,False,3.61,13.22,4964134715,30.7101028,104.0179797
161913,P3,433.0,433.0,1153.0,1153.0,False,0.01,8.0,2039522710,30.6734606,104.107658
27759,P3,433.0,433.0,1153.0,1153.0,False,0.01,8.0,2653570475,30.6693079,104.0918115
50155,P3,433.0,433.0,1153.0,1153.0,False,0.58,8.0,480012019,30.6214699,104.0687227
5467,P3,433.0,433.0,1153.0,1153.0,False,2.33,10.66,4699007416,30.6127652,104.0448773
64548,P3,433.0,433.0,1153.0,1153.0,False,0.99,8.0,1469163940,30.6416937,104.0854173
80564,P3,433.0,433.0,1153.0,1153.0,False,2.29,10.58,3562110262,30.6483164,104.0223891
86900,P3,433.0,433.0,1153.0,1153.0,False,2.35,10.7,1504199880,30.7097856,104.0968389
93050,P3,433.0,433.0,1153.0,1153.0,False,1.09,8.18,1458692379,30.6790406,104.0926752
93223,P3,433.0,433.0,1153.0,1153.0,False,2.29,10.58,1458570758,30.69257,104.0902
1527,P3,434.0,434.0,1154.0,1154.0,False,0.61,8.0,4548211344,30.68366,104.06021
47528,P3,434.0,434.0,1154.0,1154.0,False,0.29,8.0,1159231411,30.687617,104.08245
127059,P3,435.0,435.0,1155.0,1155.0,False,0.38,8.0,5323268681,30.7187694,104.09595
128319,P3,435.0,435.0,1155.0,1155.0,False,0.1,8.0,432442943,30.6832296,104.0265876
146830,P3,435.0,435.0,1155.0,1155.0,False,1.37,8.74,1507382789,30.6958366,104.083648
188282,P3,435.0,435.0,1155.0,1155.0,False,0.2,8.0,5375784151,30.6478602,104.0015914
85925,P3,435.0,435.0,1155.0,1155.0,False,0.62,8.0,3436486419,30.6404353,104.0458223
10379,P3,436.0,436.0,1156.0,1156.0,False,2.22,10.44,1159225483,30.70709,104.05213
104030,P3,436.0,436.0,1156.0,1156.0,False,0.12,8.0,3562047445,30.7156014,104.0330506
164036,P3,436.0,436.0,1156.0,1156.0,False,0.43,8.0,5211337146,30.6509466,103.9898866
3257,P3,436.0,436.0,1156.0,1156.0,False,1.09,8.18,4782097014,30.6266887,104.0243054
45642,P3,436.0,436.0,1156.0,1156.0,False,0.59,8.0,4444112340,30.7201738,104.1024552
8792,P3,436.0,436.0,1156.0,1156.0,False,1.43,8.86,4972899566,30.6208285,104.0549477
98535,P3,436.0,436.0,1156.0,1156.0,False,1.09,8.18,1493014671,30.62495,104.06476
98651,P3,436.0,436.0,1156.0,1156.0,False,0.82,8.0,5213238351,30.6434127,104.1128764
145685,P3,437.0,437.0,1157.0,1157.0,False,1.12,8.24,2080643555,30.6216724,104.0996009
164807,P3,437.0,437.0,1157.0,1157.0,False,0.82,8.0,4548259673,30.67859,104.0554
189243,P3,437.0,437.0,1157.0,1157.0,False,1.7,9.4,3562111926,30.665997,104.09076
199043,P3,437.0,437.0,1157.0,1157.0,False,3.73,13.46,4106681970,30.6366704,103.9894889
77983,P3,437.0,437.0,1157.0,1157.0,False,2.24,10.48,1916530866,30.611382,103.98685
8158,P3,437.0,437.0,1157.0,1157.0,False,1.96,9.92,3680078426,30.6577584,104.0151689
86424,P3,437.0,437.0,1157.0,1157.0,False,2.09,10.18,3034029052,30.6760811,104.0027193
89414,P3,437.0,437.0,1157.0,1157.0,False,0.82,8.0,3633021144,30.6641265,104.0638364
12772,P3,438.0,438.0,1158.0,1158.0,False,0.39,8.0,2564226627,30.6398379,104.0185183
155083,P3,438.0,438.0,1158.0,1158.0,False,1.33,8.66,3582961906,30.63768,104.04389
163225,P3,438.0,438.0,1158.0,1158.0,False,1.59,9.18,439751641,30.6784199,103.9896669
168463,P3,438.0,438.0,1158.0,1158.0,False,1.1,8.2,1339762122,30.704086,104.04308
205480,P3,438.0,438.0,1158.0,1158.0,False,1.31,8.62,4550018924,30.648484,104.0746407
24745,P3,438.0,438.0,1158.0,1158.0,False,2.94,11.88,1457840983,30.6909422,104.1019074
25284,P3,438.0,438.0,1158.0,1158.0,False,2.16,10.32,5016209424,30.7266505,103.9857982
42151,P3,438.0,438.0,1158.0,1158.0,False,2.34,10.68,1902099167,30.7146807,104.0645839
97197,P3,438.0,438.0,1158.0,1158.0,False,2.16,10.32,2560005517,30.6293037,104.0211569
104583,P3,439.0,439.0,1159.0,1159.0,False,2.0,10.0,5367321384,30.6635871,104.0054224
104910,P3,439.0,439.0,1159.0,1159.0,False,1.91,9.82,5145177740,30.722214,104.100802
105670,P3,439.0,439.0,1159.0,1159.0,False,0.61,8.0,4294975863,30.6375611,103.9964656
41445,P3,439.0,439.0,1159.0,1159.0,False,0.3,8.0,4967265420,30.7045843,104.0033762
71524,P3,439.0,439.0,1159.0,1159.0,False,2.0,10.0,3445813552,30.668393,104.0714277
7325,P3,439.0,439.0,1159.0,1159.0,False,1.4,8.8,439751746,30.714593,104.0277017
85348,P3,439.0,439.0,1159.0,1159.0,False,0.46,8.0,439751641,30.6784199,103.9896669
137004,P3,440.0,440.0,1160.0,1160.0,False,0.36,8.0,3927877897,30.67889,103.9899584
145511,P3,440.0,440.0,1160.0,1160.0,False,0.7,8.0,4903105811,30.65596,104.08299
149004,P3,440.0,440.0,1160.0,1160.0,False,1.33,8.66,4773199403,30.6723964,104.0141622
165708,P3,440.0,440.0,1160.0,1160.0,False,1.69,9.38,3633001074,30.6662267,104.0308175
175902,P3,440.0,440.0,1160.0,1160.0,False,0.63,8.0,4695601292,30.6117877,104.0289365
5605,P3,440.0,440.0,1160.0,1160.0,False,1.23,8.46,1339701417,30.7081706,104.0474
134402,P3,441.0,441.0,1161.0,1161.0,False,0.4,8.0,288416376,30.7058711,104.0945895
150663,P3,441.0,441.0,1161.0,1161.0,False,0.63,8.0,4699007279,30.6149907,104.0357408
152407,P3,441.0,441.0,1161.0,1161.0,False,0.4,8.0,4601261200,30.66049,104.07689
16829,P3,441.0,441.0,1161.0,1161.0,False,0.59,8.0,4773199350,30.6731203,104.0086354
18962,P3,441.0,441.0,1161.0,1161.0,False,0.41,8.0,1498768416,30.7260562,104.0740828
202085,P3,441.0,441.0,1161.0,1161.0,False,0.63,8.0,4695701797,30.6133356,104.0188084
21469,P3,441.0,441.0,1161.0,1161.0,False,0.78,8.0,2729373178,30.6133087,104.0447277
51539,P3,441.0,441.0,1161.0,1161.0,False,0.85,8.0,3113656970,30.6657565,104.0485473
173669,P3,442.0,442.0,1162.0,1162.0,False,1.13,8.26,3541401921,30.6906986,104.0112456
185175,P3,442.0,442.0,1162.0,1162.0,False,0.98,8.0,3516900123,30.6712689,104.0733689
19457,P3,442.0,442.0,1162.0,1162.0,False,1.4,8.8,1506426847,30.7087169,104.0715419
205004,P3,442.0,442.0,1162.0,1162.0,False,1.4,8.8,4896843831,30.6284734,104.1022402
44727,P3,442.0,442.0,1162.0,1162.0,False,1.17,8.34,4772216128,30.677535,104.0079899
69403,P3,442.0,442.0,1162.0,1162.0,False,1.4,8.8,3633018391,30.6678065,104.0647205
72079,P3,442.0,442.0,1162.0,1162.0,False,0.83,8.0,4992013260,30.6145225,104.0748491
78776,P3,442.0,442.0,1162.0,1162.0,False,0.98,8.0,1916386564,30.6299124,104.0133239
195059,P3,443.0,443.0,1163.0,1163.0,False,1.06,8.12,4699007119,30.6099239,104.0381682
2631,P3,443.0,443.0,1163.0,1163.0,False,1.03,8.06,3034330086,30.66696,104.0787
30683,P3,443.0,443.0,1163.0,1163.0,False,1.51,9.02,1916386558,30.64511,104.01224
40613,P3,443.0,443.0,1163.0,1163.0,False,0.09,8.0,4444112346,30.7213619,104.1031379
45916,P3,443.0,443.0,1163.0,1163.0,False,0.77,8.0,1815855054,30.6684853,103.9742716
52903,P3,443.0,443.0,1163.0,1163.0,False,0.15,8.0,3680412785,30.6577776,104.0162518
80134,P3,443.0,443.0,1163.0,1163.0,False,0.94,8.0,4695601610,30.6092985,104.0364877
8247,P3,443.0,443.0,1163.0,1163.0,False,1.05,8.1,671587267,30.6451322,104.066073
85384,P3,443.0,443.0,1163.0,1163.0,False,1.17,8.34,3562028074,30.6801297,104.1137765
121715,P3,444.0,444.0,1164.0,1164.0,False,2.49,10.98,1916386446,30.6315225,104.0156955
140083,P3,444.0,444.0,1164.0,1164.0,False,1.89,9.78,963638438,30.701834,104.044975
152610,P3,444.0,444.0,1164.0,1164.0,False,1.58,9.16,3436489823,30.6405095,104.0452117
157507,P3,444.0,444.0,1164.0,1164.0,False,1.38,8.76,3582230416,30.6501977,103.9709854
160629,P3,444.0,444.0,1164.0,1164.0,False,2.49,10.98,5283966199,30.7016851,104.1026098
199955,P3,444.0,444.0,1164.0,1164.0,False,0.2,8.0,3742070438,30.6582418,104.0684908
201535,P3,444.0,444.0,1164.0,1164.0,False,2.24,10.48,1500638653,30.6943811,104.0290585
2119,P3,444.0,444.0,1164.0,1164.0,False,2.49,10.98,1159475863,30.6927926,104.0444649
29591,P3,444.0,444.0,1164.0,1164.0,False,1.38,8.76,4294722531,30.63972,104.00452
63652,P3,444.0,444.0,1164.0,1164.0,False,0.14,8.0,4550018931,30.6531037,104.0603723
104701,P3,445.0,445.0,1165.0,1165.0,False,1.11,8.22,2135944707,30.6168238,104.0156946
106945,P3,445.0,445.0,1165.0,1165.0,False,0.08,8.0,4934383649,30.6163126,104.1125643
159714,P3,445.0,445.0,1165.0,1165.0,False,0.43,8.0,1425996106,30.6692948,104.1093148
185420,P3,445.0,445.0,1165.0,1165.0,False,1.78,9.56,5218240008,30.6985323,104.0537409
208271,P3,445.0,445.0,1165.0,1165.0,False,1.36,8.72,4548259568,30.6867196,104.0499428
24526,P3,445.0,445.0,1165.0,1165.0,False,1.78,9.56,1304795058,30.6441343,104.0749078
46038,P3,445.0,445.0,1165.0,1165.0,False,1.11,8.22,432429395,30.6406276,104.0550392
53899,P3,445.0,445.0,1165.0,1165.0,False,0.08,8.0,5367321402,30.6637952,103.9994759
5643,P3,445.0,445.0,1165.0,1165.0,False,2.95,11.9,4703149495,30.612097,104.06693
80642,P3,445.0,445.0,1165.0,1165.0,False,1.71,9.42,5141328421,30.6109628,104.0600138
119303,P3,446.0,446.0,1166.0,1166.0,False,0.86,8.0,1507401909,30.6949601,104.0791102
157283,P3,446.0,446.0,1166.0,1166.0,False,2.6,11.2,3541404998,30.6848089,104.0526775
183307,P3,446.0,446.0,1166.0,1166.0,False,0.19,8.0,1459005274,30.65741,104.10384
69894,P3,446.0,446.0,1166.0,1166.0,False,0.19,8.0,4981594513,30.6326565,103.9981125
146943,P3,447.0,447.0,1167.0,1167.0,False,2.71,11.42,432442952,30.6801568,104.0168907
159178,P3,447.0,447.0,1167.0,1167.0,False,0.7,8.0,5141468665,30.6379642,104.0935546
178133,P3,447.0,447.0,1167.0,1167.0,False,1.15,8.3,4693609819,30.6326168,104.0671626
204097,P3,447.0,447.0,1167.0,1167.0,False,0.58,8.0,1964394675,30.6698654,104.1061769
208643,P3,447.0,447.0,1167.0,1167.0,False,1.15,8.3,1159149120,30.65666,104.06949
40713,P3,447.0,447.0,1167.0,1167.0,False,0.7,8.0,1918491764,30.6509854,103.980506
124805,P3,448.0,448.0,1168.0,1168.0,False,3.12,12.24,5436627803,30.6971396,104.0705211
163191,P3,448.0,448.0,1168.0,1168.0,False,3.12,12.24,5261581873,30.67567,104.0963
167795,P3,448.0,448.0,1168.0,1168.0,False,1.59,9.18,4548258452,30.688578,104.051315
17912,P3,448.0,448.0,1168.0,1168.0,False,2.09,10.18,3436486420,30.6412447,104.0459499
194335,P3,448.0,448.0,1168.0,1168.0,False,1.84,9.68,5218240014,30.7039362,104.0535263
32875,P3,448.0,448.0,1168.0,1168.0,False,1.84,9.68,2039528348,30.67092,104.10939
46550,P3,448.0,448.0,1168.0,1168.0,False,0.47,8.0,4695701792,30.6122117,104.018919
51811,P3,448.0,448.0,1168.0,1168.0,False,1.67,9.34,3033991447,30.6646004,104.0303454
77567,P3,448.0,448.0,1168.0,1168.0,False,3.12,12.24,3613960006,30.6724147,104.0459399
98528,P3,448.0,448.0,1168.0,1168.0,False,1.22,8.44,1339701417,30.7081706,104.0474
116147,P3,449.0,449.0,1169.0,1169.0,False,0.74,8.0,5312164202,30.6668719,104.0989116
132546,P3,449.0,449.0,1169.0,1169.0,False,2.74,11.48,4447946461,30.6530626,104.1124608
139299,P3,449.0,449.0,1169.0,1169.0,False,2.3,10.6,4637732173,30.6592924,104.1122764
143283,P3,449.0,449.0,1169.0,1169.0,False,2.16,10.32,2546074269,30.688064,104.0269981
16673,P3,449.0,449.0,1169.0,1169.0,False,1.41,8.82,432442950,30.6833924,104.0202498
190885,P3,449.0,449.0,1169.0,1169.0,False,0.01,8.0,1159512572,30.649774,104.0759772
24347,P3,449.0,449.0,1169.0,1169.0,False,0.74,8.0,4359390978,30.72282,104.05832
5859,P3,449.0,449.0,1169.0,1169.0,False,2.62,11.24,2118910075,30.70311,104.087
97993,P3,449.0,449.0,1169.0,1169.0,False,0.82,8.0,3562099187,30.6524163,104.0112641
132796,P3,450.0,450.0,1170.0,1170.0,False,2.23,10.46,1301933005,30.6423101,104.0801153
149055,P3,450.0,450.0,1170.0,1170.0,False,1.2,8.4,2714528004,30.6285412,104.0512663
171722,P3,450.0,450.0,1170.0,1170.0,False,0.91,8.0,2956775229,30.7124387,104.0371229
3594,P3,450.0,450.0,1170.0,1170.0,False,0.1,8.0,1457840985,30.6983669,104.1045435
51550,P3,450.0,450.0,1170.0,1170.0,False,0.6,8.0,3034330082,30.6633628,104.0871685
5370,P3,450.0,450.0,1170.0,1170.0,False,1.48,8.96,4447921435,30.7235699,104.0479364
89631,P3,450.0,450.0,1170.0,1170.0,False,2.23,10.46,4903105794,30.6729,104.06733
103891,P3,451.0,451.0,1171.0,1171.0,False,1.35,8.7,2211353126,30.69487,104.08183
139963,P3,451.0,451.0,1171.0,1171.0,False,0.93,8.0,4548211308,30.67282,104.05781
159362,P3,451.0,451.0,1171.0,1171.0,False,2.22,10.44,4987535027,30.6370424,104.0115141
198308,P3,451.0,451.0,1171.0,1171.0,False,1.47,8.94,3582242993,30.7257458,103.9990477
43363,P3,451.0,451.0,1171.0,1171.0,False,1.35,8.7,3582242993,30.7257458,103.9990477
45328,P3,451.0,451.0,1171.0,1171.0,False,1.35,8.7,2653567540,30.6688585,104.0924007
86363,P3,451.0,451.0,1171.0,1171.0,False,1.47,8.94,2559969429,30.6274906,104.0263199
123178,P3,452.0,452.0,1172.0,1172.0,False,1.68,9.36,3496259320,30.6695351,104.0894725
96476,P3,452.0,452.0,1172.0,1172.0,False,2.06,10.12,1159929697,30.6765696,103.9913824
12686,P3,453.0,453.0,1173.0,1173.0,False,0.34,8.0,4106681971,30.6388692,103.9880926
153931,P3,453.0,453.0,1173.0,1173.0,False,2.33,10.66,3562015383,30.65955,104.08251
162621,P3,453.0,453.0,1173.0,1173.0,False,0.63,8.0,4548211473,30.635443,104.0248821
175312,P3,453.0,453.0,1173.0,1173.0,False,0.93,8.0,5213238596,30.6581629,104.0810837
31191,P3,453.0,453.0,1173.0,1173.0,False,0.75,8.0,3203414179,30.63647,104.03281
62414,P3,453.0,453.0,1173.0,1173.0,False,0.28,8.0,2908601186,30.6431578,104.0885913
8279,P3,453.0,453.0,1173.0,1173.0,False,3.53,13.06,1159138407,30.66277,104.09659
160318,P3,454.0,454.0,1174.0,1174.0,False,0.13,8.0,3516890334,30.6952485,103.983139
49139,P3,454.0,454.0,1174.0,1174.0,False,0.19,8.0,4964000155,30.716408,104.0305715
50076,P3,454.0,454.0,1174.0,1174.0,False,0.09,8.0,5213238565,30.6523331,104.093325
61247,P3,454.0,454.0,1174.0,1174.0,False,2.51,11.02,3034409149,30.72009,104.07757
98633,P3,454.0,454.0,1174.0,1174.0,False,0.09,8.0,4772216922,30.6790537,104.0075277
16604,P3,455.0,455.0,1175.0,1175.0,False,0.39,8.0,4695640681,30.6165318,104.0277399
167974,P3,455.0,455.0,1175.0,1175.0,False,2.46,10.92,5375783936,30.657277,103.9966464
182387,P3,455.0,455.0,1175.0,1175.0,False,0.1,8.0,5213238429,30.64883,104.09827
34623,P3,455.0,455.0,1175.0,1175.0,False,1.72,9.44,5367291465,30.6269762,104.0021941
47591,P3,455.0,455.0,1175.0,1175.0,False,2.3,10.6,1504230238,30.698072,104.09493
57186,P3,455.0,455.0,1175.0,1175.0,False,0.39,8.0,3089029137,30.6627737,104.0505275
57459,P3,455.0,455.0,1175.0,1175.0,False,1.05,8.1,2907351834,30.6424085,104.0945655
92979,P3,455.0,455.0,1175.0,1175.0,False,0.07,8.0,4721452999,30.705019,104.08328
107462,P3,456.0,456.0,1176.0,1176.0,False,2.99,11.98,4779165800,30.6358011,104.0735412
138617,P3,456.0,456.0,1176.0,1176.0,False,1.74,9.48,4701464340,30.6141319,104.0566033
151820,P3,456.0,456.0,1176.0,1176.0,False,1.57,9.14,2717786564,30.6251659,104.0814952
17242,P3,456.0,456.0,1176.0,1176.0,False,1.97,9.94,3541401912,30.6891082,104.0140594
176939,P3,456.0,456.0,1176.0,1176.0,False,0.63,8.0,432442540,30.694365,104.01233
204234,P3,456.0,456.0,1176.0,1176.0,False,1.74,9.48,4547074368,30.6108816,104.0710354
39549,P3,456.0,456.0,1176.0,1176.0,False,2.09,10.18,4773916454,30.6570517,104.0016589
69371,P3,456.0,456.0,1176.0,1176.0,False,0.9,8.0,1492645720,30.6218905,104.0647449
144155,P3,457.0,457.0,1177.0,1177.0,False,1.92,9.84,4106681903,30.6110255,103.9940687
144308,P3,457.0,457.0,1177.0,1177.0,False,1.27,8.54,5213253197,30.6979691,104.0892897
169076,P3,457.0,457.0,1177.0,1177.0,False,2.05,10.1,4107377040,30.6434926,103.989248
173832,P3,457.0,457.0,1177.0,1177.0,False,1.37,8.74,3034330078,30.6625911,104.0881223
207919,P3,457.0,457.0,1177.0,1177.0,False,3.33,12.66,4693610153,30.6343701,104.0671874
3634,P3,457.0,457.0,1177.0,1177.0,False,0.95,8.0,1159227704,30.6969675,104.0523384
36469,P3,457.0,457.0,1177.0,1177.0,False,0.18,8.0,4106682111,30.6438317,103.9798694
6944,P3,457.0,457.0,1177.0,1177.0,False,1.92,9.84,441159926,30.7216086,104.1027513
125042,P3,458.0,458.0,1178.0,1178.0,False,0.4,8.0,314635435,30.6318966,104.0360035
142079,P3,458.0,458.0,1178.0,1178.0,False,1.28,8.56,4772430859,30.6773669,104.0058719
146095,P3,458.0,458.0,1178.0,1178.0,False,1.09,8.18,1301932975,30.65479,104.070465
146611,P3,458.0,458.0,1178.0,1178.0,False,0.09,8.0,4773199361,30.6684784,104.0101576
208448,P3,458.0,458.0,1178.0,1178.0,False,0.09,8.0,4549993448,30.647749,103.9765894
108803,P3,459.0,459.0,1179.0,1179.0,False,0.53,8.0,4903105811,30.656143,104.08238
140872,P3,459.0,459.0,1179.0,1179.0,False,1.27,8.54,4149734728,30.6432335,104.100908
165429,P3,459.0,459.0,1179.0,1179.0,False,2.33,10.66,3943038380,30.6435381,104.0624784
209242,P3,459.0,459.0,1179.0,1179.0,False,1.65,9.3,4550019087,30.6502695,104.0584956
34498,P3,459.0,459.0,1179.0,1179.0,False,0.07,8.0,3680455699,30.6583405,104.0128061
46381,P3,459.0,459.0,1179.0,1179.0,False,0.3,8.0,1815741570,30.6864039,104.0764746
65488,P3,459.0,459.0,1179.0,1179.0,False,0.11,8.0,4772463280,30.6596576,104.0475421
76027,P3,459.0,459.0,1179.0,1179.0,False,0.21,8.0,3034408997,30.7030464,104.0908574
98523,P3,459.0,459.0,1179.0,1179.0,False,0.46,8.0,4550700987,30.6183602,104.0380316
108650,P3,460.0,460.0,1180.0,1180.0,False,0.83,8.0,4987536576,30.6426473,103.9968231
131747,P3,460.0,460.0,1180.0,1180.0,False,0.83,8.0,1445519250,30.6499656,104.0635128
142454,P3,460.0,460.0,1180.0,1180.0,False,2.28,10.56,432452904,30.614518,104.0746835
16087,P3,460.0,460.0,1180.0,1180.0,False,2.49,10.98,1156126794,30.677332,104.04927
188828,P3,460.0,460.0,1180.0,1180.0,False,2.49,10.98,3033986268,30.6609585,104.0314765
190898,P3,460.0,460.0,1180.0,1180.0,False,0.65,8.0,4393165158,30.6227099,104.0637625
196176,P3,460.0,460.0,1180.0,1180.0,False,0.63,8.0,4703149486,30.6115743,104.0682118
202341,P3,460.0,460.0,1180.0,1180.0,False,1.67,9.34,1492396694,30.655124,104.0636683
207855,P3,460.0,460.0,1180.0,1180.0,False,0.36,8.0,3742070431,30.6574,104.0703
75891,P3,460.0,460.0,1180.0,1180.0,False,0.65,8.0,4505485114,30.6366175,104.0748642
135154,P3,461.0,461.0,1181.0,1181.0,False,0.87,8.0,1457858414,30.68688,104.1009464
149764,P3,461.0,461.0,1181.0,1181.0,False,0.11,8.0,4437994405,30.6900887,104.0958689
172234,P3,461.0,461.0,1181.0,1181.0,False,0.11,8.0,4799195782,30.6216994,103.9888269
201169,P3,461.0,461.0,1181.0,1181.0,False,0.71,8.0,1469157760,30.6421674,104.1002107
42670,P3,461.0,461.0,1181.0,1181.0,False,1.12,8.24,3742070460,30.6511466,104.0836043
6656,P3,461.0,461.0,1181.0,1181.0,False,0.11,8.0,2329101951,30.6993189,104.007402
149303,P3,462.0,462.0,1182.0,1182.0,False,0.19,8.0,3681180644,30.656277,104.06774
187953,P3,462.0,462.0,1182.0,1182.0,False,0.57,8.0,3562047399,30.7210672,104.063031
200391,P3,462.0,462.0,1182.0,1182.0,False,0.22,8.0,1458560484,30.6826293,104.1031232
201995,P3,462.0,462.0,1182.0,1182.0,False,1.67,9.34,3680099794,30.6449928,104.0253078
203549,P3,462.0,462.0,1182.0,1182.0,False,0.7,8.0,3562047417,30.7147877,104.0352756
37374,P3,462.0,462.0,1182.0,1182.0,False,0.29,8.0,3069352245,30.6429697,103.9882012
53754,P3,462.0,462.0,1182.0,1182.0,False,0.73,8.0,4699007266,30.6122408,104.0377796
80392,P3,462.0,462.0,1182.0,1182.0,False,0.7,8.0,4549993448,30.647749,103.9765894
91981,P3,462.0,462.0,1182.0,1182.0,False,0.7,8.0,5375783809,30.656241,104.0016326
97674,P3,462.0,462.0,1182.0,1182.0,False,0.82,8.0,1916401301,30.6104083,104.0467326
98107,P3,462.0,462.0,1182.0,1182.0,False,0.29,8.0,441187404,30.6849954,104.0618106
1027,P3,463.0,463.0,1183.0,1183.0,False,1.83,9.66,4585443318,30.6632784,104.0501348
13044,P3,463.0,463.0,1183.0,1183.0,False,1.52,9.04,4779165766,30.6379987,104.0736822
163341,P3,463.0,463.0,1183.0,1183.0,False,1.52,9.04,2843294153,30.6980881,104.0491784
205751,P3,463.0,463.0,1183.0,1183.0,False,2.22,10.44,1159138407,30.66357,104.09792
41157,P3,463.0,463.0,1183.0,1183.0,False,1.58,9.16,4106682111,30.6438317,103.9798694
42707,P3,463.0,463.0,1183.0,1183.0,False,1.52,9.04,5141468689,30.6371137,104.0931689
138980,P3,464.0,464.0,1184.0,1184.0,False,0.66,8.0,5211337145,30.6512391,103.9895957
185544,P3,464.0,464.0,1184.0,1184.0,False,1.08,8.16,1499189794,30.7182601,104.1016472
207852,P3,464.0,464.0,1184.0,1184.0,False,0.22,8.0,4773916430,30.6576045,104.0020297
26638,P3,464.0,464.0,1184.0,1184.0,False,0.28,8.0,4693609826,30.6310792,104.0710346
128843,P3,465.0,465.0,1185.0,1185.0,False,2.67,11.34,1072704325,30.7143,104.05854
131103,P3,465.0,465.0,1185.0,1185.0,False,0.45,8.0,2981056906,30.62675,104.07664
78828,P3,465.0,465.0,1185.0,1185.0,False,1.28,8.56,441159663,30.7210306,104.106158
13370,P3,466.0,466.0,1186.0,1186.0,False,1.03,8.06,1916386443,30.6353341,104.0032177
136301,P3,466.0,466.0,1186.0,1186.0,False,1.39,8.78,2118898662,30.7120925,104.0842262
202123,P3,466.0,466.0,1186.0,1186.0,False,2.96,11.92,3089075664,30.64986,104.05501
26437,P3,466.0,466.0,1186.0,1186.0,False,1.3,8.6,4693609810,30.6335641,104.0719028
32309,P3,466.0,466.0,1186.0,1186.0,False,3.36,12.72,1500638719,30.7080075,104.0885952
33803,P3,466.0,466.0,1186.0,1186.0,False,0.26,8.0,3516900120,30.67076,104.0818
132967,P3,467.0,467.0,1187.0,1187.0,False,1.92,9.84,4978440955,30.67807,104.08152
174079,P3,467.0,467.0,1187.0,1187.0,False,0.88,8.0,2133184344,30.6244,104.09797
203555,P3,467.0,467.0,1187.0,1187.0,False,0.97,8.0,2039561233,30.68359,104.11087
100859,P3,468.0,468.0,1188.0,1188.0,False,2.78,11.56,3680412780,30.6579193,104.0162888
109514,P3,468.0,468.0,1188.0,1188.0,False,1.7,9.4,3087817488,30.6615289,104.0103156
110384,P3,468.0,468.0,1188.0,1188.0,False,0.26,8.0,1305816711,30.6398407,104.0789439
116391,P3,468.0,468.0,1188.0,1188.0,False,2.66,11.32,1947583845,30.68626,104.08321
179979,P3,468.0,468.0,1188.0,1188.0,False,2.21,10.42,628641783,30.67876,104.08824
198245,P3,468.0,468.0,1188.0,1188.0,False,1.73,9.46,1459000906,30.6565218,104.0959652
21467,P3,468.0,468.0,1188.0,1188.0,False,1.4,8.8,3034409146,30.71596,104.10717
31773,P3,468.0,468.0,1188.0,1188.0,False,1.3,8.6,4102465470,30.6811188,104.0453964
32088,P3,468.0,468.0,1188.0,1188.0,False,1.3,8.6,4695601567,30.6110516,104.0319565
40775,P3,468.0,468.0,1188.0,1188.0,False,0.26,8.0,4012382184,30.661393,104.0748132
42825,P3,468.0,468.0,1188.0,1188.0,False,2.67,11.34,4900292688,30.6694752,104.0643722
44465,P3,468.0,468.0,1188.0,1188.0,False,0.08,8.0,2039561246,30.6862981,104.1013971
58869,P3,468.0,468.0,1188.0,1188.0,False,0.98,8.0,2892088398,30.6757128,104.0994221
92882,P3,468.0,468.0,1188.0,1188.0,False,2.66,11.32,4548211254,30.6609773,104.0685613
170188,P3,469.0,469.0,1189.0,1189.0,False,0.99,8.0,5280629136,30.6675265,104.0059084
46920,P3,469.0,469.0,1189.0,1189.0,False,1.88,9.76,1457843799,30.6884963,104.0995444
68200,P3,469.0,469.0,1189.0,1189.0,False,0.66,8.0,337539435,30.6109798,104.0581568
145491,P3,470.0,470.0,1190.0,1190.0,False,0.15,8.0,1459005270,30.6552446,104.1080049
185888,P3,470.0,470.0,1190.0,1190.0,False,0.66,8.0,4585553612,30.6533973,104.0273931
204215,P3,470.0,470.0,1190.0,1190.0,False,0.31,8.0,4799100436,30.64529,104.02981
33999,P3,470.0,470.0,1190.0,1190.0,False,0.26,8.0,3436486413,30.6413896,104.0486322
49439,P3,470.0,470.0,1190.0,1190.0,False,1.21,8.42,3523294437,30.65098,104.04755
107727,P3,471.0,471.0,1191.0,1191.0,False,1.08,8.16,5141328740,30.6120674,104.0643424
153061,P3,471.0,471.0,1191.0,1191.0,False,0.13,8.0,1159516309,30.6461422,104.0780014
161355,P3,471.0,471.0,1191.0,1191.0,False,0.6,8.0,2118910074,30.70058,104.08938
177639,P3,471.0,471.0,1191.0,1191.0,False,0.6,8.0,4748166140,30.6148417,104.0221795
192915,P3,471.0,471.0,1191.0,1191.0,False,1.08,8.16,5218133406,30.64161,104.10853
58823,P3,471.0,471.0,1191.0,1191.0,False,0.49,8.0,1159234180,30.6946,104.06783
85516,P3,471.0,471.0,1191.0,1191.0,False,1.08,8.16,4547074365,30.6107864,104.0780786
87031,P3,471.0,471.0,1191.0,1191.0,False,0.77,8.0,5141328769,30.6122224,104.0626517
122938,P3,472.0,472.0,1192.0,1192.0,False,0.52,8.0,1918491727,30.6532608,103.9756239
147300,P3,472.0,472.0,1192.0,1192.0,False,0.32,8.0,3680078429,30.658221,104.0138533
32299,P3,472.0,472.0,1192.0,1192.0,False,0.18,8.0,3561962960,30.6576181,104.0024184
64421,P3,472.0,472.0,1192.0,1192.0,False,1.21,8.42,4964134701,30.7053923,104.0206753
200315,P3,473.0,473.0,1193.0,1193.0,False,0.79,8.0,4154368798,30.67554,104.05765
21650,P3,473.0,473.0,1193.0,1193.0,False,2.16,10.32,1159138261,30.6595403,104.1082716
30691,P3,473.0,473.0,1193.0,1193.0,False,1.7,9.4,2472054565,30.7039793,104.0495284
98990,P3,473.0,473.0,1193.0,1193.0,False,0.78,8.0,5141468652,30.6399839,104.0936737
138135,P3,474.0,474.0,1194.0,1194.0,False,1.63,9.26,5283966123,30.6370674,104.100346
162043,P3,474.0,474.0,1194.0,1194.0,False,0.98,8.0,1492639723,30.62207,104.066895
169492,P3,474.0,474.0,1194.0,1194.0,False,0.3,8.0,5002301702,30.6905252,104.035081
183171,P3,474.0,474.0,1194.0,1194.0,False,1.63,9.26,4693609859,30.634835,104.0698688
193261,P3,474.0,474.0,1194.0,1194.0,False,0.8,8.0,3436486456,30.6405625,104.0471289
194559,P3,474.0,474.0,1194.0,1194.0,False,1.98,9.96,441159355,30.72079,104.10633
203966,P3,474.0,474.0,1194.0,1194.0,False,1.15,8.3,2081197481,30.6230266,104.1096315
207141,P3,474.0,474.0,1194.0,1194.0,False,1.15,8.3,3541420733,30.691794,104.0818843
55798,P3,474.0,474.0,1194.0,1194.0,False,0.3,8.0,4772476118,30.6612464,104.0472241
92296,P3,474.0,474.0,1194.0,1194.0,False,0.34,8.0,3516900115,30.6727655,104.0744432
95273,P3,474.0,474.0,1194.0,1194.0,False,1.98,9.96,5375784006,30.6550435,103.9937818
105989,P3,475.0,475.0,1195.0,1195.0,False,0.69,8.0,4548141062,30.6229357,104.0746056
110453,P3,475.0,475.0,1195.0,1195.0,False,0.72,8.0,4225497272,30.6472772,104.0433876
131040,P3,475.0,475.0,1195.0,1195.0,False,0.25,8.0,3742070458,30.649269,104.0879116
132619,P3,475.0,475.0,1195.0,1195.0,False,0.16,8.0,439751903,30.67327,103.98502
148659,P3,475.0,475.0,1195.0,1195.0,False,0.26,8.0,3562110284,30.65499,104.08005
52211,P3,475.0,475.0,1195.0,1195.0,False,1.77,9.54,3562028089,30.65931,104.09146
56915,P3,475.0,475.0,1195.0,1195.0,False,0.79,8.0,4102465473,30.68623,104.04281
61923,P3,475.0,475.0,1195.0,1195.0,False,1.67,9.34,4154368798,30.6764701,104.0582862
67368,P3,475.0,475.0,1195.0,1195.0,False,0.25,8.0,5213237302,30.6592821,104.0787494
134247,P3,476.0,476.0,1196.0,1196.0,False,0.76,8.0,4230611281,30.65457,104.06613
57035,P3,476.0,476.0,1196.0,1196.0,False,1.18,8.36,4772463265,30.6632231,104.0456704
62602,P3,476.0,476.0,1196.0,1196.0,False,1.17,8.34,4991425468,30.6454057,103.9874058
111485,P3,477.0,477.0,1197.0,1197.0,False,2.09,10.18,4987534974,30.6199038,103.9980875
116685,P3,477.0,477.0,1197.0,1197.0,False,0.53,8.0,4695640656,30.6179593,104.0247902
176385,P3,477.0,477.0,1197.0,1197.0,False,0.42,8.0,628641783,30.6804739,104.0895106
186971,P3,477.0,477.0,1197.0,1197.0,False,0.42,8.0,4903105811,30.65607,104.08222
47327,P3,477.0,477.0,1197.0,1197.0,False,0.18,8.0,5218132916,30.64743,104.11222
73072,P3,477.0,477.0,1197.0,1197.0,False,0.52,8.0,4548211210,30.6752271,104.055483
10671,P3,478.0,478.0,1198.0,1198.0,False,1.29,8.58,4107377006,30.63019,104.00058
176903,P3,478.0,478.0,1198.0,1198.0,False,2.35,10.7,4582821488,30.6632632,104.0494639
95822,P3,478.0,478.0,1198.0,1198.0,False,1.28,8.56,4549993011,30.6970288,104.0471477
108924,P3,479.0,479.0,1199.0,1199.0,False,0.07,8.0,2213048013,30.6106275,104.104888
146744,P3,479.0,479.0,1199.0,1199.0,False,1.44,8.88,5213237318,30.6389243,104.0511465
182749,P3,479.0,479.0,1199.0,1199.0,False,1.44,8.88,4102465474,30.6874097,104.0398793
190092,P3,479.0,479.0,1199.0,1199.0,False,1.29,8.58,4548259334,30.705884,104.0406737
51975,P3,479.0,479.0,1199.0,1199.0,False,2.07,10.14,2726963386,30.6113023,104.0553959
60766,P3,479.0,479.0,1199.0,1199.0,False,1.63,9.26,3031031600,30.6818163,104.1089397
64815,P3,479.0,479.0,1199.0,1199.0,False,0.15,8.0,1072698537,30.72493,104.04533
6943,P3,479.0,479.0,1199.0,1199.0,False,1.33,8.66,2933855166,30.6111757,103.9801937
81603,P3,479.0,479.0,1199.0,1199.0,False,0.51,8.0,1492390579,30.66069,104.0585
93078,P3,479.0,479.0,1199.0,1199.0,False,2.43,10.86,1457843757,30.6880064,104.0998047
104879,P3,480.0,480.0,1200.0,1200.0,False,3.26,12.52,4693610174,30.6359215,104.0662787
133794,P3,480.0,480.0,1200.0,1200.0,False,1.1,8.2,4414330243,30.6630248,104.0884294
164293,P3,480.0,480.0,1200.0,1200.0,False,2.33,10.66,3541389064,30.6739928,104.0558713
202047,P3,480.0,480.0,1200.0,1200.0,False,2.73,11.46,3087817489,30.66454,104.00831
202297,P3,480.0,480.0,1200.0,1200.0,False,2.73,11.46,5218240010,30.7034527,104.0487623
21995,P3,480.0,480.0,1200.0,1200.0,False,0.39,8.0,672360506,30.66648,104.08528
50575,P3,480.0,480.0,1200.0,1200.0,False,1.82,9.64,3562015383,30.660185,104.081406
73599,P3,480.0,480.0,1200.0,1200.0,False,2.27,10.54,5283966327,30.70384,104.09694
168966,P3,481.0,481.0,1201.0,1201.0,False,2.42,10.84,3034029055,30.682102,103.9965228
201899,P3,481.0,481.0,1201.0,1201.0,False,1.47,8.94,1504245916,30.7048412,104.0759451
25733,P3,481.0,481.0,1201.0,1201.0,False,0.1,8.0,4981598406,30.6359973,103.9941445
41385,P3,481.0,481.0,1201.0,1201.0,False,1.66,9.32,1492405916,30.6362724,104.0642502
52688,P3,481.0,481.0,1201.0,1201.0,False,0.6,8.0,314622889,30.6549977,104.0614315
68828,P3,481.0,481.0,1201.0,1201.0,False,0.01,8.0,3562099596,30.6520654,104.0244105
73749,P3,481.0,481.0,1201.0,1201.0,False,0.01,8.0,1492613673,30.6221089,104.0629493
7647,P3,481.0,481.0,1201.0,1201.0,False,0.95,8.0,5375783758,30.6322589,104.011485
140046,P3,482.0,482.0,1202.0,1202.0,False,2.45,10.9,4693610151,30.6351364,104.0671493
143605,P3,482.0,482.0,1202.0,1202.0,False,1.0,8.0,4550018636,30.6160566,104.0360146
160333,P3,482.0,482.0,1202.0,1202.0,False,0.31,8.0,1819305456,30.6255508,104.0905689
168337,P3,482.0,482.0,1202.0,1202.0,False,0.06,8.0,1916386518,30.6473225,104.0606972
168797,P3,482.0,482.0,1202.0,1202.0,False,0.73,8.0,3034393458,30.6821454,104.0442797
117755,P3,483.0,483.0,1203.0,1203.0,False,0.02,8.0,1159474715,30.693343,104.0455602
136784,P3,483.0,483.0,1203.0,1203.0,False,0.96,8.0,3034029073,30.6833556,103.9875599
138962,P3,483.0,483.0,1203.0,1203.0,False,0.02,8.0,2080646270,30.6223983,104.1039768
148019,P3,483.0,483.0,1203.0,1203.0,False,1.41,8.82,1964305089,30.6764683,104.1020409
47573,P3,483.0,483.0,1203.0,1203.0,False,0.76,8.0,4546940798,30.6154989,104.0964994
72753,P3,483.0,483.0,1203.0,1203.0,False,0.12,8.0,2134826936,30.6722605,103.9859752
137527,P3,484.0,484.0,1204.0,1204.0,False,1.52,9.04,3445813130,30.6712099,104.0778022
139743,P3,484.0,484.0,1204.0,1204.0,False,0.27,8.0,672282785,30.6561,104.09957
166863,P3,484.0,484.0,1204.0,1204.0,False,1.22,8.44,441159325,30.7208459,104.1072392
87685,P3,484.0,484.0,1204.0,1204.0,False,2.66,11.32,3562033455,30.7072833,104.0713174
95948,P3,484.0,484.0,1204.0,1204.0,False,0.54,8.0,1072698472,30.7188487,104.0683208
154343,P3,485.0,485.0,1205.0,1205.0,False,1.66,9.32,4695640528,30.6151249,104.0271256
193267,P3,485.0,485.0,1205.0,1205.0,False,1.43,8.86,1964388817,30.66909,104.10337
206791,P3,485.0,485.0,1205.0,1205.0,False,0.13,8.0,4550769468,30.6233807,104.1050183
152961,P3,486.0,486.0,1206.0,1206.0,False,0.07,8.0,4915830830,30.6752444,104.0714931
166698,P3,486.0,486.0,1206.0,1206.0,False,1.16,8.32,504315317,30.6972544,104.1052658
178633,P3,486.0,486.0,1206.0,1206.0,False,2.11,10.22,4772216819,30.6797083,104.0068793
18706,P3,486.0,486.0,1206.0,1206.0,False,1.65,9.3,5315745146,30.6882689,104.0565912
24907,P3,486.0,486.0,1206.0,1206.0,False,1.53,9.06,2823798122,30.65731,104.05433
39020,P3,486.0,486.0,1206.0,1206.0,False,0.65,8.0,4695640528,30.6151249,104.0271256
50503,P3,486.0,486.0,1206.0,1206.0,False,2.0,10.0,1159478530,30.6769054,104.05131
50823,P3,486.0,486.0,1206.0,1206.0,False,0.69,8.0,5102886113,30.6863806,103.9939947
65947,P3,486.0,486.0,1206.0,1206.0,False,1.47,8.94,3541404997,30.68889,104.05496
68119,P3,486.0,486.0,1206.0,1206.0,False,2.0,10.0,3034409024,30.71646,104.09804
81259,P3,486.0,486.0,1206.0,1206.0,False,1.16,8.32,4107377015,30.6321849,104.0007438
122207,P3,487.0,487.0,1207.0,1207.0,False,0.5,8.0,2211353126,30.69434,104.08181
13828,P3,487.0,487.0,1207.0,1207.0,False,0.19,8.0,1159447643,30.6732409,104.0301527
197183,P3,487.0,487.0,1207.0,1207.0,False,0.32,8.0,4548259325,30.6545419,104.0062299
207726,P3,487.0,487.0,1207.0,1207.0,False,0.23,8.0,432442938,30.6750879,104.0256142
207919,P3,487.0,487.0,1207.0,1207.0,False,1.1,8.2,1072698509,30.696981,104.0637688
36387,P3,487.0,487.0,1207.0,1207.0,False,0.19,8.0,3742070435,30.65518,104.0748
53073,P3,487.0,487.0,1207.0,1207.0,False,0.67,8.0,3033986307,30.6569465,104.0257279
72771,P3,487.0,487.0,1207.0,1207.0,False,0.32,8.0,2956775225,30.71366,104.04904
85514,P3,487.0,487.0,1207.0,1207.0,False,0.97,8.0,1311904464,30.6457768,104.0761078
130883,P3,488.0,488.0,1208.0,1208.0,False,2.01,10.02,1159226949,30.691174,104.0515734
135060,P3,488.0,488.0,1208.0,1208.0,False,0.38,8.0,4772214802,30.6800831,104.0073693
145019,P3,488.0,488.0,1208.0,1208.0,False,0.15,8.0,2082811327,30.6282737,104.1069813
162042,P3,488.0,488.0,1208.0,1208.0,False,3.23,12.46,2843286549,30.6908658,104.0605784
18803,P3,488.0,488.0,1208.0,1208.0,False,0.87,8.0,4550701397,30.6200923,103.982772
60638,P3,488.0,488.0,1208.0,1208.0,False,0.15,8.0,4548211481,30.6650832,104.0446397
69565,P3,488.0,488.0,1208.0,1208.0,False,0.38,8.0,2135946732,30.6248361,104.004192
75821,P3,488.0,488.0,1208.0,1208.0,False,0.66,8.0,4550018818,30.6257653,103.982709
83569,P3,488.0,488.0,1208.0,1208.0,False,1.41,8.82,4972899565,30.6237876,104.0495915
105536,P3,489.0,489.0,1209.0,1209.0,False,1.79,9.58,1159173348,30.6276025,104.0726317
109333,P3,489.0,489.0,1209.0,1209.0,False,1.95,9.9,4217837143,30.6271727,104.0430976
140773,P3,489.0,489.0,1209.0,1209.0,False,1.12,8.24,2917008732,30.637094,104.1083926
173516,P3,489.0,489.0,1209.0,1209.0,False,1.95,9.9,3582961906,30.638167,104.0442319
19366,P3,489.0,489.0,1209.0,1209.0,False,1.12,8.24,4106681906,30.6128716,103.9924123
206371,P3,489.0,489.0,1209.0,1209.0,False,1.54,9.08,432432545,30.661347,104.0384566
27927,P3,489.0,489.0,1209.0,1209.0,False,1.28,8.56,432442899,30.66544,104.03202
141439,P3,490.0,490.0,1210.0,1210.0,False,1.05,8.1,1885342911,30.67969,104.09739
154061,P3,490.0,490.0,1210.0,1210.0,False,0.44,8.0,4695601331,30.6106436,104.0295303
156284,P3,490.0,490.0,1210.0,1210.0,False,0.61,8.0,1159168931,30.6363756,104.0824125
185886,P3,490.0,490.0,1210.0,1210.0,False,0.65,8.0,5375784048,30.6561051,103.997904
210,P3,490.0,490.0,1210.0,1210.0,False,0.11,8.0,1301933036,30.6525448,104.0722069
44486,P3,490.0,490.0,1210.0,1210.0,False,0.53,8.0,2472030048,30.6618447,104.0637076
83931,P3,490.0,490.0,1210.0,1210.0,False,1.88,9.76,3633008416,30.67007,104.03819
109386,P3,491.0,491.0,1211.0,1211.0,False,0.97,8.0,4601260485,30.6367392,104.0653218
111699,P3,491.0,491.0,1211.0,1211.0,False,2.99,11.98,672360898,30.65584,104.07528
202159,P3,491.0,491.0,1211.0,1211.0,False,1.36,8.72,4064178180,30.6739262,104.0018024
55913,P3,491.0,491.0,1211.0,1211.0,False,1.36,8.72,5283966195,30.7018488,104.1144818
63070,P3,491.0,491.0,1211.0,1211.0,False,0.58,8.0,5141468652,30.6399839,104.0936737
69446,P3,491.0,491.0,1211.0,1211.0,False,1.65,9.3,2080650542,30.6469992,104.0563483
91628,P3,491.0,491.0,1211.0,1211.0,False,1.51,9.02,1492416227,30.6273948,104.0641628
135999,P3,492.0,492.0,1212.0,1212.0,False,0.93,8.0,2843294150,30.699188,104.04662
157559,P3,492.0,492.0,1212.0,1212.0,False,1.81,9.62,2868588323,30.66546,104.08376
178140,P3,492.0,492.0,1212.0,1212.0,False,0.0,8.0,4107377015,30.6321849,104.0007438
191227,P3,492.0,492.0,1212.0,1212.0,False,0.84,8.0,1457843799,30.6884963,104.0995444
41359,P3,492.0,492.0,1212.0,1212.0,False,1.23,8.46,1458981267,30.6622,104.09645
81999,P3,492.0,492.0,1212.0,1212.0,False,1.41,8.82,2956775868,30.701681,104.033875
149059,P3,493.0,493.0,1213.0,1213.0,False,1.11,8.22,1492368570,30.656464,104.06235
201182,P3,493.0,493.0,1213.0,1213.0,False,0.58,8.0,5375784234,30.633181,104.0093708
32555,P3,493.0,493.0,1213.0,1213.0,False,1.11,8.22,4106682225,30.6745183,103.9964567
78231,P3,493.0,493.0,1213.0,1213.0,False,0.41,8.0,5040759944,30.68331,104.10027
121701,P3,494.0,494.0,1214.0,1214.0,False,2.6,11.2,5218240019,30.7002164,104.048641
139307,P3,494.0,494.0,1214.0,1214.0,False,2.6,11.2,3582230416,30.6501977,103.9709854
180085,P3,494.0,494.0,1214.0,1214.0,False,1.73,9.46,4703149492,30.6120125,104.0674422
69814,P3,494.0,494.0,1214.0,1214.0,False,0.97,8.0,4069514821,30.7203896,103.980785
158404,P3,495.0,495.0,1215.0,1215.0,False,1.26,8.52,4693610129,30.6358574,104.0718947
192503,P3,495.0,495.0,1215.0,1215.0,False,2.12,10.24,2039522711,30.674553,104.10578
74964,P3,495.0,495.0,1215.0,1215.0,False,0.44,8.0,1819305258,30.6221514,104.095893
86200,P3,495.0,495.0,1215.0,1215.0,False,1.53,9.06,1507380412,30.6962632,104.0787688
108875,P3,496.0,496.0,1216.0,1216.0,False,2.92,11.84,3445813130,30.67149,104.07847
111872,P3,496.0,496.0,1216.0,1216.0,False,1.33,8.66,4548259382,30.6504363,104.0064679
119968,P3,496.0,496.0,1216.0,1216.0,False,1.49,8.98,4877924402,30.6470827,104.1032209
125031,P3,496.0,496.0,1216.0,1216.0,False,0.66,8.0,4107376998,30.6094154,104.0065025
138607,P3,496.0,496.0,1216.0,1216.0,False,3.61,13.22,5055908306,30.7077778,104.113684
23343,P3,496.0,496.0,1216.0,1216.0,False,1.33,8.66,432442531,30.69064,104.01682
46319,P3,496.0,496.0,1216.0,1216.0,False,0.66,8.0,4978440954,30.67712,104.07764
55784,P3,496.0,496.0,1216.0,1216.0,False,1.61,9.22,2217714926,30.6609975,104.0718879
61643,P3,496.0,496.0,1216.0,1216.0,False,3.61,13.22,2532979486,30.7056378,104.0905158
76583,P3,496.0,496.0,1216.0,1216.0,False,0.09,8.0,432432572,30.66212,104.03621
11739,P3,497.0,497.0,1217.0,1217.0,False,0.18,8.0,4220530489,30.6862756,104.0762436
138370,P3,497.0,497.0,1217.0,1217.0,False,1.27,8.54,1459915728,30.6475007,104.1037665
158573,P3,497.0,497.0,1217.0,1217.0,False,0.61,8.0,3496551178,30.6204257,104.0508731
160251,P3,497.0,497.0,1217.0,1217.0,False,1.55,9.1,3034409140,30.7127644,104.0901218
175915,P3,497.0,497.0,1217.0,1217.0,False,1.93,9.86,504315289,30.70045,104.10272
39245,P3,497.0,497.0,1217.0,1217.0,False,1.93,9.86,1885342922,30.6779702,104.1003305
60665,P3,497.0,497.0,1217.0,1217.0,False,1.64,9.28,2532979496,30.7055079,104.0921388
82510,P3,497.0,497.0,1217.0,1217.0,False,1.03,8.06,1457868178,30.6882249,104.099627
10692,P3,498.0,498.0,1218.0,1218.0,False,0.08,8.0,1305816705,30.6646012,104.0662925
122089,P3,498.0,498.0,1218.0,1218.0,False,1.05,8.1,1458579724,30.6826342,104.0950867
127727,P3,498.0,498.0,1218.0,1218.0,False,1.84,9.68,1072698538,30.717676,104.0701695
155438,P3,498.0,498.0,1218.0,1218.0,False,1.0,8.0,432442850,30.6703701,103.9917488
203777,P3,498.0,498.0,1218.0,1218.0,False,1.84,9.68,1458550332,30.682592,104.1030391
73383,P3,498.0,498.0,1218.0,1218.0,False,1.05,8.1,1159148361,30.6634,104.07661
86010,P3,498.0,498.0,1218.0,1218.0,False,0.08,8.0,4549993425,30.705588,104.0381527
72132,P3,499.0,499.0,1219.0,1219.0,False,0.31,8.0,3034330089,30.6584583,104.0970957
86987,P3,499.0,499.0,1219.0,1219.0,False,0.89,8.0,1918505703,30.61237,104.00929
87104,P3,499.0,499.0,1219.0,1219.0,False,1.42,8.84,4695700260,30.6167425,104.0168865
146899,P3,500.0,500.0,1220.0,1220.0,False,1.44,8.88,465203734,30.70527,104.10379
154380,P3,500.0,500.0,1220.0,1220.0,False,1.15,8.3,4550018818,30.6257653,103.982709
194939,P3,500.0,500.0,1220.0,1220.0,False,2.11,10.22,1159496594,30.6884286,104.0434886
206404,P3,500.0,500.0,1220.0,1220.0,False,2.11,10.22,1492582888,30.6235437,104.0644981
31943,P3,500.0,500.0,1220.0,1220.0,False,1.5,9.0,1159228754,30.68743,104.10899
42855,P3,500.0,500.0,1220.0,1220.0,False,0.02,8.0,2956775225,30.71365,104.04896
6201,P3,500.0,500.0,1220.0,1220.0,False,1.16,8.32,4447921435,30.7235699,104.0479364
94449,P3,500.0,500.0,1220.0,1220.0,False,2.55,11.1,5382831176,30.6754465,104.0984991
112131,P3,501.0,501.0,1221.0,1221.0,False,1.2,8.4,1313065877,30.6296185,104.0872624
136425,P3,501.0,501.0,1221.0,1221.0,False,1.09,8.18,4638105424,30.7067866,104.0611202
166799,P3,501.0,501.0,1221.0,1221.0,False,1.2,8.4,1815728532,30.71584,104.0987
184407,P3,501.0,501.0,1221.0,1221.0,False,1.21,8.42,4967265774,30.7058479,104.0076694
78506,P3,501.0,501.0,1221.0,1221.0,False,1.21,8.42,4695701796,30.6136103,104.018995
91799,P3,501.0,501.0,1221.0,1221.0,False,1.07,8.14,2733352544,30.61963,104.0763
9859,P3,501.0,501.0,1221.0,1221.0,False,1.09,8.18,1313998761,30.63879,104.08701
106177,P3,502.0,502.0,1222.0,1222.0,False,1.91,9.82,4903105811,30.6565693,104.0842601
107947,P3,502.0,502.0,1222.0,1222.0,False,1.02,8.04,4794944066,30.679678,104.05722
143774,P3,502.0,502.0,1222.0,1222.0,False,0.83,8.0,3562086841,30.6763615,104.0432669
167725,P3,502.0,502.0,1222.0,1222.0,False,0.83,8.0,432442859,30.6727101,103.9961226
189071,P3,502.0,502.0,1222.0,1222.0,False,1.91,9.82,1301933005,30.6423101,104.0801153
31905,P3,502.0,502.0,1222.0,1222.0,False,1.07,8.14,5211337159,30.6342088,104.0011536
37847,P3,502.0,502.0,1222.0,1222.0,False,1.38,8.76,3445813551,30.6672277,104.070585
68475,P3,502.0,502.0,1222.0,1222.0,False,2.31,10.62,4400595031,30.67599,104.07611
89463,P3,502.0,502.0,1222.0,1222.0,False,1.55,9.1,465203788,30.7035608,104.1010111
101143,P3,503.0,503.0,1223.0,1223.0,False,0.76,8.0,3562045366,30.70276,104.04051
128931,P3,503.0,503.0,1223.0,1223.0,False,0.61,8.0,432442595,30.6851455,104.0228033
136842,P3,503.0,503.0,1223.0,1223.0,False,2.88,11.76,5336411841,30.6456972,104.0350005
191387,P3,503.0,503.0,1223.0,1223.0,False,1.46,8.92,1159143437,30.6627591,104.1017506
200967,P3,503.0,503.0,1223.0,1223.0,False,1.46,8.92,1445517492,30.64939,104.06187
20649,P3,503.0,503.0,1223.0,1223.0,False,0.76,8.0,4699185731,30.6116138,104.054971
42894,P3,503.0,503.0,1223.0,1223.0,False,0.76,8.0,432442906,30.6720808,104.0228395
87370,P3,503.0,503.0,1223.0,1223.0,False,0.76,8.0,3614070503,30.6747592,104.0624488
113058,P3,504.0,504.0,1224.0,1224.0,False,2.25,10.5,672360797,30.6544246,104.0755567
137788,P3,504.0,504.0,1224.0,1224.0,False,2.67,11.34,1159148358,30.663903,104.0750029
144244,P3,504.0,504.0,1224.0,1224.0,False,1.78,9.56,3632996309,30.6629381,104.0221459
161134,P3,504.0,504.0,1224.0,1224.0,False,1.13,8.26,314623121,30.6501468,104.0317615
169233,P3,504.0,504.0,1224.0,1224.0,False,1.13,8.26,4449117687,30.6279971,104.0985318
18643,P3,504.0,504.0,1224.0,1224.0,False,1.01,8.02,4963999563,30.71703,104.03165
199500,P3,504.0,504.0,1224.0,1224.0,False,0.65,8.0,4963999540,30.7178728,104.0300753
201289,P3,504.0,504.0,1224.0,1224.0,False,1.75,9.5,2039550405,30.6703133,104.1126614
31333,P3,504.0,504.0,1224.0,1224.0,False,2.67,11.34,432442971,30.6806612,104.0153467
94983,P3,504.0,504.0,1224.0,1224.0,False,0.54,8.0,4106682242,30.6837922,104.0043502
97575,P3,504.0,504.0,1224.0,1224.0,False,2.67,11.34,4695601336,30.6093642,104.0301001
109823,P3,505.0,505.0,1225.0,1225.0,False,2.47,10.94,1458981267,30.66219,104.09701
132379,P3,505.0,505.0,1225.0,1225.0,False,2.47,10.94,2118909749,30.7128003,104.0867421
176271,P3,505.0,505.0,1225.0,1225.0,False,0.35,8.0,1964418552,30.66786,104.09929
205687,P3,505.0,505.0,1225.0,1225.0,False,0.26,8.0,432442953,30.6789,104.01603
4951,P3,505.0,505.0,1225.0,1225.0,False,0.48,8.0,3579517899,30.66837,104.05383
144959,P3,506.0,506.0,1226.0,1226.0,False,0.52,8.0,2259835274,30.625347,104.1026569
150615,P3,506.0,506.0,1226.0,1226.0,False,0.58,8.0,4695601318,30.6115778,104.0293964
180238,P3,506.0,506.0,1226.0,1226.0,False,1.15,8.3,1313998738,30.6313234,104.0879795
184111,P3,506.0,506.0,1226.0,1226.0,False,1.15,8.3,5257005059,30.6769082,104.0937702
188663,P3,506.0,506.0,1226.0,1226.0,False,1.91,9.82,3516900117,30.6718171,104.0804158
23178,P3,506.0,506.0,1226.0,1226.0,False,1.78,9.56,2691023099,30.7095722,103.9980508
60699,P3,506.0,506.0,1226.0,1226.0,False,0.3,8.0,3034393451,30.67026,104.04042
67331,P3,506.0,506.0,1226.0,1226.0,False,0.3,8.0,1159131825,30.6637865,104.0774781
69034,P3,506.0,506.0,1226.0,1226.0,False,0.27,8.0,2039522709,30.6759548,104.1002608
86900,P3,506.0,506.0,1226.0,1226.0,False,0.57,8.0,3445813121,30.6631981,104.0813535
123035,P3,507.0,507.0,1227.0,1227.0,False,0.06,8.0,4701400365,30.6110054,104.0333785
178169,P3,507.0,507.0,1227.0,1227.0,False,1.04,8.08,2631867279,30.686945,104.087863
42522,P3,507.0,507.0,1227.0,1227.0,False,2.37,10.74,1819305504,30.6322292,104.1058112
7929,P3,507.0,507.0,1227.0,1227.0,False,1.23,8.46,4772463300,30.6621289,104.0455896
82998,P3,507.0,507.0,1227.0,1227.0,False,0.37,8.0,1459005274,30.6577443,104.1026298
113979,P3,508.0,508.0,1228.0,1228.0,False,0.56,8.0,3582243005,30.7096292,104.007262
166949,P3,508.0,508.0,1228.0,1228.0,False,1.55,9.1,1912247118,30.6148017,104.0966824
172773,P3,508.0,508.0,1228.0,1228.0,False,0.05,8.0,4637576793,30.6666763,104.1103432
187827,P3,508.0,508.0,1228.0,1228.0,False,1.17,8.34,1159945480,30.65594,104.05629
21391,P3,508.0,508.0,1228.0,1228.0,False,0.56,8.0,4779165707,30.63642,104.02152
132979,P3,509.0,509.0,1229.0,1229.0,False,1.48,8.96,276563872,30.65846,104.06341
186321,P3,509.0,509.0,1229.0,1229.0,False,1.86,9.72,2981319505,30.7224415,104.0007846
55969,P3,509.0,509.0,1229.0,1229.0,False,1.47,8.94,1159145919,30.6691126,104.0698482
101044,P3,510.0,510.0,1230.0,1230.0,False,1.1,8.2,4695601473,30.6094204,104.0304958
132791,P3,510.0,510.0,1230.0,1230.0,False,0.38,8.0,4218012567,30.6276483,104.0428316
14540,P3,510.0,510.0,1230.0,1230.0,False,0.59,8.0,2546074266,30.6859804,104.0297723
163343,P3,510.0,510.0,1230.0,1230.0,False,0.38,8.0,2039561233,30.68507,104.11094
207714,P3,510.0,510.0,1230.0,1230.0,False,1.05,8.1,4967265402,30.6545808,104.0948913
51144,P3,510.0,510.0,1230.0,1230.0,False,2.28,10.56,1305816678,30.6491402,104.0820003
74145,P3,510.0,510.0,1230.0,1230.0,False,0.59,8.0,314655429,30.6398782,104.0365362
90843,P3,510.0,510.0,1230.0,1230.0,False,2.14,10.28,439751999,30.7248504,104.0402564
96290,P3,510.0,510.0,1230.0,1230.0,False,1.47,8.94,3562111926,30.6663335,104.0890229
98980,P3,510.0,510.0,1230.0,1230.0,False,2.14,10.28,1918491750,30.633255,104.0053741
120972,P3,511.0,511.0,1231.0,1231.0,False,0.15,8.0,5283966127,30.6360019,104.105197
181399,P3,511.0,511.0,1231.0,1231.0,False,0.36,8.0,4548259612,30.6916,104.04752
21667,P3,511.0,511.0,1231.0,1231.0,False,1.19,8.38,3562028074,30.680532,104.11458
8538,P3,511.0,511.0,1231.0,1231.0,False,0.66,8.0,1159941208,30.6697719,104.0225964
89875,P3,511.0,511.0,1231.0,1231.0,False,1.21,8.42,672360506,30.666067,104.08579
47585,P3,512.0,512.0,1232.0,1232.0,False,1.5,9.0,4106682180,30.6570925,103.9807985
52019,P3,512.0,512.0,1232.0,1232.0,False,2.05,10.1,5254240638,30.6299349,103.9921167
52485,P3,512.0,512.0,1232.0,1232.0,False,0.11,8.0,4548318082,30.6258223,104.0947612
114346,P3,513.0,513.0,1233.0,1233.0,False,1.03,8.06,3562033456,30.7027265,104.0739729
120575,P3,513.0,513.0,1233.0,1233.0,False,2.03,10.06,4695601599,30.612158,104.0342441
128019,P3,513.0,513.0,1233.0,1233.0,False,0.11,8.0,4772463273,30.66021,104.0458
169171,P3,513.0,513.0,1233.0,1233.0,False,2.78,11.56,4585443316,30.6648806,104.048076
172799,P3,513.0,513.0,1233.0,1233.0,False,2.03,10.06,1958204318,30.670477,104.09031
33555,P3,513.0,513.0,1233.0,1233.0,False,1.1,8.2,1339762127,30.714766,104.04568
3503,P3,513.0,513.0,1233.0,1233.0,False,2.78,11.56,4572410232,30.7120563,103.9900015
59698,P3,513.0,513.0,1233.0,1233.0,False,0.08,8.0,4549759292,30.6672728,104.0578932
82751,P3,513.0,513.0,1233.0,1233.0,False,0.08,8.0,2039561229,30.68542,104.11478
146218,P3,514.0,514.0,1234.0,1234.0,False,0.73,8.0,1159451504,30.6769995,104.0419564
177570,P3,514.0,514.0,1234.0,1234.0,False,1.17,8.34,2559969504,30.6291352,104.0354012
22458,P3,514.0,514.0,1234.0,1234.0,False,2.1,10.2,2722829541,30.7067571,104.0496794
29398,P3,514.0,514.0,1234.0,1234.0,False,0.73,8.0,4106682106,30.6433167,103.9847414
92648,P3,514.0,514.0,1234.0,1234.0,False,0.66,8.0,3562004398,30.6534004,104.0342573
129119,P3,515.0,515.0,1235.0,1235.0,False,2.98,11.96,4548259330,30.68789,104.05031
148123,P3,515.0,515.0,1235.0,1235.0,False,0.39,8.0,3087817511,30.6658238,103.997649
196571,P3,515.0,515.0,1235.0,1235.0,False,1.55,9.1,1314184368,30.6389939,104.0761579
46695,P3,515.0,515.0,1235.0,1235.0,False,0.2,8.0,5375783796,30.6555511,103.999267
71566,P3,515.0,515.0,1235.0,1235.0,False,2.98,11.96,4772430857,30.6776575,104.0051013
83033,P3,515.0,515.0,1235.0,1235.0,False,1.44,8.88,1469171331,30.6385917,104.0902112
85467,P3,515.0,515.0,1235.0,1235.0,False,0.33,8.0,1459067165,30.6427328,104.1054592
133151,P3,516.0,516.0,1236.0,1236.0,False,1.53,9.06,2726912095,30.67885,104.06938
205301,P3,516.0,516.0,1236.0,1236.0,False,2.59,11.18,4695700254,30.6133529,104.0205173
41605,P3,516.0,516.0,1236.0,1236.0,False,1.46,8.92,5211368068,30.6684739,103.9724603
46635,P3,516.0,516.0,1236.0,1236.0,False,2.89,11.78,2558636073,30.6277602,104.0230006
118439,P3,517.0,517.0,1237.0,1237.0,False,1.45,8.9,1153895612,30.68401,104.04443
153131,P3,517.0,517.0,1237.0,1237.0,False,1.05,8.1,1159143437,30.6627591,104.1017506
189132,P3,517.0,517.0,1237.0,1237.0,False,0.89,8.0,4549993115,30.6489444,103.982456
205077,P3,517.0,517.0,1237.0,1237.0,False,0.44,8.0,4548141054,30.6229301,104.074347
69327,P3,517.0,517.0,1237.0,1237.0,False,0.87,8.0,4964137428,30.7101195,104.0190795
88918,P3,517.0,517.0,1237.0,1237.0,False,1.05,8.1,432442595,30.6851455,104.0228033
92320,P3,517.0,517.0,1237.0,1237.0,False,1.4,8.8,4601260486,30.6369642,104.0653171
122731,P3,518.0,518.0,1238.0,1238.0,False,0.44,8.0,3562110283,30.65309,104.08174
133119,P3,518.0,518.0,1238.0,1238.0,False,0.42,8.0,3523308831,30.6400444,104.0741595
156280,P3,518.0,518.0,1238.0,1238.0,False,1.87,9.74,3176000067,30.7050264,104.0689735
26292,P3,518.0,518.0,1238.0,1238.0,False,0.92,8.0,4548259598,30.6864249,104.0480012
29403,P3,518.0,518.0,1238.0,1238.0,False,0.05,8.0,1159170055,30.6336168,104.081274
32548,P3,518.0,518.0,1238.0,1238.0,False,1.16,8.32,2710589458,30.6187032,104.0660638
65155,P3,518.0,518.0,1238.0,1238.0,False,0.42,8.0,4106681954,30.6291354,104.0038731
65620,P3,518.0,518.0,1238.0,1238.0,False,0.68,8.0,439751746,30.714593,104.0277017
98852,P3,518.0,518.0,1238.0,1238.0,False,1.15,8.3,4703149492,30.6120125,104.0674422
122375,P3,519.0,519.0,1239.0,1239.0,False,1.26,8.52,3516900115,30.67176,104.07597
136715,P3,519.0,519.0,1239.0,1239.0,False,0.7,8.0,3034376760,30.667263,104.08814
148409,P3,519.0,519.0,1239.0,1239.0,False,2.98,11.96,3199773741,30.7033011,104.1145094
155795,P3,519.0,519.0,1239.0,1239.0,False,0.81,8.0,1159234181,30.69428,104.0732
205856,P3,519.0,519.0,1239.0,1239.0,False,2.22,10.44,2712338402,30.7075401,104.0389242
65218,P3,519.0,519.0,1239.0,1239.0,False,1.76,9.52,4693610171,30.6340601,104.0703572
68562,P3,519.0,519.0,1239.0,1239.0,False,0.39,8.0,4799195760,30.6252866,103.9963939
94313,P3,519.0,519.0,1239.0,1239.0,False,2.98,11.96,4964134718,30.708881,104.0177896
140005,P3,520.0,520.0,1240.0,1240.0,False,1.21,8.42,1072704360,30.7027829,104.0773547
14095,P3,520.0,520.0,1240.0,1240.0,False,2.8,11.6,3523298656,30.63469,104.04606
152362,P3,520.0,520.0,1240.0,1240.0,False,1.21,8.42,3736570433,30.6978436,104.0697627
180464,P3,520.0,520.0,1240.0,1240.0,False,0.61,8.0,314623112,30.6491327,104.0348558
53795,P3,520.0,520.0,1240.0,1240.0,False,1.75,9.5,2039561246,30.68641,104.10109
66420,P3,520.0,520.0,1240.0,1240.0,False,2.15,10.3,3562110257,30.6443831,104.0188124
20619,P3,521.0,521.0,1241.0,1241.0,False,1.41,8.82,432442912,30.6710738,104.0223849
58760,P3,521.0,521.0,1241.0,1241.0,False,1.11,8.22,1586706334,30.7063279,103.9849236
108695,P3,522.0,522.0,1242.0,1242.0,False,0.64,8.0,3069352154,30.6390685,103.9784822
132255,P3,522.0,522.0,1242.0,1242.0,False,0.48,8.0,1159157712,30.6347269,104.1004368
138099,P3,522.0,522.0,1242.0,1242.0,False,2.51,11.02,3516887954,30.72096,104.03463
153949,P3,522.0,522.0,1242.0,1242.0,False,0.49,8.0,1072698538,30.717676,104.0701695
163937,P3,522.0,522.0,1242.0,1242.0,False,2.51,11.02,4549993411,30.6925901,104.037526
33703,P3,522.0,522.0,1242.0,1242.0,False,2.36,10.72,4548211251,30.667978,104.0381806
78235,P3,522.0,522.0,1242.0,1242.0,False,0.46,8.0,3031031600,30.681755,104.10839
8028,P3,522.0,522.0,1242.0,1242.0,False,1.49,8.98,4394309256,30.6310682,104.0370693
126172,P3,523.0,523.0,1243.0,1243.0,False,0.83,8.0,432452893,30.614178,104.0579481
148035,P3,523.0,523.0,1243.0,1243.0,False,0.4,8.0,432432595,30.6583768,104.0317481
25984,P3,523.0,523.0,1243.0,1243.0,False,0.81,8.0,3541364359,30.6165148,104.0888383
48167,P3,523.0,523.0,1243.0,1243.0,False,1.85,9.7,5002301693,30.6648392,104.0194244
55012,P3,523.0,523.0,1243.0,1243.0,False,1.85,9.7,4903112583,30.65906,104.0789956
62352,P3,523.0,523.0,1243.0,1243.0,False,1.3,8.6,672360497,30.6665587,104.0834623
97487,P3,523.0,523.0,1243.0,1243.0,False,0.81,8.0,1964427886,30.66919,104.10379
114686,P3,524.0,524.0,1244.0,1244.0,False,0.56,8.0,3199773741,30.7033011,104.1145094
118696,P3,524.0,524.0,1244.0,1244.0,False,2.02,10.04,1460291856,30.651437,104.1109436
145544,P3,524.0,524.0,1244.0,1244.0,False,0.51,8.0,2712421554,30.6319331,104.0574805
154341,P3,524.0,524.0,1244.0,1244.0,False,1.86,9.72,4548259344,30.6543109,104.0198388
162486,P3,524.0,524.0,1244.0,1244.0,False,1.6,9.2,4106681930,30.6201312,103.9829283
16859,P3,524.0,524.0,1244.0,1244.0,False,1.52,9.04,4693610161,30.63434,104.0681102
171629,P3,524.0,524.0,1244.0,1244.0,False,1.6,9.2,4693610154,30.6343798,104.0678027
31887,P3,524.0,524.0,1244.0,1244.0,False,1.52,9.04,1885342924,30.67849,104.10258
91639,P3,524.0,524.0,1244.0,1244.0,False,2.21,10.42,5382831196,30.67442,104.09741
159983,P3,525.0,525.0,1245.0,1245.0,False,0.84,8.0,2472055935,30.6999896,104.05011
165210,P3,525.0,525.0,1245.0,1245.0,False,0.81,8.0,1445526137,30.6499564,104.0636053
165758,P3,525.0,525.0,1245.0,1245.0,False,0.78,8.0,337539262,30.6386619,104.0405524
172985,P3,525.0,525.0,1245.0,1245.0,False,0.53,8.0,5141468632,30.6346416,104.0918728
177874,P3,525.0,525.0,1245.0,1245.0,False,0.81,8.0,4695601330,30.6104287,104.030044
184106,P3,525.0,525.0,1245.0,1245.0,False,1.04,8.08,3087817468,30.6422572,104.0249765
31061,P3,525.0,525.0,1245.0,1245.0,False,0.78,8.0,4217844070,30.6265849,104.0462639
125313,P3,526.0,526.0,1246.0,1246.0,False,3.49,12.98,2564227756,30.6422622,104.0145531
128742,P3,526.0,526.0,1246.0,1246.0,False,1.92,9.84,1313065965,30.6412341,104.0854812
166812,P3,526.0,526.0,1246.0,1246.0,False,1.24,8.48,4992013258,30.6188896,104.0746408
29401,P3,526.0,526.0,1246.0,1246.0,False,0.68,8.0,432442858,30.6707508,103.9958954
54507,P3,526.0,526.0,1246.0,1246.0,False,0.65,8.0,3176012318,30.6987816,104.0728155
94362,P3,526.0,526.0,1246.0,1246.0,False,1.03,8.06,3541393464,30.6862686,104.0224797
15280,P3,527.0,527.0,1247.0,1247.0,False,0.59,8.0,4218012567,30.6276483,104.0428316
180240,P3,527.0,527.0,1247.0,1247.0,False,0.85,8.0,5375783911,30.6582347,103.9964534
186279,P3,527.0,527.0,1247.0,1247.0,False,3.22,12.44,3562033456,30.70359,104.07379
196151,P3,527.0,527.0,1247.0,1247.0,False,1.13,8.26,3436486456,30.6405625,104.0471289
208762,P3,527.0,527.0,1247.0,1247.0,False,1.11,8.22,1313998738,30.6313234,104.0879795
34243,P3,527.0,527.0,1247.0,1247.0,False,0.34,8.0,4693610129,30.6358574,104.0718947
44619,P3,527.0,527.0,1247.0,1247.0,False,2.24,10.48,1964427885,30.6673,104.10527
67835,P3,527.0,527.0,1247.0,1247.0,False,0.34,8.0,1492633096,30.6213214,104.0646592
166626,P3,528.0,528.0,1248.0,1248.0,False,2.55,11.1,1504208166,30.7074515,104.0956203
19164,P3,528.0,528.0,1248.0,1248.0,False,1.82,9.64,2956775846,30.7206809,104.0468228
36473,P3,528.0,528.0,1248.0,1248.0,False,0.61,8.0,432442926,30.663585,104.0216285
43695,P3,528.0,528.0,1248.0,1248.0,False,0.97,8.0,1311904426,30.64704,104.07447
77799,P3,528.0,528.0,1248.0,1248.0,False,0.98,8.0,432432525,30.6541574,104.0509847
78971,P3,528.0,528.0,1248.0,1248.0,False,0.52,8.0,3562047436,30.7226,104.05687
107463,P3,529.0,529.0,1249.0,1249.0,False,1.02,8.04,1304795058,30.6441343,104.0749078
11346,P3,529.0,529.0,1249.0,1249.0,False,0.66,8.0,1445516613,30.6497955,104.0637013
120994,P3,529.0,529.0,1249.0,1249.0,False,0.05,8.0,3069351988,30.6317795,103.9781921
174137,P3,529.0,529.0,1249.0,1249.0,False,2.64,11.28,2039561229,30.6860348,104.1142617
182418,P3,529.0,529.0,1249.0,1249.0,False,0.25,8.0,3541371609,30.6667124,104.053658
189722,P3,529.0,529.0,1249.0,1249.0,False,1.02,8.04,5211337161,30.635819,104.0045626
2907,P3,529.0,529.0,1249.0,1249.0,False,1.02,8.04,1159176619,30.629027,104.0582428
34171,P3,529.0,529.0,1249.0,1249.0,False,1.19,8.38,4242369818,30.6878808,104.0215334
56723,P3,529.0,529.0,1249.0,1249.0,False,1.69,9.38,672282820,30.65658,104.10264
73539,P3,529.0,529.0,1249.0,1249.0,False,1.16,8.32,3445813552,30.66826,104.071556
96515,P3,529.0,529.0,1249.0,1249.0,False,1.02,8.04,4701400716,30.6232,104.05939
103424,P3,530.0,530.0,1250.0,1250.0,False,0.56,8.0,4217844070,30.6265849,104.0462639
135084,P3,530.0,530.0,1250.0,1250.0,False,1.23,8.46,1159157712,30.6347269,104.1004368
156843,P3,530.0,530.0,1250.0,1250.0,False,0.96,8.0,1918491700,30.6341459,104.0045802
18304,P3,530.0,530.0,1250.0,1250.0,False,0.96,8.0,3199773818,30.7048456,104.1104058
199635,P3,530.0,530.0,1250.0,1250.0,False,0.2,8.0,1507366178,30.69611,104.08309
53802,P3,530.0,530.0,1250.0,1250.0,False,0.03,8.0,2956775834,30.7102364,104.0374852
119848,P3,531.0,531.0,1251.0,1251.0,False,1.57,9.14,5283966324,30.7062296,104.0994664
150545,P3,531.0,531.0,1251.0,1251.0,False,1.04,8.08,2823785843,30.6623932,104.0600959
166448,P3,531.0,531.0,1251.0,1251.0,False,0.07,8.0,5375783766,30.6356266,104.0121705
183420,P3,531.0,531.0,1251.0,1251.0,False,2.34,10.68,3562110258,30.6452969,104.0200247
184990,P3,531.0,531.0,1251.0,1251.0,False,1.1,8.2,5141328767,30.6118727,104.0621097
19878,P3,531.0,531.0,1251.0,1251.0,False,0.21,8.0,3927877874,30.6766776,103.9867634
34874,P3,531.0,531.0,1251.0,1251.0,False,0.21,8.0,3199773818,30.7048456,104.1104058
41721,P3,531.0,531.0,1251.0,1251.0,False,1.21,8.42,1459065026,30.6461229,104.1084671
46959,P3,531.0,531.0,1251.0,1251.0,False,0.1,8.0,3445813130,30.672283,104.07669
61285,P3,531.0,531.0,1251.0,1251.0,False,0.67,8.0,4548209362,30.6475786,104.0203284
63544,P3,531.0,531.0,1251.0,1251.0,False,1.1,8.2,4548211370,30.6708997,104.057974
65560,P3,531.0,531.0,1251.0,1251.0,False,1.04,8.08,5218239984,30.6976641,104.0522938
81725,P3,531.0,531.0,1251.0,1251.0,False,1.57,9.14,1916386576,30.6349922,104.0127817
114448,P3,532.0,532.0,1252.0,1252.0,False,2.2,10.4,1918505692,30.612219,104.0042084
12517,P3,532.0,532.0,1252.0,1252.0,False,1.06,8.12,672360527,30.6518623,104.0932051
131188,P3,532.0,532.0,1252.0,1252.0,False,0.04,8.0,4695700268,30.6140921,104.0182043
167767,P3,532.0,532.0,1252.0,1252.0,False,3.12,12.24,4695640652,30.6119255,104.0251296
38978,P3,532.0,532.0,1252.0,1252.0,False,1.06,8.12,1956554705,30.674965,104.1099524
84467,P3,532.0,532.0,1252.0,1252.0,False,0.04,8.0,3633018901,30.6669404,104.0647786
93026,P3,532.0,532.0,1252.0,1252.0,False,0.58,8.0,4400595030,30.6724672,104.0789696
116856,P3,533.0,533.0,1253.0,1253.0,False,1.54,9.08,2282013888,30.6210077,103.9722222
131703,P3,533.0,533.0,1253.0,1253.0,False,1.54,9.08,1159511641,30.653551,104.06558
57505,P3,533.0,533.0,1253.0,1253.0,False,2.16,10.32,4548211662,30.6560954,104.0197676
75269,P3,533.0,533.0,1253.0,1253.0,False,0.85,8.0,1159134910,30.6613379,104.0909038
121941,P3,534.0,534.0,1254.0,1254.0,False,0.68,8.0,4107377009,30.6310655,104.0041742
12394,P3,534.0,534.0,1254.0,1254.0,False,1.45,8.9,5367313164,30.6372345,103.9732297
159447,P3,534.0,534.0,1254.0,1254.0,False,0.73,8.0,4550019088,30.6349084,104.0126156
162509,P3,534.0,534.0,1254.0,1254.0,False,0.42,8.0,4773199416,30.6696427,104.0113671
25650,P3,534.0,534.0,1254.0,1254.0,False,1.37,8.74,1902099031,30.7263571,104.0673591
4205,P3,534.0,534.0,1254.0,1254.0,False,1.08,8.16,1159463804,30.6784941,104.0223553
47355,P3,534.0,534.0,1254.0,1254.0,False,1.48,8.96,4703149504,30.6103195,104.0817499
61328,P3,534.0,534.0,1254.0,1254.0,False,0.51,8.0,2039561232,30.6723497,104.1037265
67089,P3,534.0,534.0,1254.0,1254.0,False,1.45,8.9,5213238570,30.6457593,104.0386982
84826,P3,534.0,534.0,1254.0,1254.0,False,2.48,10.96,5218132872,30.642216,104.110112
195926,P3,535.0,535.0,1255.0,1255.0,False,0.03,8.0,671600440,30.6639302,104.0475646
47996,P3,535.0,535.0,1255.0,1255.0,False,0.54,8.0,4437994410,30.6916211,104.092746
64282,P3,535.0,535.0,1255.0,1255.0,False,1.39,8.78,3562028073,30.6603369,104.0849014
7274,P3,535.0,535.0,1255.0,1255.0,False,1.12,8.24,672349622,30.6992483,104.0790999
80079,P3,535.0,535.0,1255.0,1255.0,False,0.54,8.0,441187401,30.68598,104.06302
100300,P3,536.0,536.0,1256.0,1256.0,False,1.81,9.62,4695601328,30.609989,104.0295497
110811,P3,536.0,536.0,1256.0,1256.0,False,0.09,8.0,3034330081,30.66216,104.08642
112102,P3,536.0,536.0,1256.0,1256.0,False,2.41,10.82,5359113188,30.677816,104.0120656
126711,P3,536.0,536.0,1256.0,1256.0,False,0.87,8.0,288416399,30.679111,104.03479
3851,P3,536.0,536.0,1256.0,1256.0,False,2.41,10.82,1313998761,30.638454,104.08671
5565,P3,536.0,536.0,1256.0,1256.0,False,1.47,8.94,4444112359,30.7258416,104.1047748
58219,P3,536.0,536.0,1256.0,1256.0,False,1.47,8.94,1159143438,30.66482,104.10126
106904,P3,537.0,537.0,1257.0,1257.0,False,0.86,8.0,5141328718,30.6131636,104.0620658
11472,P3,537.0,537.0,1257.0,1257.0,False,1.93,9.86,3562047447,30.7147003,104.072085
120032,P3,537.0,537.0,1257.0,1257.0,False,0.25,8.0,1159155728,30.6463429,104.0969334
123783,P3,537.0,537.0,1257.0,1257.0,False,2.15,10.3,2717970035,30.6319845,104.0612799
130659,P3,537.0,537.0,1257.0,1257.0,False,0.95,8.0,314614157,30.61096,104.0498
174747,P3,537.0,537.0,1257.0,1257.0,False,1.08,8.16,1339762127,30.715061,104.04664
35718,P3,537.0,537.0,1257.0,1257.0,False,1.15,8.3,1159155214,30.641124,104.1043796
46678,P3,537.0,537.0,1257.0,1257.0,False,0.95,8.0,314635476,30.6395178,104.0337337
46923,P3,537.0,537.0,1257.0,1257.0,False,1.08,8.16,1492389322,30.65875,104.0584017
64771,P3,537.0,537.0,1257.0,1257.0,False,1.61,9.22,4698894059,30.6099411,104.0368275
12161,P3,538.0,538.0,1258.0,1258.0,False,1.4,8.8,432442635,30.6854591,104.0192413
139278,P3,538.0,538.0,1258.0,1258.0,False,3.33,12.66,1460291856,30.651437,104.1109436
172935,P3,538.0,538.0,1258.0,1258.0,False,2.07,10.14,1305816720,30.6467002,104.0870985
176011,P3,538.0,538.0,1258.0,1258.0,False,3.33,12.66,2329101951,30.6993189,104.007402
204320,P3,538.0,538.0,1258.0,1258.0,False,1.27,8.54,4550018635,30.6457388,104.0805194
37305,P3,538.0,538.0,1258.0,1258.0,False,0.49,8.0,1457855216,30.6898191,104.0960291
67387,P3,538.0,538.0,1258.0,1258.0,False,3.33,12.66,3582243027,30.7209293,104.0097864
7034,P3,538.0,538.0,1258.0,1258.0,False,1.4,8.8,4903112577,30.6533085,104.0746169
85028,P3,538.0,538.0,1258.0,1258.0,False,0.09,8.0,4987536576,30.6426473,103.9968231
89389,P3,538.0,538.0,1258.0,1258.0,False,0.09,8.0,3541422908,30.7050927,104.0611388
109127,P3,539.0,539.0,1259.0,1259.0,False,1.79,9.58,5367313167,30.635822,103.9693312
132212,P3,539.0,539.0,1259.0,1259.0,False,0.9,8.0,4782067651,30.6252882,104.0281628
208605,P3,539.0,539.0,1259.0,1259.0,False,0.17,8.0,3633008416,30.6705037,104.0381721
55075,P3,539.0,539.0,1259.0,1259.0,False,2.19,10.38,504315289,30.69934,104.10187
65996,P3,539.0,539.0,1259.0,1259.0,False,1.79,9.58,4878042023,30.6222534,104.1029333
81839,P3,539.0,539.0,1259.0,1259.0,False,0.04,8.0,3613982154,30.662308,104.0517806
114505,P3,540.0,540.0,1260.0,1260.0,False,0.9,8.0,5256947475,30.6777656,104.0976984
125123,P3,540.0,540.0,1260.0,1260.0,False,3.18,12.36,1947583845,30.68572,104.08415
185195,P3,540.0,540.0,1260.0,1260.0,False,0.26,8.0,2039561229,30.68539,104.11472
34310,P3,540.0,540.0,1260.0,1260.0,False,0.22,8.0,4548318053,30.6248061,104.0955574
7597,P3,540.0,540.0,1260.0,1260.0,False,1.91,9.82,439751949,30.7000954,104.0007721
12244,P3,541.0,541.0,1261.0,1261.0,False,0.95,8.0,4548211663,30.6352767,104.0323699
127155,P3,541.0,541.0,1261.0,1261.0,False,0.48,8.0,432442906,30.6720808,104.0228395
89445,P3,541.0,541.0,1261.0,1261.0,False,0.58,8.0,4524499991,30.7142699,104.1069589
106111,P3,542.0,542.0,1262.0,1262.0,False,1.06,8.12,3562110274,30.67158,104.06651
146611,P3,542.0,542.0,1262.0,1262.0,False,1.44,8.88,1159157306,30.633998,104.0953469
21642,P3,542.0,542.0,1262.0,1262.0,False,1.07,8.14,4136052210,30.6105356,104.0479173
34379,P3,542.0,542.0,1262.0,1262.0,False,1.06,8.12,3927877897,30.67889,103.9899584
40731,P3,542.0,542.0,1262.0,1262.0,False,0.16,8.0,4750955766,30.7112,104.11418
133947,P3,543.0,543.0,1263.0,1263.0,False,1.53,9.06,838319887,30.6449947,104.1092735
16176,P3,543.0,543.0,1263.0,1263.0,False,0.95,8.0,4107376998,30.6094154,104.0065025
18602,P3,543.0,543.0,1263.0,1263.0,False,0.75,8.0,3582243008,30.7124422,104.005283
194763,P3,543.0,543.0,1263.0,1263.0,False,2.04,10.08,2039522711,30.6755077,104.1068574
197263,P3,543.0,543.0,1263.0,1263.0,False,0.38,8.0,1445481368,30.6570979,104.063575
23227,P3,543.0,543.0,1263.0,1263.0,False,2.19,10.38,3516896166,30.6510993,104.0699075
24917,P3,543.0,543.0,1263.0,1263.0,False,0.95,8.0,1159465756,30.6796725,104.0248418
60508,P3,543.0,543.0,1263.0,1263.0,False,0.38,8.0,4107377023,30.6368583,103.9985151
7521,P3,543.0,543.0,1263.0,1263.0,False,1.59,9.18,432442861,30.6682935,104.0011089
84179,P3,543.0,543.0,1263.0,1263.0,False,1.24,8.48,1305816679,30.645645,104.087
9429,P3,543.0,543.0,1263.0,1263.0,False,0.76,8.0,1469171331,30.6385917,104.0902112
141930,P3,544.0,544.0,1264.0,1264.0,False,2.31,10.62,3069351801,30.63505,103.974014
159312,P3,544.0,544.0,1264.0,1264.0,False,0.93,8.0,4799195772,30.6174547,103.9839893
173956,P3,544.0,544.0,1264.0,1264.0,False,0.94,8.0,1902099158,30.7173872,104.0652464
194415,P3,544.0,544.0,1264.0,1264.0,False,0.15,8.0,439751905,30.6743165,103.9868492
27978,P3,544.0,544.0,1264.0,1264.0,False,0.03,8.0,2217714918,30.6607468,104.0611237
83548,P3,544.0,544.0,1264.0,1264.0,False,2.2,10.4,2081197489,30.6231996,104.1052598
124894,P3,545.0,545.0,1265.0,1265.0,False,1.2,8.4,4548209354,30.6229195,104.0873467
193647,P3,545.0,545.0,1265.0,1265.0,False,1.15,8.3,1885342896,30.6788746,104.0972576
204211,P3,545.0,545.0,1265.0,1265.0,False,1.84,9.68,3516896165,30.66402,104.07095
105910,P3,546.0,546.0,1266.0,1266.0,False,1.97,9.94,2710589458,30.6187032,104.0660638
11737,P3,546.0,546.0,1266.0,1266.0,False,1.25,8.5,1457873396,30.6866508,104.1007778
141375,P3,546.0,546.0,1266.0,1266.0,False,1.78,9.56,2039561237,30.680218,104.105865
59886,P3,546.0,546.0,1266.0,1266.0,False,0.21,8.0,4548259383,30.6592136,104.0384447
73943,P3,546.0,546.0,1266.0,1266.0,False,1.25,8.5,4549759293,30.66723,104.05906
106915,P3,547.0,547.0,1267.0,1267.0,False,1.82,9.64,672405808,30.656824,104.08162
113481,P3,548.0,548.0,1268.0,1268.0,False,0.33,8.0,2981319486,30.7081174,104.0085289
121118,P3,548.0,548.0,1268.0,1268.0,False,0.33,8.0,5375784004,30.6550989,103.9925855
203082,P3,548.0,548.0,1268.0,1268.0,False,2.62,11.24,4701400692,30.6134241,104.0647008
395,P3,548.0,548.0,1268.0,1268.0,False,2.12,10.24,5436627812,30.69814,104.071625
64087,P3,548.0,548.0,1268.0,1268.0,False,0.38,8.0,5213238503,30.65956,104.07361
73141,P3,548.0,548.0,1268.0,1268.0,False,2.62,11.24,3562110277,30.6752697,104.0647422
9375,P3,548.0,548.0,1268.0,1268.0,False,2.62,11.24,1159488285,30.6877,104.0742
204465,P3,549.0,549.0,1269.0,1269.0,False,0.85,8.0,5375783910,30.6578492,103.9956325
25499,P3,549.0,549.0,1269.0,1269.0,False,0.3,8.0,4102485554,30.692245,104.0486634
36067,P3,549.0,549.0,1269.0,1269.0,False,1.23,8.46,1458975864,30.6628309,104.0918029
42647,P3,549.0,549.0,1269.0,1269.0,False,0.18,8.0,1458550332,30.68177,104.10295
42816,P3,549.0,549.0,1269.0,1269.0,False,1.9,9.8,1916386518,30.6473225,104.0606972
81736,P3,549.0,549.0,1269.0,1269.0,False,1.82,9.64,4695640636,30.6114832,104.0243946
167873,P3,550.0,550.0,1270.0,1270.0,False,1.81,9.62,529952514,30.7023178,104.0641075
23785,P3,550.0,550.0,1270.0,1270.0,False,0.81,8.0,5218133406,30.6426671,104.1090481
4258,P3,550.0,550.0,1270.0,1270.0,False,1.82,9.64,3562086848,30.6732419,104.0595487
58927,P3,550.0,550.0,1270.0,1270.0,False,0.81,8.0,5141328646,30.6119273,104.0611141
98652,P3,550.0,550.0,1270.0,1270.0,False,0.81,8.0,4548211467,30.6309116,104.022645
126475,P3,551.0,551.0,1271.0,1271.0,False,1.26,8.52,1861145360,30.66899,104.11092
127688,P3,551.0,551.0,1271.0,1271.0,False,1.39,8.78,1159230079,30.6798659,104.0811056
135733,P3,551.0,551.0,1271.0,1271.0,False,0.65,8.0,2823785853,30.678634,104.0771324
157735,P3,551.0,551.0,1271.0,1271.0,False,1.39,8.78,1964427886,30.66939,104.10439
30269,P3,551.0,551.0,1271.0,1271.0,False,0.35,8.0,1964427885,30.6681755,104.1054309
33931,P3,551.0,551.0,1271.0,1271.0,False,1.04,8.08,1916524716,30.6124861,103.9798318
58283,P3,551.0,551.0,1271.0,1271.0,False,1.04,8.08,3562110274,30.67199,104.06565
6018,P3,551.0,551.0,1271.0,1271.0,False,2.47,10.94,1458561797,30.6894457,104.0966326
99346,P3,551.0,551.0,1271.0,1271.0,False,1.23,8.46,5141468734,30.636027,104.0942186
103431,P3,552.0,552.0,1272.0,1272.0,False,0.16,8.0,1339701419,30.69791,104.0434
113737,P3,552.0,552.0,1272.0,1272.0,False,0.16,8.0,3089029125,30.6607572,104.0496751
162118,P3,552.0,552.0,1272.0,1272.0,False,1.38,8.76,432432573,30.6641733,104.0335951
164115,P3,552.0,552.0,1272.0,1272.0,False,1.38,8.76,2366951325,30.645901,104.1127591
188773,P3,552.0,552.0,1272.0,1272.0,False,0.77,8.0,3562110262,30.6483164,104.0223891
27119,P3,552.0,552.0,1272.0,1272.0,False,1.59,9.18,432432598,30.6565756,104.0324485
48611,P3,552.0,552.0,1272.0,1272.0,False,0.77,8.0,1159174527,30.6359308,104.0668609
51844,P3,552.0,552.0,1272.0,1272.0,False,0.11,8.0,838319891,30.6451434,104.1070365
12378,P3,553.0,553.0,1273.0,1273.0,False,0.7,8.0,1159454544,30.6593986,104.0436513
132128,P3,553.0,553.0,1273.0,1273.0,False,0.5,8.0,4779165781,30.6360577,104.0730284
133487,P3,553.0,553.0,1273.0,1273.0,False,1.35,8.7,1453885542,30.703105,104.0052113
180929,P3,553.0,553.0,1273.0,1273.0,False,0.91,8.0,4701400361,30.6108029,104.0318197
103253,P3,554.0,554.0,1274.0,1274.0,False,0.91,8.0,4548259299,30.6805229,104.0545484
118441,P3,554.0,554.0,1274.0,1274.0,False,0.63,8.0,432442965,30.679351,104.0147137
138205,P3,554.0,554.0,1274.0,1274.0,False,0.7,8.0,2333096908,30.6266048,103.9847389
147696,P3,554.0,554.0,1274.0,1274.0,False,0.17,8.0,4772463293,30.6611276,104.0433954
99253,P3,554.0,554.0,1274.0,1274.0,False,0.17,8.0,2041535225,30.6639499,104.0798127
133557,P3,555.0,555.0,1275.0,1275.0,False,0.3,8.0,1159176228,30.6251747,104.0643543
146055,P3,555.0,555.0,1275.0,1275.0,False,0.3,8.0,1947138487,30.68556,104.08517
180768,P3,555.0,555.0,1275.0,1275.0,False,1.44,8.88,3541393469,30.6887576,104.0077562
202993,P3,555.0,555.0,1275.0,1275.0,False,0.72,8.0,4118527454,30.7001652,104.0826139
2049,P3,555.0,555.0,1275.0,1275.0,False,0.56,8.0,4550018992,30.6468176,104.0031769
20683,P3,555.0,555.0,1275.0,1275.0,False,0.72,8.0,3613960020,30.6720396,104.0495155
35983,P3,555.0,555.0,1275.0,1275.0,False,1.37,8.74,4548209371,30.6627394,104.0535913
79432,P3,555.0,555.0,1275.0,1275.0,False,2.15,10.3,432442971,30.6806612,104.0153467
10875,P3,556.0,556.0,1276.0,1276.0,False,0.98,8.0,4548259611,30.64979,104.01493
125977,P3,556.0,556.0,1276.0,1276.0,False,1.82,9.64,432442897,30.6650629,104.0266552
175679,P3,556.0,556.0,1276.0,1276.0,False,2.6,11.2,432442877,30.67781,103.9975
181889,P3,556.0,556.0,1276.0,1276.0,False,0.5,8.0,2653330903,30.6561066,104.1104644
183113,P3,556.0,556.0,1276.0,1276.0,False,1.04,8.08,4072596600,30.6740422,104.0109011
186665,P3,556.0,556.0,1276.0,1276.0,False,2.47,10.94,3087817503,30.668314,103.9895661
195541,P3,556.0,556.0,1276.0,1276.0,False,1.04,8.08,338246744,30.6533948,104.0297587
205832,P3,556.0,556.0,1276.0,1276.0,False,1.16,8.32,4572409854,30.6591059,104.0384476
207271,P3,556.0,556.0,1276.0,1276.0,False,2.84,11.68,4217837090,30.6260091,104.0426968
38539,P3,556.0,556.0,1276.0,1276.0,False,2.6,11.2,4779165709,30.6371683,104.0250186
71991,P3,556.0,556.0,1276.0,1276.0,False,1.16,8.32,3579522897,30.66341,104.05607
11947,P3,557.0,557.0,1277.0,1277.0,False,1.46,8.92,3176012314,30.70022,104.06994
133367,P3,557.0,557.0,1277.0,1277.0,False,0.07,8.0,3633018391,30.668308,104.06542
163420,P3,557.0,557.0,1277.0,1277.0,False,1.25,8.5,3390819399,30.6426634,104.0446584
185219,P3,557.0,557.0,1277.0,1277.0,False,0.68,8.0,2039550410,30.67085,104.11437
185520,P3,557.0,557.0,1277.0,1277.0,False,1.56,9.12,2729395909,30.6301413,104.0472898
189151,P3,557.0,557.0,1277.0,1277.0,False,0.87,8.0,1159131822,30.66611,104.0814
201055,P3,557.0,557.0,1277.0,1277.0,False,2.18,10.36,1159450026,30.67079,104.03257
202408,P3,557.0,557.0,1277.0,1277.0,False,1.02,8.04,1492574988,30.6217426,104.0643473
203525,P3,557.0,557.0,1277.0,1277.0,False,2.18,10.36,1072704379,30.7033562,104.0770448
29696,P3,557.0,557.0,1277.0,1277.0,False,1.04,8.08,3087817501,30.6642226,103.9835956
49181,P3,557.0,557.0,1277.0,1277.0,False,0.68,8.0,4693609859,30.634835,104.0698688
60122,P3,557.0,557.0,1277.0,1277.0,False,1.89,9.78,3562045374,30.7156219,104.0720193
89128,P3,557.0,557.0,1277.0,1277.0,False,0.07,8.0,479902270,30.631099,104.0982514
89913,P3,557.0,557.0,1277.0,1277.0,False,2.64,11.28,4772430846,30.6782177,104.0045583
11707,P3,558.0,558.0,1278.0,1278.0,False,2.49,10.98,4534007660,30.703108,104.10792
137856,P3,558.0,558.0,1278.0,1278.0,False,0.59,8.0,3579517902,30.670829,104.0497381
144526,P3,558.0,558.0,1278.0,1278.0,False,0.59,8.0,3538771899,30.6539362,104.1144174
150121,P3,558.0,558.0,1278.0,1278.0,False,1.36,8.72,2532979487,30.7053537,104.0901657
159993,P3,558.0,558.0,1278.0,1278.0,False,0.65,8.0,1159171641,30.6163231,104.0795758
193023,P3,558.0,558.0,1278.0,1278.0,False,1.68,9.36,4572409813,30.68307,103.97529
193714,P3,558.0,558.0,1278.0,1278.0,False,2.53,11.06,4695601568,30.6115009,104.0325921
27973,P3,558.0,558.0,1278.0,1278.0,False,0.59,8.0,4106681945,30.6258889,103.9904727
31937,P3,558.0,558.0,1278.0,1278.0,False,0.59,8.0,4693610170,30.6340732,104.0708935
85269,P3,558.0,558.0,1278.0,1278.0,False,0.93,8.0,4973209476,30.6093509,104.0467257
138625,P3,559.0,559.0,1279.0,1279.0,False,2.15,10.3,4548211379,30.6228922,104.0831872
175173,P3,559.0,559.0,1279.0,1279.0,False,2.33,10.66,4550018750,30.6111333,103.9800135
61610,P3,559.0,559.0,1279.0,1279.0,False,1.52,9.04,5257005059,30.6769082,104.0937702
81475,P3,559.0,559.0,1279.0,1279.0,False,1.52,9.04,4548258452,30.68753,104.05151
91971,P3,559.0,559.0,1279.0,1279.0,False,0.01,8.0,4701577749,30.61777,104.08315
98362,P3,559.0,559.0,1279.0,1279.0,False,0.01,8.0,4695601585,30.6108388,104.0332912
116661,P3,560.0,560.0,1280.0,1280.0,False,1.56,9.12,3333358462,30.7007169,104.0642907
146348,P3,560.0,560.0,1280.0,1280.0,False,0.39,8.0,4699007189,30.6113466,104.0329111
157635,P3,560.0,560.0,1280.0,1280.0,False,1.62,9.24,4438025580,30.6961,104.0786914
165035,P3,560.0,560.0,1280.0,1280.0,False,1.88,9.76,4438083262,30.6968113,104.0780958
183444,P3,560.0,560.0,1280.0,1280.0,False,1.26,8.52,1159176910,30.6299161,104.0522837
206382,P3,560.0,560.0,1280.0,1280.0,False,1.84,9.68,4572410029,30.6650461,104.0447106
29096,P3,560.0,560.0,1280.0,1280.0,False,1.02,8.04,5218240017,30.7039362,104.0542337
117713,P3,561.0,561.0,1281.0,1281.0,False,0.36,8.0,2041314666,30.6792958,104.1007694
158767,P3,561.0,561.0,1281.0,1281.0,False,0.88,8.0,1916517843,30.66518,103.99051
175043,P3,561.0,561.0,1281.0,1281.0,False,0.48,8.0,1159455179,30.6603304,104.0463317
44325,P3,561.0,561.0,1281.0,1281.0,False,1.63,9.26,1159160249,30.6101458,104.0964844
46750,P3,561.0,561.0,1281.0,1281.0,False,1.62,9.24,2729395909,30.6301413,104.0472898
47805,P3,561.0,561.0,1281.0,1281.0,False,0.29,8.0,4772214788,30.6793795,104.006257
89465,P3,561.0,561.0,1281.0,1281.0,False,1.81,9.62,4701400695,30.6217339,104.0647417
123499,P3,562.0,562.0,1282.0,1282.0,False,1.57,9.14,4549993020,30.6968336,104.0443714
132515,P3,562.0,562.0,1282.0,1282.0,False,1.65,9.3,4693610160,30.63359,104.06913
144623,P3,562.0,562.0,1282.0,1282.0,False,1.13,8.26,5382831199,30.6750989,104.0965444
153815,P3,562.0,562.0,1282.0,1282.0,False,0.7,8.0,4444112344,30.72096,104.10605
157298,P3,562.0,562.0,1282.0,1282.0,False,1.74,9.48,5213238523,30.6482973,104.0388537
192750,P3,562.0,562.0,1282.0,1282.0,False,1.57,9.14,4393223481,30.6264928,104.0461577
209121,P3,562.0,562.0,1282.0,1282.0,False,1.13,8.26,4550018702,30.6474191,104.019815
44435,P3,562.0,562.0,1282.0,1282.0,False,1.57,9.14,4548211213,30.66324,104.059204
114967,P3,563.0,563.0,1283.0,1283.0,False,0.24,8.0,1159131456,30.670721,104.06041
138162,P3,563.0,563.0,1283.0,1283.0,False,1.26,8.52,4987534997,30.6209815,104.0055512
199096,P3,563.0,563.0,1283.0,1283.0,False,0.24,8.0,1460310224,30.6550805,104.1125545
115801,P3,564.0,564.0,1284.0,1284.0,False,0.6,8.0,1159945476,30.6552583,104.0574386
151770,P3,564.0,564.0,1284.0,1284.0,False,2.61,11.22,4548258434,30.6867,104.0498408
158121,P3,564.0,564.0,1284.0,1284.0,False,0.23,8.0,3562110284,30.6545166,104.0800496
25655,P3,564.0,564.0,1284.0,1284.0,False,0.93,8.0,2214045510,30.6229632,104.0867903
113907,P3,565.0,565.0,1285.0,1285.0,False,2.14,10.28,2956775225,30.713964,104.04937
16327,P3,565.0,565.0,1285.0,1285.0,False,1.17,8.34,3541371612,30.66635,104.05494
16966,P3,565.0,565.0,1285.0,1285.0,False,0.15,8.0,4548258451,30.650178,104.0303138
181154,P3,565.0,565.0,1285.0,1285.0,False,2.91,11.82,1159516304,30.6434561,104.0767783
183169,P3,565.0,565.0,1285.0,1285.0,False,2.3,10.6,2134824445,30.6763259,103.9844006
25790,P3,565.0,565.0,1285.0,1285.0,False,2.14,10.28,1312615942,30.6489747,104.0560347
91582,P3,565.0,565.0,1285.0,1285.0,False,0.09,8.0,4695700278,30.6102494,104.0225995
126267,P3,566.0,566.0,1286.0,1286.0,False,0.19,8.0,3541422912,30.708815,104.063675
2507,P3,566.0,566.0,1286.0,1286.0,False,0.84,8.0,3516896165,30.665108,104.07064
33345,P3,566.0,566.0,1286.0,1286.0,False,0.45,8.0,5375783806,30.6558811,104.0016809
50126,P3,566.0,566.0,1286.0,1286.0,False,0.48,8.0,432432515,30.650556,104.0579121
75835,P3,566.0,566.0,1286.0,1286.0,False,1.41,8.82,1159511641,30.65443,104.06553
122875,P3,567.0,567.0,1287.0,1287.0,False,0.27,8.0,4601261200,30.660179,104.0765045
15239,P3,567.0,567.0,1287.0,1287.0,False,0.25,8.0,2217790313,30.6616415,104.0581034
166285,P3,567.0,567.0,1287.0,1287.0,False,0.63,8.0,4699185731,30.6116138,104.054971
169133,P3,567.0,567.0,1287.0,1287.0,False,0.03,8.0,1918491735,30.6303994,103.9813864
2625,P3,567.0,567.0,1287.0,1287.0,False,0.25,8.0,4693646377,30.6314498,104.0690773
43050,P3,567.0,567.0,1287.0,1287.0,False,1.51,9.02,5283966197,30.7003324,104.104573
111323,P3,568.0,568.0,1288.0,1288.0,False,2.28,10.56,2039550410,30.67172,104.1138
112509,P3,568.0,568.0,1288.0,1288.0,False,1.27,8.54,3199773650,30.7016075,104.1076225
184959,P3,568.0,568.0,1288.0,1288.0,False,1.05,8.1,2733352544,30.6197,104.0768
188986,P3,568.0,568.0,1288.0,1288.0,False,1.27,8.54,4549993213,30.7040707,104.037364
198759,P3,568.0,568.0,1288.0,1288.0,False,2.1,10.2,1159226736,30.6931254,104.0546776
61944,P3,568.0,568.0,1288.0,1288.0,False,2.1,10.2,4106681975,30.6415024,103.9847396
67571,P3,568.0,568.0,1288.0,1288.0,False,0.77,8.0,3034393456,30.67392,104.04573
87657,P3,568.0,568.0,1288.0,1288.0,False,1.32,8.64,3034409012,30.7111217,104.0938998
102061,P3,569.0,569.0,1289.0,1289.0,False,1.44,8.88,4799100438,30.648059,104.0303384
106568,P3,570.0,570.0,1290.0,1290.0,False,2.98,11.96,4548211323,30.6230845,104.0830984
156245,P3,570.0,570.0,1290.0,1290.0,False,1.47,8.94,4779165759,30.62614,104.0309085
179316,P3,570.0,570.0,1290.0,1290.0,False,1.54,9.08,1916386443,30.6353341,104.0032177
75732,P3,570.0,570.0,1290.0,1290.0,False,0.09,8.0,2041527417,30.6855559,104.0947533
77451,P3,570.0,570.0,1290.0,1290.0,False,1.54,9.08,2868588324,30.6642332,104.0845218
94820,P3,570.0,570.0,1290.0,1290.0,False,2.36,10.72,1459056443,30.6458912,104.1074828
137424,P3,571.0,571.0,1291.0,1291.0,False,0.31,8.0,4106681965,30.6312635,103.9832108
203179,P3,571.0,571.0,1291.0,1291.0,False,1.94,9.88,2717970034,30.6294597,104.0598276
62582,P3,571.0,571.0,1291.0,1291.0,False,0.73,8.0,1301933039,30.6437094,104.0811201
74687,P3,571.0,571.0,1291.0,1291.0,False,1.7,9.4,2651714404,30.66962,104.1151
117684,P3,572.0,572.0,1292.0,1292.0,False,1.81,9.62,1159148967,30.6591583,104.0702933
126579,P3,572.0,572.0,1292.0,1292.0,False,1.81,9.62,1159945485,30.6576241,104.0550308
130725,P3,572.0,572.0,1292.0,1292.0,False,2.4,10.8,3693209218,30.6645951,104.0308641
140022,P3,572.0,572.0,1292.0,1292.0,False,0.69,8.0,3562033461,30.7047269,104.0740656
14923,P3,572.0,572.0,1292.0,1292.0,False,1.14,8.28,4772430859,30.676231,104.00569
149544,P3,572.0,572.0,1292.0,1292.0,False,0.12,8.0,5375784234,30.633181,104.0093708
161207,P3,572.0,572.0,1292.0,1292.0,False,1.2,8.4,1159234180,30.694986,104.06652
207356,P3,572.0,572.0,1292.0,1292.0,False,1.81,9.62,4699007272,30.6153025,104.0359379
21173,P3,572.0,572.0,1292.0,1292.0,False,0.17,8.0,4548211364,30.6805512,104.0590948
38099,P3,572.0,572.0,1292.0,1292.0,False,0.52,8.0,4695601779,30.6093612,104.0295695
40935,P3,572.0,572.0,1292.0,1292.0,False,1.12,8.24,5382831176,30.6754465,104.0984991
41164,P3,572.0,572.0,1292.0,1292.0,False,2.84,11.68,2653287868,30.6858907,104.077846
54456,P3,572.0,572.0,1292.0,1292.0,False,0.55,8.0,4748166163,30.6182961,104.0228551
71623,P3,572.0,572.0,1292.0,1292.0,False,2.84,11.68,5359113195,30.676981,104.01103
71848,P3,572.0,572.0,1292.0,1292.0,False,3.62,13.24,4548259378,30.6532955,104.029674
88507,P3,572.0,572.0,1292.0,1292.0,False,0.2,8.0,3445813130,30.6712099,104.0778022
91311,P3,572.0,572.0,1292.0,1292.0,False,2.84,11.68,5141468747,30.6322155,104.0954862
12394,P3,573.0,573.0,1293.0,1293.0,False,0.54,8.0,1159134919,30.6627522,104.0917496
128168,P3,573.0,573.0,1293.0,1293.0,False,1.98,9.96,3034408997,30.7030464,104.0908574
141063,P3,573.0,573.0,1293.0,1293.0,False,1.98,9.96,1445515778,30.6486055,104.0638176
14707,P3,573.0,573.0,1293.0,1293.0,False,0.58,8.0,1159475863,30.69192,104.04538
174851,P3,573.0,573.0,1293.0,1293.0,False,3.07,12.14,5053143834,30.7025755,104.0027377
202863,P3,573.0,573.0,1293.0,1293.0,False,0.54,8.0,4585469582,30.6570481,104.0605732
27922,P3,573.0,573.0,1293.0,1293.0,False,0.54,8.0,2709174916,30.6290032,104.0791633
43773,P3,573.0,573.0,1293.0,1293.0,False,0.54,8.0,5053143827,30.7071468,103.9956726
47683,P3,573.0,573.0,1293.0,1293.0,False,0.03,8.0,3445794964,30.66253,104.07241
48575,P3,573.0,573.0,1293.0,1293.0,False,2.25,10.5,4701577721,30.6109852,104.0717086
51964,P3,573.0,573.0,1293.0,1293.0,False,3.07,12.14,4106682172,30.6504372,103.9830199
74444,P3,573.0,573.0,1293.0,1293.0,False,3.07,12.14,4548259560,30.6545119,104.0060533
75102,P3,573.0,573.0,1293.0,1293.0,False,2.25,10.5,1918491744,30.6480503,103.991514
77536,P3,573.0,573.0,1293.0,1293.0,False,0.4,8.0,432429386,30.6399004,104.0516727
86533,P3,573.0,573.0,1293.0,1293.0,False,2.25,10.5,5053143822,30.7124187,104.0054782
96699,P3,573.0,573.0,1293.0,1293.0,False,0.21,8.0,3087817482,30.66553,104.0023
188779,P3,574.0,574.0,1294.0,1294.0,False,0.31,8.0,4693609829,30.6294317,104.0691394
197097,P3,574.0,574.0,1294.0,1294.0,False,0.72,8.0,5375783867,30.6616793,103.9966035
197284,P3,574.0,574.0,1294.0,1294.0,False,0.23,8.0,3742070461,30.6501766,104.0858295
200252,P3,574.0,574.0,1294.0,1294.0,False,3.65,13.3,1159453969,30.6611899,104.0450221
33607,P3,574.0,574.0,1294.0,1294.0,False,1.94,9.88,4220546243,30.6503084,104.0724947
51132,P3,574.0,574.0,1294.0,1294.0,False,0.31,8.0,2041314661,30.6854998,104.0948621
82227,P3,574.0,574.0,1294.0,1294.0,False,0.36,8.0,3562033455,30.7072833,104.0713174
99483,P3,574.0,574.0,1294.0,1294.0,False,2.22,10.44,1159144966,30.6625746,104.0663991
114091,P3,575.0,575.0,1295.0,1295.0,False,1.97,9.94,672360797,30.65354,104.07603
140251,P3,575.0,575.0,1295.0,1295.0,False,1.56,9.12,3445813551,30.6672,104.070816
153841,P3,575.0,575.0,1295.0,1295.0,False,0.67,8.0,1159504060,30.7002157,104.0250672
180271,P3,575.0,575.0,1295.0,1295.0,False,0.27,8.0,5053143842,30.72046,104.00733
107077,P3,576.0,576.0,1296.0,1296.0,False,0.69,8.0,3034409152,30.7224472,104.0747652
14433,P3,576.0,576.0,1296.0,1296.0,False,0.73,8.0,1493202761,30.611273,104.0580261
48251,P3,576.0,576.0,1296.0,1296.0,False,3.15,12.3,1507257626,30.71178,104.07239
151192,P3,577.0,577.0,1297.0,1297.0,False,0.74,8.0,2539837356,30.7062417,104.0926253
187385,P3,577.0,577.0,1297.0,1297.0,False,1.95,9.9,4782067651,30.6252882,104.0281628
55355,P3,577.0,577.0,1297.0,1297.0,False,0.74,8.0,1460300834,30.6532948,104.1120532
85058,P3,577.0,577.0,1297.0,1297.0,False,1.42,8.84,4550019088,30.6349084,104.0126156
104227,P3,578.0,578.0,1298.0,1298.0,False,1.8,9.6,1159155007,30.6517,104.08665
15210,P3,578.0,578.0,1298.0,1298.0,False,0.23,8.0,1304795053,30.6427628,104.0731483
153073,P3,578.0,578.0,1298.0,1298.0,False,0.99,8.0,5213238373,30.6606642,104.0611264
157079,P3,578.0,578.0,1298.0,1298.0,False,1.14,8.28,1159148557,30.66386,104.0724
161648,P3,578.0,578.0,1298.0,1298.0,False,1.15,8.3,4748166145,30.6150412,104.0211609
163120,P3,578.0,578.0,1298.0,1298.0,False,0.49,8.0,5213237277,30.6608521,104.0695973
186727,P3,578.0,578.0,1298.0,1298.0,False,0.45,8.0,1159491545,30.68514,104.074974
29035,P3,578.0,578.0,1298.0,1298.0,False,1.14,8.28,4701577772,30.6241518,104.081555
30189,P3,578.0,578.0,1298.0,1298.0,False,0.23,8.0,5375783870,30.65386,103.9909842
55460,P3,578.0,578.0,1298.0,1298.0,False,0.18,8.0,5100157864,30.6340225,104.0801127
73156,P3,578.0,578.0,1298.0,1298.0,False,0.74,8.0,3541389064,30.6739928,104.0558713
16668,P3,579.0,579.0,1299.0,1299.0,False,1.57,9.14,4359390803,30.7144629,104.1134412
182739,P3,579.0,579.0,1299.0,1299.0,False,2.7,11.4,4548211606,30.67402,104.057396
183893,P3,579.0,579.0,1299.0,1299.0,False,0.09,8.0,5283966131,30.6347277,104.1146359
198424,P3,579.0,579.0,1299.0,1299.0,False,0.26,8.0,432442593,30.6859851,104.0198958
57878,P3,579.0,579.0,1299.0,1299.0,False,0.72,8.0,2908414015,30.6532424,104.0834861
82952,P3,579.0,579.0,1299.0,1299.0,False,0.09,8.0,3069352005,30.6334944,103.9704949
132173,P3,580.0,580.0,1300.0,1300.0,False,0.9,8.0,3076737452,30.6573334,104.0495723
187446,P3,580.0,580.0,1300.0,1300.0,False,1.66,9.32,5218133406,30.6426671,104.1090481
150072,P3,581.0,581.0,1301.0,1301.0,False,0.32,8.0,1504174257,30.7168562,104.0716866
175051,P3,581.0,581.0,1301.0,1301.0,False,0.63,8.0,4548259386,30.68172,104.0499
188150,P3,581.0,581.0,1301.0,1301.0,False,3.08,12.16,4695640640,30.6121129,104.0244454
367,P3,581.0,581.0,1301.0,1301.0,False,0.48,8.0,3034330078,30.66239,104.08728
54699,P3,581.0,581.0,1301.0,1301.0,False,0.32,8.0,5375783867,30.66127,103.99566
158028,P3,582.0,582.0,1302.0,1302.0,False,1.68,9.36,3034409152,30.7224472,104.0747652
19222,P3,582.0,582.0,1302.0,1302.0,False,2.4,10.8,4779165746,30.6175235,104.0348328
206706,P3,582.0,582.0,1302.0,1302.0,False,2.4,10.8,4699007163,30.6121935,104.0361577
22902,P3,582.0,582.0,1302.0,1302.0,False,1.36,8.72,5141328624,30.6120545,104.058005
2448,P3,582.0,582.0,1302.0,1302.0,False,1.03,8.06,3034029055,30.682102,103.9965228
76867,P3,582.0,582.0,1302.0,1302.0,False,0.33,8.0,2041314661,30.6854998,104.0948621
108988,P3,583.0,583.0,1303.0,1303.0,False,0.01,8.0,2039561229,30.6860348,104.1142617
109503,P3,583.0,583.0,1303.0,1303.0,False,1.72,9.44,4782097009,30.6273549,104.0238794
111538,P3,583.0,583.0,1303.0,1303.0,False,1.37,8.74,432452898,30.6163733,104.0602255
164849,P3,583.0,583.0,1303.0,1303.0,False,1.63,9.26,3034029051,30.6761946,104.0028058
180524,P3,583.0,583.0,1303.0,1303.0,False,0.23,8.0,4106682108,30.6434754,103.9823642
182389,P3,583.0,583.0,1303.0,1303.0,False,1.72,9.44,1156126880,30.680231,104.0549136
61041,P3,583.0,583.0,1303.0,1303.0,False,1.58,9.16,4693647093,30.6320812,104.0734095
61357,P3,583.0,583.0,1303.0,1303.0,False,0.23,8.0,2907351834,30.6424085,104.0945655
76309,P3,583.0,583.0,1303.0,1303.0,False,1.72,9.44,432442950,30.6833924,104.0202498
146719,P3,584.0,584.0,1304.0,1304.0,False,0.3,8.0,4548259532,30.6986,104.04547
101666,P3,585.0,585.0,1305.0,1305.0,False,1.57,9.14,5141458211,30.6362486,104.0792746
102234,P3,585.0,585.0,1305.0,1305.0,False,2.1,10.2,3496653055,30.6199052,104.0519637
117143,P3,585.0,585.0,1305.0,1305.0,False,0.89,8.0,1504189436,30.71277,104.09185
126587,P3,585.0,585.0,1305.0,1305.0,False,0.73,8.0,3582243029,30.7168305,103.9942523
176195,P3,585.0,585.0,1305.0,1305.0,False,0.52,8.0,4550701367,30.6184605,103.9832886
180651,P3,585.0,585.0,1305.0,1305.0,False,0.52,8.0,4972899548,30.6134365,104.0472864
116189,P3,586.0,586.0,1306.0,1306.0,False,0.16,8.0,4874328128,30.6197553,104.1020939
149619,P3,586.0,586.0,1306.0,1306.0,False,0.62,8.0,2039528348,30.6720945,104.1082021
157798,P3,586.0,586.0,1306.0,1306.0,False,0.02,8.0,4779165718,30.6370683,104.025643
175780,P3,586.0,586.0,1306.0,1306.0,False,0.68,8.0,4773199372,30.6733516,104.0148017
178315,P3,586.0,586.0,1306.0,1306.0,False,0.1,8.0,3680078445,30.6565935,104.014685
185185,P3,586.0,586.0,1306.0,1306.0,False,0.37,8.0,4748166157,30.614878,104.0236663
41671,P3,586.0,586.0,1306.0,1306.0,False,2.45,10.9,2118909751,30.7115761,104.0865805
61821,P3,586.0,586.0,1306.0,1306.0,False,0.23,8.0,1159131856,30.6674563,104.0775802
97779,P3,586.0,586.0,1306.0,1306.0,False,0.55,8.0,672405830,30.65729,104.07953
11118,P3,587.0,587.0,1307.0,1307.0,False,1.09,8.18,2041527427,30.6900383,104.0915495
128052,P3,587.0,587.0,1307.0,1307.0,False,0.24,8.0,1506428007,30.705024,104.0696225
140854,P3,587.0,587.0,1307.0,1307.0,False,1.6,9.2,4220546243,30.6503084,104.0724947
16490,P3,587.0,587.0,1307.0,1307.0,False,1.27,8.54,1918491700,30.6341459,104.0045802
65932,P3,587.0,587.0,1307.0,1307.0,False,1.29,8.58,2651700242,30.696686,104.0796635
130457,P3,588.0,588.0,1308.0,1308.0,False,2.21,10.42,2118910078,30.70893,104.0898666
182227,P3,588.0,588.0,1308.0,1308.0,False,0.5,8.0,432442942,30.682926,104.02896
186777,P3,588.0,588.0,1308.0,1308.0,False,2.21,10.42,3516900112,30.6717433,104.0682074
33247,P3,588.0,588.0,1308.0,1308.0,False,0.98,8.0,1301933029,30.6533746,104.0700676
40929,P3,588.0,588.0,1308.0,1308.0,False,0.35,8.0,1458692371,30.6789366,104.0924499
65752,P3,588.0,588.0,1308.0,1308.0,False,2.19,10.38,441159829,30.7205621,104.1032161
97027,P3,588.0,588.0,1308.0,1308.0,False,1.33,8.66,4572410194,30.6856589,103.9731084
135433,P3,589.0,589.0,1309.0,1309.0,False,1.66,9.32,2456925094,30.6375303,104.1021819
142294,P3,589.0,589.0,1309.0,1309.0,False,0.18,8.0,3523314186,30.6267236,104.0599377
22957,P3,589.0,589.0,1309.0,1309.0,False,0.7,8.0,1459047523,30.6450532,104.1090139
34953,P3,589.0,589.0,1309.0,1309.0,False,1.43,8.86,4585443315,30.6681629,104.0466436
43177,P3,589.0,589.0,1309.0,1309.0,False,1.42,8.84,4701577749,30.6193108,104.0814459
52655,P3,589.0,589.0,1309.0,1309.0,False,1.86,9.72,4549759333,30.6908734,104.035395
95513,P3,589.0,589.0,1309.0,1309.0,False,1.86,9.72,1159480334,30.6764266,104.0666973
134122,P3,590.0,590.0,1310.0,1310.0,False,0.55,8.0,4934383684,30.616535,104.1164446
140666,P3,590.0,590.0,1310.0,1310.0,False,1.84,9.68,2082821593,30.6107726,104.0894872
168044,P3,590.0,590.0,1310.0,1310.0,False,1.72,9.44,4572410232,30.7120563,103.9900015
179944,P3,590.0,590.0,1310.0,1310.0,False,1.84,9.68,2631867280,30.6873011,104.0881029
203805,P3,590.0,590.0,1310.0,1310.0,False,2.96,11.92,2329077117,30.6514344,104.1111425
42828,P3,590.0,590.0,1310.0,1310.0,False,0.71,8.0,1756176923,30.6451896,104.0219676
68526,P3,590.0,590.0,1310.0,1310.0,False,0.71,8.0,1492343256,30.6515882,104.0638064
84093,P3,590.0,590.0,1310.0,1310.0,False,0.17,8.0,5436607066,30.6373183,104.066216
86992,P3,590.0,590.0,1310.0,1310.0,False,2.96,11.92,3031031600,30.6818163,104.1089397
122981,P3,591.0,591.0,1311.0,1311.0,False,1.08,8.16,432432533,30.6541967,104.0442908
16899,P3,591.0,591.0,1311.0,1311.0,False,1.44,8.88,3199773578,30.70039,104.10337
70342,P3,591.0,591.0,1311.0,1311.0,False,2.22,10.44,1492598620,30.6226242,104.0668825
99331,P3,591.0,591.0,1311.0,1311.0,False,1.94,9.88,1916386486,30.6474751,104.0160412
11378,P3,592.0,592.0,1312.0,1312.0,False,2.12,10.24,4230611259,30.6508031,104.0727452
198651,P3,592.0,592.0,1312.0,1312.0,False,0.68,8.0,4693610149,30.6351322,104.0669106
89527,P3,592.0,592.0,1312.0,1312.0,False,1.95,9.9,5359113178,30.6775472,104.0120031
90974,P3,592.0,592.0,1312.0,1312.0,False,0.68,8.0,3069351976,30.6308273,103.9759763
112772,P3,593.0,593.0,1313.0,1313.0,False,1.73,9.46,2180630915,30.6996188,104.0518201
18237,P3,593.0,593.0,1313.0,1313.0,False,2.0,10.0,3523298659,30.6311598,104.0482285
205368,P3,593.0,593.0,1313.0,1313.0,False,0.94,8.0,4693609803,30.6343504,104.0685884
23604,P3,593.0,593.0,1313.0,1313.0,False,0.96,8.0,2662847722,30.7165373,103.9668732
9538,P3,593.0,593.0,1313.0,1313.0,False,1.45,8.9,3582236095,30.7193016,103.9917401
118893,P3,594.0,594.0,1314.0,1314.0,False,0.43,8.0,2135942408,30.6153685,104.0164765
142597,P3,594.0,594.0,1314.0,1314.0,False,0.91,8.0,432429420,30.6358259,104.0359135
193723,P3,594.0,594.0,1314.0,1314.0,False,2.34,10.68,5336411841,30.6456972,104.0350005
21243,P3,594.0,594.0,1314.0,1314.0,False,0.43,8.0,2662847702,30.6829044,103.9885007
39717,P3,594.0,594.0,1314.0,1314.0,False,1.02,8.04,1159496639,30.6891038,104.0409116
4780,P3,594.0,594.0,1314.0,1314.0,False,1.34,8.68,4773199396,30.6725055,104.0150693
69124,P3,594.0,594.0,1314.0,1314.0,False,0.91,8.0,1507392436,30.6962331,104.0788739
96837,P3,594.0,594.0,1314.0,1314.0,False,0.5,8.0,432429414,30.6310491,104.0416237
107666,P3,595.0,595.0,1315.0,1315.0,False,1.85,9.7,5211337170,30.6352593,104.0036401
22492,P3,595.0,595.0,1315.0,1315.0,False,1.2,8.4,2653571755,30.6749678,104.0843438
32903,P3,595.0,595.0,1315.0,1315.0,False,1.52,9.04,1458981267,30.66203,104.09633
47575,P3,595.0,595.0,1315.0,1315.0,False,2.14,10.28,1918491720,30.6498474,103.9800004
60087,P3,595.0,595.0,1315.0,1315.0,False,1.45,8.9,3445813127,30.66943,104.07636
82905,P3,595.0,595.0,1315.0,1315.0,False,1.52,9.04,3562047422,30.712577,104.0659058
92270,P3,595.0,595.0,1315.0,1315.0,False,2.76,11.52,4695700250,30.6181665,104.0190086
167095,P3,596.0,596.0,1316.0,1316.0,False,1.33,8.66,2717970036,30.6294902,104.0613324
167357,P3,596.0,596.0,1316.0,1316.0,False,1.54,9.08,5141328427,30.610254,104.0600137
180687,P3,596.0,596.0,1316.0,1316.0,False,0.99,8.0,4106682216,30.6693803,104.0011708
18878,P3,596.0,596.0,1316.0,1316.0,False,0.31,8.0,4102465470,30.6811188,104.0453964
18885,P3,596.0,596.0,1316.0,1316.0,False,1.33,8.66,432442946,30.6814384,104.0245341
30759,P3,596.0,596.0,1316.0,1316.0,False,1.76,9.52,4547074369,30.6098637,104.0806211
36611,P3,596.0,596.0,1316.0,1316.0,False,1.76,9.52,3031031600,30.68132,104.10825
102082,P3,597.0,597.0,1317.0,1317.0,False,1.31,8.62,4987535052,30.6360258,104.0041525
117616,P3,597.0,597.0,1317.0,1317.0,False,1.3,8.6,1159462567,30.6788371,104.0219721
123308,P3,597.0,597.0,1317.0,1317.0,False,0.49,8.0,2912291165,30.6410523,104.1040394
125753,P3,597.0,597.0,1317.0,1317.0,False,1.69,9.38,4548211655,30.6749363,104.0654425
208542,P3,597.0,597.0,1317.0,1317.0,False,3.27,12.54,4217837156,30.6274212,104.0437542
2546,P3,597.0,597.0,1317.0,1317.0,False,0.36,8.0,1492614623,30.6230895,104.0646457
77068,P3,597.0,597.0,1317.0,1317.0,False,0.36,8.0,5436607834,30.6359382,104.0633514
84116,P3,597.0,597.0,1317.0,1317.0,False,0.29,8.0,1102485505,30.6114951,104.0336942
163505,P3,598.0,598.0,1318.0,1318.0,False,2.54,11.08,1159516131,30.6466745,104.0782894
172072,P3,598.0,598.0,1318.0,1318.0,False,2.16,10.32,432442880,30.6853516,103.9833976
18687,P3,598.0,598.0,1318.0,1318.0,False,1.2,8.4,4136052242,30.610244,104.0477421
46436,P3,598.0,598.0,1318.0,1318.0,False,1.2,8.4,3815508501,30.6233853,104.0153821
55357,P3,598.0,598.0,1318.0,1318.0,False,2.16,10.32,2039561233,30.6837362,104.1110984
6301,P3,598.0,598.0,1318.0,1318.0,False,0.68,8.0,432442946,30.6814384,104.0245341
95275,P3,598.0,598.0,1318.0,1318.0,False,0.68,8.0,4638050367,30.705624,104.06603
114575,P3,599.0,599.0,1319.0,1319.0,False,0.43,8.0,672360797,30.654032,104.07613
152205,P3,599.0,599.0,1319.0,1319.0,False,0.1,8.0,4695701797,30.6133356,104.0188084
173915,P3,599.0,599.0,1319.0,1319.0,False,1.39,8.78,3680078462,30.65394,104.01805
202276,P3,599.0,599.0,1319.0,1319.0,False,2.74,11.48,1459039204,30.6462551,104.1079678
205937,P3,599.0,599.0,1319.0,1319.0,False,0.43,8.0,3069352245,30.6429697,103.9882012
42493,P3,599.0,599.0,1319.0,1319.0,False,0.4,8.0,1500638700,30.6853115,104.0794117
55408,P3,599.0,599.0,1319.0,1319.0,False,1.47,8.94,439751991,30.7147716,104.0275532
92447,P3,599.0,599.0,1319.0,1319.0,False,0.22,8.0,1156126798,30.66572,104.04119
106516,P3,600.0,600.0,1320.0,1320.0,False,0.69,8.0,1827955130,30.6645306,104.0543503
11103,P3,600.0,600.0,1320.0,1320.0,False,0.67,8.0,2456925094,30.6375303,104.1021819
114135,P3,600.0,600.0,1320.0,1320.0,False,0.14,8.0,4012382184,30.66131,104.07525
129947,P3,600.0,600.0,1320.0,1320.0,False,0.58,8.0,1159474715,30.69464,104.046455
132059,P3,600.0,600.0,1320.0,1320.0,False,0.58,8.0,4794975945,30.639873,104.0639714
48032,P3,600.0,600.0,1320.0,1320.0,False,2.23,10.46,1301933024,30.6413741,104.0826883
58834,P3,600.0,600.0,1320.0,1320.0,False,2.19,10.38,1159131854,30.6667995,104.0748281
