parcel_id,platform_id,true_release_time,observed_release_time,true_deadline,observed_deadline,is_delayed,weight,fare,location_node,lng,lat
100831,P1,0.0,0.0,720.0,720.0,False,0.08,8.0,5436607828,30.6358806,104.0633516
10197,P1,0.0,0.0,720.0,720.0,False,0.43,8.0,439751915,30.6789847,103.9897613
121804,P1,0.0,0.0,720.0,720.0,False,0.96,8.0,314622956,30.6469045,104.0472313
130551,P1,0.0,0.0,720.0,720.0,False,0.08,8.0,4695601453,30.6105659,104.0279499
13514,P1,0.0,0.0,720.0,720.0,False,0.09,8.0,4550769349,30.6497496,104.1100896
141874,P1,0.0,0.0,720.0,720.0,False,1.2,8.4,3562045362,30.7246826,104.0624409
146063,P1,0.0,0.0,720.0,720.0,False,1.18,8.36,432432620,30.658394,104.029106
149163,P1,0.0,0.0,720.0,720.0,False,1.16,8.32,3087817521,30.6761614,104.0116948
151448,P1,0.0,0.0,720.0,720.0,False,0.02,8.0,1916386502,30.6207129,104.0287362
152652,P1,0.0,0.0,720.0,720.0,False,2.07,10.14,1445528674,30.6488848,104.0696574
162219,P1,0.0,0.0,720.0,720.0,False,2.55,11.1,1458911516,30.6773932,104.0909244
174323,P1,0.0,0.0,720.0,720.0,False,1.08,8.16,2039550419,30.6384474,104.1095985
188343,P1,0.0,0.0,720.0,720.0,False,0.08,8.0,432442974,30.6812517,104.0136087
192530,P1,0.0,0.0,720.0,720.0,False,1.46,8.92,3034029068,30.6893886,103.996618
197269,P1,0.0,0.0,720.0,720.0,False,1.73,9.46,5102886112,30.6879888,103.9903974
202849,P1,0.0,0.0,720.0,720.0,False,0.48,8.0,3927876952,30.6762396,103.9878173
206031,P1,0.0,0.0,720.0,720.0,False,1.55,9.1,3069351793,30.634981,103.97682
206972,P1,0.0,0.0,720.0,720.0,False,0.15,8.0,5141468792,30.630272,104.1010274
30438,P1,0.0,0.0,720.0,720.0,False,2.98,11.96,432432545,30.661347,104.0384566
31239,P1,0.0,0.0,720.0,720.0,False,0.02,8.0,4717800179,30.6796,104.09487
44616,P1,0.0,0.0,720.0,720.0,False,1.13,8.26,318083108,30.6764502,103.9732295
56682,P1,0.0,0.0,720.0,720.0,False,1.63,9.26,4923124755,30.6097687,104.0684118
58054,P1,0.0,0.0,720.0,720.0,False,0.79,8.0,4847126867,30.654891,103.9821151
81505,P1,0.0,0.0,720.0,720.0,False,0.73,8.0,432452886,30.6174952,104.0520443
84553,P1,0.0,0.0,720.0,720.0,False,1.18,8.36,1458786968,30.6793661,104.0923501
111093,P1,1.0,1.0,721.0,721.0,False,1.05,8.1,4548318161,30.6319802,104.092318
124699,P1,1.0,1.0,721.0,721.0,False,0.22,8.0,4695601331,30.6106436,104.0295303
132281,P1,1.0,1.0,721.0,721.0,False,1.86,9.72,4695700261,30.6164117,104.0176447
156484,P1,1.0,1.0,721.0,721.0,False,1.87,9.74,3633008402,30.6685677,104.0383566
195005,P1,1.0,1.0,721.0,721.0,False,1.73,9.46,1159474715,30.693343,104.0455602
206407,P1,1.0,1.0,721.0,721.0,False,1.54,9.08,529952557,30.6980299,104.0639187
24554,P1,1.0,1.0,721.0,721.0,False,1.34,8.68,3523314192,30.6251237,104.0536782
29010,P1,1.0,1.0,721.0,721.0,False,1.73,9.46,4601261196,30.6589078,104.0617639
5040,P1,1.0,1.0,721.0,721.0,False,1.19,8.38,4772463288,30.6613994,104.0440824
52129,P1,1.0,1.0,721.0,721.0,False,0.81,8.0,2710589458,30.6187032,104.0660638
74342,P1,1.0,1.0,721.0,721.0,False,1.91,9.82,1459895595,30.6427175,104.1056818
78255,P1,1.0,1.0,721.0,721.0,False,1.77,9.54,1492389307,30.6570005,104.0582711
88975,P1,1.0,1.0,721.0,721.0,False,0.57,8.0,5283966327,30.70342,104.09711
103277,P1,2.0,2.0,722.0,722.0,False,0.66,8.0,671591330,30.6751212,104.0554058
115875,P1,2.0,2.0,722.0,722.0,False,1.89,9.78,4701577764,30.6230437,104.0808033
11801,P1,2.0,2.0,722.0,722.0,False,3.07,12.14,3523308832,30.6401083,104.0734176
159702,P1,2.0,2.0,722.0,722.0,False,0.28,8.0,4106681940,30.6232731,103.9920918
180394,P1,2.0,2.0,722.0,722.0,False,0.87,8.0,3613960006,30.6724147,104.0459399
180411,P1,2.0,2.0,722.0,722.0,False,1.49,8.98,5312164200,30.66679,104.10367
183978,P1,2.0,2.0,722.0,722.0,False,3.49,12.98,4695601443,30.611256,104.0278807
184794,P1,2.0,2.0,722.0,722.0,False,0.25,8.0,2317059615,30.6280601,104.0432241
187819,P1,2.0,2.0,722.0,722.0,False,0.76,8.0,1305816678,30.649904,104.0826
19248,P1,2.0,2.0,722.0,722.0,False,1.36,8.72,3538781530,30.6451922,104.0964595
209136,P1,2.0,2.0,722.0,722.0,False,2.0,10.0,3632988785,30.6637576,104.033236
25775,P1,2.0,2.0,722.0,722.0,False,0.25,8.0,3614070497,30.67386,104.05733
30255,P1,2.0,2.0,722.0,722.0,False,3.07,12.14,2546074269,30.68825,104.02723
33206,P1,2.0,2.0,722.0,722.0,False,0.66,8.0,2441172198,30.6749063,104.0074496
37878,P1,2.0,2.0,722.0,722.0,False,3.49,12.98,4548209362,30.6475786,104.0203284
63167,P1,2.0,2.0,722.0,722.0,False,0.54,8.0,432453008,30.65649,104.08631
72334,P1,2.0,2.0,722.0,722.0,False,1.54,9.08,2843286579,30.6882841,104.0576045
75674,P1,2.0,2.0,722.0,722.0,False,1.82,9.64,4572410255,30.6847753,104.0699826
11043,P1,3.0,3.0,723.0,723.0,False,1.24,8.48,2560005517,30.6293037,104.0211569
112787,P1,3.0,3.0,723.0,723.0,False,1.92,9.84,2204171375,30.7253223,104.0765603
114414,P1,3.0,3.0,723.0,723.0,False,2.15,10.3,2472030047,30.6608763,104.0628845
119765,P1,3.0,3.0,723.0,723.0,False,1.5,9.0,2653570475,30.6693079,104.0918115
129940,P1,3.0,3.0,723.0,723.0,False,0.45,8.0,4779165778,30.636525,104.0734961
156799,P1,3.0,3.0,723.0,723.0,False,2.26,10.52,4548209336,30.6325431,104.0237382
162404,P1,3.0,3.0,723.0,723.0,False,0.85,8.0,1458992381,30.6582235,104.0970132
179705,P1,3.0,3.0,723.0,723.0,False,0.43,8.0,1458947310,30.6772008,104.0909144
180324,P1,3.0,3.0,723.0,723.0,False,0.45,8.0,3087817447,30.6539606,104.0010232
194733,P1,3.0,3.0,723.0,723.0,False,1.92,9.84,4550701194,30.6238498,104.0339028
205246,P1,3.0,3.0,723.0,723.0,False,0.85,8.0,432442957,30.6813532,104.019252
21911,P1,3.0,3.0,723.0,723.0,False,1.24,8.48,2041527426,30.68941,104.09457
27171,P1,3.0,3.0,723.0,723.0,False,0.15,8.0,4106681953,30.6286976,103.9967634
45123,P1,3.0,3.0,723.0,723.0,False,0.07,8.0,432452895,30.61778,104.05757
102496,P1,4.0,4.0,724.0,724.0,False,1.26,8.52,1964326877,30.67178,104.0937422
116883,P1,4.0,4.0,724.0,724.0,False,1.26,8.52,5213253137,30.705606,104.09452
12007,P1,4.0,4.0,724.0,724.0,False,0.98,8.0,1457843770,30.688178,104.0993623
131507,P1,4.0,4.0,724.0,724.0,False,0.35,8.0,4118527280,30.6829899,104.0634187
132886,P1,4.0,4.0,724.0,724.0,False,1.26,8.52,5211343344,30.6476004,104.0136879
135966,P1,4.0,4.0,724.0,724.0,False,0.37,8.0,796679602,30.7109116,104.0012364
142683,P1,4.0,4.0,724.0,724.0,False,0.0,8.0,671600440,30.6639302,104.0475646
143612,P1,4.0,4.0,724.0,724.0,False,1.07,8.14,3680361285,30.6550449,104.0223873
150243,P1,4.0,4.0,724.0,724.0,False,0.91,8.0,3541427587,30.708868,104.043495
153867,P1,4.0,4.0,724.0,724.0,False,2.2,10.4,2712421556,30.63435,104.0586
160391,P1,4.0,4.0,724.0,724.0,False,1.55,9.1,1918491758,30.6427077,104.0042208
16310,P1,4.0,4.0,724.0,724.0,False,0.51,8.0,4549993196,30.7044116,104.0035518
185671,P1,4.0,4.0,724.0,724.0,False,1.26,8.52,4772448419,30.6816875,104.007727
196242,P1,4.0,4.0,724.0,724.0,False,3.51,13.02,5102886112,30.6879888,103.9903974
201769,P1,4.0,4.0,724.0,724.0,False,1.87,9.74,1819305209,30.6121953,104.0922619
27240,P1,4.0,4.0,724.0,724.0,False,0.03,8.0,1459039155,30.645191,104.1072745
29937,P1,4.0,4.0,724.0,724.0,False,1.42,8.84,2823785855,30.6788083,104.0766341
39379,P1,4.0,4.0,724.0,724.0,False,0.78,8.0,4964134719,30.7086875,104.0185822
4116,P1,4.0,4.0,724.0,724.0,False,0.69,8.0,5436607842,30.635981,104.0645143
50664,P1,4.0,4.0,724.0,724.0,False,0.97,8.0,4217837101,30.6267614,104.0433662
5100,P1,4.0,4.0,724.0,724.0,False,0.14,8.0,4550769604,30.6321289,104.1057319
94292,P1,4.0,4.0,724.0,724.0,False,0.04,8.0,1301933041,30.6501516,104.0708226
1119,P1,5.0,5.0,725.0,725.0,False,0.42,8.0,3541404998,30.683483,104.04994
11962,P1,5.0,5.0,725.0,725.0,False,0.2,8.0,3562047401,30.7213669,104.0617703
127433,P1,5.0,5.0,725.0,725.0,False,1.41,8.82,4107377035,30.6421326,103.9950814
140644,P1,5.0,5.0,725.0,725.0,False,0.88,8.0,3516892731,30.6662803,104.0579399
171533,P1,5.0,5.0,725.0,725.0,False,1.48,8.96,4118527356,30.6986384,104.1042586
181727,P1,5.0,5.0,725.0,725.0,False,0.64,8.0,1311904409,30.6447142,104.0782275
200011,P1,5.0,5.0,725.0,725.0,False,0.9,8.0,5213238604,30.6353619,104.0488733
28115,P1,5.0,5.0,725.0,725.0,False,2.25,10.5,1159941942,30.6672644,104.0211265
46995,P1,5.0,5.0,725.0,725.0,False,0.13,8.0,4967265754,30.70422,104.00581
64649,P1,5.0,5.0,725.0,725.0,False,0.2,8.0,3113656970,30.6657565,104.0485473
703,P1,5.0,5.0,725.0,725.0,False,0.16,8.0,3562086854,30.679699,104.043236
72061,P1,5.0,5.0,725.0,725.0,False,1.1,8.2,3691342454,30.6559007,104.0161812
89831,P1,5.0,5.0,725.0,725.0,False,1.64,9.28,5375784227,30.63388,104.00852
92400,P1,5.0,5.0,725.0,725.0,False,0.56,8.0,5283966206,30.7016672,104.1045249
98403,P1,5.0,5.0,725.0,725.0,False,0.2,8.0,5367317630,30.661,103.97981
109707,P1,6.0,6.0,726.0,726.0,False,0.29,8.0,4572410068,30.722279,104.0007597
113491,P1,6.0,6.0,726.0,726.0,False,2.9,11.8,4724343814,30.62946,104.06745
175287,P1,6.0,6.0,726.0,726.0,False,0.58,8.0,1964418552,30.66771,104.09882
184499,P1,6.0,6.0,726.0,726.0,False,0.45,8.0,3541422907,30.70274,104.0622
189051,P1,6.0,6.0,726.0,726.0,False,0.52,8.0,4963999555,30.7124599,104.0356925
191327,P1,6.0,6.0,726.0,726.0,False,0.55,8.0,4963999600,30.718815,104.03439
194129,P1,6.0,6.0,726.0,726.0,False,0.29,8.0,4444112346,30.7213619,104.1031379
203779,P1,6.0,6.0,726.0,726.0,False,0.9,8.0,1159228848,30.68476,104.10833
68967,P1,6.0,6.0,726.0,726.0,False,0.52,8.0,4782067643,30.62304,104.0317
115885,P1,7.0,7.0,727.0,727.0,False,1.95,9.9,3680400057,30.6589107,104.0136654
119939,P1,7.0,7.0,727.0,727.0,False,3.38,12.76,3579517899,30.66909,104.05215
152932,P1,7.0,7.0,727.0,727.0,False,1.57,9.14,465203758,30.7062319,104.101097
165250,P1,7.0,7.0,727.0,727.0,False,1.06,8.12,2041527402,30.6905958,104.0943714
169870,P1,7.0,7.0,727.0,727.0,False,1.61,9.22,1159143633,30.6715261,104.1010532
180095,P1,7.0,7.0,727.0,727.0,False,0.62,8.0,441221495,30.6503372,104.0222864
183633,P1,7.0,7.0,727.0,727.0,False,1.06,8.12,2329116004,30.6813752,104.0241402
50339,P1,7.0,7.0,727.0,727.0,False,1.5,9.0,2843286568,30.69427,104.05909
52758,P1,7.0,7.0,727.0,727.0,False,1.06,8.12,4294975866,30.6480272,103.9928105
77815,P1,7.0,7.0,727.0,727.0,False,0.93,8.0,1312615993,30.6493315,104.0562019
80848,P1,7.0,7.0,727.0,727.0,False,0.74,8.0,4703149502,30.6121048,104.0705107
88227,P1,7.0,7.0,727.0,727.0,False,0.11,8.0,4972899580,30.6331037,104.0482294
97766,P1,7.0,7.0,727.0,727.0,False,0.37,8.0,337539435,30.6109798,104.0581568
1126,P1,8.0,8.0,728.0,728.0,False,0.49,8.0,1388442962,30.6477004,104.0724143
133428,P1,8.0,8.0,728.0,728.0,False,0.2,8.0,4548141067,30.6253295,104.0742518
167372,P1,8.0,8.0,728.0,728.0,False,2.39,10.78,3541427579,30.7099241,104.0328295
171574,P1,8.0,8.0,728.0,728.0,False,0.74,8.0,2709174919,30.6268579,104.0817617
19403,P1,8.0,8.0,728.0,728.0,False,0.6,8.0,2651714403,30.6691,104.11391
196269,P1,8.0,8.0,728.0,728.0,False,2.06,10.12,2907362943,30.6406363,104.0978078
200695,P1,8.0,8.0,728.0,728.0,False,0.1,8.0,4524499991,30.71422,104.10683
55187,P1,8.0,8.0,728.0,728.0,False,0.9,8.0,3562086847,30.67976,104.04393
64004,P1,8.0,8.0,728.0,728.0,False,0.9,8.0,3562099186,30.6521211,104.015964
17215,P1,9.0,9.0,729.0,729.0,False,0.63,8.0,4638105420,30.712595,104.06487
17602,P1,9.0,9.0,729.0,729.0,False,2.76,11.52,5283966192,30.7032928,104.116391
177002,P1,9.0,9.0,729.0,729.0,False,0.57,8.0,4106682119,30.6441269,103.9811572
182313,P1,9.0,9.0,729.0,729.0,False,0.21,8.0,4294010427,30.7132668,104.078226
18653,P1,9.0,9.0,729.0,729.0,False,2.8,11.6,3076737454,30.6616917,104.0535075
30060,P1,9.0,9.0,729.0,729.0,False,0.21,8.0,4699007145,30.6131574,104.0358216
51163,P1,9.0,9.0,729.0,729.0,False,0.89,8.0,2078704437,30.6169007,104.1012649
51565,P1,9.0,9.0,729.0,729.0,False,0.64,8.0,4699007282,30.6137868,104.0350444
51780,P1,9.0,9.0,729.0,729.0,False,0.63,8.0,4967265758,30.7040894,104.0047192
60171,P1,9.0,9.0,729.0,729.0,False,0.56,8.0,2534025680,30.6717,104.060936
79586,P1,9.0,9.0,729.0,729.0,False,0.57,8.0,3516900115,30.6727655,104.0744432
85403,P1,9.0,9.0,729.0,729.0,False,1.12,8.24,3087817505,30.6640306,103.9890447
130547,P1,10.0,10.0,730.0,730.0,False,1.26,8.52,4549993108,30.6889447,104.0331553
145121,P1,10.0,10.0,730.0,730.0,False,0.27,8.0,1072698542,30.6970816,104.0637742
198034,P1,10.0,10.0,730.0,730.0,False,1.26,8.52,4772463288,30.6613994,104.0440824
3539,P1,10.0,10.0,730.0,730.0,False,1.14,8.28,4903105794,30.67319,104.0673
35410,P1,10.0,10.0,730.0,730.0,False,1.71,9.42,4548209336,30.6325431,104.0237382
42525,P1,10.0,10.0,730.0,730.0,False,0.25,8.0,5257005062,30.6771626,104.0936109
69144,P1,10.0,10.0,730.0,730.0,False,2.77,11.54,4903112578,30.6614221,104.080239
80094,P1,10.0,10.0,730.0,730.0,False,2.28,10.56,4693609980,30.6288924,104.0691555
92611,P1,10.0,10.0,730.0,730.0,False,0.16,8.0,441159355,30.71939,104.10579
100263,P1,11.0,11.0,731.0,731.0,False,0.33,8.0,1156126798,30.66572,104.04163
119223,P1,11.0,11.0,731.0,731.0,False,2.32,10.64,3033991447,30.6646004,104.0303454
133576,P1,11.0,11.0,731.0,731.0,False,2.76,11.52,3614062391,30.6737255,104.0495054
135127,P1,11.0,11.0,731.0,731.0,False,1.41,8.82,1339701411,30.7055223,104.0471255
143864,P1,11.0,11.0,731.0,731.0,False,0.14,8.0,4548211276,30.66058,104.058355
15304,P1,11.0,11.0,731.0,731.0,False,1.3,8.6,4550019088,30.6349084,104.0126156
170427,P1,11.0,11.0,731.0,731.0,False,1.47,8.94,4972899575,30.632518,104.049449
19679,P1,11.0,11.0,731.0,731.0,False,2.32,10.64,1460311251,30.6552881,104.1122297
35031,P1,11.0,11.0,731.0,731.0,False,2.76,11.52,3033986328,30.65328,104.02217
59729,P1,11.0,11.0,731.0,731.0,False,0.75,8.0,4550764070,30.648136,104.1133549
64363,P1,11.0,11.0,731.0,731.0,False,0.67,8.0,4548318053,30.625046,104.09534
79721,P1,11.0,11.0,731.0,731.0,False,0.29,8.0,5141326919,30.6107738,104.0587845
84334,P1,11.0,11.0,731.0,731.0,False,0.67,8.0,5211337171,30.6355659,104.0033779
91570,P1,11.0,11.0,731.0,731.0,False,1.99,9.98,4699007147,30.6120035,104.0354944
13366,P1,12.0,12.0,732.0,732.0,False,3.43,12.86,1504230242,30.6979719,104.0891476
136571,P1,12.0,12.0,732.0,732.0,False,0.75,8.0,4534007660,30.70393,104.10729
149836,P1,12.0,12.0,732.0,732.0,False,0.86,8.0,2080646464,30.6268006,104.0954968
175972,P1,12.0,12.0,732.0,732.0,False,2.55,11.1,4991426383,30.6513027,103.9836773
36539,P1,12.0,12.0,732.0,732.0,False,0.71,8.0,1159228848,30.68461,104.10858
62615,P1,12.0,12.0,732.0,732.0,False,1.21,8.42,2472030045,30.6624706,104.0649106
66629,P1,12.0,12.0,732.0,732.0,False,0.36,8.0,3927877871,30.6765872,103.9878448
77636,P1,12.0,12.0,732.0,732.0,False,1.1,8.2,2709174919,30.6268579,104.0817617
96946,P1,12.0,12.0,732.0,732.0,False,2.55,11.1,4106682201,30.6589521,103.9710179
101991,P1,13.0,13.0,733.0,733.0,False,1.08,8.16,1159146549,30.66286,104.07141
102796,P1,13.0,13.0,733.0,733.0,False,0.75,8.0,3599790537,30.701641,104.1058871
108364,P1,13.0,13.0,733.0,733.0,False,1.41,8.82,4106681949,30.6260866,104.0023914
115315,P1,13.0,13.0,733.0,733.0,False,1.41,8.82,5102886109,30.71743,103.9695
161576,P1,13.0,13.0,733.0,733.0,False,0.79,8.0,2532979487,30.7053537,104.0901657
164108,P1,13.0,13.0,733.0,733.0,False,1.08,8.16,5141468736,30.632602,104.093576
171108,P1,13.0,13.0,733.0,733.0,False,0.12,8.0,1457873396,30.6866508,104.1007778
178398,P1,13.0,13.0,733.0,733.0,False,1.08,8.16,2039522711,30.6755077,104.1068574
179463,P1,13.0,13.0,733.0,733.0,False,0.84,8.0,1159141115,30.65992,104.10245
181660,P1,13.0,13.0,733.0,733.0,False,1.41,8.82,3436486417,30.6413472,104.0450336
207068,P1,13.0,13.0,733.0,733.0,False,0.29,8.0,4934383687,30.6157501,104.1162622
20728,P1,13.0,13.0,733.0,733.0,False,1.12,8.24,1159134903,30.6594044,104.0891979
33298,P1,13.0,13.0,733.0,733.0,False,1.81,9.62,2823785857,30.6788853,104.0764345
36136,P1,13.0,13.0,733.0,733.0,False,0.37,8.0,4987535051,30.6329772,104.0068797
37483,P1,13.0,13.0,733.0,733.0,False,2.81,11.62,1956501938,30.68711,104.10478
5567,P1,13.0,13.0,733.0,733.0,False,1.81,9.62,4548211432,30.67768,104.03772
60132,P1,13.0,13.0,733.0,733.0,False,1.05,8.1,4772463256,30.6635342,104.0450568
76974,P1,13.0,13.0,733.0,733.0,False,1.41,8.82,3538771899,30.6539362,104.1144174
80427,P1,13.0,13.0,733.0,733.0,False,0.37,8.0,2714528005,30.6277855,104.0555694
98498,P1,13.0,13.0,733.0,733.0,False,0.79,8.0,1492574993,30.6251745,104.0642359
122008,P1,14.0,14.0,734.0,734.0,False,0.2,8.0,2784763755,30.6820043,104.0765705
148449,P1,14.0,14.0,734.0,734.0,False,1.4,8.8,1072698672,30.7206637,104.0647446
17578,P1,14.0,14.0,734.0,734.0,False,1.84,9.68,4967265757,30.7036214,104.0051032
179332,P1,14.0,14.0,734.0,734.0,False,0.43,8.0,4592713499,30.6215122,104.0600557
180672,P1,14.0,14.0,734.0,734.0,False,0.64,8.0,3541404998,30.6848089,104.0526775
19270,P1,14.0,14.0,734.0,734.0,False,0.5,8.0,314623099,30.639436,104.0306681
207388,P1,14.0,14.0,734.0,734.0,False,1.7,9.4,1311904399,30.6443845,104.0791889
611,P1,14.0,14.0,734.0,734.0,False,0.4,8.0,3562055478,30.718763,104.03774
77386,P1,14.0,14.0,734.0,734.0,False,0.11,8.0,1159155460,30.6389833,104.0913883
124163,P1,15.0,15.0,735.0,735.0,False,0.22,8.0,3780408673,30.630479,104.057504
136658,P1,15.0,15.0,735.0,735.0,False,1.72,9.44,4695640522,30.6157924,104.0243738
149322,P1,15.0,15.0,735.0,735.0,False,0.17,8.0,1458570056,30.6932128,104.0893122
159429,P1,15.0,15.0,735.0,735.0,False,0.01,8.0,529949133,30.6971902,104.1050953
176513,P1,15.0,15.0,735.0,735.0,False,0.63,8.0,2315717685,30.6295811,104.0975905
3460,P1,15.0,15.0,735.0,735.0,False,0.45,8.0,4748173619,30.6227748,104.0183999
38500,P1,15.0,15.0,735.0,735.0,False,0.22,8.0,4701577711,30.6162188,104.0704791
56645,P1,15.0,15.0,735.0,735.0,False,1.27,8.54,2712338400,30.7070407,104.0384171
88719,P1,15.0,15.0,735.0,735.0,False,2.22,10.44,2691023119,30.7143756,103.9922691
113745,P1,16.0,16.0,736.0,736.0,False,0.1,8.0,4782067655,30.625138,104.0269049
118258,P1,16.0,16.0,736.0,736.0,False,0.54,8.0,2472054566,30.705041,104.05123
118599,P1,16.0,16.0,736.0,736.0,False,0.25,8.0,3034330085,30.665262,104.07908
120180,P1,16.0,16.0,736.0,736.0,False,2.28,10.56,5211368068,30.6684739,103.9724603
123263,P1,16.0,16.0,736.0,736.0,False,1.75,9.5,3390819399,30.6426634,104.0446584
123577,P1,16.0,16.0,736.0,736.0,False,0.67,8.0,5213238532,30.6363783,104.0740719
136691,P1,16.0,16.0,736.0,736.0,False,1.12,8.24,5053143856,30.7096969,104.0072152
154514,P1,16.0,16.0,736.0,736.0,False,0.58,8.0,4572363403,30.6791777,104.0582509
164056,P1,16.0,16.0,736.0,736.0,False,2.29,10.58,3780408672,30.6304794,104.0581853
164848,P1,16.0,16.0,736.0,736.0,False,0.61,8.0,4550018725,30.6298481,104.0170573
180670,P1,16.0,16.0,736.0,736.0,False,0.61,8.0,3087817474,30.6373559,104.0228723
18407,P1,16.0,16.0,736.0,736.0,False,0.1,8.0,4550018927,30.6468067,104.0783718
193619,P1,16.0,16.0,736.0,736.0,False,1.21,8.42,2082819545,30.61676,104.0965522
207411,P1,16.0,16.0,736.0,736.0,False,1.07,8.14,4107389530,30.7230841,104.0083952
38123,P1,16.0,16.0,736.0,736.0,False,0.54,8.0,4638105420,30.712355,104.064384
39565,P1,16.0,16.0,736.0,736.0,False,0.54,8.0,5141468666,30.6380439,104.0932194
56591,P1,16.0,16.0,736.0,736.0,False,0.89,8.0,3541371609,30.6667124,104.053658
61100,P1,16.0,16.0,736.0,736.0,False,0.52,8.0,2823785826,30.6602111,104.0563873
71054,P1,16.0,16.0,736.0,736.0,False,2.29,10.58,3691534107,30.6612076,104.0296226
86545,P1,16.0,16.0,736.0,736.0,False,1.75,9.5,1459929556,30.6440896,104.1114646
91821,P1,16.0,16.0,736.0,736.0,False,1.75,9.5,2908404376,30.6438577,104.0951169
143077,P1,17.0,17.0,737.0,737.0,False,1.56,9.12,1455111174,30.6973306,104.1037374
147159,P1,17.0,17.0,737.0,737.0,False,1.33,8.66,2843286568,30.69308,104.05608
160120,P1,17.0,17.0,737.0,737.0,False,0.87,8.0,1504190710,30.7132008,104.078031
184711,P1,17.0,17.0,737.0,737.0,False,0.64,8.0,314623162,30.65687,104.06761
196437,P1,17.0,17.0,737.0,737.0,False,1.01,8.02,432432573,30.6641733,104.0335951
208295,P1,17.0,17.0,737.0,737.0,False,1.33,8.66,4772214801,30.679171,104.0045565
72573,P1,17.0,17.0,737.0,737.0,False,2.5,11.0,4549993293,30.6508421,103.9890791
83875,P1,17.0,17.0,737.0,737.0,False,0.13,8.0,1947584056,30.68317,104.08209
109999,P1,18.0,18.0,738.0,738.0,False,0.67,8.0,1159176227,30.6247,104.06089
12311,P1,18.0,18.0,738.0,738.0,False,0.49,8.0,3333358469,30.7037607,104.0665976
138612,P1,18.0,18.0,738.0,738.0,False,2.15,10.3,1159225746,30.7001892,104.0477432
146550,P1,18.0,18.0,738.0,738.0,False,0.41,8.0,5436607071,30.6375728,104.0649959
148842,P1,18.0,18.0,738.0,738.0,False,0.41,8.0,4118527347,30.6979063,104.0891054
151214,P1,18.0,18.0,738.0,738.0,False,1.32,8.64,337539435,30.6109798,104.0581568
16623,P1,18.0,18.0,738.0,738.0,False,0.07,8.0,2041527397,30.6902045,104.0941428
168243,P1,18.0,18.0,738.0,738.0,False,0.8,8.0,3633021146,30.674051,104.08057
172313,P1,18.0,18.0,738.0,738.0,False,1.51,9.02,4592713498,30.6215914,104.0643526
2057,P1,18.0,18.0,738.0,738.0,False,1.77,9.54,432429393,30.6387705,104.0539813
28605,P1,18.0,18.0,738.0,738.0,False,0.97,8.0,4550568579,30.6358321,104.0639668
6821,P1,18.0,18.0,738.0,738.0,False,2.47,10.94,441159663,30.7210306,104.106158
72136,P1,18.0,18.0,738.0,738.0,False,0.49,8.0,2956775835,30.7152772,104.0378524
73953,P1,18.0,18.0,738.0,738.0,False,0.49,8.0,4548259363,30.7038352,104.0422663
74991,P1,18.0,18.0,738.0,738.0,False,0.97,8.0,4699007411,30.6137133,104.0445728
132445,P1,19.0,19.0,739.0,739.0,False,0.51,8.0,1815729260,30.7140442,104.0720424
148734,P1,19.0,19.0,739.0,739.0,False,1.41,8.82,4106682090,30.6424517,103.9802362
149791,P1,19.0,19.0,739.0,739.0,False,0.16,8.0,3436486397,30.6387646,104.0460612
159540,P1,19.0,19.0,739.0,739.0,False,1.41,8.82,3562099187,30.6524163,104.0112641
200559,P1,19.0,19.0,739.0,739.0,False,0.16,8.0,628641785,30.68185,104.08454
23027,P1,19.0,19.0,739.0,739.0,False,0.82,8.0,1458553198,30.6826836,104.1032519
32104,P1,19.0,19.0,739.0,739.0,False,1.53,9.06,1455111116,30.6958872,104.1059746
33576,P1,19.0,19.0,739.0,739.0,False,0.82,8.0,1492574988,30.6217426,104.0643473
38232,P1,19.0,19.0,739.0,739.0,False,0.72,8.0,4548259514,30.6543828,104.0157074
45191,P1,19.0,19.0,739.0,739.0,False,0.2,8.0,2039517042,30.6782506,104.0993024
48583,P1,19.0,19.0,739.0,739.0,False,2.06,10.12,3034376772,30.6802544,104.0634516
57939,P1,19.0,19.0,739.0,739.0,False,0.01,8.0,2823785826,30.66011,104.05628
59152,P1,19.0,19.0,739.0,739.0,False,0.72,8.0,3614062391,30.6737255,104.0495054
73929,P1,19.0,19.0,739.0,739.0,False,1.28,8.56,1159516248,30.646266,104.0780684
122392,P1,20.0,20.0,740.0,740.0,False,0.85,8.0,4915830830,30.6752444,104.0714931
143290,P1,20.0,20.0,740.0,740.0,False,1.67,9.34,4582821486,30.6637538,104.0477514
150293,P1,20.0,20.0,740.0,740.0,False,1.18,8.36,4107377020,30.636352,103.9966679
153763,P1,20.0,20.0,740.0,740.0,False,0.33,8.0,3614070503,30.67502,104.06266
156484,P1,20.0,20.0,740.0,740.0,False,3.03,12.06,504315473,30.6826152,104.1030924
172255,P1,20.0,20.0,740.0,740.0,False,1.69,9.38,4106682178,30.6564551,103.9754175
190138,P1,20.0,20.0,740.0,740.0,False,1.37,8.74,3541401903,30.6841194,103.9859671
194816,P1,20.0,20.0,740.0,740.0,False,1.28,8.56,4549993227,30.706241,104.0018387
208345,P1,20.0,20.0,740.0,740.0,False,0.28,8.0,1458459969,30.685851,104.1014144
44281,P1,20.0,20.0,740.0,740.0,False,1.28,8.56,3196147288,30.7247343,104.0760184
62192,P1,20.0,20.0,740.0,740.0,False,3.03,12.06,5436607839,30.6359785,104.0639637
66161,P1,20.0,20.0,740.0,740.0,False,1.18,8.36,314623102,30.6434755,104.0267045
71813,P1,20.0,20.0,740.0,740.0,False,0.33,8.0,1159176368,30.6255443,104.0553002
86348,P1,20.0,20.0,740.0,740.0,False,1.29,8.58,1457841123,30.6983327,104.1044663
160912,P1,21.0,21.0,741.0,741.0,False,2.35,10.7,1459025620,30.6452655,104.1082344
1991,P1,21.0,21.0,741.0,741.0,False,1.58,9.16,432442580,30.6881247,104.0322076
5015,P1,21.0,21.0,741.0,741.0,False,2.31,10.62,4695601570,30.6108563,104.0328647
68191,P1,21.0,21.0,741.0,741.0,False,0.34,8.0,1459018259,30.6452301,104.1087541
82263,P1,21.0,21.0,741.0,741.0,False,2.29,10.58,1295783630,30.6408375,104.0794357
86087,P1,21.0,21.0,741.0,741.0,False,0.34,8.0,1459023389,30.6442939,104.1109403
125686,P1,22.0,22.0,742.0,742.0,False,0.15,8.0,4548211260,30.6337186,104.0338666
154393,P1,22.0,22.0,742.0,742.0,False,1.44,8.88,1159224292,30.6965641,104.0475878
177830,P1,22.0,22.0,742.0,742.0,False,2.38,10.76,4782067655,30.625138,104.0269049
188704,P1,22.0,22.0,742.0,742.0,False,1.67,9.34,1458037196,30.6877515,104.100315
195360,P1,22.0,22.0,742.0,742.0,False,0.17,8.0,4695640580,30.6121794,104.0253352
23045,P1,22.0,22.0,742.0,742.0,False,0.03,8.0,1492633099,30.6218826,104.0646505
28871,P1,22.0,22.0,742.0,742.0,False,0.17,8.0,803149778,30.67959,104.09246
78115,P1,22.0,22.0,742.0,742.0,False,2.17,10.34,4693647117,30.6337605,104.0718971
10776,P1,23.0,23.0,743.0,743.0,False,0.39,8.0,3034040780,30.7061494,104.0105103
108276,P1,23.0,23.0,743.0,743.0,False,1.75,9.5,4991425514,30.650584,103.9858654
108521,P1,23.0,23.0,743.0,743.0,False,2.71,11.42,3691534644,30.659028,104.026275
137547,P1,23.0,23.0,743.0,743.0,False,0.74,8.0,432432594,30.65729,104.03632
144566,P1,23.0,23.0,743.0,743.0,False,2.48,10.96,5367321387,30.6637218,104.0024897
162733,P1,23.0,23.0,743.0,743.0,False,0.74,8.0,1159155214,30.641124,104.1043796
171231,P1,23.0,23.0,743.0,743.0,False,1.31,8.62,1987226881,30.666836,104.04796
17703,P1,23.0,23.0,743.0,743.0,False,1.31,8.62,432452995,30.6607427,104.0684023
18831,P1,23.0,23.0,743.0,743.0,False,1.45,8.9,3562110274,30.67209,104.0669
206350,P1,23.0,23.0,743.0,743.0,False,0.43,8.0,4638105426,30.7069848,104.0635135
23247,P1,23.0,23.0,743.0,743.0,False,1.96,9.92,2852215057,30.71528,104.11239
48791,P1,23.0,23.0,743.0,743.0,False,0.48,8.0,1159475412,30.693789,104.0426517
75088,P1,23.0,23.0,743.0,743.0,False,1.75,9.5,3597807845,30.7165062,104.0106957
77331,P1,23.0,23.0,743.0,743.0,False,0.05,8.0,5367313638,30.6362689,103.9822918
77606,P1,23.0,23.0,743.0,743.0,False,2.78,11.56,2041527435,30.6919726,104.096199
82973,P1,23.0,23.0,743.0,743.0,False,1.57,9.14,4923124755,30.6097687,104.0684118
83636,P1,23.0,23.0,743.0,743.0,False,1.16,8.32,4550769349,30.6497496,104.1100896
92167,P1,23.0,23.0,743.0,743.0,False,1.57,9.14,1159950973,30.65369,104.0879
98321,P1,23.0,23.0,743.0,743.0,False,2.48,10.96,4987534932,30.6228186,104.0148388
101005,P1,24.0,24.0,744.0,744.0,False,1.07,8.14,1586706334,30.7063279,103.9849236
120619,P1,24.0,24.0,744.0,744.0,False,1.33,8.66,3496259319,30.6710094,104.0863593
122321,P1,24.0,24.0,744.0,744.0,False,3.5,13.0,5213238403,30.6359474,104.064871
143284,P1,24.0,24.0,744.0,744.0,False,1.28,8.56,1958204348,30.6687212,104.0873526
149125,P1,24.0,24.0,744.0,744.0,False,2.62,11.24,4106682208,30.6641423,103.9826072
150923,P1,24.0,24.0,744.0,744.0,False,0.88,8.0,5359113178,30.6775472,104.0120031
155903,P1,24.0,24.0,744.0,744.0,False,1.07,8.14,2560005433,30.62869,104.02499
198781,P1,24.0,24.0,744.0,744.0,False,0.5,8.0,4106682122,30.6445536,103.9852081
205627,P1,24.0,24.0,744.0,744.0,False,0.64,8.0,2118977295,30.6949563,104.0038868
31047,P1,24.0,24.0,744.0,744.0,False,0.64,8.0,1159230555,30.6827,104.0907
57475,P1,24.0,24.0,744.0,744.0,False,0.75,8.0,5283966128,30.6340299,104.1075509
106379,P1,25.0,25.0,745.0,745.0,False,0.69,8.0,4701577693,30.6166676,104.0695484
112944,P1,25.0,25.0,745.0,745.0,False,2.63,11.26,2472054565,30.7039793,104.0495284
121439,P1,25.0,25.0,745.0,745.0,False,1.25,8.5,3034040776,30.7015954,104.0179033
137560,P1,25.0,25.0,745.0,745.0,False,0.11,8.0,4136052358,30.6133902,104.0484293
141383,P1,25.0,25.0,745.0,745.0,False,0.62,8.0,4701464739,30.614716,104.0620243
145163,P1,25.0,25.0,745.0,745.0,False,0.62,8.0,3034330086,30.66719,104.07925
151453,P1,25.0,25.0,745.0,745.0,False,0.11,8.0,4548258448,30.6545741,104.0111077
158485,P1,25.0,25.0,745.0,745.0,False,0.74,8.0,5218240020,30.6980163,104.050505
180479,P1,25.0,25.0,745.0,745.0,False,2.36,10.72,1159950973,30.654307,104.089357
193552,P1,25.0,25.0,745.0,745.0,False,0.62,8.0,3496259319,30.6710094,104.0863593
206636,P1,25.0,25.0,745.0,745.0,False,0.59,8.0,432432591,30.660055,104.0366864
3799,P1,25.0,25.0,745.0,745.0,False,0.9,8.0,5055911221,30.71353,104.1044
57211,P1,25.0,25.0,745.0,745.0,False,0.43,8.0,2041314666,30.67943,104.10158
57376,P1,25.0,25.0,745.0,745.0,False,0.36,8.0,5141328662,30.6133844,104.0643656
79781,P1,25.0,25.0,745.0,745.0,False,0.53,8.0,1159139100,30.6648182,104.1111504
86360,P1,25.0,25.0,745.0,745.0,False,1.8,9.6,4550768786,30.6346566,104.1003988
100122,P1,26.0,26.0,746.0,746.0,False,3.81,13.62,4548259565,30.6547851,104.0057018
123934,P1,26.0,26.0,746.0,746.0,False,0.69,8.0,5211350155,30.6654019,103.9976296
158162,P1,26.0,26.0,746.0,746.0,False,1.61,9.22,4748173617,30.623765,104.018185
162492,P1,26.0,26.0,746.0,746.0,False,1.63,9.26,1815729261,30.7140628,104.0719427
189210,P1,26.0,26.0,746.0,746.0,False,2.32,10.64,1885342903,30.6793607,104.0988533
201589,P1,26.0,26.0,746.0,746.0,False,1.61,9.22,5013455446,30.6151252,104.057327
208243,P1,26.0,26.0,746.0,746.0,False,1.63,9.26,2722829541,30.70595,104.04973
22358,P1,26.0,26.0,746.0,746.0,False,0.69,8.0,5211337171,30.6355659,104.0033779
58795,P1,26.0,26.0,746.0,746.0,False,1.1,8.2,1159138260,30.6640049,104.1082922
65831,P1,26.0,26.0,746.0,746.0,False,1.54,9.08,5354813690,30.659636,104.06095
73016,P1,26.0,26.0,746.0,746.0,False,1.63,9.26,2135946742,30.6241056,104.0053515
140424,P1,27.0,27.0,747.0,747.0,False,2.57,11.14,432442941,30.6799138,104.0286719
146181,P1,27.0,27.0,747.0,747.0,False,1.31,8.62,4548141018,30.6250482,104.0743621
163796,P1,27.0,27.0,747.0,747.0,False,1.13,8.26,3633001073,30.6656921,104.0310534
166774,P1,27.0,27.0,747.0,747.0,False,1.33,8.66,4585443316,30.6648806,104.048076
196704,P1,27.0,27.0,747.0,747.0,False,1.13,8.26,4550018623,30.6646952,103.9748062
206225,P1,27.0,27.0,747.0,747.0,False,1.23,8.46,2560005433,30.6291829,104.0257656
207282,P1,27.0,27.0,747.0,747.0,False,1.45,8.9,4695640616,30.611004,104.027309
3599,P1,27.0,27.0,747.0,747.0,False,0.29,8.0,1459065008,30.6455599,104.1079664
80012,P1,27.0,27.0,747.0,747.0,False,1.22,8.44,1159155214,30.641124,104.1043796
84905,P1,27.0,27.0,747.0,747.0,False,0.72,8.0,5141468664,30.6386238,104.0939893
125819,P1,28.0,28.0,748.0,748.0,False,1.4,8.8,2852215057,30.71528,104.11242
13099,P1,28.0,28.0,748.0,748.0,False,0.1,8.0,672360698,30.6502109,104.0726291
139104,P1,28.0,28.0,748.0,748.0,False,0.15,8.0,1918505702,30.6100579,103.9991621
14802,P1,28.0,28.0,748.0,748.0,False,0.55,8.0,4877227058,30.6227625,104.1015888
159959,P1,28.0,28.0,748.0,748.0,False,4.31,14.62,4549759331,30.6912274,104.035818
174256,P1,28.0,28.0,748.0,748.0,False,1.06,8.12,5283966198,30.7016693,104.1043698
204527,P1,28.0,28.0,748.0,748.0,False,1.33,8.66,2082811327,30.6282737,104.1069813
31541,P1,28.0,28.0,748.0,748.0,False,1.33,8.66,5375783935,30.6570878,103.9967591
34139,P1,28.0,28.0,748.0,748.0,False,0.94,8.0,5053143851,30.7217675,104.0032403
52288,P1,28.0,28.0,748.0,748.0,False,0.1,8.0,1313065623,30.6355359,104.076713
8391,P1,28.0,28.0,748.0,748.0,False,0.94,8.0,2847752856,30.65742,104.10393
85405,P1,28.0,28.0,748.0,748.0,False,1.4,8.8,2690137361,30.709609,104.0180645
92591,P1,28.0,28.0,748.0,748.0,False,0.95,8.0,4794975966,30.6469615,104.0564259
95190,P1,28.0,28.0,748.0,748.0,False,0.2,8.0,1314184368,30.6389939,104.0761579
155077,P1,29.0,29.0,749.0,749.0,False,0.67,8.0,4989782374,30.6838942,104.0603392
158691,P1,29.0,29.0,749.0,749.0,False,0.45,8.0,4900292686,30.67149,104.0642
180983,P1,29.0,29.0,749.0,749.0,False,1.49,8.98,1458972939,30.6638086,104.0895718
192184,P1,29.0,29.0,749.0,749.0,False,1.04,8.08,4695701807,30.6121075,104.0200827
40882,P1,29.0,29.0,749.0,749.0,False,1.91,9.82,1311904431,30.6418292,104.0732875
77480,P1,29.0,29.0,749.0,749.0,False,1.04,8.08,1311904431,30.6418292,104.0732875
94557,P1,29.0,29.0,749.0,749.0,False,2.71,11.42,5213253154,30.706061,104.0947877
99191,P1,29.0,29.0,749.0,749.0,False,0.74,8.0,1159231408,30.6849598,104.0881861
149327,P1,30.0,30.0,750.0,750.0,False,0.63,8.0,4934383684,30.616535,104.1164446
161101,P1,30.0,30.0,750.0,750.0,False,1.27,8.54,1339701401,30.6991686,104.0458344
163623,P1,30.0,30.0,750.0,750.0,False,1.69,9.38,1159226736,30.6941,104.05418
195923,P1,30.0,30.0,750.0,750.0,False,0.69,8.0,3562055475,30.7175,104.03612
36061,P1,30.0,30.0,750.0,750.0,False,0.68,8.0,432452895,30.6185154,104.0577578
48480,P1,30.0,30.0,750.0,750.0,False,0.68,8.0,4064178180,30.6739262,104.0018024
48576,P1,30.0,30.0,750.0,750.0,False,1.86,9.72,4748183731,30.6255167,104.0173584
50646,P1,30.0,30.0,750.0,750.0,False,2.24,10.48,5141468694,30.6351947,104.0922324
56156,P1,30.0,30.0,750.0,750.0,False,1.69,9.38,2726869945,30.6784606,104.0389184
58235,P1,30.0,30.0,750.0,750.0,False,0.96,8.0,1156126798,30.66499,104.04267
86288,P1,30.0,30.0,750.0,750.0,False,1.97,9.94,4548211276,30.66058,104.058355
91722,P1,30.0,30.0,750.0,750.0,False,3.5,13.0,4981598330,30.6308847,103.9978148
97299,P1,30.0,30.0,750.0,750.0,False,1.42,8.84,1815741542,30.69025,104.0771
110633,P1,31.0,31.0,751.0,751.0,False,1.89,9.78,4772430863,30.6778499,104.006853
11500,P1,31.0,31.0,751.0,751.0,False,1.2,8.4,2733352544,30.6189326,104.0770769
123282,P1,31.0,31.0,751.0,751.0,False,0.06,8.0,1313998737,30.6344134,104.085936
141293,P1,31.0,31.0,751.0,751.0,False,1.1,8.2,4779165730,30.630515,104.027462
158799,P1,31.0,31.0,751.0,751.0,False,0.14,8.0,2717970034,30.6294597,104.0598276
191528,P1,31.0,31.0,751.0,751.0,False,2.35,10.7,3445813114,30.6618463,104.0770904
197646,P1,31.0,31.0,751.0,751.0,False,1.2,8.4,4701577705,30.6175321,104.0727403
208247,P1,31.0,31.0,751.0,751.0,False,0.34,8.0,1159131458,30.669212,104.06006
51923,P1,31.0,31.0,751.0,751.0,False,1.2,8.4,4359391012,30.72382,104.11473
62098,P1,31.0,31.0,751.0,751.0,False,0.34,8.0,1987226884,30.6667057,104.0490266
7555,P1,31.0,31.0,751.0,751.0,False,2.35,10.7,2691023134,30.7177496,103.9865264
76699,P1,31.0,31.0,751.0,751.0,False,2.0,10.0,1159228754,30.688362,104.10821
108507,P1,32.0,32.0,752.0,752.0,False,1.73,9.46,4638050365,30.71433,104.062904
129171,P1,32.0,32.0,752.0,752.0,False,2.47,10.94,4585624086,30.6737789,104.0302601
132379,P1,32.0,32.0,752.0,752.0,False,0.91,8.0,5283966197,30.700811,104.10474
136178,P1,32.0,32.0,752.0,752.0,False,0.65,8.0,4106682207,30.6625883,103.9798102
151751,P1,32.0,32.0,752.0,752.0,False,0.4,8.0,5213238510,30.64387,104.0316
174165,P1,32.0,32.0,752.0,752.0,False,0.12,8.0,4701464736,30.6164296,104.0624066
20883,P1,32.0,32.0,752.0,752.0,False,0.4,8.0,4548211249,30.6771193,104.0577876
2471,P1,32.0,32.0,752.0,752.0,False,0.12,8.0,4973209495,30.6134118,104.0456804
55562,P1,32.0,32.0,752.0,752.0,False,0.18,8.0,432429422,30.6363058,104.0338325
74138,P1,32.0,32.0,752.0,752.0,False,0.65,8.0,4693647097,30.6320632,104.0725698
75699,P1,32.0,32.0,752.0,752.0,False,0.91,8.0,1455111116,30.6958872,104.1059746
95518,P1,32.0,32.0,752.0,752.0,False,0.18,8.0,4136052212,30.6096787,104.0471204
10664,P1,33.0,33.0,753.0,753.0,False,1.85,9.7,4695601585,30.6108388,104.0332912
13634,P1,33.0,33.0,753.0,753.0,False,0.84,8.0,1916386566,30.6265294,104.0220629
158385,P1,33.0,33.0,753.0,753.0,False,1.17,8.34,2041527433,30.6906512,104.0970227
163703,P1,33.0,33.0,753.0,753.0,False,0.47,8.0,3445813118,30.665857,104.0778
42106,P1,33.0,33.0,753.0,753.0,False,0.9,8.0,4967265406,30.6501528,104.0921508
70729,P1,33.0,33.0,753.0,753.0,False,1.38,8.76,5218239997,30.698366,104.0518934
76443,P1,33.0,33.0,753.0,753.0,False,2.64,11.28,1305816735,30.66699,104.06814
85332,P1,33.0,33.0,753.0,753.0,False,2.61,11.22,5213253219,30.7256417,104.0722196
104273,P1,34.0,34.0,754.0,754.0,False,0.27,8.0,4772463265,30.6632231,104.0456704
124781,P1,34.0,34.0,754.0,754.0,False,0.46,8.0,1159947333,30.6560249,104.0733693
128883,P1,34.0,34.0,754.0,754.0,False,1.23,8.46,2214043177,30.6285325,104.0894399
131838,P1,34.0,34.0,754.0,754.0,False,0.85,8.0,2651598888,30.6849992,104.0773832
135973,P1,34.0,34.0,754.0,754.0,False,1.91,9.82,672406316,30.6524299,104.0693456
154820,P1,34.0,34.0,754.0,754.0,False,2.84,11.68,672287939,30.6651337,104.0543904
163167,P1,34.0,34.0,754.0,754.0,False,0.59,8.0,5218132872,30.642216,104.110112
168083,P1,34.0,34.0,754.0,754.0,False,1.32,8.64,432432462,30.651193,104.0546271
168607,P1,34.0,34.0,754.0,754.0,False,1.91,9.82,1159450070,30.66881,104.03248
43055,P1,34.0,34.0,754.0,754.0,False,1.71,9.42,3562045362,30.72311,104.062
48474,P1,34.0,34.0,754.0,754.0,False,1.75,9.5,1492408885,30.6398713,104.0638828
101193,P1,35.0,35.0,755.0,755.0,False,0.11,8.0,1493185374,30.6142971,104.0649015
111843,P1,35.0,35.0,755.0,755.0,False,1.45,8.9,5422574947,30.692722,104.07657
119665,P1,35.0,35.0,755.0,755.0,False,2.58,11.16,5213253135,30.664583,104.0934462
121162,P1,35.0,35.0,755.0,755.0,False,0.26,8.0,4118527330,30.6963771,104.106098
122204,P1,35.0,35.0,755.0,755.0,False,0.18,8.0,1918491718,30.649571,103.9838543
136819,P1,35.0,35.0,755.0,755.0,False,2.58,11.16,3681180642,30.65489,104.06908
153270,P1,35.0,35.0,755.0,755.0,False,0.26,8.0,2564226649,30.6419605,104.0136976
158007,P1,35.0,35.0,755.0,755.0,False,0.11,8.0,3541364355,30.6155989,104.0893798
172632,P1,35.0,35.0,755.0,755.0,False,0.26,8.0,4794975966,30.6469615,104.0564259
175512,P1,35.0,35.0,755.0,755.0,False,0.03,8.0,3680455705,30.6592732,104.0135581
18195,P1,35.0,35.0,755.0,755.0,False,1.36,8.72,4773916423,30.6586931,104.0019654
205603,P1,35.0,35.0,755.0,755.0,False,0.83,8.0,3034393458,30.68335,104.04441
34099,P1,35.0,35.0,755.0,755.0,False,1.46,8.92,1964323678,30.67472,104.10065
44313,P1,35.0,35.0,755.0,755.0,False,0.97,8.0,5141468723,30.6350318,104.0941188
4697,P1,35.0,35.0,755.0,755.0,False,2.02,10.04,3089029126,30.6601973,104.0530264
48861,P1,35.0,35.0,755.0,755.0,False,2.87,11.74,4106682120,30.6442026,103.9718285
50923,P1,35.0,35.0,755.0,755.0,False,1.46,8.92,5312164201,30.6669683,104.1014989
54645,P1,35.0,35.0,755.0,755.0,False,0.75,8.0,5375784230,30.6326764,104.0085178
67797,P1,35.0,35.0,755.0,755.0,False,0.83,8.0,4972899546,30.6133345,104.0499744
89556,P1,35.0,35.0,755.0,755.0,False,1.39,8.78,1492416219,30.6261793,104.0643131
95995,P1,35.0,35.0,755.0,755.0,False,0.55,8.0,1301933046,30.65439,104.07047
140913,P1,36.0,36.0,756.0,756.0,False,1.06,8.12,1458910133,30.6818887,104.0945196
20093,P1,36.0,36.0,756.0,756.0,False,1.11,8.22,5382831194,30.6773243,104.0981611
33324,P1,36.0,36.0,756.0,756.0,False,3.89,13.78,1159932053,30.670928,103.9882158
50018,P1,36.0,36.0,756.0,756.0,False,3.61,13.22,1916386564,30.6299124,104.0133239
53362,P1,36.0,36.0,756.0,756.0,False,3.61,13.22,3089075663,30.6504118,104.054373
56861,P1,36.0,36.0,756.0,756.0,False,2.35,10.7,1311904409,30.6447142,104.0782275
72375,P1,36.0,36.0,756.0,756.0,False,2.18,10.36,3943038380,30.64288,104.0616
89719,P1,36.0,36.0,756.0,756.0,False,0.43,8.0,1159488285,30.68723,104.07412
9340,P1,36.0,36.0,756.0,756.0,False,0.15,8.0,1507366180,30.6959997,104.0835137
133632,P1,37.0,37.0,757.0,757.0,False,3.25,12.5,4550769795,30.6498745,104.1098212
143604,P1,37.0,37.0,757.0,757.0,False,0.99,8.0,4414330242,30.6635433,104.0873077
167973,P1,37.0,37.0,757.0,757.0,False,1.53,9.06,1507366178,30.6959094,104.0834612
175947,P1,37.0,37.0,757.0,757.0,False,0.51,8.0,1159231411,30.687092,104.083
17700,P1,37.0,37.0,757.0,757.0,False,2.77,11.54,1500638639,30.6906254,104.0349723
191008,P1,37.0,37.0,757.0,757.0,False,1.53,9.06,432442576,30.6845446,104.0280711
192924,P1,37.0,37.0,757.0,757.0,False,0.3,8.0,3033986251,30.6607522,104.0257411
197131,P1,37.0,37.0,757.0,757.0,False,0.93,8.0,3943038365,30.64413,104.065
208523,P1,37.0,37.0,757.0,757.0,False,2.07,10.14,441187385,30.689121,104.06313
25052,P1,37.0,37.0,757.0,757.0,False,2.39,10.78,2852227693,30.6870368,104.0671329
79377,P1,37.0,37.0,757.0,757.0,False,2.48,10.96,1819305361,30.6245767,104.0902717
82379,P1,37.0,37.0,757.0,757.0,False,0.59,8.0,1159231823,30.68795,104.07899
93410,P1,37.0,37.0,757.0,757.0,False,0.99,8.0,4989782355,30.6837988,104.0589449
104492,P1,38.0,38.0,758.0,758.0,False,1.39,8.78,5375783796,30.6555511,103.999267
131128,P1,38.0,38.0,758.0,758.0,False,2.34,10.68,3034029051,30.6761946,104.0028058
164,P1,38.0,38.0,758.0,758.0,False,2.4,10.8,4550018622,30.6097035,103.9804203
174146,P1,38.0,38.0,758.0,758.0,False,1.39,8.78,1916531026,30.6258323,103.9828443
176668,P1,38.0,38.0,758.0,758.0,False,0.98,8.0,4693610141,30.6356278,104.0688162
185360,P1,38.0,38.0,758.0,758.0,False,1.47,8.94,314614375,30.6219189,104.0399447
201118,P1,38.0,38.0,758.0,758.0,False,0.31,8.0,1815729260,30.7140442,104.0720424
209135,P1,38.0,38.0,758.0,758.0,False,0.25,8.0,2930487776,30.7246179,104.0988442
52923,P1,38.0,38.0,758.0,758.0,False,0.25,8.0,1159472371,30.69656,104.03799
5817,P1,38.0,38.0,758.0,758.0,False,0.25,8.0,4548318165,30.6259711,104.0946067
62553,P1,38.0,38.0,758.0,758.0,False,0.4,8.0,5375783749,30.632424,104.0113409
71884,P1,38.0,38.0,758.0,758.0,False,0.98,8.0,432442539,30.6941586,104.0133124
75955,P1,38.0,38.0,758.0,758.0,False,0.33,8.0,4772463291,30.661337,104.0435044
77381,P1,38.0,38.0,758.0,758.0,False,0.77,8.0,3541401925,30.6967002,104.0100125
87534,P1,38.0,38.0,758.0,758.0,False,0.35,8.0,5145177730,30.7239166,104.1013839
88473,P1,38.0,38.0,758.0,758.0,False,1.47,8.94,1159223970,30.7039011,104.042383
92545,P1,38.0,38.0,758.0,758.0,False,0.4,8.0,4582782984,30.6540919,104.0509498
132125,P1,39.0,39.0,759.0,759.0,False,0.74,8.0,432432534,30.6541969,104.0386483
136132,P1,39.0,39.0,759.0,759.0,False,0.3,8.0,4779165709,30.6371683,104.0250186
151787,P1,39.0,39.0,759.0,759.0,False,1.99,9.98,1964394675,30.6698654,104.1061769
185111,P1,39.0,39.0,759.0,759.0,False,0.07,8.0,3516896165,30.664371,104.07084
191039,P1,39.0,39.0,759.0,759.0,False,0.74,8.0,3614070493,30.6717373,104.0538054
34541,P1,39.0,39.0,759.0,759.0,False,1.98,9.96,1457843757,30.6880064,104.0998047
42592,P1,39.0,39.0,759.0,759.0,False,0.74,8.0,4963999563,30.7172978,104.0314568
83556,P1,39.0,39.0,759.0,759.0,False,0.74,8.0,1507371735,30.6968505,104.0747738
10222,P1,40.0,40.0,760.0,760.0,False,1.76,9.52,1492405937,30.6497248,104.0580098
10380,P1,40.0,40.0,760.0,760.0,False,1.34,8.68,1507225954,30.7131908,104.078101
123711,P1,40.0,40.0,760.0,760.0,False,1.54,9.08,1885342917,30.68168,104.0992
131972,P1,40.0,40.0,760.0,760.0,False,0.52,8.0,1445535379,30.6499323,104.0619096
133982,P1,40.0,40.0,760.0,760.0,False,0.46,8.0,672282820,30.6576313,104.1025681
146632,P1,40.0,40.0,760.0,760.0,False,1.54,9.08,1458459966,30.6852172,104.1017526
150464,P1,40.0,40.0,760.0,760.0,False,1.97,9.94,5053143825,30.7157443,104.0141001
167750,P1,40.0,40.0,760.0,760.0,False,1.03,8.06,3815062819,30.7266794,104.0660286
191162,P1,40.0,40.0,760.0,760.0,False,0.74,8.0,504315317,30.6972544,104.1052658
191291,P1,40.0,40.0,760.0,760.0,False,2.46,10.92,1301933007,30.65109,104.079155
197998,P1,40.0,40.0,760.0,760.0,False,0.52,8.0,3087817511,30.6658238,103.997649
199364,P1,40.0,40.0,760.0,760.0,False,0.52,8.0,432452995,30.6607427,104.0684023
202110,P1,40.0,40.0,760.0,760.0,False,1.11,8.22,1457873396,30.6866508,104.1007778
208193,P1,40.0,40.0,760.0,760.0,False,0.54,8.0,2726978412,30.6110285,104.0511406
3979,P1,40.0,40.0,760.0,760.0,False,2.88,11.76,432432544,30.6592151,104.038521
78435,P1,40.0,40.0,760.0,760.0,False,1.75,9.5,4699007147,30.6120035,104.0354944
8669,P1,40.0,40.0,760.0,760.0,False,1.03,8.06,1072704390,30.699589,104.0773613
108819,P1,41.0,41.0,761.0,761.0,False,0.29,8.0,1492639723,30.6224571,104.0669434
1172,P1,41.0,41.0,761.0,761.0,False,0.02,8.0,4107389530,30.7230841,104.0083952
122755,P1,41.0,41.0,761.0,761.0,False,1.88,9.76,3034393462,30.683254,104.04617
131865,P1,41.0,41.0,761.0,761.0,False,0.24,8.0,3034029055,30.682102,103.9965228
132457,P1,41.0,41.0,761.0,761.0,False,0.79,8.0,4601261196,30.6589078,104.0617639
135663,P1,41.0,41.0,761.0,761.0,False,0.75,8.0,5102886113,30.6863806,103.9939947
146435,P1,41.0,41.0,761.0,761.0,False,0.81,8.0,314614358,30.6303817,104.0455141
182735,P1,41.0,41.0,761.0,761.0,False,2.04,10.08,1301932981,30.651793,104.0799
198471,P1,41.0,41.0,761.0,761.0,False,0.75,8.0,5213238596,30.65815,104.0821
56952,P1,41.0,41.0,761.0,761.0,False,0.29,8.0,3523308810,30.641549,104.0744331
68828,P1,41.0,41.0,761.0,761.0,False,2.04,10.08,2785841182,30.6883007,104.0188268
75473,P1,41.0,41.0,761.0,761.0,False,0.75,8.0,5375783989,30.6511974,103.9887698
77553,P1,41.0,41.0,761.0,761.0,False,0.4,8.0,1504210130,30.7068069,104.0951122
78272,P1,41.0,41.0,761.0,761.0,False,0.65,8.0,2692990558,30.7052192,104.0929317
99562,P1,41.0,41.0,761.0,761.0,False,0.02,8.0,4772430853,30.6773543,104.0068206
103362,P1,42.0,42.0,762.0,762.0,False,1.56,9.12,5102886097,30.701954,103.9805892
109167,P1,42.0,42.0,762.0,762.0,False,0.98,8.0,2039528344,30.666975,104.1102303
127186,P1,42.0,42.0,762.0,762.0,False,1.15,8.3,1159144966,30.6625746,104.0663991
155212,P1,42.0,42.0,762.0,762.0,False,0.16,8.0,5359113188,30.677816,104.0120656
157311,P1,42.0,42.0,762.0,762.0,False,1.01,8.02,4449099864,30.6515732,104.1060529
204393,P1,42.0,42.0,762.0,762.0,False,1.57,9.14,1301933028,30.6496688,104.0808358
207555,P1,42.0,42.0,762.0,762.0,False,0.37,8.0,432452895,30.62042,104.05751
64478,P1,42.0,42.0,762.0,762.0,False,1.13,8.26,5213238352,30.6408679,104.0419308
71267,P1,42.0,42.0,762.0,762.0,False,0.14,8.0,5055908305,30.71592,104.11505
84308,P1,42.0,42.0,762.0,762.0,False,2.38,10.76,1459039204,30.6462551,104.1079678
88485,P1,42.0,42.0,762.0,762.0,False,0.14,8.0,1469155005,30.6321893,104.1142331
107762,P1,43.0,43.0,763.0,763.0,False,1.21,8.42,1313065812,30.6294501,104.087285
112539,P1,43.0,43.0,763.0,763.0,False,1.49,8.98,4991426385,30.6512187,103.9828504
114275,P1,43.0,43.0,763.0,763.0,False,1.21,8.42,4550769855,30.632545,104.100716
129180,P1,43.0,43.0,763.0,763.0,False,1.91,9.82,1305816719,30.6489617,104.0824983
134778,P1,43.0,43.0,763.0,763.0,False,1.46,8.92,4549993177,30.7060055,104.0327694
138055,P1,43.0,43.0,763.0,763.0,False,0.42,8.0,3034409152,30.721598,104.07659
171235,P1,43.0,43.0,763.0,763.0,False,1.46,8.92,5283966373,30.711563,104.09652
180364,P1,43.0,43.0,763.0,763.0,False,1.46,8.92,4772463258,30.6643129,104.0449738
203537,P1,43.0,43.0,763.0,763.0,False,0.22,8.0,1445484328,30.6460787,104.0638391
23284,P1,43.0,43.0,763.0,763.0,False,0.26,8.0,1445485650,30.6359353,104.0631555
24775,P1,43.0,43.0,763.0,763.0,False,0.77,8.0,1339701406,30.7100912,104.0459688
51375,P1,43.0,43.0,763.0,763.0,False,0.26,8.0,3613960004,30.6696875,104.0535936
59797,P1,43.0,43.0,763.0,763.0,False,1.26,8.52,3927876951,30.676205,103.9921458
69852,P1,43.0,43.0,763.0,763.0,False,2.95,11.9,5141468666,30.6380439,104.0932194
79307,P1,43.0,43.0,763.0,763.0,False,0.22,8.0,1506395061,30.7051043,104.0755349
81807,P1,43.0,43.0,763.0,763.0,False,1.49,8.98,2456925122,30.63705,104.10297
85135,P1,43.0,43.0,763.0,763.0,False,1.18,8.36,1301932975,30.65588,104.07142
89840,P1,43.0,43.0,763.0,763.0,False,2.58,11.16,4915830830,30.6752444,104.0714931
9502,P1,43.0,43.0,763.0,763.0,False,1.18,8.36,4550018805,30.620037,104.0118693
15543,P1,44.0,44.0,764.0,764.0,False,0.94,8.0,3541364359,30.6165148,104.0888383
177275,P1,44.0,44.0,764.0,764.0,False,1.19,8.38,5213238546,30.654776,104.08539
187599,P1,44.0,44.0,764.0,764.0,False,1.15,8.3,4695700263,30.6166728,104.0158739
193272,P1,44.0,44.0,764.0,764.0,False,1.58,9.16,441221463,30.648116,104.0276261
194183,P1,44.0,44.0,764.0,764.0,False,0.43,8.0,4987535030,30.62724,104.013872
196607,P1,44.0,44.0,764.0,764.0,False,0.01,8.0,3541427576,30.70446,104.03422
20602,P1,44.0,44.0,764.0,764.0,False,2.51,11.02,2564226620,30.6340226,104.0241273
27440,P1,44.0,44.0,764.0,764.0,False,0.62,8.0,5213238434,30.6406894,104.0326418
42751,P1,44.0,44.0,764.0,764.0,False,0.41,8.0,1947583808,30.6942533,104.0805489
48096,P1,44.0,44.0,764.0,764.0,False,0.34,8.0,3076737453,30.6598053,104.0515883
96274,P1,44.0,44.0,764.0,764.0,False,2.76,11.52,4550018629,30.6487126,104.0574834
97447,P1,44.0,44.0,764.0,764.0,False,1.6,9.2,2981319492,30.710163,104.01195
102414,P1,45.0,45.0,765.0,765.0,False,2.6,11.2,5141468778,30.6306381,104.0943624
102559,P1,45.0,45.0,765.0,765.0,False,2.5,11.0,2329101948,30.6933261,104.0144845
133927,P1,45.0,45.0,765.0,765.0,False,1.68,9.36,3562028086,30.68069,104.1152
13477,P1,45.0,45.0,765.0,765.0,False,1.92,9.84,4449099864,30.6515732,104.1060529
143615,P1,45.0,45.0,765.0,765.0,False,1.5,9.0,3633008400,30.6658,104.04045
144370,P1,45.0,45.0,765.0,765.0,False,1.99,9.98,1156126883,30.668247,104.0757688
198746,P1,45.0,45.0,765.0,765.0,False,1.5,9.0,4572410194,30.6856589,103.9731084
208471,P1,45.0,45.0,765.0,765.0,False,2.5,11.0,3681180644,30.6562044,104.0674967
24391,P1,45.0,45.0,765.0,765.0,False,0.77,8.0,3979164218,30.6751072,104.0891915
30640,P1,45.0,45.0,765.0,765.0,False,1.06,8.12,2313566057,30.6478374,104.0699264
39406,P1,45.0,45.0,765.0,765.0,False,0.74,8.0,3541393472,30.6875485,104.0235791
7405,P1,45.0,45.0,765.0,765.0,False,1.05,8.1,314623148,30.6515842,104.0635976
7854,P1,45.0,45.0,765.0,765.0,False,0.32,8.0,4693610171,30.6340601,104.0703572
164264,P1,46.0,46.0,766.0,766.0,False,2.52,11.04,3541427566,30.7175511,104.0397509
181558,P1,46.0,46.0,766.0,766.0,False,0.09,8.0,439751893,30.6654472,103.983427
26537,P1,46.0,46.0,766.0,766.0,False,0.45,8.0,5283966192,30.7032928,104.116391
42883,P1,46.0,46.0,766.0,766.0,False,0.23,8.0,702755670,30.67196,103.9692
61571,P1,46.0,46.0,766.0,766.0,False,0.9,8.0,1445523920,30.6494497,104.0656162
66723,P1,46.0,46.0,766.0,766.0,False,0.03,8.0,1458937192,30.6766,104.09502
68092,P1,46.0,46.0,766.0,766.0,False,0.47,8.0,1457841606,30.6907791,104.1014833
89523,P1,46.0,46.0,766.0,766.0,False,1.89,9.78,5141328428,30.6102285,104.0611614
105222,P1,47.0,47.0,767.0,767.0,False,2.42,10.84,1916386558,30.6438568,104.0122246
115589,P1,47.0,47.0,767.0,767.0,False,1.9,9.8,5141468648,30.6338985,104.0928327
126287,P1,47.0,47.0,767.0,767.0,False,1.71,9.42,4721452999,30.70403,104.08237
145091,P1,47.0,47.0,767.0,767.0,False,0.21,8.0,3034029052,30.6760811,104.0027193
188727,P1,47.0,47.0,767.0,767.0,False,2.06,10.12,432442965,30.679351,104.0147137
197673,P1,47.0,47.0,767.0,767.0,False,0.21,8.0,2823785826,30.6602111,104.0563873
94974,P1,47.0,47.0,767.0,767.0,False,0.21,8.0,1815728551,30.7160488,104.1005357
101698,P1,48.0,48.0,768.0,768.0,False,0.46,8.0,1312615939,30.6405721,104.0801374
107095,P1,48.0,48.0,768.0,768.0,False,0.46,8.0,2317059626,30.6270943,104.0450423
140577,P1,48.0,48.0,768.0,768.0,False,0.66,8.0,4572409866,30.688183,104.0705932
161031,P1,48.0,48.0,768.0,768.0,False,0.79,8.0,4550018616,30.648849,104.0703341
30167,P1,48.0,48.0,768.0,768.0,False,1.59,9.18,432432535,30.654985,104.0431
34521,P1,48.0,48.0,768.0,768.0,False,1.07,8.14,5213238579,30.6359443,104.0647239
47007,P1,48.0,48.0,768.0,768.0,False,0.82,8.0,2997203346,30.6977886,104.0737909
62830,P1,48.0,48.0,768.0,768.0,False,0.57,8.0,1460296423,30.6496678,104.110043
8019,P1,48.0,48.0,768.0,768.0,False,1.26,8.52,5034131303,30.6513901,103.990594
85483,P1,48.0,48.0,768.0,768.0,False,0.48,8.0,4106682124,30.644609,103.9855675
96747,P1,48.0,48.0,768.0,768.0,False,1.02,8.04,2276405725,30.6196787,104.0927444
96876,P1,48.0,48.0,768.0,768.0,False,0.82,8.0,1159939796,30.669577,104.0270813
103293,P1,49.0,49.0,769.0,769.0,False,0.54,8.0,4296641707,30.6483298,104.091056
13006,P1,49.0,49.0,769.0,769.0,False,0.73,8.0,4548259556,30.6647195,104.0190605
150171,P1,49.0,49.0,769.0,769.0,False,1.81,9.62,1815729262,30.7144362,104.0677036
165567,P1,49.0,49.0,769.0,769.0,False,2.04,10.08,671587267,30.64623,104.06613
167721,P1,49.0,49.0,769.0,769.0,False,0.34,8.0,1159477630,30.6732712,104.0543974
169158,P1,49.0,49.0,769.0,769.0,False,1.95,9.9,4695701798,30.6127336,104.0193133
189006,P1,49.0,49.0,769.0,769.0,False,0.78,8.0,4444112339,30.7189594,104.1017075
37583,P1,49.0,49.0,769.0,769.0,False,0.34,8.0,1156126883,30.66895,104.076
38171,P1,49.0,49.0,769.0,769.0,False,0.17,8.0,5375783793,30.6555709,103.9997716
40461,P1,49.0,49.0,769.0,769.0,False,1.04,8.08,4701577759,30.6223977,104.0812069
52773,P1,49.0,49.0,769.0,769.0,False,0.17,8.0,2564226652,30.6426265,104.0153083
63265,P1,49.0,49.0,769.0,769.0,False,1.04,8.08,1159176910,30.6299161,104.0522837
68251,P1,49.0,49.0,769.0,769.0,False,1.45,8.9,2651598888,30.68465,104.07691
102619,P1,50.0,50.0,770.0,770.0,False,1.22,8.44,4964134694,30.705688,104.0211277
110635,P1,50.0,50.0,770.0,770.0,False,0.66,8.0,4548211410,30.6785644,104.0488985
115205,P1,50.0,50.0,770.0,770.0,False,1.31,8.62,3436486399,30.639693,104.046303
143977,P1,50.0,50.0,770.0,770.0,False,1.49,8.98,4447946469,30.6532673,104.116246
154048,P1,50.0,50.0,770.0,770.0,False,1.31,8.62,3579517898,30.6642286,104.0579814
198413,P1,50.0,50.0,770.0,770.0,False,1.04,8.08,4693609930,30.6317764,104.0720482
200852,P1,50.0,50.0,770.0,770.0,False,0.13,8.0,1916516774,30.6246858,104.0051368
21512,P1,50.0,50.0,770.0,770.0,False,0.31,8.0,4693610171,30.6340601,104.0703572
23205,P1,50.0,50.0,770.0,770.0,False,0.02,8.0,2956775230,30.7119064,104.0361808
31882,P1,50.0,50.0,770.0,770.0,False,1.04,8.08,1506559767,30.708702,104.073101
43693,P1,50.0,50.0,770.0,770.0,False,2.03,10.06,2726978412,30.6110285,104.0511406
6379,P1,50.0,50.0,770.0,770.0,False,0.82,8.0,1916386562,30.6438068,104.0595156
68205,P1,50.0,50.0,770.0,770.0,False,0.94,8.0,1885342917,30.681865,104.098938
69235,P1,50.0,50.0,770.0,770.0,False,1.04,8.08,4230839437,30.655626,104.066185
93827,P1,50.0,50.0,770.0,770.0,False,0.66,8.0,1159486355,30.68994,104.06621
105226,P1,51.0,51.0,771.0,771.0,False,0.59,8.0,4699007121,30.6101117,104.0378382
108467,P1,51.0,51.0,771.0,771.0,False,0.03,8.0,5053143825,30.7157443,104.0141001
154639,P1,51.0,51.0,771.0,771.0,False,1.79,9.58,4779165778,30.636525,104.0734961
15929,P1,51.0,51.0,771.0,771.0,False,0.63,8.0,4580783029,30.6367782,104.0433571
162450,P1,51.0,51.0,771.0,771.0,False,0.72,8.0,4106682115,30.6440275,103.98288
162919,P1,51.0,51.0,771.0,771.0,False,0.63,8.0,1159149478,30.65452,104.07764
172355,P1,51.0,51.0,771.0,771.0,False,0.99,8.0,2847752856,30.655407,104.10517
22879,P1,51.0,51.0,771.0,771.0,False,0.11,8.0,3445794973,30.6621836,104.0786846
23828,P1,51.0,51.0,771.0,771.0,False,2.24,10.48,3496259320,30.6695351,104.0894725
38735,P1,51.0,51.0,771.0,771.0,False,0.72,8.0,2204171432,30.7214787,104.0991562
79775,P1,51.0,51.0,771.0,771.0,False,0.08,8.0,628641785,30.68237,104.08511
101719,P1,52.0,52.0,772.0,772.0,False,0.31,8.0,4991426396,30.6486738,103.9847852
105279,P1,52.0,52.0,772.0,772.0,False,0.05,8.0,4102465473,30.685251,104.041824
106730,P1,52.0,52.0,772.0,772.0,False,1.94,9.88,4701464739,30.614716,104.0620243
112111,P1,52.0,52.0,772.0,772.0,False,1.11,8.22,4447946474,30.65332,104.1120082
137607,P1,52.0,52.0,772.0,772.0,False,0.22,8.0,4794944074,30.660122,104.07005
143330,P1,52.0,52.0,772.0,772.0,False,0.5,8.0,4106682233,30.6797038,104.0017987
182915,P1,52.0,52.0,772.0,772.0,False,0.5,8.0,3736570433,30.6978436,104.0697627
184247,P1,52.0,52.0,772.0,772.0,False,0.31,8.0,4548211609,30.6261413,104.0474114
185992,P1,52.0,52.0,772.0,772.0,False,1.82,9.64,1301932980,30.6535045,104.0727944
209379,P1,52.0,52.0,772.0,772.0,False,0.5,8.0,3034393457,30.66807,104.05443
24656,P1,52.0,52.0,772.0,772.0,False,1.55,9.1,4878041005,30.6219621,104.0995531
47437,P1,52.0,52.0,772.0,772.0,False,1.12,8.24,4219549257,30.6109806,104.0580492
50460,P1,52.0,52.0,772.0,772.0,False,0.05,8.0,1457840980,30.6901806,104.1012743
5340,P1,52.0,52.0,772.0,772.0,False,0.57,8.0,4973209486,30.6093294,104.0457207
72730,P1,52.0,52.0,772.0,772.0,False,1.83,9.66,5213238352,30.6408679,104.0419308
75754,P1,52.0,52.0,772.0,772.0,False,0.51,8.0,3516900120,30.6710255,104.0821581
15350,P1,53.0,53.0,773.0,773.0,False,1.7,9.4,318090636,30.6651668,104.0192489
157147,P1,53.0,53.0,773.0,773.0,False,2.68,11.36,4794992619,30.6412,104.06647
164793,P1,53.0,53.0,773.0,773.0,False,2.68,11.36,5249392200,30.6458603,103.9702717
197102,P1,53.0,53.0,773.0,773.0,False,0.85,8.0,1458561799,30.6895814,104.0966979
26151,P1,53.0,53.0,773.0,773.0,False,0.66,8.0,4693609826,30.6310792,104.0710346
45334,P1,53.0,53.0,773.0,773.0,False,1.84,9.68,4062101468,30.7197623,104.0299823
47995,P1,53.0,53.0,773.0,773.0,False,3.12,12.24,4106681973,30.6405714,103.9752821
53175,P1,53.0,53.0,773.0,773.0,False,3.48,12.96,5055908308,30.70863,104.10928
60795,P1,53.0,53.0,773.0,773.0,False,1.24,8.48,3199773570,30.70047,104.11292
90479,P1,53.0,53.0,773.0,773.0,False,1.28,8.56,3693248903,30.664674,104.0311623
94707,P1,53.0,53.0,773.0,773.0,False,0.07,8.0,3445813123,30.67096,104.07072
123469,P1,54.0,54.0,774.0,774.0,False,0.65,8.0,1507355161,30.6963825,104.079519
176049,P1,54.0,54.0,774.0,774.0,False,1.67,9.34,4118527343,30.6974385,104.0888202
5805,P1,54.0,54.0,774.0,774.0,False,0.61,8.0,4548259586,30.6543246,104.0193875
61444,P1,54.0,54.0,774.0,774.0,False,1.34,8.68,1918491760,30.6425369,104.0041939
93303,P1,54.0,54.0,774.0,774.0,False,2.32,10.64,5055908305,30.7142601,104.1148794
98779,P1,54.0,54.0,774.0,774.0,False,1.6,9.2,1507228514,30.7131726,104.0782277
107330,P1,55.0,55.0,775.0,775.0,False,1.27,8.54,2133188683,30.6157685,104.0845906
134543,P1,55.0,55.0,775.0,775.0,False,0.64,8.0,1159445859,30.68621,104.03368
14912,P1,55.0,55.0,775.0,775.0,False,1.27,8.54,5218239994,30.6982821,104.0524691
164747,P1,55.0,55.0,775.0,775.0,False,0.49,8.0,1956554700,30.679228,104.10828
184887,P1,55.0,55.0,775.0,775.0,False,1.24,8.48,2843289945,30.69968,104.0574
191323,P1,55.0,55.0,775.0,775.0,False,0.67,8.0,1192818265,30.6714991,104.0865323
201121,P1,55.0,55.0,775.0,775.0,False,0.64,8.0,672360629,30.6498706,104.0725875
36772,P1,55.0,55.0,775.0,775.0,False,0.21,8.0,4880298885,30.6224508,104.1012885
52627,P1,55.0,55.0,775.0,775.0,False,0.64,8.0,3562015381,30.6613172,104.0827296
66106,P1,55.0,55.0,775.0,775.0,False,0.48,8.0,5016208001,30.7238203,103.9925259
96297,P1,55.0,55.0,775.0,775.0,False,1.18,8.36,1159945480,30.6561806,104.0562205
110676,P1,56.0,56.0,776.0,776.0,False,0.38,8.0,4991425501,30.6490634,103.9833258
113164,P1,56.0,56.0,776.0,776.0,False,2.27,10.54,1313065965,30.6412341,104.0854812
114727,P1,56.0,56.0,776.0,776.0,False,1.45,8.9,3562033461,30.7047269,104.0740656
126922,P1,56.0,56.0,776.0,776.0,False,0.34,8.0,5213253137,30.7058123,104.0946474
140372,P1,56.0,56.0,776.0,776.0,False,1.68,9.36,432452995,30.6607427,104.0684023
157823,P1,56.0,56.0,776.0,776.0,False,1.82,9.64,2908412246,30.64891,104.08589
162367,P1,56.0,56.0,776.0,776.0,False,1.58,9.16,4548258451,30.650178,104.0303138
194599,P1,56.0,56.0,776.0,776.0,False,0.38,8.0,2729413201,30.63013,104.04893
30914,P1,56.0,56.0,776.0,776.0,False,2.36,10.72,1916401375,30.6119248,104.0250889
5296,P1,56.0,56.0,776.0,776.0,False,0.38,8.0,5141468734,30.636027,104.0942186
59959,P1,56.0,56.0,776.0,776.0,False,2.36,10.72,4703149498,30.6131713,104.0665357
70451,P1,56.0,56.0,776.0,776.0,False,1.25,8.5,4548211447,30.6661912,104.0682416
95058,P1,56.0,56.0,776.0,776.0,False,0.34,8.0,3613960020,30.6720396,104.0495155
98279,P1,56.0,56.0,776.0,776.0,False,1.68,9.36,1506537735,30.7166217,104.0720665
137012,P1,57.0,57.0,777.0,777.0,False,1.72,9.44,3562110284,30.6545166,104.0800496
167455,P1,57.0,57.0,777.0,777.0,False,1.63,9.26,504315473,30.6826152,104.1030924
31348,P1,57.0,57.0,777.0,777.0,False,1.72,9.44,4106682109,30.6435481,103.9786326
65449,P1,57.0,57.0,777.0,777.0,False,1.52,9.04,4964000153,30.7157363,104.0332843
78321,P1,57.0,57.0,777.0,777.0,False,1.1,8.2,432442942,30.682359,104.0276313
109361,P1,58.0,58.0,778.0,778.0,False,0.01,8.0,1157121784,30.6634919,104.005674
10947,P1,58.0,58.0,778.0,778.0,False,1.78,9.56,3034330081,30.66216,104.08642
115208,P1,58.0,58.0,778.0,778.0,False,1.96,9.92,3087817458,30.6502531,104.0244444
161531,P1,58.0,58.0,778.0,778.0,False,0.01,8.0,1301933003,30.6501713,104.0798815
163488,P1,58.0,58.0,778.0,778.0,False,1.43,8.86,4991425501,30.6490634,103.9833258
173511,P1,58.0,58.0,778.0,778.0,False,2.2,10.4,4548211260,30.63374,104.03327
175327,P1,58.0,58.0,778.0,778.0,False,2.14,10.28,1492374043,30.65462,104.06472
179575,P1,58.0,58.0,778.0,778.0,False,1.57,9.14,2039561247,30.6864597,104.1138505
200011,P1,58.0,58.0,778.0,778.0,False,0.02,8.0,1445519636,30.64498,104.06297
29926,P1,58.0,58.0,778.0,778.0,False,0.01,8.0,4550018725,30.6298481,104.0170573
46727,P1,58.0,58.0,778.0,778.0,False,1.43,8.86,671587267,30.645744,104.0663
88755,P1,58.0,58.0,778.0,778.0,False,1.51,9.02,3034409138,30.7174561,104.0903889
133714,P1,59.0,59.0,779.0,779.0,False,2.29,10.58,4136052218,30.6099998,104.0471512
136267,P1,59.0,59.0,779.0,779.0,False,0.67,8.0,672360559,30.6425703,104.0857927
144851,P1,59.0,59.0,779.0,779.0,False,0.31,8.0,1506537730,30.715389,104.0720119
146439,P1,59.0,59.0,779.0,779.0,False,0.82,8.0,4294722532,30.6382284,104.0020828
168976,P1,59.0,59.0,779.0,779.0,False,0.85,8.0,1492633096,30.6213214,104.0646592
174404,P1,59.0,59.0,779.0,779.0,False,0.52,8.0,4748173618,30.6230928,104.0188087
177553,P1,59.0,59.0,779.0,779.0,False,0.76,8.0,3680455705,30.6592732,104.0135581
196623,P1,59.0,59.0,779.0,779.0,False,1.14,8.28,4549759367,30.6945439,104.0335267
200821,P1,59.0,59.0,779.0,779.0,False,1.0,8.0,4549759367,30.6945439,104.0335267
201803,P1,59.0,59.0,779.0,779.0,False,1.14,8.28,2981319500,30.713736,104.00667
26610,P1,59.0,59.0,779.0,779.0,False,2.29,10.58,1507363096,30.6969953,104.0801864
54192,P1,59.0,59.0,779.0,779.0,False,0.85,8.0,432432533,30.6541967,104.0442908
84927,P1,59.0,59.0,779.0,779.0,False,1.07,8.14,1072704335,30.7051535,104.0671596
103692,P1,60.0,60.0,780.0,780.0,False,1.35,8.7,2112261971,30.620255,104.0996867
129988,P1,60.0,60.0,780.0,780.0,False,1.97,9.94,441265746,30.6444698,104.028259
134879,P1,60.0,60.0,780.0,780.0,False,1.43,8.86,1301932985,30.6532299,104.0793162
153113,P1,60.0,60.0,780.0,780.0,False,0.09,8.0,5367317631,30.6607161,103.9778598
157158,P1,60.0,60.0,780.0,780.0,False,1.89,9.78,3979164227,30.6839901,104.0963479
186454,P1,60.0,60.0,780.0,780.0,False,0.23,8.0,803147935,30.6415027,104.0850682
188653,P1,60.0,60.0,780.0,780.0,False,1.16,8.32,1159462565,30.6776517,104.0294445
188919,P1,60.0,60.0,780.0,780.0,False,0.42,8.0,5382831196,30.6752066,104.0976675
190529,P1,60.0,60.0,780.0,780.0,False,1.23,8.46,432432574,30.6638273,104.0333013
191904,P1,60.0,60.0,780.0,780.0,False,1.89,9.78,5375783997,30.6534883,103.9914161
192676,P1,60.0,60.0,780.0,780.0,False,0.02,8.0,1918491759,30.6537357,103.979965
196512,P1,60.0,60.0,780.0,780.0,False,0.11,8.0,4548211231,30.6623306,104.058296
199747,P1,60.0,60.0,780.0,780.0,False,0.82,8.0,5310712649,30.663216,104.109245
205599,P1,60.0,60.0,780.0,780.0,False,0.48,8.0,4550018603,30.65229,104.0537
25424,P1,60.0,60.0,780.0,780.0,False,0.02,8.0,5213238560,30.6407211,104.0326812
2752,P1,60.0,60.0,780.0,780.0,False,0.23,8.0,4934383654,30.6187999,104.1145451
28919,P1,60.0,60.0,780.0,780.0,False,0.23,8.0,2135946726,30.6161466,104.0156152
33211,P1,60.0,60.0,780.0,780.0,False,1.35,8.7,2534025680,30.671331,104.06126
43643,P1,60.0,60.0,780.0,780.0,False,1.34,8.68,4585443318,30.6632784,104.0501348
51932,P1,60.0,60.0,780.0,780.0,False,1.35,8.7,3680455708,30.659392,104.0139298
53812,P1,60.0,60.0,780.0,780.0,False,1.97,9.94,5002301691,30.6618178,104.0204821
72741,P1,60.0,60.0,780.0,780.0,False,1.16,8.32,432442935,30.6613978,104.0235114
73335,P1,60.0,60.0,780.0,780.0,False,1.97,9.94,4548211274,30.6696446,104.0579016
89906,P1,60.0,60.0,780.0,780.0,False,0.26,8.0,4400595031,30.6754637,104.0757095
101340,P1,61.0,61.0,781.0,781.0,False,1.24,8.48,1506428007,30.705024,104.0696225
122813,P1,61.0,61.0,781.0,781.0,False,0.39,8.0,3691534644,30.659028,104.026275
127133,P1,61.0,61.0,781.0,781.0,False,1.17,8.34,441160553,30.7260292,104.0935814
139059,P1,61.0,61.0,781.0,781.0,False,1.82,9.64,439751910,30.6757224,103.9877432
13991,P1,61.0,61.0,781.0,781.0,False,0.07,8.0,1159474708,30.69721,104.04361
202647,P1,61.0,61.0,781.0,781.0,False,1.94,9.88,432442600,30.6900262,104.0290796
27899,P1,61.0,61.0,781.0,781.0,False,1.21,8.42,1159137575,30.6581129,104.0920493
41153,P1,61.0,61.0,781.0,781.0,False,1.19,8.38,4550568579,30.6358321,104.0639668
61577,P1,61.0,61.0,781.0,781.0,False,0.07,8.0,5375784055,30.6563586,103.9989238
67730,P1,61.0,61.0,781.0,781.0,False,0.53,8.0,3562110271,30.6525067,104.0808626
135590,P1,62.0,62.0,782.0,782.0,False,1.65,9.3,4695601316,30.6113445,104.0281647
138935,P1,62.0,62.0,782.0,782.0,False,0.26,8.0,5261581873,30.67558,104.095825
14811,P1,62.0,62.0,782.0,782.0,False,1.82,9.64,3034393462,30.684558,104.0465137
1599,P1,62.0,62.0,782.0,782.0,False,1.65,9.3,4695701802,30.6126623,104.0198619
16091,P1,62.0,62.0,782.0,782.0,False,0.36,8.0,2823798122,30.65735,104.05467
169199,P1,62.0,62.0,782.0,782.0,False,2.33,10.66,1159176888,30.6301219,104.0535225
187401,P1,62.0,62.0,782.0,782.0,False,1.28,8.56,3087817506,30.666221,103.9895484
201799,P1,62.0,62.0,782.0,782.0,False,1.13,8.26,5213253161,30.716415,104.07683
22095,P1,62.0,62.0,782.0,782.0,False,0.71,8.0,3445813130,30.67081,104.07719
25983,P1,62.0,62.0,782.0,782.0,False,1.65,9.3,3516890334,30.6952485,103.983139
49511,P1,62.0,62.0,782.0,782.0,False,1.75,9.5,3034409151,30.7228115,104.0724011
66632,P1,62.0,62.0,782.0,782.0,False,2.25,10.5,1507261226,30.7122732,104.0696739
91729,P1,62.0,62.0,782.0,782.0,False,1.26,8.52,4695701801,30.612171,104.019493
105761,P1,63.0,63.0,783.0,783.0,False,1.53,9.06,5141468774,30.6248848,104.0890945
11239,P1,63.0,63.0,783.0,783.0,False,0.19,8.0,1313998761,30.637688,104.08685
11453,P1,63.0,63.0,783.0,783.0,False,1.14,8.28,1458937182,30.6749291,104.0958115
134791,P1,63.0,63.0,783.0,783.0,False,0.71,8.0,314622931,30.6487504,104.0512656
159145,P1,63.0,63.0,783.0,783.0,False,1.53,9.06,3541376393,30.7160356,104.10067
167015,P1,63.0,63.0,783.0,783.0,False,1.53,9.06,2472054565,30.7039793,104.0495284
196248,P1,63.0,63.0,783.0,783.0,False,0.5,8.0,4548317900,30.6319564,104.0923129
199938,P1,63.0,63.0,783.0,783.0,False,0.26,8.0,4548211472,30.6383459,104.0294391
38420,P1,63.0,63.0,783.0,783.0,False,0.71,8.0,1301933013,30.638015,104.0744565
82591,P1,63.0,63.0,783.0,783.0,False,1.47,8.94,3541393470,30.6871359,104.0260069
104874,P1,64.0,64.0,784.0,784.0,False,0.85,8.0,3541422914,30.7093211,104.0624142
108337,P1,64.0,64.0,784.0,784.0,False,1.3,8.6,4693609808,30.6333912,104.0671674
11896,P1,64.0,64.0,784.0,784.0,False,3.2,12.4,1504202388,30.7096074,104.0969943
119565,P1,64.0,64.0,784.0,784.0,False,0.48,8.0,4107377006,30.6302083,104.0003801
122184,P1,64.0,64.0,784.0,784.0,False,1.46,8.92,1469155626,30.632562,104.11385
124708,P1,64.0,64.0,784.0,784.0,False,0.3,8.0,4964134669,30.720329,104.0296511
132423,P1,64.0,64.0,784.0,784.0,False,0.3,8.0,3927877874,30.6766776,103.9867634
139690,P1,64.0,64.0,784.0,784.0,False,1.34,8.68,432442902,30.6713968,104.0275025
202309,P1,64.0,64.0,784.0,784.0,False,1.34,8.68,4934383661,30.6184139,104.1144276
203917,P1,64.0,64.0,784.0,784.0,False,0.87,8.0,5314457254,30.6929502,104.0546678
205203,P1,64.0,64.0,784.0,784.0,False,1.74,9.48,4572410239,30.69474,104.06979
100660,P1,65.0,65.0,785.0,785.0,False,1.08,8.16,432432593,30.6594274,104.0362036
10145,P1,65.0,65.0,785.0,785.0,False,1.88,9.76,1159155221,30.6442125,104.1015484
123123,P1,65.0,65.0,785.0,785.0,False,1.88,9.76,3633001072,30.664894,104.0233991
129630,P1,65.0,65.0,785.0,785.0,False,1.03,8.06,1492614624,30.6231913,104.0645757
156600,P1,65.0,65.0,785.0,785.0,False,0.41,8.0,1445535379,30.6499323,104.0619096
176846,P1,65.0,65.0,785.0,785.0,False,2.54,11.08,3541376434,30.7234432,104.0481747
178715,P1,65.0,65.0,785.0,785.0,False,1.01,8.02,4695601588,30.6109278,104.0337037
180150,P1,65.0,65.0,785.0,785.0,False,1.03,8.06,4582782984,30.6540919,104.0509498
180459,P1,65.0,65.0,785.0,785.0,False,1.03,8.06,4106682220,30.67013,103.99833
41982,P1,65.0,65.0,785.0,785.0,False,1.03,8.06,1492647285,30.6225044,104.0600179
53363,P1,65.0,65.0,785.0,785.0,False,1.03,8.06,5141468806,30.6230852,104.0829766
86750,P1,65.0,65.0,785.0,785.0,False,2.65,11.3,432432560,30.648601,104.0404737
107340,P1,66.0,66.0,786.0,786.0,False,1.2,8.4,4693609876,30.6319966,104.0696843
130714,P1,66.0,66.0,786.0,786.0,False,1.35,8.7,4695601304,30.6107571,104.0294179
14590,P1,66.0,66.0,786.0,786.0,False,1.08,8.16,3541371613,30.6680667,104.0492802
147796,P1,66.0,66.0,786.0,786.0,False,1.72,9.44,1302807371,30.6424224,104.0874982
148675,P1,66.0,66.0,786.0,786.0,False,0.52,8.0,3541376467,30.7178758,104.0551458
152411,P1,66.0,66.0,786.0,786.0,False,1.2,8.4,5141468696,30.6360241,104.0937883
155995,P1,66.0,66.0,786.0,786.0,False,1.74,9.48,1947583845,30.68568,104.08303
160460,P1,66.0,66.0,786.0,786.0,False,1.06,8.12,4585469582,30.6570481,104.0605732
167515,P1,66.0,66.0,786.0,786.0,False,0.58,8.0,4550018923,30.648867,104.072554
170595,P1,66.0,66.0,786.0,786.0,False,1.2,8.4,2276187313,30.685,104.08124
177476,P1,66.0,66.0,786.0,786.0,False,1.06,8.12,4548211369,30.6779755,104.0676815
36735,P1,66.0,66.0,786.0,786.0,False,1.74,9.48,4580783029,30.6367782,104.0433571
37463,P1,66.0,66.0,786.0,786.0,False,1.2,8.4,4698894019,30.6107365,104.0340323
80037,P1,66.0,66.0,786.0,786.0,False,1.1,8.2,2709174919,30.6268579,104.0817617
9075,P1,66.0,66.0,786.0,786.0,False,1.2,8.4,3541393472,30.6875485,104.0235791
92235,P1,66.0,66.0,786.0,786.0,False,0.58,8.0,1312615944,30.6497721,104.0579498
98519,P1,66.0,66.0,786.0,786.0,False,1.1,8.2,5283966217,30.705777,104.0986108
100266,P1,67.0,67.0,787.0,787.0,False,0.76,8.0,2729157103,30.6129226,104.0786825
186794,P1,67.0,67.0,787.0,787.0,False,1.63,9.26,2915973106,30.6392139,104.1150132
26579,P1,67.0,67.0,787.0,787.0,False,1.2,8.4,4118527280,30.683182,104.064835
54749,P1,67.0,67.0,787.0,787.0,False,1.21,8.42,2041535225,30.6639499,104.0798127
105100,P1,68.0,68.0,788.0,788.0,False,0.4,8.0,504315315,30.698928,104.1041965
122395,P1,68.0,68.0,788.0,788.0,False,1.05,8.1,3034393457,30.6675188,104.0535782
135369,P1,68.0,68.0,788.0,788.0,False,0.0,8.0,1916401301,30.6104083,104.0467326
170408,P1,68.0,68.0,788.0,788.0,False,1.05,8.1,5283966378,30.7112674,104.0939273
173062,P1,68.0,68.0,788.0,788.0,False,1.21,8.42,1459075946,30.6462151,104.1075614
192093,P1,68.0,68.0,788.0,788.0,False,0.98,8.0,3196147286,30.7108617,104.0213924
205971,P1,68.0,68.0,788.0,788.0,False,0.04,8.0,4548211432,30.67875,104.0361
98562,P1,68.0,68.0,788.0,788.0,False,0.98,8.0,4550769105,30.6233959,104.1051007
111422,P1,69.0,69.0,789.0,789.0,False,0.45,8.0,4799195773,30.6145905,103.9944132
113144,P1,69.0,69.0,789.0,789.0,False,1.17,8.34,4695601451,30.6095745,104.0276019
114365,P1,69.0,69.0,789.0,789.0,False,1.17,8.34,1506487131,30.7163976,104.0721587
117934,P1,69.0,69.0,789.0,789.0,False,0.24,8.0,432442544,30.6972869,104.0135121
123860,P1,69.0,69.0,789.0,789.0,False,1.26,8.52,4779165742,30.6314375,104.0357876
131941,P1,69.0,69.0,789.0,789.0,False,1.07,8.14,5141468745,30.6320169,104.0974905
185912,P1,69.0,69.0,789.0,789.0,False,0.63,8.0,4701577710,30.6162167,104.0719198
203114,P1,69.0,69.0,789.0,789.0,False,0.17,8.0,4217837089,30.6259504,104.0427805
38522,P1,69.0,69.0,789.0,789.0,False,0.17,8.0,1159155382,30.644387,104.095925
47707,P1,69.0,69.0,789.0,789.0,False,0.84,8.0,432452887,30.6183134,104.0517222
94539,P1,69.0,69.0,789.0,789.0,False,1.11,8.22,2717970036,30.62956,104.06211
109279,P1,70.0,70.0,790.0,790.0,False,0.38,8.0,1156126798,30.666218,104.04103
116521,P1,70.0,70.0,790.0,790.0,False,0.25,8.0,4695601300,30.6113139,104.0294033
14921,P1,70.0,70.0,790.0,790.0,False,2.43,10.86,4772463262,30.6635247,104.0450755
152335,P1,70.0,70.0,790.0,790.0,False,0.83,8.0,2852215057,30.71528,104.11242
153579,P1,70.0,70.0,790.0,790.0,False,1.12,8.24,2329094595,30.7254157,104.0413492
167670,P1,70.0,70.0,790.0,790.0,False,0.13,8.0,432442855,30.6731132,103.9920115
43382,P1,70.0,70.0,790.0,790.0,False,0.62,8.0,838319885,30.6473933,104.1084131
43491,P1,70.0,70.0,790.0,790.0,False,0.62,8.0,2653571754,30.6744222,104.0835944
65257,P1,70.0,70.0,790.0,790.0,False,0.96,8.0,2956775837,30.7156858,104.042216
99147,P1,70.0,70.0,790.0,790.0,False,0.25,8.0,3579530515,30.649403,104.1156
101783,P1,71.0,71.0,791.0,791.0,False,2.57,11.14,2564226648,30.633137,104.02856
132247,P1,71.0,71.0,791.0,791.0,False,3.14,12.28,314655436,30.71364,104.10322
13951,P1,71.0,71.0,791.0,791.0,False,2.01,10.02,4981594499,30.6324128,103.9966808
142799,P1,71.0,71.0,791.0,791.0,False,0.18,8.0,2823785826,30.65916,104.05581
166993,P1,71.0,71.0,791.0,791.0,False,2.01,10.02,3445777694,30.6403579,104.1047148
168057,P1,71.0,71.0,791.0,791.0,False,0.92,8.0,4987536558,30.6457402,103.9937186
169492,P1,71.0,71.0,791.0,791.0,False,0.31,8.0,3069351952,30.6273042,103.980142
177850,P1,71.0,71.0,791.0,791.0,False,1.04,8.08,4106681905,30.6124538,103.9985334
195464,P1,71.0,71.0,791.0,791.0,False,1.97,9.94,4738036115,30.6648399,103.9748849
7419,P1,71.0,71.0,791.0,791.0,False,2.01,10.02,1313065965,30.64082,104.08502
111995,P1,72.0,72.0,792.0,792.0,False,0.19,8.0,5283966217,30.70511,104.09815
112848,P1,72.0,72.0,792.0,792.0,False,1.81,9.62,314622956,30.6469045,104.0472313
117926,P1,72.0,72.0,792.0,792.0,False,2.41,10.82,1072704392,30.7217259,104.0564201
13863,P1,72.0,72.0,792.0,792.0,False,0.87,8.0,4693610140,30.6359724,104.0688022
33403,P1,72.0,72.0,792.0,792.0,False,2.41,10.82,3516900120,30.671741,104.08243
46033,P1,72.0,72.0,792.0,792.0,False,1.64,9.28,4773916476,30.6567796,104.0026871
107233,P1,73.0,73.0,793.0,793.0,False,0.59,8.0,2041527462,30.6926646,104.096671
134126,P1,73.0,73.0,793.0,793.0,False,2.26,10.52,4740867224,30.6131318,104.0930987
136255,P1,73.0,73.0,793.0,793.0,False,0.59,8.0,3034409154,30.720613,104.077065
141303,P1,73.0,73.0,793.0,793.0,False,1.42,8.84,4548317994,30.61462,104.09501
172819,P1,73.0,73.0,793.0,793.0,False,2.54,11.08,4972893895,30.6107597,104.0504943
199407,P1,73.0,73.0,793.0,793.0,False,0.64,8.0,3927876952,30.6762396,103.9878173
29441,P1,73.0,73.0,793.0,793.0,False,1.95,9.9,3523298667,30.6334082,104.0476509
51949,P1,73.0,73.0,793.0,793.0,False,1.95,9.9,4449117682,30.6273834,104.0994026
103943,P1,74.0,74.0,794.0,794.0,False,0.69,8.0,2847752856,30.65738,104.10705
116499,P1,74.0,74.0,794.0,794.0,False,0.15,8.0,1159175201,30.62476,104.06947
123860,P1,74.0,74.0,794.0,794.0,False,0.16,8.0,4699007119,30.6099239,104.0381682
13188,P1,74.0,74.0,794.0,794.0,False,1.1,8.2,3087817501,30.6642226,103.9835956
139823,P1,74.0,74.0,794.0,794.0,False,1.19,8.38,2729395902,30.627071,104.04767
141497,P1,74.0,74.0,794.0,794.0,False,1.41,8.82,5254240656,30.6208808,103.9723007
156411,P1,74.0,74.0,794.0,794.0,False,0.69,8.0,1159230108,30.67536,104.0897
159032,P1,74.0,74.0,794.0,794.0,False,0.54,8.0,1504202388,30.7096074,104.0969943
177586,P1,74.0,74.0,794.0,794.0,False,0.78,8.0,4934383670,30.617146,104.1126044
179826,P1,74.0,74.0,794.0,794.0,False,1.26,8.52,4773916454,30.6570517,104.0016589
191188,P1,74.0,74.0,794.0,794.0,False,1.26,8.52,441221463,30.648116,104.0276261
192072,P1,74.0,74.0,794.0,794.0,False,1.15,8.3,504315292,30.6988829,104.104099
195951,P1,74.0,74.0,794.0,794.0,False,2.03,10.06,1159229835,30.676535,104.08126
68386,P1,74.0,74.0,794.0,794.0,False,1.06,8.12,1072698668,30.7124066,104.0904658
78850,P1,74.0,74.0,794.0,794.0,False,1.08,8.16,1445481371,30.6588306,104.0635409
120799,P1,75.0,75.0,795.0,795.0,False,1.65,9.3,5283966326,30.70466,104.09555
156163,P1,75.0,75.0,795.0,795.0,False,0.17,8.0,5375783442,30.6176656,104.0090212
174456,P1,75.0,75.0,795.0,795.0,False,1.52,9.04,4107377030,30.6384798,103.9990926
198514,P1,75.0,75.0,795.0,795.0,False,2.01,10.02,1916386527,30.6418483,104.0584766
98987,P1,75.0,75.0,795.0,795.0,False,1.61,9.22,3633001074,30.66592,104.02914
130707,P1,76.0,76.0,796.0,796.0,False,1.3,8.6,4693646378,30.6314234,104.0677981
132045,P1,76.0,76.0,796.0,796.0,False,0.98,8.0,4548258451,30.650178,104.0303138
160641,P1,76.0,76.0,796.0,796.0,False,0.34,8.0,2081197474,30.6288588,104.0970974
17719,P1,76.0,76.0,796.0,796.0,False,2.18,10.36,441159663,30.7210306,104.106158
206182,P1,76.0,76.0,796.0,796.0,False,1.6,9.2,1457873396,30.6866508,104.1007778
52658,P1,76.0,76.0,796.0,796.0,False,0.93,8.0,2956775843,30.7229705,104.0460363
79935,P1,76.0,76.0,796.0,796.0,False,1.98,9.96,1159231413,30.68795,104.08109
10499,P1,77.0,77.0,797.0,797.0,False,1.36,8.72,3562055473,30.71454,104.04157
126304,P1,77.0,77.0,797.0,797.0,False,2.15,10.3,1458995150,30.6597666,104.0982723
143455,P1,77.0,77.0,797.0,797.0,False,1.31,8.62,4064178140,30.6685405,103.9794451
151671,P1,77.0,77.0,797.0,797.0,False,1.57,9.14,3562028080,30.659699,104.0862404
173220,P1,77.0,77.0,797.0,797.0,False,1.31,8.62,5359113195,30.6768274,104.010786
188798,P1,77.0,77.0,797.0,797.0,False,1.31,8.62,5254240652,30.6256188,103.9827815
209115,P1,77.0,77.0,797.0,797.0,False,0.46,8.0,1339762127,30.7149,104.04666
34103,P1,77.0,77.0,797.0,797.0,False,1.57,9.14,1159234181,30.694172,104.07367
60007,P1,77.0,77.0,797.0,797.0,False,0.72,8.0,1159173779,30.627256,104.0705
84923,P1,77.0,77.0,797.0,797.0,False,1.19,8.38,1458981267,30.66269,104.09582
102362,P1,78.0,78.0,798.0,798.0,False,0.81,8.0,4548211257,30.6778598,104.0592296
135509,P1,78.0,78.0,798.0,798.0,False,2.3,10.6,4772430859,30.6773669,104.0058719
135876,P1,78.0,78.0,798.0,798.0,False,0.78,8.0,2041527400,30.6929967,104.0976903
14676,P1,78.0,78.0,798.0,798.0,False,0.71,8.0,1815741561,30.6881779,104.0706783
153453,P1,78.0,78.0,798.0,798.0,False,1.33,8.66,4548211467,30.6309116,104.022645
15928,P1,78.0,78.0,798.0,798.0,False,0.56,8.0,4444112347,30.7213874,104.1027629
196633,P1,78.0,78.0,798.0,798.0,False,0.04,8.0,3034029058,30.6848462,104.0020616
47783,P1,78.0,78.0,798.0,798.0,False,2.1,10.2,441187597,30.69237,104.05369
64331,P1,78.0,78.0,798.0,798.0,False,1.33,8.66,2329066042,30.6546052,104.1124316
68474,P1,78.0,78.0,798.0,798.0,False,0.09,8.0,3034029065,30.6851089,104.0078845
90961,P1,78.0,78.0,798.0,798.0,False,0.25,8.0,5375783858,30.6529924,103.9970617
144447,P1,79.0,79.0,799.0,799.0,False,1.84,9.68,1956502810,30.6904594,104.1042347
156989,P1,79.0,79.0,799.0,799.0,False,0.87,8.0,2559969435,30.6224126,104.0340415
166384,P1,79.0,79.0,799.0,799.0,False,0.34,8.0,1156126792,30.6817358,104.0539551
176556,P1,79.0,79.0,799.0,799.0,False,0.11,8.0,3034376773,30.6807408,104.0637679
187544,P1,79.0,79.0,799.0,799.0,False,0.71,8.0,1305816687,30.6447627,104.0835907
200346,P1,79.0,79.0,799.0,799.0,False,1.53,9.06,2315717687,30.6345454,104.1006223
41578,P1,79.0,79.0,799.0,799.0,False,0.87,8.0,5141328426,30.6100437,104.0612601
87659,P1,79.0,79.0,799.0,799.0,False,0.0,8.0,3579530515,30.65095,104.11427
125321,P1,80.0,80.0,800.0,800.0,False,0.35,8.0,5323268681,30.7187694,104.09595
133179,P1,80.0,80.0,800.0,800.0,False,2.32,10.64,5141468645,30.6337168,104.092846
47,P1,80.0,80.0,800.0,800.0,False,2.32,10.64,5312164200,30.667854,104.10322
53070,P1,80.0,80.0,800.0,800.0,False,1.39,8.78,5141328837,30.6350368,104.0701445
53615,P1,80.0,80.0,800.0,800.0,False,0.86,8.0,5145177730,30.7239166,104.1013839
57106,P1,80.0,80.0,800.0,800.0,False,0.69,8.0,4906971006,30.6581423,104.0685921
73559,P1,80.0,80.0,800.0,800.0,False,0.41,8.0,672282785,30.65386,104.09903
86251,P1,80.0,80.0,800.0,800.0,False,0.94,8.0,4877924402,30.647017,104.10306
127511,P1,81.0,81.0,801.0,801.0,False,1.7,9.4,2041527395,30.6929927,104.0960058
151334,P1,81.0,81.0,801.0,801.0,False,1.76,9.52,5102926077,30.7257387,103.9703196
156936,P1,81.0,81.0,801.0,801.0,False,0.06,8.0,441159325,30.7208459,104.1072392
55268,P1,81.0,81.0,801.0,801.0,False,0.08,8.0,1459062204,30.6449174,104.1079486
55743,P1,81.0,81.0,801.0,801.0,False,2.09,10.18,5055908306,30.7077778,104.113684
61176,P1,81.0,81.0,801.0,801.0,False,0.28,8.0,2712338448,30.7077126,104.0382606
92065,P1,81.0,81.0,801.0,801.0,False,0.58,8.0,2041530098,30.6903526,104.0880269
9601,P1,81.0,81.0,801.0,801.0,False,0.69,8.0,1159234181,30.6948681,104.0742391
101171,P1,82.0,82.0,802.0,802.0,False,0.37,8.0,1159231411,30.68684,104.08265
117943,P1,82.0,82.0,802.0,802.0,False,1.31,8.62,3034409149,30.72009,104.07751
140872,P1,82.0,82.0,802.0,802.0,False,0.1,8.0,432442941,30.6799138,104.0286719
143611,P1,82.0,82.0,802.0,802.0,False,2.6,11.2,3087817485,30.66258,104.01612
147310,P1,82.0,82.0,802.0,802.0,False,2.14,10.28,4106681983,30.6421805,103.9790894
190087,P1,82.0,82.0,802.0,802.0,False,1.6,9.2,1159223970,30.7039,104.043
54867,P1,82.0,82.0,802.0,802.0,False,0.19,8.0,4699007141,30.60916,104.03757
122563,P1,83.0,83.0,803.0,803.0,False,2.24,10.48,3614070493,30.671911,104.05424
136299,P1,83.0,83.0,803.0,803.0,False,2.19,10.38,4550769155,30.6253,104.1026023
151387,P1,83.0,83.0,803.0,803.0,False,0.4,8.0,1916530842,30.6485722,103.9805666
151398,P1,83.0,83.0,803.0,803.0,False,2.14,10.28,314614144,30.6113934,104.0462015
156830,P1,83.0,83.0,803.0,803.0,False,0.21,8.0,436486247,30.6343213,104.0011051
179992,P1,83.0,83.0,803.0,803.0,False,0.63,8.0,4549759366,30.6936258,104.0345574
18112,P1,83.0,83.0,803.0,803.0,False,2.07,10.14,1159134936,30.6680286,104.0952597
186377,P1,83.0,83.0,803.0,803.0,False,2.69,11.38,3979164218,30.6751072,104.0891915
18888,P1,83.0,83.0,803.0,803.0,False,0.78,8.0,2217746797,30.660892,104.064972
193223,P1,83.0,83.0,803.0,803.0,False,0.15,8.0,4963999540,30.71775,104.02952
32783,P1,83.0,83.0,803.0,803.0,False,0.21,8.0,5218240017,30.70422,104.05518
39038,P1,83.0,83.0,803.0,803.0,False,0.78,8.0,5055908308,30.7077759,104.1104706
6223,P1,83.0,83.0,803.0,803.0,False,0.84,8.0,1159511641,30.653976,104.0658
63414,P1,83.0,83.0,803.0,803.0,False,0.56,8.0,4548211590,30.6226414,104.0549424
68291,P1,83.0,83.0,803.0,803.0,False,1.13,8.26,4903112581,30.66089,104.08094
81272,P1,83.0,83.0,803.0,803.0,False,0.11,8.0,4078817927,30.7034695,104.0812181
82267,P1,83.0,83.0,803.0,803.0,False,0.4,8.0,1918491745,30.6280925,104.0111705
90407,P1,83.0,83.0,803.0,803.0,False,0.15,8.0,5100157873,30.6329753,104.0809311
101799,P1,84.0,84.0,804.0,804.0,False,1.76,9.52,4149734728,30.6432335,104.100908
43555,P1,84.0,84.0,804.0,804.0,False,0.4,8.0,2722829541,30.70651,104.05054
47144,P1,84.0,84.0,804.0,804.0,False,0.7,8.0,4880318308,30.6979865,104.0672617
63195,P1,84.0,84.0,804.0,804.0,False,1.33,8.66,4548211642,30.62191,104.05937
82287,P1,84.0,84.0,804.0,804.0,False,1.58,9.16,3680078462,30.6543343,104.0173902
93639,P1,84.0,84.0,804.0,804.0,False,0.25,8.0,4585469582,30.6570481,104.0605732
123347,P1,85.0,85.0,805.0,805.0,False,2.63,11.26,5213253153,30.6942778,104.0869612
126582,P1,85.0,85.0,805.0,805.0,False,1.07,8.14,4550019097,30.6516575,104.0549409
140351,P1,85.0,85.0,805.0,805.0,False,0.45,8.0,3579517900,30.6687925,104.0568592
157624,P1,85.0,85.0,805.0,805.0,False,0.08,8.0,3927877871,30.6765872,103.9878448
186296,P1,85.0,85.0,805.0,805.0,False,0.43,8.0,3331333440,30.6145225,104.0755938
198848,P1,85.0,85.0,805.0,805.0,False,0.54,8.0,4748183731,30.6255167,104.0173584
59615,P1,85.0,85.0,805.0,805.0,False,2.63,11.26,1919409108,30.6690346,103.9675711
61443,P1,85.0,85.0,805.0,805.0,False,0.43,8.0,1301932996,30.65368,104.07202
90442,P1,85.0,85.0,805.0,805.0,False,2.33,10.66,4987534933,30.6228829,104.0147805
93216,P1,85.0,85.0,805.0,805.0,False,0.52,8.0,4548211344,30.6837739,104.0602251
96751,P1,85.0,85.0,805.0,805.0,False,0.52,8.0,1861145360,30.66942,104.1115
154441,P1,86.0,86.0,806.0,806.0,False,0.79,8.0,3680361113,30.6604914,104.0253217
182966,P1,86.0,86.0,806.0,806.0,False,0.95,8.0,4548211410,30.6785644,104.0488985
18525,P1,86.0,86.0,806.0,806.0,False,0.84,8.0,4078817927,30.7034695,104.0812181
191777,P1,86.0,86.0,806.0,806.0,False,1.61,9.22,4548259587,30.664723,104.0194243
25100,P1,86.0,86.0,806.0,806.0,False,1.82,9.64,2441172198,30.6749063,104.0074496
30205,P1,86.0,86.0,806.0,806.0,False,1.15,8.3,5102959117,30.6893464,104.0050216
47813,P1,86.0,86.0,806.0,806.0,False,1.45,8.9,4550019058,30.6175357,104.0375073
71812,P1,86.0,86.0,806.0,806.0,False,0.45,8.0,1947138494,30.6920212,104.0853742
92576,P1,86.0,86.0,806.0,806.0,False,1.41,8.82,4703149489,30.61253,104.0649842
101795,P1,87.0,87.0,807.0,807.0,False,0.34,8.0,2119004926,30.695456,104.0230312
13380,P1,87.0,87.0,807.0,807.0,False,0.45,8.0,4230611280,30.6547707,104.0663872
151883,P1,87.0,87.0,807.0,807.0,False,0.13,8.0,4750955762,30.711884,104.116196
170702,P1,87.0,87.0,807.0,807.0,False,1.59,9.18,3445794963,30.6616976,104.0734766
35659,P1,87.0,87.0,807.0,807.0,False,0.4,8.0,4548211257,30.6778598,104.0592296
58151,P1,87.0,87.0,807.0,807.0,False,1.84,9.68,4548211606,30.67414,104.05716
7237,P1,87.0,87.0,807.0,807.0,False,0.09,8.0,4534007627,30.7034448,104.1031529
73048,P1,87.0,87.0,807.0,807.0,False,0.4,8.0,4773916782,30.6576897,104.0028915
75291,P1,87.0,87.0,807.0,807.0,False,0.83,8.0,1500638719,30.7080075,104.0885952
119720,P1,88.0,88.0,808.0,808.0,False,1.99,9.98,4548318082,30.6258223,104.0947612
142178,P1,88.0,88.0,808.0,808.0,False,2.17,10.34,2709032709,30.6233714,104.084796
151844,P1,88.0,88.0,808.0,808.0,False,1.17,8.34,5053143855,30.7072463,104.0010684
194546,P1,88.0,88.0,808.0,808.0,False,1.17,8.34,432442926,30.663585,104.0216285
27322,P1,88.0,88.0,808.0,808.0,False,1.11,8.22,4906971007,30.6582632,104.0686415
29774,P1,88.0,88.0,808.0,808.0,False,3.04,12.08,3742070461,30.6501766,104.0858295
36751,P1,88.0,88.0,808.0,808.0,False,0.14,8.0,4505485114,30.6366175,104.0748642
57893,P1,88.0,88.0,808.0,808.0,False,1.18,8.36,3034029057,30.6863706,103.9990984
70242,P1,88.0,88.0,808.0,808.0,False,3.04,12.08,4695640578,30.61196,104.0268747
7387,P1,88.0,88.0,808.0,808.0,False,2.36,10.72,4638050363,30.71228,104.05856
103352,P1,89.0,89.0,809.0,809.0,False,0.28,8.0,3034040784,30.6981149,104.0147859
139154,P1,89.0,89.0,809.0,809.0,False,1.82,9.64,3562047437,30.7162486,104.0341305
159391,P1,89.0,89.0,809.0,809.0,False,0.65,8.0,4106681959,30.6290744,103.9940161
164463,P1,89.0,89.0,809.0,809.0,False,0.18,8.0,3523298661,30.628226,104.0530737
178871,P1,89.0,89.0,809.0,809.0,False,0.28,8.0,1301932985,30.65364,104.07919
192372,P1,89.0,89.0,809.0,809.0,False,0.41,8.0,1507261238,30.7142458,104.0699325
201782,P1,89.0,89.0,809.0,809.0,False,1.47,8.94,4601260486,30.6369642,104.0653171
207425,P1,89.0,89.0,809.0,809.0,False,0.28,8.0,1459018266,30.6462712,104.1084821
209158,P1,89.0,89.0,809.0,809.0,False,0.68,8.0,5002301692,30.6634145,104.0195363
21779,P1,89.0,89.0,809.0,809.0,False,0.68,8.0,5218133488,30.6350627,104.1046167
24666,P1,89.0,89.0,809.0,809.0,False,2.53,11.06,4548259598,30.6864249,104.0480012
29051,P1,89.0,89.0,809.0,809.0,False,2.44,10.88,3562099602,30.649725,104.0333002
53884,P1,89.0,89.0,809.0,809.0,False,0.28,8.0,3034409021,30.7191559,104.0931998
93215,P1,89.0,89.0,809.0,809.0,False,0.68,8.0,2041530098,30.6903526,104.0880269
116680,P1,90.0,90.0,810.0,810.0,False,1.13,8.26,1311904387,30.6428828,104.080559
12589,P1,90.0,90.0,810.0,810.0,False,1.45,8.9,672360898,30.6549348,104.0756717
142717,P1,90.0,90.0,810.0,810.0,False,0.85,8.0,4548211370,30.6708997,104.057974
145307,P1,90.0,90.0,810.0,810.0,False,1.16,8.32,2329097173,30.7047667,104.003764
21230,P1,90.0,90.0,810.0,810.0,False,0.81,8.0,5211337145,30.6512391,103.9895957
21870,P1,90.0,90.0,810.0,810.0,False,1.16,8.32,3691534107,30.6612076,104.0296226
29536,P1,90.0,90.0,810.0,810.0,False,0.3,8.0,4107377035,30.6421326,103.9950814
64107,P1,90.0,90.0,810.0,810.0,False,1.45,8.9,5040759936,30.6851895,104.1015641
68294,P1,90.0,90.0,810.0,810.0,False,1.29,8.58,3613960016,30.6637584,104.0523448
85265,P1,90.0,90.0,810.0,810.0,False,1.27,8.54,4550701360,30.6159288,103.9790621
97409,P1,90.0,90.0,810.0,810.0,False,0.99,8.0,3516887963,30.7066331,104.0199021
109671,P1,91.0,91.0,811.0,811.0,False,1.27,8.54,1159452250,30.6718953,104.038139
119179,P1,91.0,91.0,811.0,811.0,False,1.19,8.38,2472036427,30.66457,104.06245
162257,P1,91.0,91.0,811.0,811.0,False,1.19,8.38,1339701406,30.7100912,104.0459688
189996,P1,91.0,91.0,811.0,811.0,False,2.03,10.06,2956775867,30.6988103,104.0287998
22109,P1,91.0,91.0,811.0,811.0,False,1.19,8.38,4548211359,30.6740614,104.0578691
37310,P1,91.0,91.0,811.0,811.0,False,0.38,8.0,4772214788,30.6793795,104.006257
93644,P1,91.0,91.0,811.0,811.0,False,1.27,8.54,4572407364,30.6940679,103.9763436
94784,P1,91.0,91.0,811.0,811.0,False,1.1,8.2,4107377021,30.6364012,103.9941504
103381,P1,92.0,92.0,812.0,812.0,False,1.78,9.56,4437994401,30.6894514,104.0971702
108403,P1,92.0,92.0,812.0,812.0,False,0.35,8.0,3436486412,30.6415693,104.0472758
15770,P1,92.0,92.0,812.0,812.0,False,1.09,8.18,1916401108,30.6120356,104.0301922
175432,P1,92.0,92.0,812.0,812.0,False,0.35,8.0,439751640,30.6766898,103.9885935
17793,P1,92.0,92.0,812.0,812.0,False,1.78,9.56,3436486450,30.6407124,104.0458668
48584,P1,92.0,92.0,812.0,812.0,False,0.42,8.0,4107376999,30.6101108,104.0046103
81772,P1,92.0,92.0,812.0,812.0,False,1.11,8.22,1159148557,30.6638613,104.0728561
128626,P1,93.0,93.0,813.0,813.0,False,0.48,8.0,3028924410,30.6227169,104.0994285
16006,P1,93.0,93.0,813.0,813.0,False,0.77,8.0,4572365814,30.6773685,104.057906
168330,P1,93.0,93.0,813.0,813.0,False,0.8,8.0,4693610106,30.6346591,104.0721713
178243,P1,93.0,93.0,813.0,813.0,False,2.54,11.08,4699007269,30.613724,104.0362258
72648,P1,93.0,93.0,813.0,813.0,False,1.51,9.02,4547074323,30.6107769,104.0748126
109751,P1,94.0,94.0,814.0,814.0,False,1.01,8.02,3034330085,30.665459,104.07898
119271,P1,94.0,94.0,814.0,814.0,False,2.35,10.7,1159231408,30.68473,104.08984
12375,P1,94.0,94.0,814.0,814.0,False,1.11,8.22,5141468657,30.63883,104.09816
162167,P1,94.0,94.0,814.0,814.0,False,1.4,8.8,4548259642,30.6675864,104.0056781
2381,P1,94.0,94.0,814.0,814.0,False,1.32,8.64,3541401908,30.6917465,104.0095708
69091,P1,94.0,94.0,814.0,814.0,False,1.59,9.18,3516900121,30.67032,104.08102
9091,P1,94.0,94.0,814.0,814.0,False,2.63,11.26,1947583851,30.6882477,104.0903482
95560,P1,94.0,94.0,814.0,814.0,False,0.28,8.0,4220546257,30.6546878,104.0758999
109283,P1,95.0,95.0,815.0,815.0,False,0.86,8.0,3523294438,30.6485054,104.0518109
109457,P1,95.0,95.0,815.0,815.0,False,2.66,11.32,1159145485,30.6658784,104.0662596
123264,P1,95.0,95.0,815.0,815.0,False,0.26,8.0,4548211453,30.6752746,104.0553758
175284,P1,95.0,95.0,815.0,815.0,False,0.39,8.0,4794992619,30.6398884,104.0676252
18609,P1,95.0,95.0,815.0,815.0,False,1.2,8.4,803149763,30.6791548,104.0929085
188323,P1,95.0,95.0,815.0,815.0,False,1.76,9.52,3562110283,30.65309,104.08174
197899,P1,95.0,95.0,815.0,815.0,False,0.16,8.0,1504198485,30.7059208,104.0996737
201305,P1,95.0,95.0,815.0,815.0,False,0.5,8.0,4217837143,30.6271727,104.0430976
202964,P1,95.0,95.0,815.0,815.0,False,0.62,8.0,2119004926,30.695456,104.0230312
22776,P1,95.0,95.0,815.0,815.0,False,1.45,8.9,4701464340,30.6141319,104.0566033
26350,P1,95.0,95.0,815.0,815.0,False,0.26,8.0,1159224292,30.6965641,104.0475878
37166,P1,95.0,95.0,815.0,815.0,False,0.16,8.0,2372052925,30.6334788,104.0997912
43379,P1,95.0,95.0,815.0,815.0,False,1.63,9.26,4585624086,30.674633,104.02856
50441,P1,95.0,95.0,815.0,815.0,False,1.69,9.38,2133188691,30.6174812,104.0935387
59962,P1,95.0,95.0,815.0,815.0,False,0.86,8.0,314623091,30.6463693,104.0312716
65458,P1,95.0,95.0,815.0,815.0,False,1.63,9.26,1159138261,30.6595403,104.1082716
86333,P1,95.0,95.0,815.0,815.0,False,2.36,10.72,1159134936,30.6680286,104.0952597
91615,P1,95.0,95.0,815.0,815.0,False,0.9,8.0,1815741542,30.68959,104.07675
93810,P1,95.0,95.0,815.0,815.0,False,1.63,9.26,1916524774,30.6136126,104.0056424
118399,P1,96.0,96.0,816.0,816.0,False,1.28,8.56,1964427886,30.670017,104.10342
144416,P1,96.0,96.0,816.0,816.0,False,0.95,8.0,4548211319,30.647512,104.019777
189861,P1,96.0,96.0,816.0,816.0,False,1.15,8.3,3927876947,30.6760691,103.9885728
32211,P1,96.0,96.0,816.0,816.0,False,2.26,10.52,1159475412,30.69418,104.0439
40497,P1,96.0,96.0,816.0,816.0,False,1.85,9.7,5141328649,30.6129791,104.0629351
69498,P1,96.0,96.0,816.0,816.0,False,0.44,8.0,4699007414,30.6151936,104.0444383
73876,P1,96.0,96.0,816.0,816.0,False,0.36,8.0,3562047425,30.7020022,104.0719644
75103,P1,96.0,96.0,816.0,816.0,False,0.64,8.0,4721452999,30.705019,104.08328
99255,P1,96.0,96.0,816.0,816.0,False,0.43,8.0,3516900116,30.67372,104.07703
102419,P1,97.0,97.0,817.0,817.0,False,2.68,11.36,1159234181,30.69398,104.07336
124579,P1,97.0,97.0,817.0,817.0,False,1.27,8.54,3943038380,30.64381,104.06246
14097,P1,97.0,97.0,817.0,817.0,False,0.76,8.0,3176012319,30.7008418,104.0719442
184855,P1,97.0,97.0,817.0,817.0,False,0.53,8.0,4106682220,30.67013,103.99833
191586,P1,97.0,97.0,817.0,817.0,False,1.22,8.44,1159138496,30.6646664,104.0934518
203618,P1,97.0,97.0,817.0,817.0,False,1.07,8.14,3034029072,30.6905996,103.9919964
26699,P1,97.0,97.0,817.0,817.0,False,2.2,10.4,432432565,30.659918,104.038795
41400,P1,97.0,97.0,817.0,817.0,False,0.33,8.0,1159517082,30.6451341,104.0708323
57198,P1,97.0,97.0,817.0,817.0,False,1.27,8.54,4549993310,30.6510165,103.9886428
86458,P1,97.0,97.0,817.0,817.0,False,0.33,8.0,5375783854,30.6529392,103.9950693
117436,P1,98.0,98.0,818.0,818.0,False,1.08,8.16,5375783806,30.6558811,104.0016809
150207,P1,98.0,98.0,818.0,818.0,False,1.37,8.74,3028924418,30.6308253,104.0459236
37010,P1,98.0,98.0,818.0,818.0,False,1.1,8.2,2134792091,30.6500747,103.9831695
76198,P1,98.0,98.0,818.0,818.0,False,1.36,8.72,2564226605,30.6183675,104.020571
76729,P1,98.0,98.0,818.0,818.0,False,1.91,9.82,5141328649,30.6129791,104.0629351
79119,P1,98.0,98.0,818.0,818.0,False,0.81,8.0,4967265420,30.7045843,104.0033762
82519,P1,98.0,98.0,818.0,818.0,False,2.11,10.22,5213253153,30.6942778,104.0869612
101314,P1,99.0,99.0,819.0,819.0,False,1.07,8.14,432452877,30.6130848,104.052745
118188,P1,99.0,99.0,819.0,819.0,False,0.53,8.0,1459011344,30.6528616,104.1117891
174635,P1,99.0,99.0,819.0,819.0,False,0.53,8.0,3331334418,30.61215,104.08442
194187,P1,99.0,99.0,819.0,819.0,False,0.15,8.0,2112262741,30.61641,104.10657
22572,P1,99.0,99.0,819.0,819.0,False,0.14,8.0,5359113187,30.6764952,104.0129156
30012,P1,99.0,99.0,819.0,819.0,False,0.27,8.0,4693609806,30.633016,104.0684419
32637,P1,99.0,99.0,819.0,819.0,False,1.57,9.14,4118527532,30.7031657,104.0976678
63023,P1,99.0,99.0,819.0,819.0,False,0.49,8.0,3034029074,30.6832722,103.9874927
7463,P1,99.0,99.0,819.0,819.0,False,0.81,8.0,3034040769,30.69329,104.02507
86064,P1,99.0,99.0,819.0,819.0,False,0.14,8.0,1987226881,30.6663436,104.0488578
99322,P1,99.0,99.0,819.0,819.0,False,0.14,8.0,2956775874,30.7014651,104.038424
117287,P1,100.0,100.0,820.0,820.0,False,0.19,8.0,4548259614,30.694473,104.04791
128399,P1,100.0,100.0,820.0,820.0,False,0.12,8.0,5141468664,30.63902,104.09458
130832,P1,100.0,100.0,820.0,820.0,False,1.37,8.74,432432592,30.6594966,104.0362358
164761,P1,100.0,100.0,820.0,820.0,False,1.47,8.94,1159490053,30.6905324,104.0707845
61069,P1,100.0,100.0,820.0,820.0,False,0.23,8.0,4772463283,30.6606806,104.0437551
66273,P1,100.0,100.0,820.0,820.0,False,2.26,10.52,4693609931,30.6320435,104.0718927
77745,P1,100.0,100.0,820.0,820.0,False,2.18,10.36,1819305258,30.6221514,104.095893
134207,P1,101.0,101.0,821.0,821.0,False,0.64,8.0,1159143854,30.67789,104.08272
152299,P1,101.0,101.0,821.0,821.0,False,1.57,9.14,314655436,30.7142235,104.1019833
161142,P1,101.0,101.0,821.0,821.0,False,0.17,8.0,1916386543,30.6355588,104.0160384
169911,P1,101.0,101.0,821.0,821.0,False,2.67,11.34,5375783758,30.6322589,104.011485
178010,P1,101.0,101.0,821.0,821.0,False,0.84,8.0,1159463804,30.6784941,104.0223553
180325,P1,101.0,101.0,821.0,821.0,False,0.07,8.0,2315717685,30.6295811,104.0975905
202891,P1,101.0,101.0,821.0,821.0,False,1.76,9.52,3523298665,30.63021,104.04992
50152,P1,101.0,101.0,821.0,821.0,False,1.72,9.44,1455111116,30.6958872,104.1059746
85737,P1,101.0,101.0,821.0,821.0,False,0.13,8.0,4393165157,30.6224945,104.0654743
93559,P1,101.0,101.0,821.0,821.0,False,0.84,8.0,5213238458,30.6353996,104.0522992
121216,P1,102.0,102.0,822.0,822.0,False,0.11,8.0,4701577722,30.6126567,104.071748
132863,P1,102.0,102.0,822.0,822.0,False,0.39,8.0,4900292716,30.6657138,104.0682592
15761,P1,102.0,102.0,822.0,822.0,False,3.12,12.24,4550018931,30.6531037,104.0603723
186621,P1,102.0,102.0,822.0,822.0,False,1.77,9.54,3033986305,30.6569524,104.0263334
20016,P1,102.0,102.0,822.0,822.0,False,2.11,10.22,1458937198,30.6769488,104.0945808
22381,P1,102.0,102.0,822.0,822.0,False,3.12,12.24,2653330901,30.6564046,104.110549
55989,P1,102.0,102.0,822.0,822.0,False,0.11,8.0,5211343343,30.6475098,104.0136731
115483,P1,103.0,103.0,823.0,823.0,False,1.37,8.74,1458975864,30.66332,104.09312
156746,P1,103.0,103.0,823.0,823.0,False,2.4,10.8,4585517087,30.6304061,104.0558808
169819,P1,103.0,103.0,823.0,823.0,False,1.22,8.44,672287883,30.6605319,104.0531342
17268,P1,103.0,103.0,823.0,823.0,False,0.53,8.0,4779165748,30.6189049,104.0380076
41783,P1,103.0,103.0,823.0,823.0,False,0.94,8.0,1159137566,30.6541927,104.0896027
67351,P1,103.0,103.0,823.0,823.0,False,2.28,10.56,5055908306,30.7077778,104.113684
104503,P1,104.0,104.0,824.0,824.0,False,2.52,11.04,4548318165,30.6259711,104.0946067
153536,P1,104.0,104.0,824.0,824.0,False,1.06,8.12,2559969433,30.6259262,104.0295188
161801,P1,104.0,104.0,824.0,824.0,False,1.01,8.02,5141328656,30.6125187,104.0629582
194127,P1,104.0,104.0,824.0,824.0,False,0.7,8.0,963638438,30.7015,104.04507
197265,P1,104.0,104.0,824.0,824.0,False,0.05,8.0,5141328728,30.612057,104.0633749
34519,P1,104.0,104.0,824.0,824.0,False,1.29,8.58,1458995150,30.6597666,104.0982723
79258,P1,104.0,104.0,824.0,824.0,False,1.03,8.06,3599790543,30.7113227,104.1065193
80788,P1,104.0,104.0,824.0,824.0,False,1.52,9.04,3496653055,30.6199052,104.0519637
811,P1,104.0,104.0,824.0,824.0,False,1.52,9.04,4973209486,30.6093294,104.0457207
92390,P1,104.0,104.0,824.0,824.0,False,0.7,8.0,2712338400,30.7070407,104.0384171
94551,P1,104.0,104.0,824.0,824.0,False,1.02,8.04,1159138407,30.664179,104.09691
99490,P1,104.0,104.0,824.0,824.0,False,1.29,8.58,1912247131,30.6100658,104.0924216
112073,P1,105.0,105.0,825.0,825.0,False,0.2,8.0,4693609809,30.6334452,104.0672453
115105,P1,105.0,105.0,825.0,825.0,False,0.47,8.0,5141328648,30.6129553,104.0620729
121404,P1,105.0,105.0,825.0,825.0,False,0.64,8.0,1312615933,30.6588757,104.0582065
1443,P1,105.0,105.0,825.0,825.0,False,1.14,8.28,1815741573,30.68795,104.06653
179623,P1,105.0,105.0,825.0,825.0,False,0.64,8.0,1958204348,30.668167,104.086655
180448,P1,105.0,105.0,825.0,825.0,False,0.2,8.0,1458570056,30.6932128,104.0893122
183367,P1,105.0,105.0,825.0,825.0,False,0.2,8.0,5436627811,30.697332,104.070816
192886,P1,105.0,105.0,825.0,825.0,False,0.2,8.0,1305816684,30.6676822,104.0696328
195182,P1,105.0,105.0,825.0,825.0,False,1.62,9.24,1459895595,30.6427175,104.1056818
207109,P1,105.0,105.0,825.0,825.0,False,0.47,8.0,4695640652,30.6119255,104.0251296
21266,P1,105.0,105.0,825.0,825.0,False,1.62,9.24,5218133093,30.636983,104.1055708
34855,P1,105.0,105.0,825.0,825.0,False,0.2,8.0,4693609814,30.6356312,104.0701148
64435,P1,105.0,105.0,825.0,825.0,False,0.93,8.0,5141328651,30.6142456,104.062873
6727,P1,105.0,105.0,825.0,825.0,False,1.66,9.32,2981056908,30.62926,104.0771
74892,P1,105.0,105.0,825.0,825.0,False,0.2,8.0,3089029126,30.6601973,104.0530264
104995,P1,106.0,106.0,826.0,826.0,False,1.09,8.18,3087817450,30.64889,104.00496
122135,P1,106.0,106.0,826.0,826.0,False,2.05,10.1,432442859,30.6727101,103.9961226
127485,P1,106.0,106.0,826.0,826.0,False,0.72,8.0,1815741566,30.6883872,104.06055
170698,P1,106.0,106.0,826.0,826.0,False,0.04,8.0,1469168903,30.6433901,104.0878341
186883,P1,106.0,106.0,826.0,826.0,False,0.04,8.0,4701577748,30.6196554,104.0814593
30869,P1,106.0,106.0,826.0,826.0,False,1.47,8.94,1455094498,30.6960259,104.1061202
43445,P1,106.0,106.0,826.0,826.0,False,1.47,8.94,1072698509,30.696981,104.0637688
83107,P1,106.0,106.0,826.0,826.0,False,1.5,9.0,314635488,30.657421,104.07096
131034,P1,107.0,107.0,827.0,827.0,False,1.9,9.8,432452900,30.6141905,104.0602898
133687,P1,107.0,107.0,827.0,827.0,False,0.6,8.0,3541422912,30.709068,104.06356
135849,P1,107.0,107.0,827.0,827.0,False,1.47,8.94,5375783440,30.6195247,104.0063164
137433,P1,107.0,107.0,827.0,827.0,False,2.15,10.3,4698894061,30.6099128,104.0357434
143779,P1,107.0,107.0,827.0,827.0,False,1.86,9.72,3071355055,30.6276677,104.113013
179195,P1,107.0,107.0,827.0,827.0,False,0.39,8.0,3087817493,30.6627,104.01309
199391,P1,107.0,107.0,827.0,827.0,False,1.75,9.5,4585469582,30.656693,104.06128
20409,P1,107.0,107.0,827.0,827.0,False,0.6,8.0,3089075663,30.6504118,104.054373
208211,P1,107.0,107.0,827.0,827.0,False,0.87,8.0,3579517900,30.66954,104.05628
33991,P1,107.0,107.0,827.0,827.0,False,0.52,8.0,4703149492,30.61187,104.06738
37968,P1,107.0,107.0,827.0,827.0,False,1.78,9.56,314622924,30.6502058,104.0538486
47614,P1,107.0,107.0,827.0,827.0,False,1.51,9.02,4693609827,30.6304207,104.0710045
72401,P1,107.0,107.0,827.0,827.0,False,2.32,10.64,3562028074,30.6801297,104.1137765
75238,P1,107.0,107.0,827.0,827.0,False,1.98,9.96,1507266871,30.6992009,104.0788752
88017,P1,107.0,107.0,827.0,827.0,False,1.86,9.72,2411594433,30.6217358,104.100452
104803,P1,108.0,108.0,828.0,828.0,False,1.71,9.42,2118910074,30.700434,104.0882
107145,P1,108.0,108.0,828.0,828.0,False,1.96,9.92,3034029071,30.6773625,104.0034927
108118,P1,108.0,108.0,828.0,828.0,False,1.96,9.92,2843289913,30.6854891,104.0600785
124183,P1,108.0,108.0,828.0,828.0,False,0.96,8.0,314655016,30.6280128,104.0440266
135215,P1,108.0,108.0,828.0,828.0,False,1.84,9.68,1504199880,30.7097856,104.0968389
142174,P1,108.0,108.0,828.0,828.0,False,0.27,8.0,1912247118,30.6148017,104.0966824
160664,P1,108.0,108.0,828.0,828.0,False,1.11,8.22,4242369820,30.6868729,104.0229988
169225,P1,108.0,108.0,828.0,828.0,False,1.96,9.92,4294975865,30.6497285,103.9955946
201343,P1,108.0,108.0,828.0,828.0,False,0.21,8.0,1987226891,30.669424,104.04879
201783,P1,108.0,108.0,828.0,828.0,False,1.05,8.1,3034393453,30.672869,104.04327
204323,P1,108.0,108.0,828.0,828.0,False,2.35,10.7,1987226884,30.66708,104.04784
3649,P1,108.0,108.0,828.0,828.0,False,2.07,10.14,2472030048,30.6618447,104.0637076
38553,P1,108.0,108.0,828.0,828.0,False,2.0,10.0,4900292686,30.670947,104.0644526
43729,P1,108.0,108.0,828.0,828.0,False,0.06,8.0,4847126867,30.654891,103.9821151
47194,P1,108.0,108.0,828.0,828.0,False,2.86,11.72,4549993155,30.6970225,104.060635
51453,P1,108.0,108.0,828.0,828.0,False,2.07,10.14,4695601310,30.6117815,104.02873
5205,P1,108.0,108.0,828.0,828.0,False,2.0,10.0,4695601330,30.6104287,104.030044
78652,P1,108.0,108.0,828.0,828.0,False,0.46,8.0,432452881,30.6207392,104.0502162
84393,P1,108.0,108.0,828.0,828.0,False,1.11,8.22,5053143858,30.7073085,104.0009627
140704,P1,109.0,109.0,829.0,829.0,False,1.64,9.28,432452891,30.6161711,104.0550729
154545,P1,109.0,109.0,829.0,829.0,False,0.88,8.0,2259831027,30.6167065,104.0965091
194725,P1,109.0,109.0,829.0,829.0,False,0.56,8.0,4701577779,30.6234569,104.0792126
195092,P1,109.0,109.0,829.0,829.0,False,0.47,8.0,3333358469,30.7037607,104.0665976
30632,P1,109.0,109.0,829.0,829.0,False,0.32,8.0,4874328003,30.6217878,104.1027681
4079,P1,109.0,109.0,829.0,829.0,False,1.28,8.56,1304795058,30.64416,104.07548
53291,P1,109.0,109.0,829.0,829.0,False,0.56,8.0,803149470,30.66212,104.09877
109575,P1,110.0,110.0,830.0,830.0,False,0.2,8.0,4550018971,30.6272685,104.0185474
115019,P1,110.0,110.0,830.0,830.0,False,0.25,8.0,5211337169,30.6341297,104.0012202
136456,P1,110.0,110.0,830.0,830.0,False,2.52,11.04,2041527384,30.6848815,104.0960616
137084,P1,110.0,110.0,830.0,830.0,False,0.37,8.0,432452908,30.6228559,104.0693233
156619,P1,110.0,110.0,830.0,830.0,False,0.29,8.0,2930487781,30.7216101,104.0997178
171529,P1,110.0,110.0,830.0,830.0,False,1.05,8.1,4548209338,30.66478,104.019543
172947,P1,110.0,110.0,830.0,830.0,False,0.26,8.0,4989782356,30.6836681,104.0590065
190359,P1,110.0,110.0,830.0,830.0,False,1.05,8.1,4550018647,30.6507799,104.0571003
197706,P1,110.0,110.0,830.0,830.0,False,1.37,8.74,4799195775,30.6136924,103.996444
203226,P1,110.0,110.0,830.0,830.0,False,1.19,8.38,5141458198,30.632807,104.0709464
205102,P1,110.0,110.0,830.0,830.0,False,1.97,9.94,5283966206,30.7016672,104.1045249
35014,P1,110.0,110.0,830.0,830.0,False,0.25,8.0,5375784048,30.6561051,103.997904
58854,P1,110.0,110.0,830.0,830.0,False,0.87,8.0,432452907,30.6109222,104.0696791
71045,P1,110.0,110.0,830.0,830.0,False,2.29,10.58,4069514815,30.726312,103.9726629
74427,P1,110.0,110.0,830.0,830.0,False,1.03,8.06,2908601186,30.6431578,104.0885913
88634,P1,110.0,110.0,830.0,830.0,False,0.2,8.0,4106681986,30.6422666,103.9813306
98442,P1,110.0,110.0,830.0,830.0,False,1.37,8.74,3523308819,30.6418678,104.0831107
110520,P1,111.0,111.0,831.0,831.0,False,2.09,10.18,4548141067,30.6253295,104.0742518
11851,P1,111.0,111.0,831.0,831.0,False,1.16,8.32,4106682242,30.6837922,104.0043502
119214,P1,111.0,111.0,831.0,831.0,False,2.87,11.74,2676903527,30.6791315,103.9927194
124051,P1,111.0,111.0,831.0,831.0,False,1.5,9.0,2843289939,30.683306,104.06672
12483,P1,111.0,111.0,831.0,831.0,False,0.16,8.0,4187237189,30.6816442,104.0094268
127987,P1,111.0,111.0,831.0,831.0,False,0.73,8.0,1958204231,30.668375,104.08212
192767,P1,111.0,111.0,831.0,831.0,False,1.52,9.04,1159941942,30.668446,104.02102
198378,P1,111.0,111.0,831.0,831.0,False,1.72,9.44,4548259595,30.7066073,104.0201394
32770,P1,111.0,111.0,831.0,831.0,False,2.26,10.52,2041527427,30.6900383,104.0915495
43707,P1,111.0,111.0,831.0,831.0,False,0.29,8.0,504315289,30.7002,104.10297
83170,P1,111.0,111.0,831.0,831.0,False,1.75,9.5,4547074337,30.6110262,104.0748027
179708,P1,112.0,112.0,832.0,832.0,False,0.44,8.0,432442953,30.67889,104.0162685
197125,P1,112.0,112.0,832.0,832.0,False,1.85,9.7,2330199410,30.7196881,104.1127212
26901,P1,112.0,112.0,832.0,832.0,False,0.61,8.0,3250470326,30.6369267,104.0266846
49469,P1,112.0,112.0,832.0,832.0,False,2.36,10.72,432442926,30.663585,104.0216285
103867,P1,113.0,113.0,833.0,833.0,False,0.07,8.0,432429374,30.6367765,104.056009
132803,P1,113.0,113.0,833.0,833.0,False,0.87,8.0,4699007134,30.6097561,104.0384704
147666,P1,113.0,113.0,833.0,833.0,False,0.18,8.0,432442896,30.6649296,104.0244961
156139,P1,113.0,113.0,833.0,833.0,False,0.23,8.0,4548317428,30.643304,104.0867434
161939,P1,113.0,113.0,833.0,833.0,False,2.15,10.3,1312615976,30.65342,104.06017
182563,P1,113.0,113.0,833.0,833.0,False,0.62,8.0,1305816742,30.652464,104.07975
187429,P1,113.0,113.0,833.0,833.0,False,0.07,8.0,2727024781,30.6169366,104.0506768
199405,P1,113.0,113.0,833.0,833.0,False,0.04,8.0,4106682237,30.6814702,103.9979325
21061,P1,113.0,113.0,833.0,833.0,False,1.85,9.7,5375783959,30.6607426,104.0005678
63607,P1,113.0,113.0,833.0,833.0,False,0.92,8.0,432429423,30.6374689,104.0326523
93289,P1,113.0,113.0,833.0,833.0,False,0.8,8.0,4987536555,30.6412093,103.9937178
117078,P1,114.0,114.0,834.0,834.0,False,1.9,9.8,4992013246,30.621778,104.0745079
128995,P1,114.0,114.0,834.0,834.0,False,0.27,8.0,3541426298,30.70276,104.07235
130433,P1,114.0,114.0,834.0,834.0,False,1.27,8.54,1159225483,30.7066346,104.0527875
165457,P1,114.0,114.0,834.0,834.0,False,1.28,8.56,4701577730,30.6130057,104.0747279
182416,P1,114.0,114.0,834.0,834.0,False,1.61,9.22,5213238512,30.6361802,104.0734303
20579,P1,114.0,114.0,834.0,834.0,False,0.87,8.0,1159447656,30.68284,104.03639
36216,P1,114.0,114.0,834.0,834.0,False,1.47,8.94,1159234110,30.6948332,104.0708337
65119,P1,114.0,114.0,834.0,834.0,False,0.96,8.0,1159445869,30.68213,104.03059
69398,P1,114.0,114.0,834.0,834.0,False,1.28,8.56,3034029057,30.6863706,103.9990984
186015,P1,115.0,115.0,835.0,835.0,False,1.38,8.76,1861145348,30.6726053,104.1100305
19782,P1,115.0,115.0,835.0,835.0,False,0.98,8.0,2852759807,30.6653477,104.1107531
3487,P1,115.0,115.0,835.0,835.0,False,1.8,9.6,1159172636,30.62372,104.0772
40568,P1,115.0,115.0,835.0,835.0,False,0.45,8.0,4106682102,30.6431731,103.981028
50707,P1,115.0,115.0,835.0,835.0,False,0.39,8.0,1159231823,30.68814,104.07841
84555,P1,115.0,115.0,835.0,835.0,False,1.65,9.3,4118527343,30.6974385,104.0888202
107704,P1,116.0,116.0,836.0,836.0,False,1.21,8.42,2135946735,30.6246646,104.0047638
108753,P1,116.0,116.0,836.0,836.0,False,1.43,8.86,5382831200,30.6804348,104.098086
112351,P1,116.0,116.0,836.0,836.0,False,2.53,11.06,1159496600,30.68665,104.0434
11591,P1,116.0,116.0,836.0,836.0,False,1.52,9.04,2726912093,30.6768605,104.0753234
150071,P1,116.0,116.0,836.0,836.0,False,1.43,8.86,1305816694,30.659166,104.07669
165593,P1,116.0,116.0,836.0,836.0,False,0.71,8.0,3087817456,30.6477226,104.0113935
172816,P1,116.0,116.0,836.0,836.0,False,1.43,8.86,2712338398,30.7073784,104.0390462
199777,P1,116.0,116.0,836.0,836.0,False,1.56,9.12,3613960014,30.671382,104.0496632
201682,P1,116.0,116.0,836.0,836.0,False,1.56,9.12,5053143849,30.7261406,104.0006113
31901,P1,116.0,116.0,836.0,836.0,False,0.34,8.0,4693610086,30.6242448,104.0721193
82607,P1,116.0,116.0,836.0,836.0,False,0.48,8.0,3614070503,30.6747592,104.0624488
130347,P1,117.0,117.0,837.0,837.0,False,2.46,10.92,1918491758,30.64398,104.00255
131867,P1,117.0,117.0,837.0,837.0,False,1.68,9.36,1301933046,30.65444,104.07016
147495,P1,117.0,117.0,837.0,837.0,False,0.92,8.0,5141328662,30.6133844,104.0643656
195750,P1,117.0,117.0,837.0,837.0,False,0.31,8.0,1159171641,30.6163231,104.0795758
30092,P1,117.0,117.0,837.0,837.0,False,1.22,8.44,4701464737,30.6157459,104.0624217
3867,P1,117.0,117.0,837.0,837.0,False,0.57,8.0,4521050320,30.6523396,104.0842433
53495,P1,117.0,117.0,837.0,837.0,False,1.09,8.18,1072698472,30.71906,104.06851
61960,P1,117.0,117.0,837.0,837.0,False,1.55,9.1,4972893897,30.6095643,104.0488339
69370,P1,117.0,117.0,837.0,837.0,False,1.4,8.8,1459047527,30.6451948,104.1087318
80716,P1,117.0,117.0,837.0,837.0,False,0.92,8.0,465203743,30.7062979,104.1024445
133162,P1,118.0,118.0,838.0,838.0,False,1.5,9.0,4695601573,30.6111338,104.0330168
143427,P1,118.0,118.0,838.0,838.0,False,1.46,8.92,3034409153,30.722218,104.077576
146258,P1,118.0,118.0,838.0,838.0,False,1.91,9.82,3087817508,30.6684528,103.9872299
146600,P1,118.0,118.0,838.0,838.0,False,1.23,8.46,432442531,30.6910081,104.0180084
198874,P1,118.0,118.0,838.0,838.0,False,0.52,8.0,1459023389,30.6442939,104.1109403
45039,P1,118.0,118.0,838.0,838.0,False,1.0,8.0,1305816733,30.6478458,104.0869212
75219,P1,118.0,118.0,838.0,838.0,False,0.52,8.0,2329101948,30.692495,104.01621
82291,P1,118.0,118.0,838.0,838.0,False,1.35,8.7,1987226861,30.663292,104.0523509
209223,P1,119.0,119.0,839.0,839.0,False,0.27,8.0,1159149121,30.6544621,104.0723536
35925,P1,119.0,119.0,839.0,839.0,False,0.36,8.0,2472055935,30.6999896,104.05011
404,P1,119.0,119.0,839.0,839.0,False,0.32,8.0,432432591,30.660055,104.0366864
67123,P1,119.0,119.0,839.0,839.0,False,0.32,8.0,1492368570,30.6571,104.0634553
122567,P1,120.0,120.0,840.0,840.0,False,1.46,8.92,2039550418,30.6387613,104.1120725
122658,P1,120.0,120.0,840.0,840.0,False,1.46,8.92,4550018997,30.6474632,103.9758156
181627,P1,120.0,120.0,840.0,840.0,False,0.88,8.0,3541405001,30.68541,104.05687
181720,P1,120.0,120.0,840.0,840.0,False,0.04,8.0,4695601318,30.6115778,104.0293964
203607,P1,120.0,120.0,840.0,840.0,False,0.84,8.0,4772216922,30.6790537,104.0075277
80370,P1,120.0,120.0,840.0,840.0,False,2.64,11.28,1459895595,30.6427175,104.1056818
132050,P1,121.0,121.0,841.0,841.0,False,3.21,12.42,4773199368,30.6718599,104.0092109
161078,P1,121.0,121.0,841.0,841.0,False,2.02,10.04,4701464739,30.614716,104.0620243
163891,P1,121.0,121.0,841.0,841.0,False,0.29,8.0,3742070444,30.6522183,104.0812377
172438,P1,121.0,121.0,841.0,841.0,False,1.85,9.7,3087817522,30.6743317,104.0112793
183387,P1,121.0,121.0,841.0,841.0,False,1.59,9.18,4903105811,30.655449,104.08353
184378,P1,121.0,121.0,841.0,841.0,False,1.56,9.12,3582243031,30.7079381,104.0028381
2023,P1,121.0,121.0,841.0,841.0,False,3.21,12.42,5218240016,30.7035506,104.0517129
202683,P1,121.0,121.0,841.0,841.0,False,1.57,9.14,4572410239,30.69474,104.06984
204920,P1,121.0,121.0,841.0,841.0,False,0.72,8.0,1457859162,30.6885273,104.0998884
52902,P1,121.0,121.0,841.0,841.0,False,0.72,8.0,4449099825,30.6423485,104.1149212
6135,P1,121.0,121.0,841.0,841.0,False,0.77,8.0,5213238496,30.6402486,104.0431373
71571,P1,121.0,121.0,841.0,841.0,False,3.21,12.42,1918491759,30.6537357,103.979965
88970,P1,121.0,121.0,841.0,841.0,False,0.88,8.0,4549993433,30.6483772,103.9792516
114226,P1,122.0,122.0,842.0,842.0,False,0.21,8.0,4799100439,30.6501864,104.0300487
131221,P1,122.0,122.0,842.0,842.0,False,1.67,9.34,4078817928,30.7030018,104.0814049
136002,P1,122.0,122.0,842.0,842.0,False,0.45,8.0,2133184343,30.6247848,104.0957056
17014,P1,122.0,122.0,842.0,842.0,False,1.82,9.64,4079187147,30.6759177,104.0030538
195537,P1,122.0,122.0,842.0,842.0,False,0.23,8.0,4548211410,30.6785644,104.0488985
200283,P1,122.0,122.0,842.0,842.0,False,0.45,8.0,1504208589,30.7120846,104.0985726
21602,P1,122.0,122.0,842.0,842.0,False,0.23,8.0,4102465473,30.6858666,104.0419896
48299,P1,122.0,122.0,842.0,842.0,False,1.0,8.0,4107377004,30.6295558,103.9987763
65365,P1,122.0,122.0,842.0,842.0,False,0.35,8.0,1339762122,30.7045446,104.0435058
76530,P1,122.0,122.0,842.0,842.0,False,0.99,8.0,4550701394,30.6124175,103.9672765
81267,P1,122.0,122.0,842.0,842.0,False,0.82,8.0,1305816694,30.65858,104.07704
108215,P1,123.0,123.0,843.0,843.0,False,0.54,8.0,2843286546,30.6916447,104.0637279
110447,P1,123.0,123.0,843.0,843.0,False,1.75,9.5,4106682129,30.6454443,103.9713787
114769,P1,123.0,123.0,843.0,843.0,False,2.6,11.2,4107377035,30.6421326,103.9950814
115388,P1,123.0,123.0,843.0,843.0,False,2.92,11.84,3034029059,30.6827611,104.0065888
125451,P1,123.0,123.0,843.0,843.0,False,1.47,8.94,4449099855,30.6463695,104.1060331
132419,P1,123.0,123.0,843.0,843.0,False,1.75,9.5,5375783424,30.62574,104.0023166
132998,P1,123.0,123.0,843.0,843.0,False,0.99,8.0,4773916426,30.657494,104.0022027
133405,P1,123.0,123.0,843.0,843.0,False,0.54,8.0,4549993119,30.7037498,104.0042119
142035,P1,123.0,123.0,843.0,843.0,False,2.83,11.66,1159131824,30.6629322,104.0791972
143726,P1,123.0,123.0,843.0,843.0,False,0.54,8.0,1506537735,30.7166217,104.0720665
153171,P1,123.0,123.0,843.0,843.0,False,2.83,11.66,529952563,30.7023399,104.0640217
161636,P1,123.0,123.0,843.0,843.0,False,0.7,8.0,672360527,30.6518623,104.0932051
186109,P1,123.0,123.0,843.0,843.0,False,0.67,8.0,1159131046,30.6660168,104.059994
188768,P1,123.0,123.0,843.0,843.0,False,1.5,9.0,4699007163,30.6121935,104.0361577
208622,P1,123.0,123.0,843.0,843.0,False,1.47,8.94,3445794965,30.6619843,104.0728022
624,P1,123.0,123.0,843.0,843.0,False,2.83,11.66,1916530811,30.6625556,103.9750605
63795,P1,123.0,123.0,843.0,843.0,False,1.57,9.14,5283966326,30.705179,104.0969717
76554,P1,123.0,123.0,843.0,843.0,False,0.54,8.0,5213253135,30.664583,104.0934462
78209,P1,123.0,123.0,843.0,843.0,False,2.92,11.84,3523298668,30.629993,104.0475149
8037,P1,123.0,123.0,843.0,843.0,False,0.3,8.0,314614375,30.6219189,104.0399447
93229,P1,123.0,123.0,843.0,843.0,False,0.82,8.0,4230611280,30.6547707,104.0663872
104556,P1,124.0,124.0,844.0,844.0,False,0.71,8.0,1458992380,30.6582352,104.0971331
146431,P1,124.0,124.0,844.0,844.0,False,1.51,9.02,5055911221,30.71482,104.10377
200175,P1,124.0,124.0,844.0,844.0,False,1.97,9.94,4225497262,30.64613,104.04116
3079,P1,124.0,124.0,844.0,844.0,False,1.2,8.4,1072704325,30.71322,104.05975
55099,P1,124.0,124.0,844.0,844.0,False,1.36,8.72,1159138415,30.66046,104.09419
86838,P1,124.0,124.0,844.0,844.0,False,0.99,8.0,5375783961,30.6616557,103.9986855
96055,P1,124.0,124.0,844.0,844.0,False,2.59,11.18,1918491711,30.6486406,103.980874
11532,P1,125.0,125.0,845.0,845.0,False,0.7,8.0,3742070458,30.649269,104.0879116
142956,P1,125.0,125.0,845.0,845.0,False,0.7,8.0,4106682234,30.6797444,104.0048938
163625,P1,125.0,125.0,845.0,845.0,False,2.54,11.08,4987535024,30.6291307,104.0064751
17378,P1,125.0,125.0,845.0,845.0,False,0.22,8.0,4779165730,30.630515,104.027462
191978,P1,125.0,125.0,845.0,845.0,False,1.19,8.38,4230611261,30.6511304,104.0716652
30875,P1,125.0,125.0,845.0,845.0,False,1.38,8.76,4547074311,30.6097669,104.0808604
127171,P1,126.0,126.0,846.0,846.0,False,1.14,8.28,5141328630,30.611602,104.0588268
131195,P1,126.0,126.0,846.0,846.0,False,1.86,9.72,5375783834,30.6493164,103.999908
134591,P1,126.0,126.0,846.0,846.0,False,1.86,9.72,5141458206,30.6320768,104.0772443
140130,P1,126.0,126.0,846.0,846.0,False,3.09,12.18,1159502916,30.6897875,104.0318126
170992,P1,126.0,126.0,846.0,846.0,False,3.09,12.18,803147944,30.6393689,104.0804565
193946,P1,126.0,126.0,846.0,846.0,False,2.14,10.28,1153895612,30.6855946,104.0437265
3590,P1,126.0,126.0,846.0,846.0,False,1.14,8.28,2564226631,30.6436367,104.0235994
43244,P1,126.0,126.0,846.0,846.0,False,1.14,8.28,4695640657,30.6187306,104.0249403
58579,P1,126.0,126.0,846.0,846.0,False,2.45,10.9,4695601538,30.6120316,104.0308051
62828,P1,126.0,126.0,846.0,846.0,False,2.14,10.28,4695700261,30.6164117,104.0176447
6973,P1,126.0,126.0,846.0,846.0,False,0.0,8.0,1918491707,30.6354157,104.0035068
74099,P1,126.0,126.0,846.0,846.0,False,2.14,10.28,4779165745,30.6177353,104.034375
81851,P1,126.0,126.0,846.0,846.0,False,1.14,8.28,5283966198,30.7016693,104.1043698
927,P1,126.0,126.0,846.0,846.0,False,1.23,8.46,4106682237,30.6814702,103.9979325
10039,P1,127.0,127.0,847.0,847.0,False,2.5,11.0,314623056,30.6165495,104.0154053
12073,P1,127.0,127.0,847.0,847.0,False,0.79,8.0,4799100434,30.6462276,104.0312691
169547,P1,127.0,127.0,847.0,847.0,False,0.04,8.0,4987536551,30.64173,103.993935
189898,P1,127.0,127.0,847.0,847.0,False,0.6,8.0,1159223045,30.716274,104.0377074
193551,P1,127.0,127.0,847.0,847.0,False,1.29,8.58,3541422909,30.70927,104.06655
20181,P1,127.0,127.0,847.0,847.0,False,0.54,8.0,4701464752,30.6148001,104.0579227
44871,P1,127.0,127.0,847.0,847.0,False,0.85,8.0,3087817493,30.6639983,104.0119996
59558,P1,127.0,127.0,847.0,847.0,False,0.94,8.0,439751778,30.7249453,104.0407654
70299,P1,127.0,127.0,847.0,847.0,False,1.57,9.14,441187228,30.66898,104.0631
82509,P1,127.0,127.0,847.0,847.0,False,0.79,8.0,4987535019,30.6266765,104.0095289
106858,P1,128.0,128.0,848.0,848.0,False,0.19,8.0,2662847701,30.6802941,103.9937633
125591,P1,128.0,128.0,848.0,848.0,False,2.56,11.12,3613960004,30.66958,104.05389
133977,P1,128.0,128.0,848.0,848.0,False,1.37,8.74,4981594491,30.6303768,103.9932471
139569,P1,128.0,128.0,848.0,848.0,False,1.23,8.46,2847764707,30.667251,104.1102926
143241,P1,128.0,128.0,848.0,848.0,False,0.19,8.0,4549993408,30.6964897,104.0443426
146457,P1,128.0,128.0,848.0,848.0,False,0.58,8.0,1455094522,30.6962984,104.106018
181395,P1,128.0,128.0,848.0,848.0,False,4.13,14.26,5218240020,30.6980163,104.050505
182892,P1,128.0,128.0,848.0,848.0,False,0.58,8.0,432442902,30.6713968,104.0275025
188230,P1,128.0,128.0,848.0,848.0,False,0.79,8.0,3523298659,30.6311598,104.0482285
206969,P1,128.0,128.0,848.0,848.0,False,0.19,8.0,2217790314,30.6616101,104.0583183
26454,P1,128.0,128.0,848.0,848.0,False,0.58,8.0,4548211407,30.6636395,104.058178
68644,P1,128.0,128.0,848.0,848.0,False,1.23,8.46,3562099594,30.6468583,104.0332341
86767,P1,128.0,128.0,848.0,848.0,False,0.58,8.0,3523308831,30.6400444,104.0741595
10305,P1,129.0,129.0,849.0,849.0,False,0.3,8.0,4106682105,30.643269,103.9814521
120932,P1,129.0,129.0,849.0,849.0,False,0.19,8.0,1504207678,30.7116914,104.0982666
124875,P1,129.0,129.0,849.0,849.0,False,0.25,8.0,4072596600,30.6740422,104.0109011
14073,P1,129.0,129.0,849.0,849.0,False,0.19,8.0,4550018655,30.6277714,104.0189597
150640,P1,129.0,129.0,849.0,849.0,False,0.18,8.0,439751626,30.6728444,103.9864673
201158,P1,129.0,129.0,849.0,849.0,False,2.23,10.46,1458575268,30.686645,104.0983881
44197,P1,129.0,129.0,849.0,849.0,False,0.04,8.0,4550018962,30.6280943,103.9819558
114279,P1,130.0,130.0,850.0,850.0,False,0.2,8.0,441187385,30.68916,104.06308
141354,P1,130.0,130.0,850.0,850.0,False,0.2,8.0,5436607860,30.6383731,104.0735855
148123,P1,130.0,130.0,850.0,850.0,False,0.89,8.0,2041527395,30.6929927,104.0960058
150146,P1,130.0,130.0,850.0,850.0,False,2.44,10.88,3069351956,30.6280116,103.9877324
171087,P1,130.0,130.0,850.0,850.0,False,1.46,8.92,1339762122,30.7045446,104.0435058
177285,P1,130.0,130.0,850.0,850.0,False,1.92,9.84,1159226747,30.7017413,104.054964
27329,P1,130.0,130.0,850.0,850.0,False,2.44,10.88,4992013263,30.6110282,104.0743086
32273,P1,130.0,130.0,850.0,850.0,False,0.94,8.0,441187228,30.6694666,104.0631212
73895,P1,130.0,130.0,850.0,850.0,False,0.15,8.0,4963999600,30.7190908,104.0335781
59075,P1,131.0,131.0,851.0,851.0,False,2.3,10.6,1460306173,30.6548038,104.1122954
59081,P1,131.0,131.0,851.0,851.0,False,2.3,10.6,4107377005,30.630086,104.0028101
69980,P1,131.0,131.0,851.0,851.0,False,0.64,8.0,4779165706,30.634746,104.0244234
92471,P1,131.0,131.0,851.0,851.0,False,0.53,8.0,4294975865,30.65095,103.99595
9695,P1,131.0,131.0,851.0,851.0,False,3.1,12.2,1159169335,30.6391357,104.0839256
106069,P1,132.0,132.0,852.0,852.0,False,1.41,8.82,3541404998,30.6848089,104.0526775
130737,P1,132.0,132.0,852.0,852.0,False,2.1,10.2,1507355163,30.6963843,104.0793848
166160,P1,132.0,132.0,852.0,852.0,False,1.84,9.68,2712272987,30.6882776,104.0577278
173706,P1,132.0,132.0,852.0,852.0,False,2.28,10.56,5141328509,30.6112795,104.0574415
188959,P1,132.0,132.0,852.0,852.0,False,2.28,10.56,5141458206,30.6320768,104.0772443
206508,P1,132.0,132.0,852.0,852.0,False,1.83,9.66,3541422909,30.7091106,104.0668649
72660,P1,132.0,132.0,852.0,852.0,False,1.39,8.78,2080650542,30.6469992,104.0563483
104219,P1,133.0,133.0,853.0,853.0,False,0.37,8.0,314622978,30.6548544,104.0081864
123207,P1,133.0,133.0,853.0,853.0,False,0.54,8.0,432441926,30.631062,104.033516
124998,P1,133.0,133.0,853.0,853.0,False,2.64,11.28,2722829538,30.709632,104.049846
21143,P1,133.0,133.0,853.0,853.0,False,1.29,8.58,1339701405,30.70264,104.05242
22613,P1,133.0,133.0,853.0,853.0,False,0.37,8.0,4548211210,30.6752271,104.055483
32155,P1,133.0,133.0,853.0,853.0,False,1.37,8.74,3034393462,30.6827,104.04865
8945,P1,133.0,133.0,853.0,853.0,False,3.13,12.26,5100157863,30.6330719,104.0796135
105242,P1,134.0,134.0,854.0,854.0,False,1.47,8.94,1493146462,30.6164939,104.0648599
121103,P1,134.0,134.0,854.0,854.0,False,2.41,10.82,1295783638,30.63917,104.07841
157841,P1,134.0,134.0,854.0,854.0,False,1.47,8.94,3541427573,30.7087766,104.0313006
166220,P1,134.0,134.0,854.0,854.0,False,1.51,9.02,4695640576,30.6123812,104.0297284
187339,P1,134.0,134.0,854.0,854.0,False,0.05,8.0,1459011370,30.6537646,104.1121437
192982,P1,134.0,134.0,854.0,854.0,False,0.05,8.0,1445484323,30.6359573,104.0640426
199630,P1,134.0,134.0,854.0,854.0,False,1.05,8.1,1507366180,30.6959997,104.0835137
200099,P1,134.0,134.0,854.0,854.0,False,0.39,8.0,432432535,30.65521,104.04214
33984,P1,134.0,134.0,854.0,854.0,False,0.87,8.0,5162173344,30.6333539,104.0663287
36031,P1,134.0,134.0,854.0,854.0,False,1.15,8.3,3541376587,30.72281,104.0599
78797,P1,134.0,134.0,854.0,854.0,False,1.15,8.3,4699007191,30.6102296,104.0321191
86082,P1,134.0,134.0,854.0,854.0,False,1.67,9.34,432442560,30.698394,104.0188014
12395,P1,135.0,135.0,855.0,855.0,False,0.77,8.0,3445813553,30.66482,104.07307
140550,P1,135.0,135.0,855.0,855.0,False,0.77,8.0,4772463270,30.6619113,104.0461651
180087,P1,135.0,135.0,855.0,855.0,False,0.92,8.0,2651588758,30.6687684,104.0997276
200997,P1,135.0,135.0,855.0,855.0,False,0.44,8.0,4549993123,30.7022539,104.0343397
30465,P1,135.0,135.0,855.0,855.0,False,0.92,8.0,4154147444,30.6328704,104.1133897
47647,P1,135.0,135.0,855.0,855.0,False,1.04,8.08,1815741542,30.68927,104.07675
62774,P1,135.0,135.0,855.0,855.0,False,0.26,8.0,1492416235,30.6320747,104.0640264
66838,P1,135.0,135.0,855.0,855.0,False,0.26,8.0,3034029071,30.6773625,104.0034927
87493,P1,135.0,135.0,855.0,855.0,False,2.22,10.44,1458751453,30.6779748,104.0936828
99005,P1,135.0,135.0,855.0,855.0,False,1.5,9.0,5218240016,30.7035506,104.0517129
123310,P1,136.0,136.0,856.0,856.0,False,0.26,8.0,432432524,30.6546049,104.051174
125863,P1,136.0,136.0,856.0,856.0,False,0.89,8.0,2722829585,30.7008,104.06845
129251,P1,136.0,136.0,856.0,856.0,False,0.89,8.0,2785843772,30.6893868,104.0104448
195743,P1,136.0,136.0,856.0,856.0,False,1.75,9.5,4782067638,30.627739,104.029236
6210,P1,136.0,136.0,856.0,856.0,False,1.75,9.5,4548318064,30.6440185,104.0855758
104274,P1,137.0,137.0,857.0,857.0,False,0.12,8.0,4064178135,30.6588987,103.9799388
107800,P1,137.0,137.0,857.0,857.0,False,0.88,8.0,2708961595,30.6204751,104.0823862
133159,P1,137.0,137.0,857.0,857.0,False,1.61,9.22,3613982152,30.66284,104.05218
138144,P1,137.0,137.0,857.0,857.0,False,1.04,8.08,2081197470,30.628988,104.0968856
169279,P1,137.0,137.0,857.0,857.0,False,0.95,8.0,3633008400,30.66622,104.04005
204775,P1,137.0,137.0,857.0,857.0,False,1.61,9.22,4069514811,30.7248435,103.9678483
44436,P1,137.0,137.0,857.0,857.0,False,1.04,8.08,1159176228,30.6251747,104.0643543
52724,P1,137.0,137.0,857.0,857.0,False,1.04,8.08,1507175643,30.7083093,104.077945
57315,P1,137.0,137.0,857.0,857.0,False,0.78,8.0,2847752856,30.65537,104.10512
88272,P1,137.0,137.0,857.0,857.0,False,2.03,10.06,1507261238,30.7142458,104.0699325
91091,P1,137.0,137.0,857.0,857.0,False,2.51,11.02,5102886106,30.7097068,103.9736521
105900,P1,138.0,138.0,858.0,858.0,False,1.54,9.08,4693610170,30.6340732,104.0708935
119794,P1,138.0,138.0,858.0,858.0,False,1.03,8.06,4550018702,30.6474191,104.019815
132227,P1,138.0,138.0,858.0,858.0,False,2.1,10.2,1159475863,30.69345,104.04415
146171,P1,138.0,138.0,858.0,858.0,False,0.85,8.0,4773916454,30.6570517,104.0016589
185989,P1,138.0,138.0,858.0,858.0,False,2.1,10.2,3541429494,30.717057,104.042061
188293,P1,138.0,138.0,858.0,858.0,False,1.1,8.2,4521050320,30.6523396,104.0842433
44365,P1,138.0,138.0,858.0,858.0,False,2.72,11.44,4638050376,30.7009156,104.0640557
52201,P1,138.0,138.0,858.0,858.0,False,0.67,8.0,2041527436,30.6861144,104.0951368
59039,P1,138.0,138.0,858.0,858.0,False,1.28,8.56,1916401375,30.6119248,104.0250889
64311,P1,138.0,138.0,858.0,858.0,False,1.19,8.38,2843294274,30.675381,104.0648209
72737,P1,138.0,138.0,858.0,858.0,False,0.75,8.0,4750955767,30.7107216,104.1113785
115610,P1,139.0,139.0,859.0,859.0,False,0.55,8.0,3034330083,30.6615722,104.0847498
130789,P1,139.0,139.0,859.0,859.0,False,1.04,8.08,4548259612,30.6923296,104.0485297
164723,P1,139.0,139.0,859.0,859.0,False,1.37,8.74,3541427578,30.717148,104.04427
17417,P1,139.0,139.0,859.0,859.0,False,0.32,8.0,3562047399,30.7210672,104.063031
37546,P1,139.0,139.0,859.0,859.0,False,0.55,8.0,5037045685,30.632776,104.0878467
48456,P1,139.0,139.0,859.0,859.0,False,0.72,8.0,1507337737,30.6969081,104.0743828
66339,P1,139.0,139.0,859.0,859.0,False,1.29,8.58,4695601305,30.6109832,104.0281709
67734,P1,139.0,139.0,859.0,859.0,False,0.26,8.0,4695601443,30.611256,104.0278807
7652,P1,139.0,139.0,859.0,859.0,False,1.79,9.58,4693609803,30.6343504,104.0685884
131108,P1,140.0,140.0,860.0,860.0,False,2.3,10.6,4592713498,30.6215914,104.0643526
144553,P1,140.0,140.0,860.0,860.0,False,0.17,8.0,1918491720,30.6498474,103.9800004
165400,P1,140.0,140.0,860.0,860.0,False,0.52,8.0,1301933015,30.6460041,104.0745983
170240,P1,140.0,140.0,860.0,860.0,False,0.54,8.0,5100157863,30.6330719,104.0796135
186681,P1,140.0,140.0,860.0,860.0,False,0.36,8.0,4964134713,30.7094728,104.0189677
189091,P1,140.0,140.0,860.0,860.0,False,1.0,8.0,1815741571,30.686243,104.07409
44143,P1,140.0,140.0,860.0,860.0,False,0.36,8.0,4772216926,30.678258,104.0076111
81922,P1,140.0,140.0,860.0,860.0,False,0.4,8.0,1156126880,30.680231,104.0549136
8385,P1,140.0,140.0,860.0,860.0,False,1.75,9.5,1305816676,30.6460208,104.0850432
118123,P1,141.0,141.0,861.0,861.0,False,0.8,8.0,628641785,30.68237,104.08511
125448,P1,141.0,141.0,861.0,861.0,False,0.8,8.0,4393204193,30.6223129,104.0600118
126683,P1,141.0,141.0,861.0,861.0,False,0.33,8.0,3034393462,30.6832,104.04642
135303,P1,141.0,141.0,861.0,861.0,False,1.12,8.24,1159138407,30.66358,104.09773
155138,P1,141.0,141.0,861.0,861.0,False,0.99,8.0,4548211612,30.6471577,104.0206618
177981,P1,141.0,141.0,861.0,861.0,False,0.25,8.0,2956775863,30.7189106,104.0429193
198068,P1,141.0,141.0,861.0,861.0,False,1.79,9.58,4106682119,30.6441269,103.9811572
208384,P1,141.0,141.0,861.0,861.0,False,1.58,9.16,2039561237,30.6799627,104.1047094
26390,P1,141.0,141.0,861.0,861.0,False,0.49,8.0,432432515,30.650556,104.0579121
68150,P1,141.0,141.0,861.0,861.0,False,0.19,8.0,4012382184,30.661393,104.0748132
84668,P1,141.0,141.0,861.0,861.0,False,0.49,8.0,4963999598,30.7211444,104.0359806
93370,P1,141.0,141.0,861.0,861.0,False,0.8,8.0,1912247016,30.610869,104.0724022
105504,P1,142.0,142.0,862.0,862.0,False,0.52,8.0,3034040780,30.7061494,104.0105103
10745,P1,142.0,142.0,862.0,862.0,False,1.51,9.02,4964134668,30.7198592,104.030137
141125,P1,142.0,142.0,862.0,862.0,False,0.54,8.0,3582243028,30.7210394,104.0099795
154528,P1,142.0,142.0,862.0,862.0,False,0.24,8.0,5436607841,30.6358327,104.0642721
167746,P1,142.0,142.0,862.0,862.0,False,0.21,8.0,2560005532,30.6237275,104.0259961
204011,P1,142.0,142.0,862.0,862.0,False,1.66,9.32,3034330084,30.66545,104.07516
51288,P1,142.0,142.0,862.0,862.0,False,1.66,9.32,3034040769,30.6926111,104.0271049
87064,P1,142.0,142.0,862.0,862.0,False,1.66,9.32,4964134669,30.720329,104.0296511
95818,P1,142.0,142.0,862.0,862.0,False,0.84,8.0,1159226736,30.6931254,104.0546776
100887,P1,143.0,143.0,863.0,863.0,False,1.59,9.18,2843289931,30.6850102,104.0683396
131423,P1,143.0,143.0,863.0,863.0,False,1.44,8.88,4118527451,30.7001145,104.0969195
137473,P1,143.0,143.0,863.0,863.0,False,1.46,8.92,5375783436,30.6193095,104.008829
144575,P1,143.0,143.0,863.0,863.0,False,2.35,10.7,5141468805,30.6294733,104.0984475
145715,P1,143.0,143.0,863.0,863.0,False,1.89,9.78,5375784026,30.6595843,103.9866471
145816,P1,143.0,143.0,863.0,863.0,False,2.35,10.7,3582245806,30.7226642,104.0050797
27132,P1,143.0,143.0,863.0,863.0,False,1.44,8.88,628641742,30.7012521,104.0262383
79848,P1,143.0,143.0,863.0,863.0,False,2.35,10.7,3693431549,30.6475686,104.0349116
83311,P1,143.0,143.0,863.0,863.0,False,2.35,10.7,4548259305,30.6634497,104.0055428
87909,P1,143.0,143.0,863.0,863.0,False,0.11,8.0,2729373177,30.6165939,104.0444413
88769,P1,143.0,143.0,863.0,863.0,False,0.7,8.0,1159155728,30.6463429,104.0969334
98890,P1,143.0,143.0,863.0,863.0,False,1.46,8.92,1159950973,30.654307,104.089357
118318,P1,144.0,144.0,864.0,864.0,False,0.6,8.0,4772480181,30.6151332,104.0142654
120087,P1,144.0,144.0,864.0,864.0,False,0.17,8.0,4447921433,30.72455,104.05005
125056,P1,144.0,144.0,864.0,864.0,False,2.47,10.94,1159172500,30.6190811,104.0802771
138953,P1,144.0,144.0,864.0,864.0,False,1.85,9.7,1964580173,30.659753,104.1126527
1445,P1,144.0,144.0,864.0,864.0,False,1.85,9.7,2733352548,30.6168435,104.0797026
167703,P1,144.0,144.0,864.0,864.0,False,1.85,9.7,5141328662,30.6133844,104.0643656
196748,P1,144.0,144.0,864.0,864.0,False,0.84,8.0,4779165755,30.6265117,104.0310451
198707,P1,144.0,144.0,864.0,864.0,False,2.53,11.06,3541422909,30.7092,104.06641
199112,P1,144.0,144.0,864.0,864.0,False,1.61,9.22,5141468684,30.6379997,104.0916988
38810,P1,144.0,144.0,864.0,864.0,False,1.36,8.72,3541405001,30.6844028,104.0556549
58576,P1,144.0,144.0,864.0,864.0,False,0.75,8.0,3582243029,30.7168305,103.9942523
75214,P1,144.0,144.0,864.0,864.0,False,0.84,8.0,5436607071,30.6375728,104.0649959
81435,P1,144.0,144.0,864.0,864.0,False,0.62,8.0,314655436,30.714027,104.10259
13894,P1,145.0,145.0,865.0,865.0,False,1.67,9.34,1819305209,30.6121953,104.0922619
156089,P1,145.0,145.0,865.0,865.0,False,0.72,8.0,5375783994,30.6537375,103.9904559
161629,P1,145.0,145.0,865.0,865.0,False,1.65,9.3,5375783451,30.6231738,104.0080194
1865,P1,145.0,145.0,865.0,865.0,False,3.34,12.68,2118977299,30.6929671,104.0029595
31047,P1,145.0,145.0,865.0,865.0,False,0.72,8.0,4701577767,30.6230711,104.0819533
83089,P1,145.0,145.0,865.0,865.0,False,1.88,9.76,2956775837,30.7156858,104.042216
120197,P1,146.0,146.0,866.0,866.0,False,1.2,8.4,4782067665,30.626368,104.0286114
12765,P1,146.0,146.0,866.0,866.0,False,2.44,10.88,2331442712,30.6399856,103.991066
144232,P1,146.0,146.0,866.0,866.0,False,1.2,8.4,4972894322,30.6101299,104.0463128
155434,P1,146.0,146.0,866.0,866.0,False,1.15,8.3,2360396882,30.6678943,104.1117876
198624,P1,146.0,146.0,866.0,866.0,False,1.2,8.4,1159935140,30.6705902,103.9977122
206971,P1,146.0,146.0,866.0,866.0,False,1.2,8.4,5100157860,30.633818,104.0806995
26645,P1,146.0,146.0,866.0,866.0,False,1.15,8.3,4695640695,30.6149252,104.0288175
28127,P1,146.0,146.0,866.0,866.0,False,1.2,8.4,2259831027,30.6167065,104.0965091
39071,P1,146.0,146.0,866.0,866.0,False,1.26,8.52,1458553201,30.6851519,104.1018439
50401,P1,146.0,146.0,866.0,866.0,False,0.34,8.0,432442971,30.6806612,104.0153467
67887,P1,146.0,146.0,866.0,866.0,False,1.87,9.74,1301932975,30.65533,104.07224
148072,P1,147.0,147.0,867.0,867.0,False,1.5,9.0,2456925106,30.640928,104.104616
170685,P1,147.0,147.0,867.0,867.0,False,0.75,8.0,4699007144,30.6094433,104.0369642
49355,P1,147.0,147.0,867.0,867.0,False,0.61,8.0,4601260486,30.6369642,104.0653171
97258,P1,147.0,147.0,867.0,867.0,False,1.5,9.0,4699007270,30.6140118,104.0362833
98759,P1,147.0,147.0,867.0,867.0,False,1.93,9.86,318083025,30.6726434,104.0190256
100566,P1,148.0,148.0,868.0,868.0,False,2.37,10.74,432432555,30.6564327,104.0454739
145199,P1,148.0,148.0,868.0,868.0,False,1.45,8.9,4546939439,30.62031,104.10673
148707,P1,148.0,148.0,868.0,868.0,False,1.68,9.36,4447921433,30.7228458,104.0498017
153939,P1,148.0,148.0,868.0,868.0,False,0.7,8.0,4548259326,30.68588,104.0119
183025,P1,148.0,148.0,868.0,868.0,False,1.12,8.24,1964394675,30.6698654,104.1061769
196502,P1,148.0,148.0,868.0,868.0,False,1.03,8.06,4773916459,30.6579268,104.0016249
27459,P1,148.0,148.0,868.0,868.0,False,1.68,9.36,4548259673,30.678474,104.05528
76956,P1,148.0,148.0,868.0,868.0,False,1.98,9.96,2329066042,30.6546052,104.1124316
80211,P1,148.0,148.0,868.0,868.0,False,0.67,8.0,1159488324,30.69243,104.07314
88165,P1,148.0,148.0,868.0,868.0,False,1.04,8.08,4550701005,30.6542919,104.0199842
91851,P1,148.0,148.0,868.0,868.0,False,2.16,10.32,3034040779,30.70434,104.0223
102690,P1,149.0,149.0,869.0,869.0,False,0.62,8.0,4106682209,30.6642587,103.9807168
102866,P1,149.0,149.0,869.0,869.0,False,0.62,8.0,314635476,30.6395178,104.0337337
112971,P1,149.0,149.0,869.0,869.0,False,0.62,8.0,3541426298,30.702435,104.07163
123097,P1,149.0,149.0,869.0,869.0,False,1.85,9.7,2923198522,30.7178089,104.0550117
134724,P1,149.0,149.0,869.0,869.0,False,0.69,8.0,3199773644,30.7015544,104.1103754
143959,P1,149.0,149.0,869.0,869.0,False,1.97,9.94,1498713636,30.7249198,104.0756169
153519,P1,149.0,149.0,869.0,869.0,False,0.23,8.0,4679104229,30.66454,104.11251
154028,P1,149.0,149.0,869.0,869.0,False,0.26,8.0,4549993108,30.6889447,104.0331553
174411,P1,149.0,149.0,869.0,869.0,False,0.69,8.0,3445813127,30.67092,104.07532
183666,P1,149.0,149.0,869.0,869.0,False,2.68,11.36,4549992877,30.646014,103.9701757
192297,P1,149.0,149.0,869.0,869.0,False,0.26,8.0,432442636,30.6855883,104.0193808
196648,P1,149.0,149.0,869.0,869.0,False,1.97,9.94,4934383654,30.6187999,104.1145451
200226,P1,149.0,149.0,869.0,869.0,False,1.32,8.64,3516900114,30.6680637,104.0802444
202504,P1,149.0,149.0,869.0,869.0,False,1.32,8.64,1459062227,30.6453906,104.1072952
2822,P1,149.0,149.0,869.0,869.0,False,2.16,10.32,672360478,30.6772572,104.0907579
74825,P1,149.0,149.0,869.0,869.0,False,1.97,9.94,1819305456,30.6255508,104.0905689
86829,P1,149.0,149.0,869.0,869.0,False,0.62,8.0,1492609349,30.6226957,104.0643849
110087,P1,150.0,150.0,870.0,870.0,False,1.22,8.44,3562047401,30.72072,104.0597
121332,P1,150.0,150.0,870.0,870.0,False,1.59,9.18,4106682200,30.6589439,103.9766732
132888,P1,150.0,150.0,870.0,870.0,False,0.16,8.0,1159945489,30.6591952,104.0526777
157750,P1,150.0,150.0,870.0,870.0,False,0.51,8.0,3034409150,30.7192989,104.0819162
42311,P1,150.0,150.0,870.0,870.0,False,0.91,8.0,2709067531,30.6260426,104.0826781
60687,P1,150.0,150.0,870.0,870.0,False,0.91,8.0,314622958,30.64389,104.04602
73766,P1,150.0,150.0,870.0,870.0,False,0.27,8.0,1469163940,30.6416937,104.0854173
77179,P1,150.0,150.0,870.0,870.0,False,0.16,8.0,5037045685,30.632776,104.0878467
86286,P1,150.0,150.0,870.0,870.0,False,1.59,9.18,5382831175,30.6760721,104.0982476
103387,P1,151.0,151.0,871.0,871.0,False,2.43,10.86,5211337158,30.63851,104.01417
106358,P1,152.0,152.0,872.0,872.0,False,0.03,8.0,3087817502,30.6685795,103.9850982
16446,P1,152.0,152.0,872.0,872.0,False,0.46,8.0,1301932999,30.6444729,104.0810264
189702,P1,152.0,152.0,872.0,872.0,False,1.98,9.96,1469155007,30.6324562,104.1136863
189938,P1,152.0,152.0,872.0,872.0,False,0.4,8.0,1492575477,30.6189207,104.0645451
190022,P1,152.0,152.0,872.0,872.0,False,2.56,11.12,3523308831,30.6400444,104.0741595
209316,P1,152.0,152.0,872.0,872.0,False,0.73,8.0,3034040773,30.7015413,104.0123302
29679,P1,152.0,152.0,872.0,872.0,False,2.21,10.42,1159143355,30.661139,104.10234
54439,P1,152.0,152.0,872.0,872.0,False,0.03,8.0,3069351950,30.6248,103.97689
65456,P1,152.0,152.0,872.0,872.0,False,1.77,9.54,432442953,30.67889,104.0162685
71100,P1,152.0,152.0,872.0,872.0,False,0.41,8.0,2838556821,30.6252506,104.1047108
87053,P1,152.0,152.0,872.0,872.0,False,0.56,8.0,1305816736,30.640662,104.0795673
93812,P1,152.0,152.0,872.0,872.0,False,0.4,8.0,4772430856,30.6779194,104.0052314
188897,P1,153.0,153.0,873.0,873.0,False,1.88,9.76,441187228,30.6694666,104.0631212
201485,P1,153.0,153.0,873.0,873.0,False,1.0,8.0,4106681964,30.6307147,103.9931944
20199,P1,153.0,153.0,873.0,873.0,False,0.66,8.0,4106682218,30.66998,103.9997
207998,P1,153.0,153.0,873.0,873.0,False,2.3,10.6,1458992380,30.6582352,104.0971331
41076,P1,153.0,153.0,873.0,873.0,False,2.79,11.58,2039563302,30.6914788,104.105044
44943,P1,153.0,153.0,873.0,873.0,False,0.12,8.0,4548211640,30.6607007,104.0559315
49591,P1,153.0,153.0,873.0,873.0,False,0.28,8.0,2217746798,30.66117,104.05993
55379,P1,153.0,153.0,873.0,873.0,False,2.79,11.58,1918491759,30.6537357,103.979965
6139,P1,153.0,153.0,873.0,873.0,False,1.9,9.8,1492405937,30.6497248,104.0580098
90296,P1,153.0,153.0,873.0,873.0,False,2.79,11.58,3034408999,30.7030082,104.0896208
99178,P1,153.0,153.0,873.0,873.0,False,0.75,8.0,1311904439,30.6447965,104.0779901
130030,P1,154.0,154.0,874.0,874.0,False,0.85,8.0,5141458193,30.6331996,104.0710557
209331,P1,154.0,154.0,874.0,874.0,False,1.76,9.52,1159477627,30.675192,104.052925
61299,P1,154.0,154.0,874.0,874.0,False,1.48,8.96,1500638653,30.69481,104.02699
127626,P1,155.0,155.0,875.0,875.0,False,0.76,8.0,4550568572,30.6359555,104.0641481
127849,P1,155.0,155.0,875.0,875.0,False,2.25,10.5,4773199416,30.6696427,104.0113671
198963,P1,155.0,155.0,875.0,875.0,False,2.25,10.5,4701577695,30.6175852,104.074646
205242,P1,155.0,155.0,875.0,875.0,False,0.76,8.0,5375784262,30.6266309,104.0049183
21696,P1,155.0,155.0,875.0,875.0,False,0.16,8.0,1958204231,30.6684539,104.0837769
4480,P1,155.0,155.0,875.0,875.0,False,1.91,9.82,2214043177,30.6285325,104.0894399
60731,P1,155.0,155.0,875.0,875.0,False,1.24,8.48,4136052206,30.6094552,104.046706
70588,P1,155.0,155.0,875.0,875.0,False,1.11,8.22,2709032709,30.6233714,104.084796
102731,P1,156.0,156.0,876.0,876.0,False,2.07,10.14,2039561230,30.6825509,104.1090115
153075,P1,156.0,156.0,876.0,876.0,False,2.07,10.14,4782067638,30.6277303,104.0285911
171076,P1,156.0,156.0,876.0,876.0,False,1.46,8.92,1159134927,30.6650969,104.0940662
5414,P1,156.0,156.0,876.0,876.0,False,2.85,11.7,3562045372,30.7102907,104.0617654
67593,P1,156.0,156.0,876.0,876.0,False,0.42,8.0,3087817452,30.6482535,104.0029916
69700,P1,156.0,156.0,876.0,876.0,False,0.45,8.0,1507358678,30.6966184,104.0814848
78962,P1,156.0,156.0,876.0,876.0,False,1.36,8.72,4903112580,30.6591867,104.0786876
108375,P1,157.0,157.0,877.0,877.0,False,1.16,8.32,4549993101,30.6512537,103.989702
163486,P1,157.0,157.0,877.0,877.0,False,0.08,8.0,5213238582,30.6358767,104.0631586
45853,P1,157.0,157.0,877.0,877.0,False,1.68,9.36,4693610129,30.6358574,104.0718947
52215,P1,157.0,157.0,877.0,877.0,False,0.27,8.0,1159478530,30.6769054,104.05131
70876,P1,157.0,157.0,877.0,877.0,False,0.34,8.0,3436489822,30.6409116,104.0452684
111558,P1,158.0,158.0,878.0,878.0,False,0.86,8.0,1861145350,30.6725094,104.1100706
117407,P1,158.0,158.0,878.0,878.0,False,0.17,8.0,2217746797,30.660892,104.064972
124763,P1,158.0,158.0,878.0,878.0,False,0.86,8.0,1159474715,30.69268,104.04672
156867,P1,158.0,158.0,878.0,878.0,False,0.89,8.0,1885342924,30.678251,104.10068
163993,P1,158.0,158.0,878.0,878.0,False,0.17,8.0,2080643555,30.6216724,104.0996009
185995,P1,158.0,158.0,878.0,878.0,False,0.02,8.0,2912291165,30.64089,104.10347
187191,P1,158.0,158.0,878.0,878.0,False,1.22,8.44,432442882,30.6860971,103.9813332
29539,P1,158.0,158.0,878.0,878.0,False,1.04,8.08,1312615950,30.6377977,104.0814396
40887,P1,158.0,158.0,878.0,878.0,False,0.17,8.0,702755670,30.6717011,103.9673638
46170,P1,158.0,158.0,878.0,878.0,False,1.04,8.08,1458995148,30.6596791,104.0982134
55347,P1,158.0,158.0,878.0,878.0,False,1.48,8.96,4548211598,30.67667,104.03989
102640,P1,159.0,159.0,879.0,879.0,False,1.12,8.24,3691342450,30.6587,104.0171431
176225,P1,159.0,159.0,879.0,879.0,False,2.07,10.14,5213253177,30.6629897,104.1116731
66251,P1,159.0,159.0,879.0,879.0,False,1.36,8.72,441159818,30.7174666,104.1011618
82494,P1,159.0,159.0,879.0,879.0,False,0.19,8.0,1159504060,30.7002157,104.0250672
120580,P1,160.0,160.0,880.0,880.0,False,1.45,8.9,1301932972,30.6530952,104.0745884
138951,P1,160.0,160.0,880.0,880.0,False,0.67,8.0,4548211655,30.67425,104.065
17296,P1,160.0,160.0,880.0,880.0,False,1.45,8.9,4703149494,30.6125541,104.0671311
185949,P1,160.0,160.0,880.0,880.0,False,1.59,9.18,4693647108,30.6323832,104.072233
193077,P1,160.0,160.0,880.0,880.0,False,0.34,8.0,672406288,30.6511704,104.0686696
200327,P1,160.0,160.0,880.0,880.0,False,2.24,10.48,4695700278,30.6102494,104.0225995
201331,P1,160.0,160.0,880.0,880.0,False,2.29,10.58,3562110284,30.655066,104.0804
201464,P1,160.0,160.0,880.0,880.0,False,1.58,9.16,5375783912,30.6563403,103.9949351
106692,P1,161.0,161.0,881.0,881.0,False,1.09,8.18,4585469574,30.6552558,104.0615122
125444,P1,161.0,161.0,881.0,881.0,False,1.0,8.0,3582230418,30.6373344,103.9791878
131558,P1,161.0,161.0,881.0,881.0,False,2.09,10.18,5375783867,30.6616793,103.9966035
168214,P1,161.0,161.0,881.0,881.0,False,0.74,8.0,2564226625,30.6369724,104.0206548
169709,P1,161.0,161.0,881.0,881.0,False,0.88,8.0,1159172636,30.6229853,104.0775336
53084,P1,161.0,161.0,881.0,881.0,False,0.3,8.0,3199773577,30.7002921,104.1076309
71991,P1,161.0,161.0,881.0,881.0,False,1.33,8.66,2204171389,30.7236639,104.079988
147101,P1,162.0,162.0,882.0,882.0,False,1.4,8.8,1457855216,30.6898191,104.0960291
168069,P1,162.0,162.0,882.0,882.0,False,2.67,11.34,4548142607,30.6210575,104.0807657
178311,P1,162.0,162.0,882.0,882.0,False,1.28,8.56,1159228754,30.68644,104.11049
65007,P1,162.0,162.0,882.0,882.0,False,0.18,8.0,4106682240,30.6826398,103.9986684
94606,P1,162.0,162.0,882.0,882.0,False,0.2,8.0,2662847699,30.6755101,104.003328
102061,P1,163.0,163.0,883.0,883.0,False,0.12,8.0,4549993311,30.6968327,104.047563
174568,P1,163.0,163.0,883.0,883.0,False,0.12,8.0,4701577721,30.6109852,104.0717086
194788,P1,163.0,163.0,883.0,883.0,False,1.06,8.12,4548211249,30.6771193,104.0577876
205495,P1,163.0,163.0,883.0,883.0,False,0.23,8.0,5141328661,30.6133589,104.0634538
37231,P1,163.0,163.0,883.0,883.0,False,1.67,9.34,3680455710,30.6593521,104.0170666
67125,P1,163.0,163.0,883.0,883.0,False,0.12,8.0,2852215057,30.7146643,104.1119325
67213,P1,163.0,163.0,883.0,883.0,False,1.0,8.0,4550701367,30.6184605,103.9832886
97893,P1,163.0,163.0,883.0,883.0,False,2.2,10.4,1457842162,30.691062,104.1016759
14554,P1,164.0,164.0,884.0,884.0,False,1.95,9.9,4724343814,30.6303061,104.0668326
147751,P1,164.0,164.0,884.0,884.0,False,0.3,8.0,4106682178,30.6564551,103.9754175
191333,P1,164.0,164.0,884.0,884.0,False,2.18,10.36,1156126864,30.6775673,104.0758689
203617,P1,164.0,164.0,884.0,884.0,False,0.3,8.0,1458590783,30.6806787,104.0937534
55255,P1,164.0,164.0,884.0,884.0,False,1.59,9.18,4782097009,30.6273549,104.0238794
56111,P1,164.0,164.0,884.0,884.0,False,0.95,8.0,1159148358,30.663903,104.0750029
71469,P1,164.0,164.0,884.0,884.0,False,0.3,8.0,2981056910,30.6322883,104.0787406
82950,P1,164.0,164.0,884.0,884.0,False,1.95,9.9,4106682109,30.6435481,103.9786326
83195,P1,164.0,164.0,884.0,884.0,False,0.62,8.0,3927877874,30.6766776,103.9867634
91071,P1,164.0,164.0,884.0,884.0,False,1.95,9.9,4934383662,30.61776,104.11215
102829,P1,165.0,165.0,885.0,885.0,False,3.27,12.54,3523294443,30.6601842,104.0431961
105614,P1,165.0,165.0,885.0,885.0,False,3.27,12.54,3541427562,30.7068456,104.0316989
122243,P1,165.0,165.0,885.0,885.0,False,1.14,8.28,4547074365,30.6107864,104.0780786
170902,P1,165.0,165.0,885.0,885.0,False,1.18,8.36,2532969464,30.7039148,104.0930384
29090,P1,165.0,165.0,885.0,885.0,False,1.34,8.68,5141468779,30.6303775,104.092209
49818,P1,165.0,165.0,885.0,885.0,False,1.01,8.02,4106682202,30.6589196,103.9779696
89679,P1,165.0,165.0,885.0,885.0,False,0.4,8.0,2472036427,30.663813,104.06272
132331,P1,166.0,166.0,886.0,886.0,False,0.04,8.0,4695640671,30.6170006,104.0260356
18335,P1,166.0,166.0,886.0,886.0,False,0.68,8.0,5375783765,30.6323951,104.0114961
185308,P1,166.0,166.0,886.0,886.0,False,0.04,8.0,4586722653,30.6855345,104.0377899
27773,P1,166.0,166.0,886.0,886.0,False,0.39,8.0,3562110254,30.6474544,104.0182056
55553,P1,166.0,166.0,886.0,886.0,False,0.39,8.0,3582245793,30.7233609,103.9909702
65588,P1,166.0,166.0,886.0,886.0,False,1.68,9.36,529949134,30.6966899,104.1056087
104269,P1,167.0,167.0,887.0,887.0,False,0.42,8.0,3541393469,30.6887576,104.0077562
114840,P1,167.0,167.0,887.0,887.0,False,0.42,8.0,4695700262,30.6170371,104.0162441
144974,P1,167.0,167.0,887.0,887.0,False,1.37,8.74,432432557,30.6557519,104.0472777
160432,P1,167.0,167.0,887.0,887.0,False,0.91,8.0,1460300831,30.6518887,104.111184
167875,P1,167.0,167.0,887.0,887.0,False,0.95,8.0,4550019087,30.65105,104.05897
186000,P1,167.0,167.0,887.0,887.0,False,0.01,8.0,4106681964,30.6307147,103.9931944
18727,P1,167.0,167.0,887.0,887.0,False,1.97,9.94,1987226891,30.6694158,104.0495669
76125,P1,167.0,167.0,887.0,887.0,False,1.33,8.66,5141468684,30.6379997,104.0916988
78083,P1,167.0,167.0,887.0,887.0,False,1.59,9.18,3176012317,30.705019,104.07235
124462,P1,168.0,168.0,888.0,888.0,False,0.37,8.0,3516896165,30.6652913,104.0717077
128350,P1,168.0,168.0,888.0,888.0,False,0.74,8.0,4106681943,30.6243263,103.9943735
184735,P1,168.0,168.0,888.0,888.0,False,0.74,8.0,3562110284,30.65498,104.08026
189793,P1,168.0,168.0,888.0,888.0,False,1.38,8.76,3076737453,30.6598053,104.0515883
193773,P1,168.0,168.0,888.0,888.0,False,0.14,8.0,3541364361,30.6142828,104.0864669
21207,P1,168.0,168.0,888.0,888.0,False,0.44,8.0,1916386509,30.6220137,104.0295696
46207,P1,168.0,168.0,888.0,888.0,False,0.44,8.0,671600440,30.6639302,104.0475646
57043,P1,168.0,168.0,888.0,888.0,False,1.24,8.48,4550018884,30.6555416,104.0603353
76831,P1,168.0,168.0,888.0,888.0,False,0.28,8.0,2315717691,30.62897,104.1004
77187,P1,168.0,168.0,888.0,888.0,False,0.28,8.0,4187237189,30.6816442,104.0094268
114225,P1,169.0,169.0,889.0,889.0,False,1.31,8.62,1457855216,30.6898191,104.0960291
149810,P1,169.0,169.0,889.0,889.0,False,1.06,8.12,1445522777,30.6499242,104.0633786
155834,P1,169.0,169.0,889.0,889.0,False,2.48,10.96,4987536531,30.6263942,103.998697
156451,P1,169.0,169.0,889.0,889.0,False,1.59,9.18,3680099794,30.6449928,104.0253078
18178,P1,169.0,169.0,889.0,889.0,False,0.82,8.0,3069351961,30.6281566,103.9820995
183002,P1,169.0,169.0,889.0,889.0,False,0.82,8.0,4549992865,30.6929126,104.0376831
20467,P1,169.0,169.0,889.0,889.0,False,0.76,8.0,1301933040,30.64056,104.08327
2901,P1,169.0,169.0,889.0,889.0,False,1.32,8.64,4548211255,30.6796797,104.0394063
51929,P1,169.0,169.0,889.0,889.0,False,1.32,8.64,2729373177,30.6165939,104.0444413
85463,P1,169.0,169.0,889.0,889.0,False,0.33,8.0,2134778555,30.6317029,103.9960887
96381,P1,169.0,169.0,889.0,889.0,False,1.4,8.8,4572410194,30.6856589,103.9731084
100465,P1,170.0,170.0,890.0,890.0,False,2.21,10.42,3541401901,30.6819615,103.9831837
118408,P1,170.0,170.0,890.0,890.0,False,0.26,8.0,4294722531,30.640447,104.0060559
135881,P1,170.0,170.0,890.0,890.0,False,0.83,8.0,4359390978,30.723514,104.0587727
169044,P1,170.0,170.0,890.0,890.0,False,1.55,9.1,3579517898,30.6642286,104.0579814
171232,P1,170.0,170.0,890.0,890.0,False,1.29,8.58,1504190710,30.7132008,104.078031
180706,P1,170.0,170.0,890.0,890.0,False,1.51,9.02,3680361113,30.6604914,104.0253217
187603,P1,170.0,170.0,890.0,890.0,False,2.07,10.14,2908412246,30.64891,104.08589
196200,P1,170.0,170.0,890.0,890.0,False,1.29,8.58,3633018903,30.6677238,104.0631905
199689,P1,170.0,170.0,890.0,890.0,False,0.44,8.0,1445519636,30.6461398,104.0636672
51651,P1,170.0,170.0,890.0,890.0,False,0.83,8.0,1458981267,30.661474,104.09635
781,P1,170.0,170.0,890.0,890.0,False,2.07,10.14,4582821479,30.6586848,104.0506745
100491,P1,171.0,171.0,891.0,891.0,False,1.85,9.7,1815741573,30.688207,104.0671706
11006,P1,171.0,171.0,891.0,891.0,False,1.83,9.66,4693610130,30.6352467,104.0708625
110987,P1,171.0,171.0,891.0,891.0,False,0.75,8.0,1301933003,30.649977,104.08
12434,P1,171.0,171.0,891.0,891.0,False,0.29,8.0,4693610155,30.6346676,104.0671726
137128,P1,171.0,171.0,891.0,891.0,False,1.03,8.06,4582821477,30.6591562,104.0497539
2708,P1,171.0,171.0,891.0,891.0,False,0.09,8.0,4981594520,30.6308058,103.9968153
52907,P1,171.0,171.0,891.0,891.0,False,1.35,8.7,314623091,30.6463693,104.0312716
53511,P1,171.0,171.0,891.0,891.0,False,1.62,9.24,3541401922,30.703072,104.009636
70413,P1,171.0,171.0,891.0,891.0,False,1.55,9.1,4550769312,30.6323208,104.0989276
89185,P1,171.0,171.0,891.0,891.0,False,0.13,8.0,4548259632,30.6870021,104.0497604
102173,P1,172.0,172.0,892.0,892.0,False,0.08,8.0,1458575268,30.686645,104.0983881
111951,P1,172.0,172.0,892.0,892.0,False,0.59,8.0,4548211641,30.6709,104.06193
129411,P1,172.0,172.0,892.0,892.0,False,0.4,8.0,4359391023,30.726366,104.10995
182920,P1,172.0,172.0,892.0,892.0,False,1.63,9.26,4136052220,30.6097219,104.0482176
184899,P1,172.0,172.0,892.0,892.0,False,0.6,8.0,4794944084,30.646,104.06096
38239,P1,172.0,172.0,892.0,892.0,False,0.24,8.0,4972893912,30.6129315,104.0465191
79082,P1,172.0,172.0,892.0,892.0,False,0.6,8.0,4549993291,30.6501848,103.9847515
1054,P1,173.0,173.0,893.0,893.0,False,0.66,8.0,4972899583,30.6322506,104.0481629
159263,P1,173.0,173.0,893.0,893.0,False,0.66,8.0,2847752856,30.65738,104.10705
184868,P1,173.0,173.0,893.0,893.0,False,0.8,8.0,4701464753,30.6148219,104.0584996
38755,P1,173.0,173.0,893.0,893.0,False,2.33,10.66,3034330086,30.66593,104.07822
476,P1,173.0,173.0,893.0,893.0,False,1.39,8.78,4548211661,30.6741327,104.0577152
95403,P1,173.0,173.0,893.0,893.0,False,1.03,8.06,479902236,30.62253,104.09283
100059,P1,174.0,174.0,894.0,894.0,False,1.47,8.94,1159516301,30.64258,104.07662
105499,P1,174.0,174.0,894.0,894.0,False,1.46,8.92,4550769155,30.62492,104.10226
112523,P1,174.0,174.0,894.0,894.0,False,0.33,8.0,4549993430,30.695966,104.0417285
119380,P1,174.0,174.0,894.0,894.0,False,0.42,8.0,4572410053,30.6647272,103.9750603
122363,P1,174.0,174.0,894.0,894.0,False,0.33,8.0,1159131855,30.66691,104.0766
126352,P1,174.0,174.0,894.0,894.0,False,0.65,8.0,1885342896,30.6788746,104.0972576
130903,P1,174.0,174.0,894.0,894.0,False,1.46,8.92,5436607841,30.6358327,104.0642721
32939,P1,174.0,174.0,894.0,894.0,False,1.0,8.0,3597608247,30.72129,104.0287
53380,P1,174.0,174.0,894.0,894.0,False,1.14,8.28,2907361696,30.6426299,104.0909818
54769,P1,174.0,174.0,894.0,894.0,False,1.14,8.28,4136052364,30.6121648,104.0470362
62343,P1,174.0,174.0,894.0,894.0,False,1.14,8.28,1156126798,30.66572,104.04163
80488,P1,174.0,174.0,894.0,894.0,False,0.86,8.0,1072704381,30.7260321,104.0557868
119547,P1,175.0,175.0,895.0,895.0,False,1.69,9.38,1506537730,30.715389,104.0720119
123227,P1,175.0,175.0,895.0,895.0,False,1.67,9.34,672293777,30.6508303,104.0574513
124339,P1,175.0,175.0,895.0,895.0,False,1.73,9.46,4106682183,30.6575352,103.9753483
143779,P1,175.0,175.0,895.0,895.0,False,1.69,9.38,4923124758,30.6109402,104.0683088
148641,P1,175.0,175.0,895.0,895.0,False,3.24,12.48,4393165156,30.6224558,104.0637896
162855,P1,175.0,175.0,895.0,895.0,False,0.44,8.0,1460306173,30.6548038,104.1122954
173885,P1,175.0,175.0,895.0,895.0,False,1.68,9.36,1819305463,30.63317,104.103835
183942,P1,175.0,175.0,895.0,895.0,False,1.73,9.46,1072704351,30.7248287,104.0557982
204866,P1,175.0,175.0,895.0,895.0,False,2.87,11.74,4903112581,30.6613816,104.0803356
5543,P1,175.0,175.0,895.0,895.0,False,1.68,9.36,3562047448,30.709805,104.06519
6871,P1,175.0,175.0,895.0,895.0,False,0.17,8.0,4638050363,30.71302,104.06049
84515,P1,175.0,175.0,895.0,895.0,False,1.73,9.46,2039522710,30.67301,104.10768
85185,P1,175.0,175.0,895.0,895.0,False,1.8,9.6,1458959874,30.6666005,104.0835312
90571,P1,175.0,175.0,895.0,895.0,False,1.8,9.6,337539075,30.6245189,104.0049732
95012,P1,175.0,175.0,895.0,895.0,False,1.35,8.7,432442854,30.6661921,103.9916253
112619,P1,176.0,176.0,896.0,896.0,False,1.91,9.82,4550018997,30.6474632,103.9758156
13941,P1,176.0,176.0,896.0,896.0,False,0.57,8.0,529952509,30.6980299,104.0640131
199549,P1,176.0,176.0,896.0,896.0,False,1.03,8.06,4449099839,30.6444114,104.1095664
200699,P1,176.0,176.0,896.0,896.0,False,0.83,8.0,3582961910,30.64295,104.03616
205010,P1,176.0,176.0,896.0,896.0,False,1.67,9.34,2564226633,30.641217,104.0236026
39966,P1,176.0,176.0,896.0,896.0,False,2.29,10.58,4548211638,30.6650173,104.0630949
91514,P1,176.0,176.0,896.0,896.0,False,1.91,9.82,5375783894,30.6558234,103.9917165
11267,P1,177.0,177.0,897.0,897.0,False,0.75,8.0,4695601333,30.609656,104.0290645
132982,P1,177.0,177.0,897.0,897.0,False,1.48,8.96,2712272987,30.6882776,104.0577278
155496,P1,177.0,177.0,897.0,897.0,False,0.66,8.0,4699007186,30.6142352,104.0316066
207542,P1,177.0,177.0,897.0,897.0,False,1.1,8.2,5375784028,30.6585507,103.9891684
94367,P1,177.0,177.0,897.0,897.0,False,0.77,8.0,5141468645,30.6337168,104.092846
103715,P1,178.0,178.0,898.0,898.0,False,1.11,8.22,1458959874,30.66729,104.08357
126661,P1,178.0,178.0,898.0,898.0,False,1.11,8.22,5213238403,30.6359474,104.064871
159035,P1,178.0,178.0,898.0,898.0,False,0.41,8.0,1947584056,30.68306,104.08197
159407,P1,178.0,178.0,898.0,898.0,False,1.31,8.62,1159229836,30.673944,104.08503
170360,P1,178.0,178.0,898.0,898.0,False,0.57,8.0,3979164235,30.678018,104.1072365
190685,P1,178.0,178.0,898.0,898.0,False,0.01,8.0,4963999598,30.7211444,104.0359806
192854,P1,178.0,178.0,898.0,898.0,False,1.2,8.4,1902099081,30.7231748,104.0661476
206095,P1,178.0,178.0,898.0,898.0,False,3.22,12.44,2118910074,30.70047,104.0875
29501,P1,178.0,178.0,898.0,898.0,False,0.41,8.0,4695640582,30.6128068,104.0270076
37315,P1,178.0,178.0,898.0,898.0,False,1.36,8.72,2823785848,30.67693,104.07342
802,P1,178.0,178.0,898.0,898.0,False,1.31,8.62,1918505692,30.612219,104.0042084
98227,P1,178.0,178.0,898.0,898.0,False,0.5,8.0,1459039140,30.64488,104.10592
120005,P1,179.0,179.0,899.0,899.0,False,0.49,8.0,4106681946,30.626207,103.9983081
158833,P1,179.0,179.0,899.0,899.0,False,0.95,8.0,439751626,30.6728444,103.9864673
168479,P1,179.0,179.0,899.0,899.0,False,1.42,8.84,4548211249,30.6772,104.05726
177127,P1,179.0,179.0,899.0,899.0,False,1.14,8.28,2728372887,30.62702,104.07352
196626,P1,179.0,179.0,899.0,899.0,False,0.18,8.0,1192818265,30.6714991,104.0865323
27652,P1,179.0,179.0,899.0,899.0,False,1.35,8.7,4572363403,30.6791777,104.0582509
37923,P1,179.0,179.0,899.0,899.0,False,0.46,8.0,4934383684,30.616535,104.1164446
46461,P1,179.0,179.0,899.0,899.0,False,2.24,10.48,4779165786,30.633853,104.0737251
90775,P1,179.0,179.0,899.0,899.0,False,0.65,8.0,2908404376,30.64368,104.09539
95766,P1,179.0,179.0,899.0,899.0,False,0.95,8.0,4772214790,30.6802677,104.0069733
11244,P1,180.0,180.0,900.0,900.0,False,1.41,8.82,1819305354,30.637589,104.1042642
113985,P1,180.0,180.0,900.0,900.0,False,0.83,8.0,4779165800,30.6358011,104.0735412
123077,P1,180.0,180.0,900.0,900.0,False,2.59,11.18,432432593,30.6594274,104.0362036
137774,P1,180.0,180.0,900.0,900.0,False,0.99,8.0,4695601301,30.6110054,104.0300442
146339,P1,180.0,180.0,900.0,900.0,False,1.84,9.68,1460293504,30.65215,104.11177
158026,P1,180.0,180.0,900.0,900.0,False,1.68,9.36,432452995,30.6607427,104.0684023
166299,P1,180.0,180.0,900.0,900.0,False,1.41,8.82,432432551,30.65828,104.04522
17442,P1,180.0,180.0,900.0,900.0,False,0.99,8.0,1815741570,30.6864039,104.0764746
184715,P1,180.0,180.0,900.0,900.0,False,0.1,8.0,4106682094,30.6426409,103.9832551
25276,P1,180.0,180.0,900.0,900.0,False,1.28,8.56,4505485126,30.6351228,104.0839511
26905,P1,180.0,180.0,900.0,900.0,False,0.1,8.0,4963999540,30.7178728,104.0300753
71879,P1,180.0,180.0,900.0,900.0,False,2.22,10.44,432432565,30.6597874,104.0385021
812,P1,180.0,180.0,900.0,900.0,False,1.76,9.52,2441172197,30.6748274,104.0074372
107933,P1,181.0,181.0,901.0,901.0,False,1.02,8.04,1159477623,30.6751049,104.0502585
127311,P1,181.0,181.0,901.0,901.0,False,0.69,8.0,2560005517,30.6293037,104.0211569
142568,P1,181.0,181.0,901.0,901.0,False,2.6,11.2,3742070458,30.649269,104.0879116
199087,P1,181.0,181.0,901.0,901.0,False,0.36,8.0,1159474715,30.693146,104.04634
3951,P1,181.0,181.0,901.0,901.0,False,2.68,11.36,5055911222,30.714088,104.10987
53668,P1,181.0,181.0,901.0,901.0,False,0.6,8.0,4549759291,30.6731327,104.0594903
55988,P1,181.0,181.0,901.0,901.0,False,0.69,8.0,4393165157,30.6224945,104.0654743
69069,P1,181.0,181.0,901.0,901.0,False,1.48,8.96,5102886109,30.7176592,103.9709267
71207,P1,181.0,181.0,901.0,901.0,False,0.7,8.0,1815741549,30.68747,104.07673
96197,P1,181.0,181.0,901.0,901.0,False,0.36,8.0,4695640656,30.6179593,104.0247902
97697,P1,181.0,181.0,901.0,901.0,False,0.56,8.0,1947138494,30.6920212,104.0853742
124627,P1,182.0,182.0,902.0,902.0,False,0.48,8.0,5213237318,30.6389243,104.0511465
141967,P1,182.0,182.0,902.0,902.0,False,1.92,9.84,3034409142,30.717281,104.10377
146603,P1,182.0,182.0,902.0,902.0,False,0.25,8.0,1314184370,30.6415767,104.0770385
176799,P1,182.0,182.0,902.0,902.0,False,1.93,9.86,5382831202,30.6774918,104.0944491
177542,P1,182.0,182.0,902.0,902.0,False,0.25,8.0,3196147285,30.7080823,104.0153959
201794,P1,182.0,182.0,902.0,902.0,False,0.93,8.0,3523308807,30.6350645,104.0799302
208895,P1,182.0,182.0,902.0,902.0,False,1.39,8.78,3087817489,30.663849,104.00863
2517,P1,182.0,182.0,902.0,902.0,False,1.93,9.86,4748183735,30.6272299,104.0186132
39436,P1,182.0,182.0,902.0,902.0,False,0.93,8.0,3069352245,30.6429697,103.9882012
47091,P1,182.0,182.0,902.0,902.0,False,0.36,8.0,4981594489,30.6339847,104.0005611
54703,P1,182.0,182.0,902.0,902.0,False,0.92,8.0,1159447656,30.683283,104.03572
109064,P1,183.0,183.0,903.0,903.0,False,0.58,8.0,4779165710,30.6362246,104.0255253
146441,P1,183.0,183.0,903.0,903.0,False,2.61,11.22,4695601609,30.6105144,104.0371307
149454,P1,183.0,183.0,903.0,903.0,False,2.61,11.22,3562047436,30.7221178,104.0563417
165163,P1,183.0,183.0,903.0,903.0,False,2.16,10.32,5375784004,30.6550989,103.9925855
165515,P1,183.0,183.0,903.0,903.0,False,0.58,8.0,4695640559,30.6130623,104.0285961
48047,P1,183.0,183.0,903.0,903.0,False,2.26,10.52,2039561238,30.6889265,104.111324
5403,P1,183.0,183.0,903.0,903.0,False,1.81,9.62,4548259333,30.6865395,104.0479931
76857,P1,183.0,183.0,903.0,903.0,False,1.98,9.96,1506537731,30.7164582,104.0720557
81517,P1,183.0,183.0,903.0,903.0,False,1.1,8.2,2564226600,30.6189874,104.023116
9181,P1,183.0,183.0,903.0,903.0,False,0.26,8.0,1156126861,30.6748679,104.0815632
137060,P1,184.0,184.0,904.0,904.0,False,0.48,8.0,4972899545,30.6133716,104.0453088
164874,P1,184.0,184.0,904.0,904.0,False,1.99,9.98,1504233588,30.6974134,104.1034371
178894,P1,184.0,184.0,904.0,904.0,False,1.57,9.14,3562004411,30.6601238,104.0084115
185318,P1,184.0,184.0,904.0,904.0,False,0.38,8.0,1459910105,30.6472178,104.1045086
20586,P1,184.0,184.0,904.0,904.0,False,1.99,9.98,1507371735,30.6968505,104.0747738
21699,P1,184.0,184.0,904.0,904.0,False,2.54,11.08,3613960004,30.669374,104.05309
66413,P1,184.0,184.0,904.0,904.0,False,0.7,8.0,4987534964,30.6227155,104.0071752
90453,P1,184.0,184.0,904.0,904.0,False,1.6,9.2,4547074337,30.6110262,104.0748027
98636,P1,184.0,184.0,904.0,904.0,False,1.57,9.14,1918491725,30.6443376,103.9820764
103896,P1,185.0,185.0,905.0,905.0,False,0.01,8.0,1301933031,30.6531743,104.0712379
119543,P1,185.0,185.0,905.0,905.0,False,0.18,8.0,2868588325,30.66351,104.08572
146486,P1,185.0,185.0,905.0,905.0,False,0.59,8.0,3562086855,30.6812148,104.0427216
158417,P1,185.0,185.0,905.0,905.0,False,0.59,8.0,3927876942,30.6756045,103.9873979
159135,P1,185.0,185.0,905.0,905.0,False,1.76,9.52,2731951966,30.61467,104.07996
163303,P1,185.0,185.0,905.0,905.0,False,0.58,8.0,3541389073,30.6818708,104.034434
167875,P1,185.0,185.0,905.0,905.0,False,0.87,8.0,4106682243,30.6838138,103.9994071
42923,P1,185.0,185.0,905.0,905.0,False,3.14,12.28,5213253161,30.716162,104.077194
43585,P1,185.0,185.0,905.0,905.0,False,0.18,8.0,1159132217,30.6622629,104.0833073
53103,P1,185.0,185.0,905.0,905.0,False,0.72,8.0,5367313640,30.6351029,103.9797164
72054,P1,185.0,185.0,905.0,905.0,False,3.14,12.28,2653571754,30.6744222,104.0835944
88955,P1,185.0,185.0,905.0,905.0,False,0.9,8.0,1458786968,30.6793661,104.0923501
92445,P1,185.0,185.0,905.0,905.0,False,1.0,8.0,3680455708,30.659392,104.0139298
109297,P1,186.0,186.0,906.0,906.0,False,0.36,8.0,5375783864,30.6624543,103.9978549
117543,P1,186.0,186.0,906.0,906.0,False,0.24,8.0,2651700257,30.695084,104.0787813
122062,P1,186.0,186.0,906.0,906.0,False,2.74,11.48,4548211362,30.6770164,104.051386
122102,P1,186.0,186.0,906.0,906.0,False,1.55,9.1,4772451024,30.6806986,104.0080739
163425,P1,186.0,186.0,906.0,906.0,False,0.25,8.0,2135944704,30.6161217,104.0165029
172031,P1,186.0,186.0,906.0,906.0,False,0.82,8.0,4548211322,30.6261544,104.0465852
175945,P1,186.0,186.0,906.0,906.0,False,2.74,11.48,4773916471,30.6561758,104.0017825
179506,P1,186.0,186.0,906.0,906.0,False,3.75,13.5,2717452481,30.6171488,104.0550426
23450,P1,186.0,186.0,906.0,906.0,False,1.65,9.3,3979164228,30.6840565,104.0962674
38475,P1,186.0,186.0,906.0,906.0,False,1.55,9.1,1458550332,30.682592,104.1030391
67285,P1,186.0,186.0,906.0,906.0,False,1.55,9.1,3445794963,30.6616976,104.0734766
88405,P1,186.0,186.0,906.0,906.0,False,0.23,8.0,4521001284,30.6537616,104.0838077
90955,P1,186.0,186.0,906.0,906.0,False,3.75,13.5,3087817503,30.667936,103.99057
151923,P1,187.0,187.0,907.0,907.0,False,2.04,10.08,1305816697,30.6662606,104.0991495
186423,P1,187.0,187.0,907.0,907.0,False,1.71,9.42,3034040782,30.7008204,104.0157875
191231,P1,187.0,187.0,907.0,907.0,False,1.61,9.22,4695640653,30.6139095,104.0248146
199603,P1,187.0,187.0,907.0,907.0,False,1.71,9.42,1339701411,30.70461,104.04585
22345,P1,187.0,187.0,907.0,907.0,False,1.61,9.22,2329116004,30.6813752,104.0241402
26273,P1,187.0,187.0,907.0,907.0,False,0.43,8.0,314655092,30.6193901,104.0454194
93711,P1,187.0,187.0,907.0,907.0,False,0.53,8.0,5141458212,30.63593,104.08013
173054,P1,188.0,188.0,908.0,908.0,False,1.7,9.4,2653567547,30.6712008,104.0899012
125389,P1,189.0,189.0,909.0,909.0,False,0.32,8.0,4967265408,30.6523148,104.0936397
205663,P1,189.0,189.0,909.0,909.0,False,1.37,8.74,5213238596,30.65852,104.08038
56343,P1,189.0,189.0,909.0,909.0,False,0.62,8.0,4695701796,30.6136103,104.018995
72133,P1,189.0,189.0,909.0,909.0,False,0.65,8.0,1301932980,30.6535045,104.0727944
83397,P1,189.0,189.0,909.0,909.0,False,0.01,8.0,4106682120,30.6442026,103.9718285
108657,P1,190.0,190.0,910.0,910.0,False,1.56,9.12,3436486479,30.641661,104.0466145
118731,P1,190.0,190.0,910.0,910.0,False,0.46,8.0,3680400057,30.6589107,104.0136654
134862,P1,190.0,190.0,910.0,910.0,False,1.56,9.12,4772214781,30.6797356,104.0054318
137427,P1,190.0,190.0,910.0,910.0,False,0.02,8.0,4393165159,30.6227639,104.0671748
150811,P1,190.0,190.0,910.0,910.0,False,0.77,8.0,3034393457,30.66791,104.05448
159483,P1,190.0,190.0,910.0,910.0,False,1.37,8.74,4064178181,30.67406,103.999176
159495,P1,190.0,190.0,910.0,910.0,False,1.65,9.3,1458751453,30.6779748,104.0936828
181363,P1,190.0,190.0,910.0,910.0,False,1.84,9.68,504315298,30.6964144,104.1055436
188568,P1,190.0,190.0,910.0,910.0,False,1.81,9.62,1916401237,30.6112591,104.0330967
2218,P1,190.0,190.0,910.0,910.0,False,0.46,8.0,314623091,30.6463693,104.0312716
77171,P1,190.0,190.0,910.0,910.0,False,1.56,9.12,1458972939,30.66529,104.09074
90299,P1,190.0,190.0,910.0,910.0,False,0.46,8.0,2564226626,30.6382814,104.0196474
100609,P1,191.0,191.0,911.0,911.0,False,1.41,8.82,1159174088,30.6320826,104.0738042
127291,P1,191.0,191.0,911.0,911.0,False,2.73,11.46,4550019021,30.64583,104.05402
14077,P1,191.0,191.0,911.0,911.0,False,0.69,8.0,432432603,30.6590905,104.0350073
168599,P1,191.0,191.0,911.0,911.0,False,0.77,8.0,5213238459,30.6368515,104.0499072
172912,P1,191.0,191.0,911.0,911.0,False,0.07,8.0,1159447643,30.6732409,104.0301527
187127,P1,191.0,191.0,911.0,911.0,False,0.15,8.0,1504230238,30.69899,104.09638
77951,P1,191.0,191.0,911.0,911.0,False,0.77,8.0,1072698472,30.71901,104.06851
94919,P1,191.0,191.0,911.0,911.0,False,1.41,8.82,1159234110,30.69429,104.07118
144533,P1,192.0,192.0,912.0,912.0,False,1.2,8.4,5141328658,30.6141144,104.064389
185712,P1,192.0,192.0,912.0,912.0,False,0.53,8.0,4062101467,30.7163523,104.0326331
56599,P1,192.0,192.0,912.0,912.0,False,0.11,8.0,1159481534,30.67179,104.06975
63417,P1,192.0,192.0,912.0,912.0,False,0.95,8.0,5213253153,30.6942778,104.0869612
67036,P1,192.0,192.0,912.0,912.0,False,3.81,13.62,5213238598,30.6475691,104.1035661
77054,P1,192.0,192.0,912.0,912.0,False,0.28,8.0,5375783863,30.6624038,103.9960617
91895,P1,192.0,192.0,912.0,912.0,False,1.75,9.5,1504230238,30.6986,104.09634
95952,P1,192.0,192.0,912.0,912.0,False,2.79,11.58,5367291466,30.6264731,104.001824
129548,P1,193.0,193.0,913.0,913.0,False,3.68,13.36,4992013246,30.621778,104.0745079
151712,P1,193.0,193.0,913.0,913.0,False,1.66,9.32,5367313162,30.6350008,103.9670743
24336,P1,193.0,193.0,913.0,913.0,False,2.54,11.08,4794975965,30.643202,104.0552771
46728,P1,193.0,193.0,913.0,913.0,False,1.76,9.52,3523308822,30.6437176,104.0542421
94174,P1,193.0,193.0,913.0,913.0,False,0.65,8.0,5256947454,30.6769636,104.0948991
108142,P1,194.0,194.0,914.0,914.0,False,0.25,8.0,1305816678,30.6491402,104.0820003
119220,P1,194.0,194.0,914.0,914.0,False,1.06,8.12,2118910074,30.701761,104.087606
128379,P1,194.0,194.0,914.0,914.0,False,0.45,8.0,3523298659,30.6311598,104.0482285
129911,P1,194.0,194.0,914.0,914.0,False,0.2,8.0,4972899562,30.62261,104.05221
131303,P1,194.0,194.0,914.0,914.0,False,0.62,8.0,4972899565,30.62338,104.04981
134031,P1,194.0,194.0,914.0,914.0,False,3.09,12.18,4230611271,30.6517581,104.0702595
154082,P1,194.0,194.0,914.0,914.0,False,2.11,10.22,1507257626,30.7120905,104.0719313
161817,P1,194.0,194.0,914.0,914.0,False,0.47,8.0,671587213,30.6367614,104.0560237
197167,P1,194.0,194.0,914.0,914.0,False,2.11,10.22,3633018901,30.66695,104.06568
200573,P1,194.0,194.0,914.0,914.0,False,2.09,10.18,436486247,30.6343213,104.0011051
134261,P1,195.0,195.0,915.0,915.0,False,0.35,8.0,5256947477,30.6759354,104.0973798
14998,P1,195.0,195.0,915.0,915.0,False,0.85,8.0,4799195773,30.6145905,103.9944132
174308,P1,195.0,195.0,915.0,915.0,False,2.0,10.0,4107377040,30.6434926,103.989248
194410,P1,195.0,195.0,915.0,915.0,False,4.61,15.22,1072698608,30.7167248,104.0716358
198209,P1,195.0,195.0,915.0,915.0,False,0.35,8.0,3199773577,30.7002921,104.1076309
208863,P1,195.0,195.0,915.0,915.0,False,1.08,8.16,4703149483,30.611085,104.0681825
31787,P1,195.0,195.0,915.0,915.0,False,0.37,8.0,2204171375,30.7253223,104.0765603
58323,P1,195.0,195.0,915.0,915.0,False,1.03,8.06,5218240020,30.6980163,104.050505
96679,P1,195.0,195.0,915.0,915.0,False,1.03,8.06,1301933040,30.6405,104.08323
109948,P1,196.0,196.0,916.0,916.0,False,0.91,8.0,4078817942,30.710714,104.0823324
113830,P1,196.0,196.0,916.0,916.0,False,1.04,8.08,2204171386,30.7211716,104.0979283
12983,P1,196.0,196.0,916.0,916.0,False,1.5,9.0,628641785,30.6820927,104.0863094
144923,P1,196.0,196.0,916.0,916.0,False,0.17,8.0,4693610094,30.6348449,104.0701541
207128,P1,196.0,196.0,916.0,916.0,False,2.31,10.62,2214044357,30.6227483,104.0832674
4288,P1,196.0,196.0,916.0,916.0,False,0.72,8.0,1498677506,30.7263052,104.0717815
48398,P1,196.0,196.0,916.0,916.0,False,1.16,8.32,5213238415,30.6443183,104.0390924
61162,P1,196.0,196.0,916.0,916.0,False,0.91,8.0,4773199728,30.6676926,104.0124254
69729,P1,196.0,196.0,916.0,916.0,False,0.84,8.0,4967265721,30.70298,104.0032296
93584,P1,196.0,196.0,916.0,916.0,False,2.31,10.62,1498716013,30.7229382,104.0721053
126915,P1,197.0,197.0,917.0,917.0,False,0.12,8.0,5375783452,30.622144,104.0092796
146153,P1,197.0,197.0,917.0,917.0,False,0.05,8.0,4973209486,30.6093294,104.0457207
183805,P1,197.0,197.0,917.0,917.0,False,0.76,8.0,4699007147,30.6120035,104.0354944
18927,P1,197.0,197.0,917.0,917.0,False,1.76,9.52,1159132217,30.6626,104.08303
189425,P1,197.0,197.0,917.0,917.0,False,0.05,8.0,1072698664,30.7155728,104.0735414
204155,P1,197.0,197.0,917.0,917.0,False,0.12,8.0,3562110262,30.64783,104.02261
60156,P1,197.0,197.0,917.0,917.0,False,0.38,8.0,439751609,30.6653518,103.9836538
90751,P1,197.0,197.0,917.0,917.0,False,0.22,8.0,2717452481,30.6171488,104.0550426
133947,P1,198.0,198.0,918.0,918.0,False,1.39,8.78,1504230238,30.69899,104.09638
141391,P1,198.0,198.0,918.0,918.0,False,2.59,11.18,4217844073,30.627813,104.0435407
18031,P1,198.0,198.0,918.0,918.0,False,1.94,9.88,2910352375,30.6444842,104.0887257
205250,P1,198.0,198.0,918.0,918.0,False,0.46,8.0,4548211291,30.6784787,104.0578434
43978,P1,198.0,198.0,918.0,918.0,False,3.04,12.08,4981598380,30.631136,103.9945898
57811,P1,198.0,198.0,918.0,918.0,False,1.94,9.88,838319859,30.65137,104.1099
98911,P1,198.0,198.0,918.0,918.0,False,1.28,8.56,480012034,30.62054,104.06968
134671,P1,199.0,199.0,919.0,919.0,False,1.57,9.14,2135944704,30.6161217,104.0165029
168226,P1,199.0,199.0,919.0,919.0,False,0.88,8.0,5141328740,30.6120674,104.0643424
181038,P1,199.0,199.0,919.0,919.0,False,1.57,9.14,4773199372,30.6733516,104.0148017
193451,P1,199.0,199.0,919.0,919.0,False,0.48,8.0,3562086848,30.6732419,104.0595487
198243,P1,199.0,199.0,919.0,919.0,False,1.72,9.44,4900292686,30.670544,104.06439
203654,P1,199.0,199.0,919.0,919.0,False,1.57,9.14,1504213664,30.7039317,104.1006345
203734,P1,199.0,199.0,919.0,919.0,False,2.98,11.96,4773916439,30.6587323,104.0026072
21825,P1,199.0,199.0,919.0,919.0,False,2.98,11.96,1916531026,30.6258323,103.9828443
5984,P1,199.0,199.0,919.0,919.0,False,1.58,9.16,4978440954,30.6777353,104.0789285
69053,P1,199.0,199.0,919.0,919.0,False,0.48,8.0,3034330076,30.65804,104.0851762
86308,P1,199.0,199.0,919.0,919.0,False,1.58,9.16,1159176757,30.6319075,104.0535691
91655,P1,199.0,199.0,919.0,919.0,False,1.11,8.22,4230611257,30.65106,104.074
9419,P1,199.0,199.0,919.0,919.0,False,2.43,10.86,1312615976,30.6533569,104.0604054
108929,P1,200.0,200.0,920.0,920.0,False,1.31,8.62,4748166162,30.6138824,104.0234089
158102,P1,200.0,200.0,920.0,920.0,False,1.59,9.18,4548259586,30.6543246,104.0193875
165803,P1,200.0,200.0,920.0,920.0,False,1.31,8.62,4154147444,30.6328704,104.1133897
80660,P1,200.0,200.0,920.0,920.0,False,0.41,8.0,2082821595,30.6103387,104.0876684
108221,P1,201.0,201.0,921.0,921.0,False,1.37,8.74,1492613701,30.6225141,104.0630716
149955,P1,201.0,201.0,921.0,921.0,False,1.37,8.74,5283966122,30.652874,104.09721
100213,P1,202.0,202.0,922.0,922.0,False,2.13,10.26,4701400719,30.6226229,104.0678905
10566,P1,202.0,202.0,922.0,922.0,False,1.59,9.18,3523308829,30.6416653,104.0811521
151395,P1,202.0,202.0,922.0,922.0,False,0.39,8.0,3516900122,30.66997,104.07343
19702,P1,202.0,202.0,922.0,922.0,False,0.29,8.0,4106681987,30.6423885,103.9775849
69511,P1,202.0,202.0,922.0,922.0,False,1.42,8.84,441187385,30.68927,104.06253
74261,P1,202.0,202.0,922.0,922.0,False,1.71,9.42,5141328428,30.6102285,104.0611614
102367,P1,203.0,203.0,923.0,923.0,False,1.87,9.74,4400595034,30.6741326,104.0752209
132714,P1,203.0,203.0,923.0,923.0,False,0.55,8.0,1159155460,30.6389833,104.0913883
146435,P1,203.0,203.0,923.0,923.0,False,1.47,8.94,432442861,30.66771,104.00235
174990,P1,203.0,203.0,923.0,923.0,False,0.47,8.0,4550701195,30.6234342,104.0347121
19082,P1,203.0,203.0,923.0,923.0,False,2.29,10.58,1499189790,30.7172103,104.1010689
193215,P1,203.0,203.0,923.0,923.0,False,0.03,8.0,4548259595,30.707,104.0214
202207,P1,203.0,203.0,923.0,923.0,False,0.43,8.0,4550764070,30.64763,104.11289
27987,P1,203.0,203.0,923.0,923.0,False,2.8,11.6,1159477623,30.67587,104.05083
83347,P1,203.0,203.0,923.0,923.0,False,1.55,9.1,4964000138,30.7179505,104.031218
161257,P1,204.0,204.0,924.0,924.0,False,0.37,8.0,314635476,30.6395178,104.0337337
161307,P1,204.0,204.0,924.0,924.0,False,0.91,8.0,3691362657,30.6406983,104.0471504
37571,P1,204.0,204.0,924.0,924.0,False,0.37,8.0,4550019068,30.65285,104.05332
85175,P1,204.0,204.0,924.0,924.0,False,0.19,8.0,4903105811,30.65601,104.08326
124971,P1,205.0,205.0,925.0,925.0,False,2.09,10.18,4701577732,30.6381638,104.0735076
132430,P1,205.0,205.0,925.0,925.0,False,1.98,9.96,5375784263,30.625793,104.0054355
155243,P1,205.0,205.0,925.0,925.0,False,1.2,8.4,4717800179,30.68011,104.09578
167901,P1,205.0,205.0,925.0,925.0,False,1.13,8.26,4695700257,30.6165978,104.0198291
17898,P1,205.0,205.0,925.0,925.0,False,0.11,8.0,2653287869,30.685728,104.0777733
194221,P1,205.0,205.0,925.0,925.0,False,0.61,8.0,2372052925,30.6334788,104.0997912
29889,P1,205.0,205.0,925.0,925.0,False,0.9,8.0,4699185731,30.6116138,104.054971
51903,P1,205.0,205.0,925.0,925.0,False,1.86,9.72,4549992865,30.69322,104.03742
69227,P1,205.0,205.0,925.0,925.0,False,0.44,8.0,3436489838,30.6408633,104.0458898
69508,P1,205.0,205.0,925.0,925.0,False,1.2,8.4,1159131046,30.6660168,104.059994
8148,P1,205.0,205.0,925.0,925.0,False,0.27,8.0,314623104,30.6469959,104.0389359
111011,P1,206.0,206.0,926.0,926.0,False,0.38,8.0,2564226640,30.6384958,104.0167222
120995,P1,206.0,206.0,926.0,926.0,False,0.21,8.0,4548211443,30.67361,104.068726
130030,P1,206.0,206.0,926.0,926.0,False,0.79,8.0,1492396690,30.6552064,104.0614654
13565,P1,206.0,206.0,926.0,926.0,False,2.35,10.7,4896843831,30.6284734,104.1022402
194187,P1,206.0,206.0,926.0,926.0,False,0.35,8.0,2651588758,30.66818,104.10031
22292,P1,206.0,206.0,926.0,926.0,False,0.18,8.0,4217844072,30.6276044,104.0441595
92345,P1,206.0,206.0,926.0,926.0,False,0.21,8.0,1159224292,30.6965641,104.0475878
119998,P1,207.0,207.0,927.0,927.0,False,1.01,8.02,3028924410,30.6227169,104.0994285
12275,P1,207.0,207.0,927.0,927.0,False,1.95,9.9,3562015381,30.660631,104.08251
208593,P1,207.0,207.0,927.0,927.0,False,1.53,9.06,3562099191,30.6525357,104.0741928
26641,P1,207.0,207.0,927.0,927.0,False,1.01,8.02,432442542,30.6921482,104.0120852
30996,P1,207.0,207.0,927.0,927.0,False,0.21,8.0,276560244,30.6112268,104.0524586
76735,P1,207.0,207.0,927.0,927.0,False,1.71,9.42,4772216921,30.6792894,104.0076746
80401,P1,207.0,207.0,927.0,927.0,False,0.56,8.0,1492615691,30.6242323,104.0643304
80633,P1,207.0,207.0,927.0,927.0,False,1.69,9.38,1916386504,30.622773,104.0232857
93855,P1,207.0,207.0,927.0,927.0,False,0.39,8.0,2843289904,30.68737,104.0592
152699,P1,208.0,208.0,928.0,928.0,False,1.34,8.68,4695700253,30.6182648,104.0197066
181043,P1,208.0,208.0,928.0,928.0,False,0.28,8.0,2039550414,30.67667,104.11041
194595,P1,208.0,208.0,928.0,928.0,False,1.43,8.86,3113656970,30.66602,104.04813
63256,P1,208.0,208.0,928.0,928.0,False,0.03,8.0,1305816747,30.6436968,104.0831923
7471,P1,208.0,208.0,928.0,928.0,False,0.86,8.0,1459000907,30.65745,104.09665
90499,P1,208.0,208.0,928.0,928.0,False,0.43,8.0,4550701367,30.6184605,103.9832886
139408,P1,209.0,209.0,929.0,929.0,False,2.44,10.88,3680361240,30.6588392,104.0262574
33220,P1,209.0,209.0,929.0,929.0,False,0.78,8.0,2923196175,30.7259467,104.0067958
34741,P1,209.0,209.0,929.0,929.0,False,0.76,8.0,4799195775,30.6136924,103.996444
58211,P1,209.0,209.0,929.0,929.0,False,0.98,8.0,3445794968,30.663383,104.0738577
200824,P1,210.0,210.0,930.0,930.0,False,1.97,9.94,4550019045,30.6483897,104.0751154
50494,P1,210.0,210.0,930.0,930.0,False,1.57,9.14,1916386553,30.6395429,104.0574268
68875,P1,210.0,210.0,930.0,930.0,False,2.32,10.64,4967265745,30.6998298,104.0071361
74559,P1,210.0,210.0,930.0,930.0,False,1.15,8.3,2472030042,30.66193,104.06193
79235,P1,210.0,210.0,930.0,930.0,False,1.97,9.94,1159155007,30.6526674,104.0863993
94284,P1,210.0,210.0,930.0,930.0,False,2.16,10.32,4987536557,30.6430199,103.9924467
104631,P1,211.0,211.0,931.0,931.0,False,1.03,8.06,5141328739,30.6110513,104.0641877
121273,P1,211.0,211.0,931.0,931.0,False,0.78,8.0,3034330076,30.65804,104.0851762
145015,P1,211.0,211.0,931.0,931.0,False,0.47,8.0,671587213,30.6367614,104.0560237
200949,P1,211.0,211.0,931.0,931.0,False,1.09,8.18,1885342904,30.6791715,104.0982216
40365,P1,211.0,211.0,931.0,931.0,False,1.02,8.04,4548211369,30.6779755,104.0676815
42763,P1,211.0,211.0,931.0,931.0,False,0.47,8.0,1958204248,30.66958,104.083916
459,P1,211.0,211.0,931.0,931.0,False,1.05,8.1,1305816742,30.65199,104.07904
54372,P1,211.0,211.0,931.0,931.0,False,1.55,9.1,337539262,30.6386619,104.0405524
66820,P1,211.0,211.0,931.0,931.0,False,0.79,8.0,1305816693,30.6621443,104.1062174
80363,P1,211.0,211.0,931.0,931.0,False,1.09,8.18,432442859,30.673,103.99427
102002,P1,212.0,212.0,932.0,932.0,False,0.72,8.0,3087817513,30.6583491,103.9937287
129639,P1,212.0,212.0,932.0,932.0,False,2.01,10.02,5323268681,30.7187694,104.09595
186324,P1,212.0,212.0,932.0,932.0,False,0.08,8.0,4693610165,30.6334966,104.0694415
30757,P1,212.0,212.0,932.0,932.0,False,0.08,8.0,5257005077,30.6770473,104.0940127
39747,P1,212.0,212.0,932.0,932.0,False,1.75,9.5,432442902,30.67166,104.02773
53324,P1,212.0,212.0,932.0,932.0,False,0.93,8.0,4695662941,30.6124329,104.0313215
65279,P1,212.0,212.0,932.0,932.0,False,1.55,9.1,5141328778,30.6146367,104.0620239
8767,P1,212.0,212.0,932.0,932.0,False,0.08,8.0,3034409011,30.71001,104.09396
105067,P1,213.0,213.0,933.0,933.0,False,2.14,10.28,4548259534,30.6533949,104.0296284
125814,P1,213.0,213.0,933.0,933.0,False,1.08,8.16,3633001072,30.664894,104.0233991
140270,P1,213.0,213.0,933.0,933.0,False,1.95,9.9,4572409838,30.7223359,104.0008769
152083,P1,213.0,213.0,933.0,933.0,False,1.68,9.36,1885342917,30.6821,104.09924
152111,P1,213.0,213.0,933.0,933.0,False,0.6,8.0,4699185731,30.6116138,104.054971
173963,P1,213.0,213.0,933.0,933.0,False,0.6,8.0,4550701373,30.6145575,103.976073
183904,P1,213.0,213.0,933.0,933.0,False,0.08,8.0,4400595031,30.6754637,104.0757095
24915,P1,213.0,213.0,933.0,933.0,False,1.62,9.24,2852215059,30.717982,104.0866281
26407,P1,213.0,213.0,933.0,933.0,False,1.68,9.36,4695601628,30.6120246,104.0344772
30407,P1,213.0,213.0,933.0,933.0,False,2.14,10.28,4695601306,30.6109875,104.0285299
58591,P1,213.0,213.0,933.0,933.0,False,2.44,10.88,4548259388,30.6463427,104.0312027
65449,P1,213.0,213.0,933.0,933.0,False,0.08,8.0,432442980,30.6734179,104.0162642
69780,P1,213.0,213.0,933.0,933.0,False,2.44,10.88,1445484327,30.6398761,104.0640846
71620,P1,213.0,213.0,933.0,933.0,False,1.29,8.58,4580783029,30.6367782,104.0433571
8837,P1,213.0,213.0,933.0,933.0,False,1.16,8.32,4550769368,30.6270543,104.0999103
147607,P1,214.0,214.0,934.0,934.0,False,0.49,8.0,5053143823,30.7137434,104.0089683
70448,P1,214.0,214.0,934.0,934.0,False,1.51,9.02,4693609829,30.6294317,104.0691394
91616,P1,214.0,214.0,934.0,934.0,False,1.18,8.36,2631867280,30.6873011,104.0881029
99443,P1,214.0,214.0,934.0,934.0,False,1.46,8.92,1159227581,30.6926908,104.052127
147349,P1,215.0,215.0,935.0,935.0,False,1.43,8.86,4549993119,30.7037498,104.0042119
187501,P1,215.0,215.0,935.0,935.0,False,0.15,8.0,1459924112,30.6397091,104.1059377
193875,P1,215.0,215.0,935.0,935.0,False,0.15,8.0,4550018805,30.620037,104.0118693
200207,P1,215.0,215.0,935.0,935.0,False,2.12,10.24,5218133309,30.638398,104.1069014
204670,P1,215.0,215.0,935.0,935.0,False,1.65,9.3,4693610154,30.6343798,104.0678027
59000,P1,215.0,215.0,935.0,935.0,False,1.11,8.22,504315294,30.6972162,104.1051994
11882,P1,216.0,216.0,936.0,936.0,False,1.42,8.84,4964134681,30.7167355,104.0296671
121652,P1,216.0,216.0,936.0,936.0,False,0.38,8.0,671587238,30.6376248,104.0565797
134103,P1,216.0,216.0,936.0,936.0,False,0.02,8.0,5436607839,30.6359785,104.0639637
136590,P1,216.0,216.0,936.0,936.0,False,3.29,12.58,1459018259,30.6452301,104.1087541
139893,P1,216.0,216.0,936.0,936.0,False,0.26,8.0,4550700992,30.6278825,104.098802
144455,P1,216.0,216.0,936.0,936.0,False,0.02,8.0,1956501938,30.686047,104.10322
157575,P1,216.0,216.0,936.0,936.0,False,0.26,8.0,4772451022,30.680834,104.0077624
159072,P1,216.0,216.0,936.0,936.0,False,1.41,8.82,1885342893,30.6780424,104.0985889
167035,P1,216.0,216.0,936.0,936.0,False,0.95,8.0,2912287863,30.63456,104.09944
183963,P1,216.0,216.0,936.0,936.0,False,1.41,8.82,1301932985,30.65336,104.07916
20331,P1,216.0,216.0,936.0,936.0,False,2.17,10.34,3034409026,30.71521,104.09383
30662,P1,216.0,216.0,936.0,936.0,False,0.97,8.0,4242372867,30.6869342,104.0229302
63943,P1,216.0,216.0,936.0,936.0,False,0.74,8.0,2917213942,30.6508894,104.0898589
74364,P1,216.0,216.0,936.0,936.0,False,0.08,8.0,2708961595,30.6204751,104.0823862
82345,P1,216.0,216.0,936.0,936.0,False,0.07,8.0,4772463258,30.6643129,104.0449738
122250,P1,217.0,217.0,937.0,937.0,False,2.43,10.86,672360497,30.6665587,104.0834623
139811,P1,217.0,217.0,937.0,937.0,False,1.47,8.94,2133188691,30.6174812,104.0935387
16938,P1,217.0,217.0,937.0,937.0,False,0.73,8.0,4393239473,30.6270158,104.045775
207366,P1,217.0,217.0,937.0,937.0,False,2.13,10.26,3613960016,30.6637584,104.0523448
26392,P1,217.0,217.0,937.0,937.0,False,0.72,8.0,314635488,30.6573811,104.0705047
43583,P1,217.0,217.0,937.0,937.0,False,0.34,8.0,2039561244,30.684198,104.10418
53128,P1,217.0,217.0,937.0,937.0,False,2.13,10.26,432432462,30.651193,104.0546271
56237,P1,217.0,217.0,937.0,937.0,False,1.09,8.18,314623148,30.6515842,104.0635976
6407,P1,217.0,217.0,937.0,937.0,False,0.34,8.0,1159173359,30.6297047,104.0710234
76688,P1,217.0,217.0,937.0,937.0,False,2.43,10.86,4880298880,30.6220867,104.101142
87406,P1,217.0,217.0,937.0,937.0,False,0.15,8.0,5141328741,30.6122128,104.0635145
103001,P1,218.0,218.0,938.0,938.0,False,0.08,8.0,4572409834,30.7143848,103.9924799
109234,P1,218.0,218.0,938.0,938.0,False,0.37,8.0,1492615752,30.6230288,104.0630108
127725,P1,218.0,218.0,938.0,938.0,False,0.94,8.0,2039550419,30.6384474,104.1095985
172381,P1,218.0,218.0,938.0,938.0,False,1.02,8.04,1301933005,30.6423101,104.0801153
190506,P1,218.0,218.0,938.0,938.0,False,2.76,11.52,1458998780,30.6616163,104.0993725
192919,P1,218.0,218.0,938.0,938.0,False,0.46,8.0,2534025680,30.6717,104.060936
20311,P1,218.0,218.0,938.0,938.0,False,2.81,11.62,4444112338,30.7189208,104.1017619
70035,P1,218.0,218.0,938.0,938.0,False,2.01,10.02,4449099864,30.653473,104.10515
8893,P1,218.0,218.0,938.0,938.0,False,1.89,9.78,2259835288,30.6235312,104.1025317
91073,P1,218.0,218.0,938.0,938.0,False,1.89,9.78,1159176227,30.6250578,104.0599734
103316,P1,219.0,219.0,939.0,939.0,False,2.11,10.22,1918491741,30.6369252,104.0065165
143827,P1,219.0,219.0,939.0,939.0,False,1.65,9.3,671581756,30.62474,104.07381
156069,P1,219.0,219.0,939.0,939.0,False,0.0,8.0,1159478530,30.6769054,104.05131
179917,P1,219.0,219.0,939.0,939.0,False,0.84,8.0,4106681954,30.6291354,104.0038731
193144,P1,219.0,219.0,939.0,939.0,False,1.19,8.38,3087817486,30.665038,104.0142181
50387,P1,219.0,219.0,939.0,939.0,False,0.0,8.0,337539045,30.6278988,104.019046
50677,P1,219.0,219.0,939.0,939.0,False,1.19,8.38,1916524814,30.616715,103.9878757
57127,P1,219.0,219.0,939.0,939.0,False,0.02,8.0,4069514796,30.72428,103.9781
77382,P1,219.0,219.0,939.0,939.0,False,1.09,8.18,5283966211,30.7016962,104.1007108
80435,P1,219.0,219.0,939.0,939.0,False,2.03,10.06,1458907151,30.68254,104.08858
85525,P1,219.0,219.0,939.0,939.0,False,1.11,8.22,4981594489,30.6339847,104.0005611
102611,P1,220.0,220.0,940.0,940.0,False,0.46,8.0,5283966195,30.70197,104.115
117717,P1,220.0,220.0,940.0,940.0,False,2.53,11.06,4701464735,30.6160597,104.0613693
159542,P1,220.0,220.0,940.0,940.0,False,0.28,8.0,4934383665,30.6184231,104.1141593
1623,P1,220.0,220.0,940.0,940.0,False,1.41,8.82,432442558,30.69492,104.01179
163789,P1,220.0,220.0,940.0,940.0,False,1.25,8.5,3516900114,30.6680637,104.0802444
24975,P1,220.0,220.0,940.0,940.0,False,0.98,8.0,1159945489,30.6583,104.052
3836,P1,220.0,220.0,940.0,940.0,False,1.41,8.82,441221495,30.6503372,104.0222864
49083,P1,220.0,220.0,940.0,940.0,False,1.25,8.5,3034029052,30.676004,104.00206
52915,P1,220.0,220.0,940.0,940.0,False,0.28,8.0,465203743,30.70592,104.10371
652,P1,220.0,220.0,940.0,940.0,False,0.7,8.0,672406316,30.6524299,104.0693456
69750,P1,220.0,220.0,940.0,940.0,False,0.75,8.0,4740867225,30.613173,104.0922027
91324,P1,220.0,220.0,940.0,940.0,False,2.62,11.24,4572410232,30.7120563,103.9900015
91685,P1,220.0,220.0,940.0,940.0,False,1.74,9.48,5375783895,30.6569771,103.9911425
127473,P1,221.0,221.0,941.0,941.0,False,0.95,8.0,1159168940,30.6291102,104.0792217
129803,P1,221.0,221.0,941.0,941.0,False,1.28,8.56,1159224292,30.69645,104.0484
137968,P1,221.0,221.0,941.0,941.0,False,1.68,9.36,4447921435,30.7235699,104.0479364
139352,P1,221.0,221.0,941.0,941.0,False,1.68,9.36,4794975971,30.646479,104.0574001
152018,P1,221.0,221.0,941.0,941.0,False,3.64,13.28,4242372865,30.6875522,104.0225602
15251,P1,221.0,221.0,941.0,941.0,False,2.3,10.6,1445519636,30.6461398,104.0636672
200407,P1,221.0,221.0,941.0,941.0,False,2.46,10.92,3693209216,30.6645496,104.0299484
37809,P1,221.0,221.0,941.0,941.0,False,1.71,9.42,2729373176,30.6166289,104.0457287
67423,P1,221.0,221.0,941.0,941.0,False,1.28,8.56,4695700280,30.6110924,104.0173551
68880,P1,221.0,221.0,941.0,941.0,False,0.32,8.0,1159171641,30.6163231,104.0795758
70643,P1,221.0,221.0,941.0,941.0,False,2.46,10.92,1457840980,30.6901806,104.1012743
71243,P1,221.0,221.0,941.0,941.0,False,0.61,8.0,1159148361,30.66283,104.07667
81829,P1,221.0,221.0,941.0,941.0,False,0.88,8.0,2997203343,30.6969032,104.0743068
83363,P1,221.0,221.0,941.0,941.0,False,1.28,8.56,3445813553,30.665438,104.0736
95615,P1,221.0,221.0,941.0,941.0,False,1.35,8.7,1159227442,30.69249,104.05063
153194,P1,222.0,222.0,942.0,942.0,False,0.45,8.0,3541422912,30.7094602,104.0636804
170538,P1,222.0,222.0,942.0,942.0,False,1.06,8.12,1301933031,30.6531743,104.0712379
189340,P1,222.0,222.0,942.0,942.0,False,1.93,9.86,4701400723,30.624126,104.0932815
191549,P1,222.0,222.0,942.0,942.0,False,1.93,9.86,4699007193,30.6098684,104.0319442
22821,P1,222.0,222.0,942.0,942.0,False,1.89,9.78,4638105424,30.7067866,104.0611202
24553,P1,222.0,222.0,942.0,942.0,False,1.33,8.66,432442532,30.6931723,104.0203893
64867,P1,222.0,222.0,942.0,942.0,False,1.02,8.04,1586706375,30.7064975,103.9851115
12894,P1,223.0,223.0,943.0,943.0,False,0.66,8.0,2135946728,30.6134597,104.0194917
85165,P1,223.0,223.0,943.0,943.0,False,0.22,8.0,4703149498,30.6131713,104.0665357
122472,P1,224.0,224.0,944.0,944.0,False,2.37,10.74,4444112339,30.7189594,104.1017075
149264,P1,224.0,224.0,944.0,944.0,False,1.45,8.9,1301933030,30.6445203,104.0738433
196910,P1,224.0,224.0,944.0,944.0,False,0.41,8.0,314635456,30.64085,104.0325602
205251,P1,224.0,224.0,944.0,944.0,False,2.37,10.74,2712314632,30.706854,104.0358
2350,P1,224.0,224.0,944.0,944.0,False,1.16,8.32,432442524,30.6871845,104.0155077
103796,P1,225.0,225.0,945.0,945.0,False,0.6,8.0,1815729252,30.7124346,104.0674139
167330,P1,225.0,225.0,945.0,945.0,False,1.96,9.92,5218240009,30.7020275,104.0500877
3980,P1,225.0,225.0,945.0,945.0,False,0.36,8.0,4585553612,30.6533973,104.0273931
123393,P1,226.0,226.0,946.0,946.0,False,0.1,8.0,4874328126,30.6183307,104.1040953
157871,P1,226.0,226.0,946.0,946.0,False,0.57,8.0,3516896165,30.6652913,104.0717077
161230,P1,226.0,226.0,946.0,946.0,False,1.64,9.28,1455094498,30.6960259,104.1061202
163207,P1,226.0,226.0,946.0,946.0,False,0.92,8.0,4701464736,30.6164296,104.0624066
179632,P1,226.0,226.0,946.0,946.0,False,0.57,8.0,1492416226,30.6273996,104.0642752
195944,P1,226.0,226.0,946.0,946.0,False,1.66,9.32,3562033463,30.7051544,104.0713387
39799,P1,226.0,226.0,946.0,946.0,False,0.1,8.0,3541393458,30.6899386,104.0146226
55875,P1,226.0,226.0,946.0,946.0,False,0.92,8.0,4548211432,30.67941,104.03685
82623,P1,226.0,226.0,946.0,946.0,False,1.2,8.4,4102465470,30.68117,104.04537
93009,P1,226.0,226.0,946.0,946.0,False,1.92,9.84,5367321384,30.6635871,104.0054224
111210,P1,227.0,227.0,947.0,947.0,False,2.12,10.24,4548211281,30.6786397,104.0577914
184751,P1,227.0,227.0,947.0,947.0,False,1.65,9.3,3087817456,30.647875,104.01136
191154,P1,227.0,227.0,947.0,947.0,False,1.65,9.3,504315313,30.7000149,104.1035364
199215,P1,227.0,227.0,947.0,947.0,False,1.02,8.04,436603384,30.61073,104.05215
25479,P1,227.0,227.0,947.0,947.0,False,2.12,10.24,3562028086,30.680769,104.11527
76027,P1,227.0,227.0,947.0,947.0,False,0.04,8.0,5218240008,30.6985323,104.0537409
98005,P1,227.0,227.0,947.0,947.0,False,0.63,8.0,4550701194,30.6238498,104.0339028
98334,P1,227.0,227.0,947.0,947.0,False,0.06,8.0,4701400361,30.6108029,104.0318197
110064,P1,228.0,228.0,948.0,948.0,False,1.74,9.48,2041531471,30.6798058,104.0744654
136372,P1,228.0,228.0,948.0,948.0,False,0.19,8.0,5053143821,30.7123557,104.005345
138811,P1,228.0,228.0,948.0,948.0,False,0.39,8.0,1815741542,30.6893,104.0769
35219,P1,228.0,228.0,948.0,948.0,False,1.74,9.48,5141328645,30.6111069,104.0611279
67666,P1,228.0,228.0,948.0,948.0,False,0.19,8.0,5141468727,30.6350359,104.0959071
82351,P1,228.0,228.0,948.0,948.0,False,1.74,9.48,2727024784,30.615147,104.05211
106948,P1,229.0,229.0,949.0,949.0,False,1.84,9.68,4505485132,30.6336,104.0882308
121031,P1,229.0,229.0,949.0,949.0,False,0.05,8.0,4773916424,30.6589695,104.0020247
133087,P1,229.0,229.0,949.0,949.0,False,0.77,8.0,3523308810,30.641549,104.0744331
169065,P1,229.0,229.0,949.0,949.0,False,0.72,8.0,3390819286,30.6413489,104.0482501
5096,P1,229.0,229.0,949.0,949.0,False,0.05,8.0,4549993408,30.6964897,104.0443426
64696,P1,229.0,229.0,949.0,949.0,False,0.27,8.0,4699007282,30.6137868,104.0350444
70146,P1,229.0,229.0,949.0,949.0,False,1.21,8.42,1469163951,30.6429274,104.0873072
83046,P1,229.0,229.0,949.0,949.0,False,0.79,8.0,1301933028,30.6496688,104.0808358
86545,P1,229.0,229.0,949.0,949.0,False,1.21,8.42,5213253219,30.7256417,104.0722196
94923,P1,229.0,229.0,949.0,949.0,False,0.05,8.0,3562099185,30.65154,104.07475
95635,P1,229.0,229.0,949.0,949.0,False,1.21,8.42,1159231828,30.69412,104.08481
156959,P1,230.0,230.0,950.0,950.0,False,1.35,8.7,1916386528,30.6386243,104.0595409
184881,P1,230.0,230.0,950.0,950.0,False,1.8,9.6,4547074311,30.6097669,104.0808604
24605,P1,230.0,230.0,950.0,950.0,False,1.8,9.6,672360898,30.6549348,104.0756717
407,P1,230.0,230.0,950.0,950.0,False,1.18,8.36,439751965,30.7051379,104.0066309
4129,P1,230.0,230.0,950.0,950.0,False,0.13,8.0,2082821593,30.6107726,104.0894872
47681,P1,230.0,230.0,950.0,950.0,False,1.68,9.36,2717452481,30.6171488,104.0550426
49754,P1,230.0,230.0,950.0,950.0,False,1.18,8.36,4987535034,30.6326239,104.01468
117194,P1,231.0,231.0,951.0,951.0,False,1.1,8.2,1902099031,30.7263571,104.0673591
25011,P1,231.0,231.0,951.0,951.0,False,1.1,8.2,5141468664,30.63857,104.09499
48396,P1,231.0,231.0,951.0,951.0,False,1.51,9.02,4934383689,30.6160087,104.1156346
73797,P1,231.0,231.0,951.0,951.0,False,0.16,8.0,2334060843,30.6228964,104.0761516
82594,P1,231.0,231.0,951.0,951.0,False,0.16,8.0,432442508,30.6717013,104.0065705
128435,P1,232.0,232.0,952.0,952.0,False,1.77,9.54,4548209325,30.6630577,104.0382741
176568,P1,232.0,232.0,952.0,952.0,False,1.52,9.04,2118977295,30.6949563,104.0038868
70774,P1,232.0,232.0,952.0,952.0,False,0.51,8.0,672287976,30.6654358,104.0538765
140131,P1,233.0,233.0,953.0,953.0,False,2.13,10.26,2329101948,30.69317,104.01398
154792,P1,233.0,233.0,953.0,953.0,False,0.06,8.0,1455099101,30.6952379,104.1050943
182349,P1,233.0,233.0,953.0,953.0,False,1.27,8.54,2997203349,30.6989641,104.0736052
38211,P1,233.0,233.0,953.0,953.0,False,1.25,8.5,3331333440,30.6145225,104.0755938
97327,P1,233.0,233.0,953.0,953.0,False,0.09,8.0,5141326917,30.6102598,104.0592811
170823,P1,234.0,234.0,954.0,954.0,False,2.28,10.56,2041527475,30.6926646,104.0983555
176656,P1,234.0,234.0,954.0,954.0,False,0.31,8.0,1301932988,30.6532428,104.0675152
57936,P1,234.0,234.0,954.0,954.0,False,0.14,8.0,4772463303,30.661617,104.0449828
152567,P1,235.0,235.0,955.0,955.0,False,1.8,9.6,4230839432,30.6548004,104.0663426
166265,P1,235.0,235.0,955.0,955.0,False,0.24,8.0,4550018600,30.6488764,104.0724082
169275,P1,235.0,235.0,955.0,955.0,False,2.63,11.26,1956538342,30.680431,104.1103448
33883,P1,235.0,235.0,955.0,955.0,False,1.55,9.1,5102926077,30.724113,103.97002
3690,P1,235.0,235.0,955.0,955.0,False,1.8,9.6,3034409147,30.7128685,104.1067446
69389,P1,235.0,235.0,955.0,955.0,False,2.68,11.36,1313998763,30.6345891,104.0887087
7182,P1,235.0,235.0,955.0,955.0,False,0.65,8.0,4547074373,30.6110311,104.0749581
74349,P1,235.0,235.0,955.0,955.0,False,1.55,9.1,432442938,30.6750879,104.0256142
119129,P1,236.0,236.0,956.0,956.0,False,2.27,10.54,2472030047,30.6608763,104.0628845
120545,P1,236.0,236.0,956.0,956.0,False,1.45,8.9,3691342454,30.6559007,104.0161812
173460,P1,236.0,236.0,956.0,956.0,False,2.09,10.18,4695640609,30.6111195,104.0260517
188581,P1,236.0,236.0,956.0,956.0,False,2.07,10.14,1445515778,30.6486055,104.0638176
206246,P1,236.0,236.0,956.0,956.0,False,1.59,9.18,1492582885,30.6212934,104.0645837
54089,P1,236.0,236.0,956.0,956.0,False,2.65,11.3,4505485116,30.6351107,104.0758277
74541,P1,236.0,236.0,956.0,956.0,False,1.71,9.42,3069351961,30.6281566,103.9820995
149884,P1,237.0,237.0,957.0,957.0,False,1.04,8.08,4106682243,30.6838138,103.9994071
50589,P1,237.0,237.0,957.0,957.0,False,1.39,8.78,3562047445,30.7156014,104.0330506
60018,P1,237.0,237.0,957.0,957.0,False,0.09,8.0,4981594499,30.6324128,103.9966808
80077,P1,237.0,237.0,957.0,957.0,False,0.41,8.0,4106682129,30.6454443,103.9713787
13276,P1,238.0,238.0,958.0,958.0,False,0.24,8.0,4772216926,30.678258,104.0076111
158587,P1,238.0,238.0,958.0,958.0,False,0.24,8.0,1159149361,30.6483997,104.0753447
175433,P1,238.0,238.0,958.0,958.0,False,2.15,10.3,3680455711,30.65943,104.0169098
188526,P1,238.0,238.0,958.0,958.0,False,1.01,8.02,3034393453,30.6723797,104.0436553
193632,P1,238.0,238.0,958.0,958.0,False,1.91,9.82,318090636,30.6651668,104.0192489
36359,P1,238.0,238.0,958.0,958.0,False,1.61,9.22,5141328657,30.6140964,104.0634097
109383,P1,239.0,239.0,959.0,959.0,False,0.77,8.0,3614070493,30.6717373,104.0538054
127589,P1,239.0,239.0,959.0,959.0,False,0.77,8.0,1159160252,30.615529,104.0966132
6456,P1,239.0,239.0,959.0,959.0,False,0.8,8.0,4972899594,30.6305593,104.0450612
68826,P1,239.0,239.0,959.0,959.0,False,0.8,8.0,5375783959,30.6607426,104.0005678
88122,P1,239.0,239.0,959.0,959.0,False,1.6,9.2,3562110269,30.673247,104.0634548
137147,P1,240.0,240.0,960.0,960.0,False,0.82,8.0,4230611275,30.65269,104.06906
18404,P1,240.0,240.0,960.0,960.0,False,2.53,11.06,4903105801,30.6594577,104.079126
206673,P1,240.0,240.0,960.0,960.0,False,0.7,8.0,3562047421,30.7161418,104.0610998
48789,P1,240.0,240.0,960.0,960.0,False,1.93,9.86,4548141029,30.6228164,104.072907
72337,P1,240.0,240.0,960.0,960.0,False,2.27,10.54,4773916424,30.6589695,104.0020247
76264,P1,240.0,240.0,960.0,960.0,False,1.93,9.86,4534007713,30.7056446,104.1103811
161151,P1,241.0,241.0,961.0,961.0,False,1.38,8.76,3516900115,30.6727655,104.0744432
177731,P1,241.0,241.0,961.0,961.0,False,0.79,8.0,838319859,30.6519,104.11013
196891,P1,241.0,241.0,961.0,961.0,False,1.67,9.34,3633001078,30.6650952,104.0309679
203080,P1,241.0,241.0,961.0,961.0,False,2.55,11.1,4550770090,30.632084,104.1058371
205106,P1,241.0,241.0,961.0,961.0,False,2.24,10.48,4992013263,30.6110282,104.0743086
205415,P1,241.0,241.0,961.0,961.0,False,0.79,8.0,4550019021,30.6453625,104.055167
56731,P1,241.0,241.0,961.0,961.0,False,1.97,9.94,441110891,30.7263344,104.0701925
65129,P1,241.0,241.0,961.0,961.0,False,0.85,8.0,4078817927,30.7034695,104.0812181
9044,P1,241.0,241.0,961.0,961.0,False,2.24,10.48,3523298659,30.6311598,104.0482285
153668,P1,242.0,242.0,962.0,962.0,False,1.61,9.22,4550018914,30.6567519,104.058435
17540,P1,242.0,242.0,962.0,962.0,False,1.61,9.22,1815855136,30.674545,103.9672589
187315,P1,242.0,242.0,962.0,962.0,False,0.97,8.0,3680077524,30.6577854,104.0162789
191462,P1,242.0,242.0,962.0,962.0,False,0.48,8.0,4449099845,30.6450247,104.1098074
198364,P1,242.0,242.0,962.0,962.0,False,1.12,8.24,4548211472,30.6383459,104.0294391
202490,P1,242.0,242.0,962.0,962.0,False,1.14,8.28,4773199368,30.6718599,104.0092109
58994,P1,242.0,242.0,962.0,962.0,False,1.97,9.94,4230593062,30.6434869,104.0869192
80153,P1,242.0,242.0,962.0,962.0,False,1.14,8.28,4693610145,30.635339,104.0672745
126719,P1,243.0,243.0,963.0,963.0,False,0.27,8.0,5213238352,30.641687,104.04177
146791,P1,243.0,243.0,963.0,963.0,False,1.89,9.78,4549993291,30.6501848,103.9847515
164038,P1,243.0,243.0,963.0,963.0,False,0.6,8.0,4703149491,30.6131436,104.0673779
23152,P1,243.0,243.0,963.0,963.0,False,1.1,8.2,4447921433,30.7228458,104.0498017
28390,P1,243.0,243.0,963.0,963.0,False,1.05,8.1,432442934,30.6617623,104.0234309
59032,P1,243.0,243.0,963.0,963.0,False,1.77,9.54,1313998779,30.6324772,104.0880906
80160,P1,243.0,243.0,963.0,963.0,False,0.48,8.0,441159357,30.7212985,104.0991414
86691,P1,243.0,243.0,963.0,963.0,False,0.48,8.0,2917008732,30.637094,104.1083926
125285,P1,244.0,244.0,964.0,964.0,False,0.52,8.0,1902099031,30.7263571,104.0673591
135701,P1,244.0,244.0,964.0,964.0,False,0.29,8.0,3033986328,30.6539352,104.0223602
15246,P1,244.0,244.0,964.0,964.0,False,0.83,8.0,432442939,30.6774502,104.0262043
188235,P1,244.0,244.0,964.0,964.0,False,1.82,9.64,3523308807,30.6350645,104.0799302
207582,P1,244.0,244.0,964.0,964.0,False,2.17,10.34,4106682092,30.6425109,103.9781022
59785,P1,244.0,244.0,964.0,964.0,False,1.69,9.38,4695601754,30.6101253,104.0350762
95683,P1,244.0,244.0,964.0,964.0,False,0.08,8.0,3541422909,30.7091106,104.0668649
139239,P1,245.0,245.0,965.0,965.0,False,0.4,8.0,3523294437,30.65289,104.04771
161202,P1,245.0,245.0,965.0,965.0,False,0.13,8.0,4987536539,30.627694,104.0011409
167578,P1,245.0,245.0,965.0,965.0,False,1.0,8.0,529949133,30.6971902,104.1050953
204060,P1,245.0,245.0,965.0,965.0,False,0.44,8.0,3028924410,30.6227169,104.0994285
4803,P1,245.0,245.0,965.0,965.0,False,2.04,10.08,4772480181,30.6151332,104.0142654
57502,P1,245.0,245.0,965.0,965.0,False,0.93,8.0,4973209486,30.6093294,104.0457207
6289,P1,245.0,245.0,965.0,965.0,False,0.4,8.0,2472030042,30.6624409,104.0616874
75999,P1,245.0,245.0,965.0,965.0,False,3.44,12.88,2559969429,30.6274906,104.0263199
107491,P1,246.0,246.0,966.0,966.0,False,0.38,8.0,1459916404,30.6471107,104.1046095
118433,P1,246.0,246.0,966.0,966.0,False,1.22,8.44,1506449541,30.7050514,104.0638781
144510,P1,246.0,246.0,966.0,966.0,False,1.47,8.94,4449099824,30.6422787,104.1148706
174988,P1,246.0,246.0,966.0,966.0,False,1.1,8.2,2534025680,30.6725277,104.0609746
177907,P1,246.0,246.0,966.0,966.0,False,1.27,8.54,4903105804,30.65463,104.07672
187667,P1,246.0,246.0,966.0,966.0,False,1.46,8.92,3034029052,30.6760811,104.0027193
19991,P1,246.0,246.0,966.0,966.0,False,2.34,10.68,1072704351,30.72524,104.05769
30167,P1,246.0,246.0,966.0,966.0,False,1.1,8.2,1916517839,30.6586864,103.9877811
34223,P1,246.0,246.0,966.0,966.0,False,1.49,8.98,5145177730,30.7239166,104.1013839
4683,P1,246.0,246.0,966.0,966.0,False,1.36,8.72,5141468727,30.6350359,104.0959071
80363,P1,246.0,246.0,966.0,966.0,False,1.86,9.72,4992013246,30.621778,104.0745079
85110,P1,246.0,246.0,966.0,966.0,False,1.49,8.98,1304795065,30.6456424,104.0756163
87034,P1,246.0,246.0,966.0,966.0,False,1.17,8.34,1159144966,30.6625746,104.0663991
148741,P1,247.0,247.0,967.0,967.0,False,1.17,8.34,4701577719,30.6144711,104.0722512
148846,P1,247.0,247.0,967.0,967.0,False,0.44,8.0,4695601329,30.6104205,104.0290549
189465,P1,247.0,247.0,967.0,967.0,False,0.76,8.0,338246744,30.6533948,104.0297587
196515,P1,247.0,247.0,967.0,967.0,False,0.74,8.0,1492619187,30.6228305,104.0667893
200041,P1,247.0,247.0,967.0,967.0,False,0.15,8.0,4782097006,30.6261211,104.023372
22169,P1,247.0,247.0,967.0,967.0,False,0.74,8.0,1507367048,30.6958994,104.0836976
27550,P1,247.0,247.0,967.0,967.0,False,0.97,8.0,3927876954,30.6762463,103.9869288
34017,P1,247.0,247.0,967.0,967.0,False,0.97,8.0,1819305409,30.6419823,104.110469
69737,P1,247.0,247.0,967.0,967.0,False,0.97,8.0,5310712645,30.6595574,104.1104204
8049,P1,247.0,247.0,967.0,967.0,False,0.04,8.0,4549993425,30.705588,104.0381527
82286,P1,247.0,247.0,967.0,967.0,False,2.11,10.22,4106681966,30.6328569,103.9919272
85737,P1,247.0,247.0,967.0,967.0,False,0.19,8.0,4772463280,30.6596576,104.0475421
87162,P1,247.0,247.0,967.0,967.0,False,0.12,8.0,3076737452,30.6573334,104.0495723
104093,P1,248.0,248.0,968.0,968.0,False,1.4,8.8,4359391019,30.7260816,104.1121385
109946,P1,248.0,248.0,968.0,968.0,False,0.3,8.0,1506487128,30.7150381,104.0721196
119931,P1,248.0,248.0,968.0,968.0,False,0.3,8.0,4549993291,30.6501848,103.9847515
128547,P1,248.0,248.0,968.0,968.0,False,1.09,8.18,4393204195,30.6224409,104.0600219
141614,P1,248.0,248.0,968.0,968.0,False,0.49,8.0,2908410482,30.6444211,104.0845908
183993,P1,248.0,248.0,968.0,968.0,False,0.05,8.0,2039522713,30.6742398,104.1073282
20968,P1,248.0,248.0,968.0,968.0,False,0.7,8.0,4548211639,30.6830457,104.0414194
3459,P1,248.0,248.0,968.0,968.0,False,1.14,8.28,4549759367,30.69424,104.03385
58021,P1,248.0,248.0,968.0,968.0,False,0.2,8.0,4548211429,30.6802549,104.0589444
60686,P1,248.0,248.0,968.0,968.0,False,0.2,8.0,4550018782,30.6486413,104.0724094
107693,P1,249.0,249.0,969.0,969.0,False,1.72,9.44,1159483883,30.6826665,104.0754098
193417,P1,249.0,249.0,969.0,969.0,False,1.18,8.36,5375783797,30.6555302,103.9989669
71536,P1,249.0,249.0,969.0,969.0,False,0.49,8.0,1918491750,30.633255,104.0053741
8511,P1,249.0,249.0,969.0,969.0,False,1.63,9.26,4701577730,30.61366,104.07437
126303,P1,250.0,250.0,970.0,970.0,False,1.57,9.14,1305816720,30.6467002,104.0870985
181077,P1,250.0,250.0,970.0,970.0,False,0.67,8.0,3523308808,30.636927,104.081378
189935,P1,250.0,250.0,970.0,970.0,False,1.97,9.94,5375783832,30.6488797,104.0008405
202394,P1,250.0,250.0,970.0,970.0,False,0.43,8.0,1159224292,30.6965641,104.0475878
29741,P1,250.0,250.0,970.0,970.0,False,4.74,15.48,3541401922,30.7018149,104.0085222
77699,P1,250.0,250.0,970.0,970.0,False,1.79,9.58,5053143823,30.71292,104.01033
115505,P1,251.0,251.0,971.0,971.0,False,1.24,8.48,5213238444,30.6422703,104.1153775
143676,P1,251.0,251.0,971.0,971.0,False,0.87,8.0,4550018719,30.6516916,104.0530604
33159,P1,251.0,251.0,971.0,971.0,False,2.46,10.92,4695601609,30.6105144,104.0371307
61184,P1,251.0,251.0,971.0,971.0,False,1.24,8.48,5375783934,30.6571053,103.9967878
88742,P1,251.0,251.0,971.0,971.0,False,1.44,8.88,5382831201,30.6807416,104.0982928
129689,P1,252.0,252.0,972.0,972.0,False,0.49,8.0,1500638693,30.7116934,104.0221779
169770,P1,252.0,252.0,972.0,972.0,False,0.81,8.0,4106682091,30.6425019,103.9821727
191542,P1,252.0,252.0,972.0,972.0,False,0.12,8.0,4972894322,30.6101299,104.0463128
208295,P1,252.0,252.0,972.0,972.0,False,3.39,12.78,4549993177,30.7060055,104.0327694
133693,P1,253.0,253.0,973.0,973.0,False,2.99,11.98,2823785826,30.6602111,104.0563873
143024,P1,253.0,253.0,973.0,973.0,False,2.16,10.32,3436486450,30.6407124,104.0458668
153289,P1,253.0,253.0,973.0,973.0,False,2.99,11.98,4572410255,30.6847753,104.0699826
161719,P1,253.0,253.0,973.0,973.0,False,0.95,8.0,3541427576,30.7041,104.03365
17500,P1,253.0,253.0,973.0,973.0,False,1.36,8.72,5218239999,30.6976768,104.0519257
177443,P1,253.0,253.0,973.0,973.0,False,1.41,8.82,4548259680,30.7101529,104.0373462
195182,P1,253.0,253.0,973.0,973.0,False,0.75,8.0,4548141055,30.6110152,104.0756402
203418,P1,253.0,253.0,973.0,973.0,False,0.95,8.0,5218133609,30.6385827,104.1071122
38051,P1,253.0,253.0,973.0,973.0,False,0.39,8.0,1156126797,30.6710227,104.0461687
62282,P1,253.0,253.0,973.0,973.0,False,1.0,8.0,1964394669,30.6690441,104.1061984
69571,P1,253.0,253.0,973.0,973.0,False,2.16,10.32,4548211249,30.6772,104.05726
86299,P1,253.0,253.0,973.0,973.0,False,0.21,8.0,1815741542,30.69025,104.07659
100484,P1,254.0,254.0,974.0,974.0,False,0.62,8.0,5211372132,30.6894,103.9681662
161490,P1,254.0,254.0,974.0,974.0,False,0.92,8.0,4972899581,30.6336597,104.0486127
170111,P1,254.0,254.0,974.0,974.0,False,0.37,8.0,432432544,30.65888,104.04035
175139,P1,254.0,254.0,974.0,974.0,False,1.48,8.96,1301932975,30.655594,104.07189
199005,P1,254.0,254.0,974.0,974.0,False,0.37,8.0,4693609981,30.6289435,104.0710436
50201,P1,254.0,254.0,974.0,974.0,False,1.48,8.96,1072698537,30.7240964,104.0458601
87763,P1,254.0,254.0,974.0,974.0,False,1.39,8.78,3614062392,30.6726252,104.0541098
108726,P1,255.0,255.0,975.0,975.0,False,0.58,8.0,5359113186,30.6767228,104.0118173
157055,P1,255.0,255.0,975.0,975.0,False,1.22,8.44,441221450,30.6466367,104.023808
170359,P1,255.0,255.0,975.0,975.0,False,0.22,8.0,4779165789,30.6357646,104.0737879
183442,P1,255.0,255.0,975.0,975.0,False,0.15,8.0,4699007153,30.6122293,104.0355527
186069,P1,255.0,255.0,975.0,975.0,False,0.65,8.0,1916517839,30.6586864,103.9877811
21406,P1,255.0,255.0,975.0,975.0,False,0.73,8.0,5213238504,30.6522155,104.0935782
25153,P1,255.0,255.0,975.0,975.0,False,1.43,8.86,4794975971,30.646479,104.0574001
70597,P1,255.0,255.0,975.0,975.0,False,0.56,8.0,4773916476,30.6567796,104.0026871
95098,P1,255.0,255.0,975.0,975.0,False,0.73,8.0,4550018961,30.6451526,104.0551296
103304,P1,256.0,256.0,976.0,976.0,False,2.39,10.78,3680455699,30.6583405,104.0128061
136771,P1,256.0,256.0,976.0,976.0,False,0.71,8.0,3691210130,30.6581111,104.0127168
136964,P1,256.0,256.0,976.0,976.0,False,2.01,10.02,3541376443,30.7171014,104.1011129
1453,P1,256.0,256.0,976.0,976.0,False,2.24,10.48,2981319496,30.7127205,104.0126942
156458,P1,256.0,256.0,976.0,976.0,False,1.1,8.2,1445515778,30.6486055,104.0638176
165163,P1,256.0,256.0,976.0,976.0,False,0.23,8.0,2081197471,30.6184332,104.1106035
171354,P1,256.0,256.0,976.0,976.0,False,0.63,8.0,1947583834,30.6887158,104.086253
17572,P1,256.0,256.0,976.0,976.0,False,1.5,9.0,1458975864,30.6628309,104.0918029
203089,P1,256.0,256.0,976.0,976.0,False,1.65,9.3,5141468645,30.6337168,104.092846
41365,P1,256.0,256.0,976.0,976.0,False,1.25,8.5,432429428,30.6294102,104.0406415
4280,P1,256.0,256.0,976.0,976.0,False,0.14,8.0,4695601599,30.612158,104.0342441
44094,P1,256.0,256.0,976.0,976.0,False,2.24,10.48,2366951323,30.6480711,104.1134414
51390,P1,256.0,256.0,976.0,976.0,False,2.5,11.0,5218133341,30.630701,104.1164631
79819,P1,256.0,256.0,976.0,976.0,False,2.39,10.78,1159231421,30.69221,104.07908
172463,P1,257.0,257.0,977.0,977.0,False,1.02,8.04,1159131046,30.66665,104.06084
189705,P1,257.0,257.0,977.0,977.0,False,0.45,8.0,4107377028,30.6382768,103.9973107
193568,P1,257.0,257.0,977.0,977.0,False,1.02,8.04,2956775863,30.7189106,104.0429193
56557,P1,257.0,257.0,977.0,977.0,False,1.31,8.62,3562004420,30.654508,104.0345459
83673,P1,257.0,257.0,977.0,977.0,False,3.0,12.0,432442526,30.6890954,104.0167578
108522,P1,258.0,258.0,978.0,978.0,False,1.49,8.98,3541371609,30.6667124,104.053658
117668,P1,258.0,258.0,978.0,978.0,False,1.59,9.18,4779165778,30.636525,104.0734961
12445,P1,258.0,258.0,978.0,978.0,False,0.93,8.0,2367361540,30.6164826,104.0644608
141119,P1,258.0,258.0,978.0,978.0,False,0.47,8.0,1159474715,30.69375,104.04562
148655,P1,258.0,258.0,978.0,978.0,False,2.22,10.44,3516900122,30.67043,104.0725
15208,P1,258.0,258.0,978.0,978.0,False,2.22,10.44,2727024777,30.6169622,104.0519626
178540,P1,258.0,258.0,978.0,978.0,False,0.71,8.0,1492582883,30.6189317,104.0646334
184390,P1,258.0,258.0,978.0,978.0,False,1.49,8.98,1492615691,30.6242323,104.0643304
188845,P1,258.0,258.0,978.0,978.0,False,1.08,8.16,4592713499,30.6215122,104.0600557
58308,P1,258.0,258.0,978.0,978.0,False,0.47,8.0,1159168936,30.6305337,104.0798236
72600,P1,258.0,258.0,978.0,978.0,False,0.93,8.0,3034376768,30.6803432,104.0632667
76190,P1,258.0,258.0,978.0,978.0,False,2.62,11.24,314622896,30.6548869,104.0664771
76955,P1,258.0,258.0,978.0,978.0,False,1.49,8.98,3176012319,30.70024,104.07151
86714,P1,258.0,258.0,978.0,978.0,False,0.72,8.0,3562045362,30.7246826,104.0624409
93267,P1,258.0,258.0,978.0,978.0,False,0.93,8.0,672360797,30.653433,104.076324
104137,P1,259.0,259.0,979.0,979.0,False,0.83,8.0,1912247016,30.610869,104.0724022
115215,P1,259.0,259.0,979.0,979.0,False,0.9,8.0,4230593015,30.6417114,104.088153
132631,P1,259.0,259.0,979.0,979.0,False,1.83,9.66,5211343336,30.6406239,104.0102297
143155,P1,259.0,259.0,979.0,979.0,False,1.37,8.74,2564229430,30.65535,104.0109
170993,P1,259.0,259.0,979.0,979.0,False,1.15,8.3,432429376,30.6372473,104.0536809
175120,P1,259.0,259.0,979.0,979.0,False,1.28,8.56,4903105800,30.6651235,104.08676
189896,P1,259.0,259.0,979.0,979.0,False,1.08,8.16,4699185731,30.6116138,104.054971
206258,P1,259.0,259.0,979.0,979.0,False,1.15,8.3,4548259611,30.6504043,104.0160254
25326,P1,259.0,259.0,979.0,979.0,False,2.23,10.46,4550018725,30.6298481,104.0170573
25761,P1,259.0,259.0,979.0,979.0,False,0.37,8.0,1916386502,30.6207129,104.0287362
31741,P1,259.0,259.0,979.0,979.0,False,0.7,8.0,276560244,30.6112268,104.0524586
47746,P1,259.0,259.0,979.0,979.0,False,1.28,8.56,3496551178,30.6204257,104.0508731
53842,P1,259.0,259.0,979.0,979.0,False,1.28,8.56,2956775865,30.7223456,104.0377228
61172,P1,259.0,259.0,979.0,979.0,False,1.0,8.0,3562047401,30.7213669,104.0617703
73763,P1,259.0,259.0,979.0,979.0,False,1.08,8.16,1072698672,30.7206637,104.0647446
110083,P1,260.0,260.0,980.0,980.0,False,0.2,8.0,337539435,30.6109798,104.0581568
140375,P1,260.0,260.0,980.0,980.0,False,1.16,8.32,1445519636,30.64529,104.06232
152143,P1,260.0,260.0,980.0,980.0,False,2.65,11.3,4981598321,30.6279265,104.0004516
48908,P1,260.0,260.0,980.0,980.0,False,0.86,8.0,4693610155,30.6346676,104.0671726
61452,P1,260.0,260.0,980.0,980.0,False,2.65,11.3,337539180,30.626979,104.0300841
77853,P1,260.0,260.0,980.0,980.0,False,1.47,8.94,2956775232,30.7112033,104.0405831
78508,P1,260.0,260.0,980.0,980.0,False,2.0,10.0,4987535059,30.6305476,104.0142447
91737,P1,260.0,260.0,980.0,980.0,False,0.49,8.0,5211368066,30.6684673,103.9714087
126189,P1,261.0,261.0,981.0,981.0,False,0.49,8.0,4772463257,30.6637516,104.0446532
157467,P1,261.0,261.0,981.0,981.0,False,0.12,8.0,4449099857,30.646334,104.10641
173820,P1,261.0,261.0,981.0,981.0,False,2.97,11.94,1458995148,30.6596791,104.0982134
183603,P1,261.0,261.0,981.0,981.0,False,0.09,8.0,2366951325,30.645901,104.1127591
196048,P1,261.0,261.0,981.0,981.0,False,1.49,8.98,1159474715,30.693343,104.0455602
196065,P1,261.0,261.0,981.0,981.0,False,1.51,9.02,5283966349,30.710806,104.074114
76603,P1,261.0,261.0,981.0,981.0,False,0.6,8.0,1156126795,30.67547,104.04786
81657,P1,261.0,261.0,981.0,981.0,False,1.49,8.98,4548211339,30.6749934,104.0656494
124875,P1,262.0,262.0,982.0,982.0,False,0.49,8.0,1159134910,30.66146,104.09191
133798,P1,262.0,262.0,982.0,982.0,False,0.01,8.0,4548259556,30.6647195,104.0190605
138681,P1,262.0,262.0,982.0,982.0,False,1.34,8.68,5211337168,30.6368514,104.006719
142003,P1,262.0,262.0,982.0,982.0,False,2.47,10.94,4695601569,30.6113318,104.0325883
187457,P1,262.0,262.0,982.0,982.0,False,1.22,8.44,3436486412,30.6415693,104.0472758
207079,P1,262.0,262.0,982.0,982.0,False,1.22,8.44,337539262,30.6386619,104.0405524
56895,P1,262.0,262.0,982.0,982.0,False,1.04,8.08,1159149121,30.6544621,104.0723536
98849,P1,262.0,262.0,982.0,982.0,False,1.22,8.44,4548211652,30.6703553,104.0580108
102859,P1,263.0,263.0,983.0,983.0,False,1.28,8.56,2039528348,30.67066,104.10864
111939,P1,263.0,263.0,983.0,983.0,False,0.74,8.0,4118527295,30.6837702,104.0601183
128739,P1,263.0,263.0,983.0,983.0,False,0.19,8.0,504315329,30.6953326,104.1053691
170322,P1,263.0,263.0,983.0,983.0,False,0.36,8.0,2372052925,30.6334788,104.0997912
190999,P1,263.0,263.0,983.0,983.0,False,0.19,8.0,2564226633,30.641217,104.0236026
62295,P1,263.0,263.0,983.0,983.0,False,1.91,9.82,3034330086,30.6666717,104.0791921
85092,P1,263.0,263.0,983.0,983.0,False,2.2,10.4,1159168931,30.6363756,104.0824125
119354,P1,264.0,264.0,984.0,984.0,False,2.25,10.5,1339701401,30.6991686,104.0458344
121523,P1,264.0,264.0,984.0,984.0,False,1.66,9.32,4064178180,30.67334,104.00046
154937,P1,264.0,264.0,984.0,984.0,False,0.69,8.0,5213238436,30.660691,104.0595706
177367,P1,264.0,264.0,984.0,984.0,False,1.82,9.64,288416380,30.684143,104.08138
191882,P1,264.0,264.0,984.0,984.0,False,1.66,9.32,4748166165,30.6186417,104.0216029
144623,P1,265.0,265.0,985.0,985.0,False,2.95,11.9,3516900120,30.67205,104.08309
184933,P1,265.0,265.0,985.0,985.0,False,2.95,11.9,4772430846,30.6782177,104.0045583
187203,P1,265.0,265.0,985.0,985.0,False,2.95,11.9,3562047424,30.7224241,104.0492476
203326,P1,265.0,265.0,985.0,985.0,False,1.61,9.22,432442980,30.6734179,104.0162642
34507,P1,265.0,265.0,985.0,985.0,False,1.61,9.22,4923124758,30.6109402,104.0683088
76642,P1,265.0,265.0,985.0,985.0,False,1.83,9.66,3034029067,30.6881384,104.000147
83670,P1,265.0,265.0,985.0,985.0,False,1.83,9.66,1159477636,30.6716606,104.0577856
102922,P1,266.0,266.0,986.0,986.0,False,0.35,8.0,5375783441,30.6200935,104.0073266
109031,P1,266.0,266.0,986.0,986.0,False,0.39,8.0,963638438,30.70155,104.04486
122622,P1,266.0,266.0,986.0,986.0,False,2.34,10.68,5283966329,30.7026794,104.0915753
131299,P1,266.0,266.0,986.0,986.0,False,0.34,8.0,432429409,30.6357304,104.0537541
151080,P1,266.0,266.0,986.0,986.0,False,1.21,8.42,2559969422,30.6229213,104.0276988
199495,P1,266.0,266.0,986.0,986.0,False,0.66,8.0,2041314659,30.6808487,104.096428
89781,P1,266.0,266.0,986.0,986.0,False,2.34,10.68,4106682102,30.6431731,103.981028
131730,P1,267.0,267.0,987.0,987.0,False,0.02,8.0,318083025,30.6726434,104.0190256
148227,P1,267.0,267.0,987.0,987.0,False,0.86,8.0,4695601600,30.6091969,104.0394456
179811,P1,267.0,267.0,987.0,987.0,False,3.6,13.2,4118527460,30.7001906,104.0983786
190744,P1,267.0,267.0,987.0,987.0,False,1.09,8.18,5211337158,30.6397315,104.0140326
201610,P1,267.0,267.0,987.0,987.0,False,1.14,8.28,432432592,30.6594966,104.0362358
32854,P1,267.0,267.0,987.0,987.0,False,0.02,8.0,3927876938,30.6750634,103.9878627
50090,P1,267.0,267.0,987.0,987.0,False,0.11,8.0,2843289930,30.6819198,104.0695248
53316,P1,267.0,267.0,987.0,987.0,False,0.8,8.0,4967265745,30.6998298,104.0071361
61026,P1,267.0,267.0,987.0,987.0,False,1.19,8.38,1445515788,30.649938,104.0638246
118215,P1,268.0,268.0,988.0,988.0,False,0.43,8.0,672287883,30.6605319,104.0531342
125559,P1,268.0,268.0,988.0,988.0,False,0.81,8.0,314635488,30.65746,104.07112
126656,P1,268.0,268.0,988.0,988.0,False,0.38,8.0,314635476,30.6395178,104.0337337
141599,P1,268.0,268.0,988.0,988.0,False,0.5,8.0,3034393451,30.67026,104.04042
152843,P1,268.0,268.0,988.0,988.0,False,1.23,8.46,2080643551,30.6203798,104.0996653
174851,P1,268.0,268.0,988.0,988.0,False,0.43,8.0,3579517898,30.6642286,104.0579814
24807,P1,268.0,268.0,988.0,988.0,False,1.91,9.82,4695601291,30.6120003,104.0289271
34121,P1,268.0,268.0,988.0,988.0,False,0.81,8.0,3087817510,30.665932,103.9951649
172894,P1,269.0,269.0,989.0,989.0,False,0.61,8.0,2843286549,30.6908658,104.0605784
178932,P1,269.0,269.0,989.0,989.0,False,2.73,11.46,4987535028,30.6287477,104.0117356
193684,P1,269.0,269.0,989.0,989.0,False,0.31,8.0,1902099031,30.7263571,104.0673591
194772,P1,269.0,269.0,989.0,989.0,False,0.77,8.0,5141468669,30.6379789,104.0921738
198259,P1,269.0,269.0,989.0,989.0,False,1.75,9.5,1964394666,30.66968,104.10564
202441,P1,269.0,269.0,989.0,989.0,False,1.52,9.04,5141468678,30.6383047,104.0906592
4799,P1,269.0,269.0,989.0,989.0,False,2.76,11.52,3614070503,30.6747592,104.0624488
61702,P1,269.0,269.0,989.0,989.0,False,0.1,8.0,4106682116,30.6440316,103.9807417
69045,P1,269.0,269.0,989.0,989.0,False,1.45,8.9,2134778549,30.6320643,103.9968932
82925,P1,269.0,269.0,989.0,989.0,False,2.02,10.04,4601260486,30.6369642,104.0653171
104893,P1,270.0,270.0,990.0,990.0,False,2.86,11.72,1507225954,30.7131908,104.078101
161011,P1,270.0,270.0,990.0,990.0,False,1.03,8.06,2180630938,30.6985888,104.0524452
194581,P1,270.0,270.0,990.0,990.0,False,1.03,8.06,3034330086,30.6666717,104.0791921
197179,P1,270.0,270.0,990.0,990.0,False,2.86,11.72,5354813692,30.659876,104.06111
167356,P1,271.0,271.0,991.0,991.0,False,0.63,8.0,2041527397,30.6902045,104.0941428
8827,P1,271.0,271.0,991.0,991.0,False,1.29,8.58,2908412246,30.64916,104.085175
13743,P1,272.0,272.0,992.0,992.0,False,0.46,8.0,672360898,30.656517,104.07564
179956,P1,272.0,272.0,992.0,992.0,False,1.81,9.62,4550018962,30.6280943,103.9819558
189773,P1,272.0,272.0,992.0,992.0,False,0.6,8.0,4772463304,30.6615626,104.0451807
192986,P1,272.0,272.0,992.0,992.0,False,0.65,8.0,1506537728,30.715035,104.0719981
22559,P1,272.0,272.0,992.0,992.0,False,1.55,9.1,4106682091,30.6425019,103.9821727
33016,P1,272.0,272.0,992.0,992.0,False,0.6,8.0,432442952,30.6801568,104.0168907
82532,P1,272.0,272.0,992.0,992.0,False,1.87,9.74,3562086841,30.6763615,104.0432669
182357,P1,273.0,273.0,993.0,993.0,False,0.87,8.0,1304795065,30.6456424,104.0756163
193136,P1,273.0,273.0,993.0,993.0,False,1.35,8.7,3541371613,30.6680667,104.0492802
209334,P1,273.0,273.0,993.0,993.0,False,2.38,10.76,480012034,30.6199758,104.0694296
85939,P1,273.0,273.0,993.0,993.0,False,1.79,9.58,4062101467,30.7163523,104.0326331
117833,P1,274.0,274.0,994.0,994.0,False,0.07,8.0,1159231411,30.687617,104.08245
16649,P1,274.0,274.0,994.0,994.0,False,1.67,9.34,1504174273,30.7177876,104.0699971
27064,P1,274.0,274.0,994.0,994.0,False,0.63,8.0,4695640573,30.6120091,104.0293296
37531,P1,274.0,274.0,994.0,994.0,False,0.35,8.0,5283966218,30.7035664,104.0998451
43982,P1,274.0,274.0,994.0,994.0,False,0.35,8.0,314635488,30.6573811,104.0705047
80053,P1,274.0,274.0,994.0,994.0,False,0.35,8.0,3541364355,30.6155989,104.0893798
86995,P1,274.0,274.0,994.0,994.0,False,0.78,8.0,4447946461,30.6530626,104.1124608
108146,P1,275.0,275.0,995.0,995.0,False,1.86,9.72,5218240000,30.6972551,104.0519254
141774,P1,275.0,275.0,995.0,995.0,False,2.26,10.52,3562086855,30.6812148,104.0427216
154315,P1,275.0,275.0,995.0,995.0,False,1.4,8.8,2852754455,30.66516,104.11232
158956,P1,275.0,275.0,995.0,995.0,False,0.98,8.0,1499189794,30.7182601,104.1016472
172408,P1,275.0,275.0,995.0,995.0,False,2.4,10.8,4106682217,30.6694751,104.0001387
182112,P1,275.0,275.0,995.0,995.0,False,2.4,10.8,4102465470,30.6811188,104.0453964
21946,P1,275.0,275.0,995.0,995.0,False,3.72,13.44,4444112346,30.7213619,104.1031379
47318,P1,275.0,275.0,995.0,995.0,False,0.91,8.0,4136052362,30.6124723,104.0482938
49288,P1,275.0,275.0,995.0,995.0,False,0.01,8.0,4548141015,30.6227015,104.072906
58089,P1,275.0,275.0,995.0,995.0,False,1.06,8.12,2118910075,30.7029432,104.0875116
66530,P1,275.0,275.0,995.0,995.0,False,2.36,10.72,4695601453,30.6105659,104.0279499
92439,P1,275.0,275.0,995.0,995.0,False,0.98,8.0,1159143633,30.67119,104.1027
107343,P1,276.0,276.0,996.0,996.0,False,0.34,8.0,465203714,30.7014308,104.1026237
208973,P1,276.0,276.0,996.0,996.0,False,1.66,9.32,4679104230,30.6630472,104.1130222
36439,P1,276.0,276.0,996.0,996.0,False,0.08,8.0,1159518606,30.6480805,104.0676159
57702,P1,276.0,276.0,996.0,996.0,False,1.5,9.0,432452874,30.615053,104.053595
97880,P1,276.0,276.0,996.0,996.0,False,1.49,8.98,5261581871,30.6767636,104.0962658
128324,P1,277.0,277.0,997.0,997.0,False,1.44,8.88,5053143825,30.7157443,104.0141001
141396,P1,277.0,277.0,997.0,997.0,False,1.69,9.38,3691210143,30.65801,104.0164294
165899,P1,277.0,277.0,997.0,997.0,False,1.22,8.44,4582821486,30.6637538,104.0477514
173544,P1,277.0,277.0,997.0,997.0,False,1.32,8.64,2726912095,30.6798807,104.069223
120414,P1,278.0,278.0,998.0,998.0,False,2.04,10.08,4064178181,30.6741915,103.9993135
124524,P1,278.0,278.0,998.0,998.0,False,1.01,8.02,1947583845,30.6865865,104.084708
177806,P1,278.0,278.0,998.0,998.0,False,0.35,8.0,4695640649,30.611359,104.0248331
18981,P1,278.0,278.0,998.0,998.0,False,0.21,8.0,4992013267,30.610782,104.0756427
21624,P1,278.0,278.0,998.0,998.0,False,0.78,8.0,4698894061,30.6099128,104.0357434
24571,P1,278.0,278.0,998.0,998.0,False,0.05,8.0,2817580742,30.6598,104.11089
90822,P1,278.0,278.0,998.0,998.0,False,2.04,10.08,3034409025,30.715847,104.0960305
115600,P1,279.0,279.0,999.0,999.0,False,0.24,8.0,1460293504,30.6518606,104.1112427
141258,P1,279.0,279.0,999.0,999.0,False,1.89,9.78,2997203343,30.6969032,104.0743068
16958,P1,279.0,279.0,999.0,999.0,False,0.14,8.0,4106682212,30.6665612,103.9788178
46335,P1,279.0,279.0,999.0,999.0,False,1.89,9.78,4242373178,30.6866664,104.0225173
7990,P1,279.0,279.0,999.0,999.0,False,0.55,8.0,5002301705,30.6921862,104.0370619
97348,P1,279.0,279.0,999.0,999.0,False,0.24,8.0,4549759366,30.6936258,104.0345574
109007,P1,280.0,280.0,1000.0,1000.0,False,3.95,13.9,2041314659,30.6808487,104.096428
11615,P1,280.0,280.0,1000.0,1000.0,False,0.42,8.0,3034409146,30.71577,104.10852
117976,P1,280.0,280.0,1000.0,1000.0,False,2.17,10.34,2823785857,30.6788853,104.0764345
126036,P1,280.0,280.0,1000.0,1000.0,False,1.07,8.14,5141468763,30.6263963,104.0941468
129639,P1,280.0,280.0,1000.0,1000.0,False,0.06,8.0,1947584056,30.68303,104.0834
133102,P1,280.0,280.0,1000.0,1000.0,False,1.59,9.18,1159227282,30.6875091,104.0526724
203399,P1,280.0,280.0,1000.0,1000.0,False,0.99,8.0,5375783994,30.6537375,103.9904559
68493,P1,280.0,280.0,1000.0,1000.0,False,1.07,8.14,2134826936,30.6722605,103.9859752
116247,P1,281.0,281.0,1001.0,1001.0,False,2.87,11.74,3034393462,30.68393,104.0487
119045,P1,281.0,281.0,1001.0,1001.0,False,0.16,8.0,4550018923,30.648867,104.072554
150172,P1,281.0,281.0,1001.0,1001.0,False,1.83,9.66,314622978,30.6548544,104.0081864
153730,P1,281.0,281.0,1001.0,1001.0,False,1.83,9.66,1305816731,30.6471713,104.0863754
170165,P1,281.0,281.0,1001.0,1001.0,False,2.28,10.56,1159230079,30.6798659,104.0811056
177067,P1,281.0,281.0,1001.0,1001.0,False,0.53,8.0,432442600,30.6900262,104.0290796
190632,P1,281.0,281.0,1001.0,1001.0,False,1.86,9.72,1311904476,30.6442271,104.0796456
201980,P1,281.0,281.0,1001.0,1001.0,False,1.86,9.72,2118898662,30.7120925,104.0842262
29221,P1,281.0,281.0,1001.0,1001.0,False,0.5,8.0,5436627804,30.6978288,104.0705175
51473,P1,281.0,281.0,1001.0,1001.0,False,1.39,8.78,1312615933,30.6588757,104.0582065
70471,P1,281.0,281.0,1001.0,1001.0,False,1.39,8.78,3034330074,30.66061,104.07953
167793,P1,282.0,282.0,1002.0,1002.0,False,0.28,8.0,3562110275,30.672854,104.0640851
18360,P1,282.0,282.0,1002.0,1002.0,False,0.06,8.0,4549993309,30.6535278,103.9990735
208255,P1,282.0,282.0,1002.0,1002.0,False,1.93,9.86,3562045366,30.7028977,104.0406788
21220,P1,282.0,282.0,1002.0,1002.0,False,0.21,8.0,4505485125,30.6371748,104.0818658
107867,P1,283.0,283.0,1003.0,1003.0,False,0.91,8.0,2472030047,30.659927,104.06298
130537,P1,283.0,283.0,1003.0,1003.0,False,0.24,8.0,3562110262,30.6483164,104.0223891
132863,P1,283.0,283.0,1003.0,1003.0,False,1.07,8.14,5375783455,30.6225341,104.0086663
172283,P1,283.0,283.0,1003.0,1003.0,False,1.69,9.38,4878041007,30.6233003,104.1022404
179154,P1,283.0,283.0,1003.0,1003.0,False,1.02,8.04,3562110257,30.6443831,104.0188124
195451,P1,283.0,283.0,1003.0,1003.0,False,1.65,9.3,4505485122,30.6374121,104.0785068
205283,P1,283.0,283.0,1003.0,1003.0,False,0.82,8.0,1492645747,30.6225782,104.0681268
32525,P1,283.0,283.0,1003.0,1003.0,False,1.41,8.82,1159176882,30.6280508,104.0509035
3663,P1,283.0,283.0,1003.0,1003.0,False,1.02,8.04,1159474715,30.69375,104.04562
42030,P1,283.0,283.0,1003.0,1003.0,False,0.68,8.0,5436607069,30.6367341,104.0646416
53492,P1,283.0,283.0,1003.0,1003.0,False,1.02,8.04,5213253322,30.722224,104.071879
58647,P1,283.0,283.0,1003.0,1003.0,False,1.9,9.8,5261581873,30.67566,104.0963
60671,P1,283.0,283.0,1003.0,1003.0,False,1.99,9.98,3523294437,30.650726,104.04525
11515,P1,284.0,284.0,1004.0,1004.0,False,3.54,13.08,2662847697,30.674543,104.00516
117807,P1,284.0,284.0,1004.0,1004.0,False,0.25,8.0,4298656987,30.66004,104.071
170413,P1,284.0,284.0,1004.0,1004.0,False,0.49,8.0,432429420,30.6358259,104.0359135
76341,P1,284.0,284.0,1004.0,1004.0,False,1.77,9.54,2180630923,30.6996117,104.0524556
105354,P1,285.0,285.0,1005.0,1005.0,False,0.6,8.0,5261581861,30.6767822,104.0956032
110390,P1,285.0,285.0,1005.0,1005.0,False,0.57,8.0,1159478537,30.6731068,104.0492536
132587,P1,285.0,285.0,1005.0,1005.0,False,1.67,9.34,702755669,30.6716476,103.9714375
147573,P1,285.0,285.0,1005.0,1005.0,False,1.71,9.42,4136052365,30.612087,104.0494364
166597,P1,285.0,285.0,1005.0,1005.0,False,0.64,8.0,3562047407,30.7106548,104.0448547
18549,P1,285.0,285.0,1005.0,1005.0,False,1.86,9.72,4449099823,30.6421598,104.1053339
64695,P1,285.0,285.0,1005.0,1005.0,False,0.77,8.0,3523314192,30.6251237,104.0536782
71099,P1,285.0,285.0,1005.0,1005.0,False,1.41,8.82,4220546236,30.6499034,104.072434
93593,P1,285.0,285.0,1005.0,1005.0,False,0.93,8.0,1459056443,30.6458912,104.1074828
106270,P1,286.0,286.0,1006.0,1006.0,False,1.73,9.46,1956538342,30.680431,104.1103448
106947,P1,286.0,286.0,1006.0,1006.0,False,0.9,8.0,4978440956,30.68027,104.07791
122163,P1,286.0,286.0,1006.0,1006.0,False,1.36,8.72,1918491714,30.6463352,103.9872924
2373,P1,286.0,286.0,1006.0,1006.0,False,0.61,8.0,2039561246,30.6862981,104.1013971
54466,P1,286.0,286.0,1006.0,1006.0,False,0.46,8.0,504315317,30.6972544,104.1052658
69115,P1,286.0,286.0,1006.0,1006.0,False,3.99,13.98,5211368070,30.67056,103.96946
1479,P1,287.0,287.0,1007.0,1007.0,False,2.2,10.4,4585443311,30.665359,104.0444208
165666,P1,287.0,287.0,1007.0,1007.0,False,2.29,10.58,1947583861,30.6867677,104.0893553
174121,P1,287.0,287.0,1007.0,1007.0,False,1.83,9.66,1916530811,30.6625556,103.9750605
200840,P1,287.0,287.0,1007.0,1007.0,False,1.83,9.66,3034029058,30.6848462,104.0020616
205621,P1,287.0,287.0,1007.0,1007.0,False,1.84,9.68,3436486413,30.6413896,104.0486322
49915,P1,287.0,287.0,1007.0,1007.0,False,0.03,8.0,1815855128,30.67993,103.97026
54021,P1,287.0,287.0,1007.0,1007.0,False,2.2,10.4,441221450,30.6466367,104.023808
62834,P1,287.0,287.0,1007.0,1007.0,False,1.62,9.24,1912247118,30.6148017,104.0966824
74042,P1,287.0,287.0,1007.0,1007.0,False,0.63,8.0,5375784028,30.6585507,103.9891684
80905,P1,287.0,287.0,1007.0,1007.0,False,1.84,9.68,2709032708,30.6260167,104.0846827
86748,P1,287.0,287.0,1007.0,1007.0,False,0.04,8.0,432442542,30.6921482,104.0120852
118542,P1,288.0,288.0,1008.0,1008.0,False,0.48,8.0,5002301709,30.6912824,104.0367992
122753,P1,288.0,288.0,1008.0,1008.0,False,2.99,11.98,4444112339,30.7189594,104.1017075
14783,P1,288.0,288.0,1008.0,1008.0,False,0.39,8.0,432432594,30.6590167,104.0359622
173307,P1,288.0,288.0,1008.0,1008.0,False,0.12,8.0,4934383649,30.61607,104.11309
173646,P1,288.0,288.0,1008.0,1008.0,False,0.12,8.0,314622896,30.6548869,104.0664771
187233,P1,288.0,288.0,1008.0,1008.0,False,2.99,11.98,1916517843,30.663993,103.9904418
19479,P1,288.0,288.0,1008.0,1008.0,False,2.04,10.08,3680099794,30.64544,104.02499
21232,P1,288.0,288.0,1008.0,1008.0,False,0.62,8.0,4548318070,30.6452307,104.0820694
26519,P1,288.0,288.0,1008.0,1008.0,False,1.8,9.6,2843289931,30.6850102,104.0683396
27023,P1,288.0,288.0,1008.0,1008.0,False,0.58,8.0,5367317629,30.6625857,103.979658
47488,P1,288.0,288.0,1008.0,1008.0,False,2.99,11.98,4548259588,30.6532941,104.0347434
71751,P1,288.0,288.0,1008.0,1008.0,False,0.62,8.0,1156126798,30.66556,104.04152
72013,P1,288.0,288.0,1008.0,1008.0,False,2.04,10.08,1459057462,30.6448957,104.1069577
76308,P1,288.0,288.0,1008.0,1008.0,False,1.13,8.26,1469155000,30.6317063,104.1151237
11233,P1,289.0,289.0,1009.0,1009.0,False,0.9,8.0,4693610095,30.6341211,104.0718866
115401,P1,289.0,289.0,1009.0,1009.0,False,0.51,8.0,3597820284,30.7003536,104.0216861
133435,P1,289.0,289.0,1009.0,1009.0,False,0.51,8.0,4967265777,30.707783,104.01115
145529,P1,289.0,289.0,1009.0,1009.0,False,0.08,8.0,1313065875,30.6418278,104.086438
162265,P1,289.0,289.0,1009.0,1009.0,False,1.27,8.54,4118527441,30.7000222,104.0835393
165580,P1,289.0,289.0,1009.0,1009.0,False,1.1,8.2,1388442964,30.6484295,104.0724145
171227,P1,289.0,289.0,1009.0,1009.0,False,1.24,8.48,2082811327,30.62801,104.10641
178928,P1,289.0,289.0,1009.0,1009.0,False,0.08,8.0,1312615976,30.6533569,104.0604054
205411,P1,289.0,289.0,1009.0,1009.0,False,2.62,11.24,4782067637,30.6257234,104.0272821
208515,P1,289.0,289.0,1009.0,1009.0,False,0.9,8.0,4740867224,30.6131318,104.0930987
41867,P1,289.0,289.0,1009.0,1009.0,False,1.1,8.2,5053143834,30.70351,104.00025
67296,P1,289.0,289.0,1009.0,1009.0,False,2.85,11.7,5375784263,30.625793,104.0054355
80051,P1,289.0,289.0,1009.0,1009.0,False,0.9,8.0,314622896,30.65465,104.06747
92249,P1,289.0,289.0,1009.0,1009.0,False,1.11,8.22,1918491716,30.6490086,103.9823371
98245,P1,289.0,289.0,1009.0,1009.0,False,0.08,8.0,1312615933,30.6588757,104.0582065
115361,P1,290.0,290.0,1010.0,1010.0,False,0.89,8.0,4548209362,30.6475786,104.0203284
129244,P1,290.0,290.0,1010.0,1010.0,False,0.63,8.0,2080664445,30.6202083,104.098017
145667,P1,290.0,290.0,1010.0,1010.0,False,0.25,8.0,1492374043,30.65453,104.06456
169848,P1,290.0,290.0,1010.0,1010.0,False,0.28,8.0,5382831216,30.6764337,104.1019211
18790,P1,290.0,290.0,1010.0,1010.0,False,0.89,8.0,3076737452,30.6573334,104.0495723
193281,P1,290.0,290.0,1010.0,1010.0,False,1.58,9.16,4799195759,30.6279102,103.9947516
20234,P1,290.0,290.0,1010.0,1010.0,False,1.58,9.16,1912246988,30.6096736,104.0994325
33586,P1,290.0,290.0,1010.0,1010.0,False,0.63,8.0,5283966211,30.7016962,104.1007108
3454,P1,290.0,290.0,1010.0,1010.0,False,1.58,9.16,314623117,30.6499932,104.0325831
56759,P1,290.0,290.0,1010.0,1010.0,False,1.03,8.06,1492574993,30.62473,104.06343
62335,P1,290.0,290.0,1010.0,1010.0,False,3.1,12.2,4521034134,30.6526203,104.0830937
70621,P1,290.0,290.0,1010.0,1010.0,False,2.09,10.18,4693609959,30.6292028,104.0730941
7150,P1,290.0,290.0,1010.0,1010.0,False,0.4,8.0,671587313,30.6393549,104.0704479
79216,P1,290.0,290.0,1010.0,1010.0,False,1.6,9.2,4699007267,30.6128935,104.0371765
82431,P1,290.0,290.0,1010.0,1010.0,False,0.55,8.0,3516896165,30.66447,104.07069
135280,P1,291.0,291.0,1011.0,1011.0,False,1.42,8.84,2559969494,30.6280963,104.0376483
152136,P1,291.0,291.0,1011.0,1011.0,False,1.29,8.58,3523308812,30.6332712,104.0790877
152786,P1,291.0,291.0,1011.0,1011.0,False,2.21,10.42,5354813692,30.6605738,104.0607854
185519,P1,291.0,291.0,1011.0,1011.0,False,0.71,8.0,3034330085,30.66555,104.07799
72274,P1,291.0,291.0,1011.0,1011.0,False,1.08,8.16,3523308832,30.6401083,104.0734176
75030,P1,291.0,291.0,1011.0,1011.0,False,2.19,10.38,2214043180,30.6285207,104.087315
108360,P1,292.0,292.0,1012.0,1012.0,False,1.5,9.0,2727022874,30.6186808,104.0472214
112391,P1,292.0,292.0,1012.0,1012.0,False,0.06,8.0,5141468805,30.6294733,104.0984475
119279,P1,292.0,292.0,1012.0,1012.0,False,1.42,8.84,432432535,30.65498,104.04344
134871,P1,292.0,292.0,1012.0,1012.0,False,1.4,8.8,2729395914,30.6296384,104.0450455
202270,P1,292.0,292.0,1012.0,1012.0,False,0.53,8.0,1987226881,30.6663436,104.0488578
24032,P1,292.0,292.0,1012.0,1012.0,False,1.43,8.86,432429372,30.6319,104.0560707
33388,P1,292.0,292.0,1012.0,1012.0,False,0.74,8.0,4967265753,30.7026454,104.0054497
3828,P1,292.0,292.0,1012.0,1012.0,False,0.06,8.0,4701577732,30.6381638,104.0735076
62904,P1,292.0,292.0,1012.0,1012.0,False,1.99,9.98,4992013267,30.610782,104.0756427
7130,P1,292.0,292.0,1012.0,1012.0,False,2.09,10.18,1918491753,30.6329153,103.974869
12155,P1,293.0,293.0,1013.0,1013.0,False,0.56,8.0,1947583827,30.690311,104.0825
125672,P1,293.0,293.0,1013.0,1013.0,False,1.06,8.12,3034040773,30.7015413,104.0123302
125991,P1,293.0,293.0,1013.0,1013.0,False,0.49,8.0,1885342917,30.683422,104.10013
129175,P1,293.0,293.0,1013.0,1013.0,False,2.16,10.32,1159131856,30.66777,104.07822
151323,P1,293.0,293.0,1013.0,1013.0,False,1.23,8.46,4521001284,30.653933,104.08429
16058,P1,293.0,293.0,1013.0,1013.0,False,1.54,9.08,1815741555,30.6862288,104.0763863
182708,P1,293.0,293.0,1013.0,1013.0,False,0.41,8.0,1815855036,30.6764043,103.9846018
199488,P1,293.0,293.0,1013.0,1013.0,False,1.9,9.8,2441172197,30.6748274,104.0074372
33867,P1,293.0,293.0,1013.0,1013.0,False,1.54,9.08,4548259501,30.6712948,104.0274788
43559,P1,293.0,293.0,1013.0,1013.0,False,0.54,8.0,4699007144,30.6094433,104.0369642
56909,P1,293.0,293.0,1013.0,1013.0,False,1.66,9.32,4549992999,30.6516858,103.9928204
106504,P1,294.0,294.0,1014.0,1014.0,False,0.24,8.0,3632988786,30.6642933,104.032285
108562,P1,294.0,294.0,1014.0,1014.0,False,0.02,8.0,3333358462,30.7007169,104.0642907
124892,P1,294.0,294.0,1014.0,1014.0,False,1.74,9.48,4978440956,30.6800833,104.0774986
195635,P1,294.0,294.0,1014.0,1014.0,False,1.74,9.48,2039550414,30.67568,104.10976
81005,P1,294.0,294.0,1014.0,1014.0,False,0.22,8.0,4779165706,30.634746,104.0244234
110995,P1,295.0,295.0,1015.0,1015.0,False,1.45,8.9,5141458202,30.6326136,104.076224
145417,P1,295.0,295.0,1015.0,1015.0,False,0.34,8.0,4106681923,30.6194249,103.9989196
187866,P1,295.0,295.0,1015.0,1015.0,False,1.19,8.38,4699007278,30.6133108,104.0346788
204419,P1,295.0,295.0,1015.0,1015.0,False,2.78,11.56,1455005339,30.6972717,104.1036925
4612,P1,295.0,295.0,1015.0,1015.0,False,1.19,8.38,3927876953,30.6762446,103.985108
94398,P1,295.0,295.0,1015.0,1015.0,False,0.03,8.0,4991426385,30.6512187,103.9828504
193722,P1,296.0,296.0,1016.0,1016.0,False,0.06,8.0,4695601331,30.6106436,104.0295303
201211,P1,296.0,296.0,1016.0,1016.0,False,0.2,8.0,314655436,30.71233,104.1027
37672,P1,296.0,296.0,1016.0,1016.0,False,0.06,8.0,3069351946,30.6243759,103.9796691
47897,P1,296.0,296.0,1016.0,1016.0,False,0.25,8.0,5283966327,30.7031911,104.0969235
65227,P1,296.0,296.0,1016.0,1016.0,False,0.62,8.0,2039561233,30.68517,104.111786
72347,P1,296.0,296.0,1016.0,1016.0,False,1.4,8.8,2472030046,30.66185,104.06255
79953,P1,296.0,296.0,1016.0,1016.0,False,0.25,8.0,4695601345,30.6104245,104.029536
149897,P1,297.0,297.0,1017.0,1017.0,False,1.45,8.9,432442545,30.6987537,104.0115058
153239,P1,297.0,297.0,1017.0,1017.0,False,2.28,10.56,314655092,30.62074,104.0455
15884,P1,297.0,297.0,1017.0,1017.0,False,0.81,8.0,3034393448,30.6791288,104.0319296
178278,P1,297.0,297.0,1017.0,1017.0,False,1.12,8.24,5002301707,30.6923756,104.0371901
185056,P1,297.0,297.0,1017.0,1017.0,False,1.92,9.84,3087817510,30.665932,103.9951649
187483,P1,297.0,297.0,1017.0,1017.0,False,0.33,8.0,4549759367,30.6945439,104.0335267
190123,P1,297.0,297.0,1017.0,1017.0,False,0.81,8.0,3562110283,30.653265,104.08192
79735,P1,297.0,297.0,1017.0,1017.0,False,0.55,8.0,1947583808,30.69441,104.08024
104247,P1,298.0,298.0,1018.0,1018.0,False,0.19,8.0,3523298663,30.64341,104.04478
122494,P1,298.0,298.0,1018.0,1018.0,False,0.48,8.0,3071355056,30.6274818,104.1129873
130908,P1,298.0,298.0,1018.0,1018.0,False,1.21,8.42,2852227694,30.686617,104.0704056
138842,P1,298.0,298.0,1018.0,1018.0,False,1.66,9.32,1159160259,30.6260538,104.0946651
202294,P1,298.0,298.0,1018.0,1018.0,False,0.04,8.0,4106681975,30.6415024,103.9847396
23093,P1,298.0,298.0,1018.0,1018.0,False,1.03,8.06,4106682123,30.6445795,103.9826903
46034,P1,298.0,298.0,1018.0,1018.0,False,1.66,9.32,1492399994,30.6560139,104.0594705
64447,P1,298.0,298.0,1018.0,1018.0,False,2.51,11.02,3199773650,30.7016075,104.1076225
84957,P1,298.0,298.0,1018.0,1018.0,False,0.71,8.0,3633001078,30.6650952,104.0309679
112555,P1,299.0,299.0,1019.0,1019.0,False,2.11,10.22,3541376561,30.7247608,104.0558022
140911,P1,299.0,299.0,1019.0,1019.0,False,0.92,8.0,1301932981,30.6516301,104.0808431
150097,P1,299.0,299.0,1019.0,1019.0,False,2.36,10.72,432432560,30.648601,104.0404737
198271,P1,299.0,299.0,1019.0,1019.0,False,0.92,8.0,5213253214,30.66703,104.11225
40639,P1,299.0,299.0,1019.0,1019.0,False,1.22,8.44,5102886113,30.6863806,103.9939947
8655,P1,299.0,299.0,1019.0,1019.0,False,2.36,10.72,441221454,30.648014,104.02465
144485,P1,300.0,300.0,1020.0,1020.0,False,0.6,8.0,3516896166,30.6510993,104.0699075
149850,P1,300.0,300.0,1020.0,1020.0,False,2.26,10.52,2930487776,30.7246179,104.0988442
190424,P1,300.0,300.0,1020.0,1020.0,False,1.41,8.82,3562110274,30.6720357,104.0660008
208268,P1,300.0,300.0,1020.0,1020.0,False,0.6,8.0,1159518606,30.6480805,104.0676159
52257,P1,300.0,300.0,1020.0,1020.0,False,1.41,8.82,5375783796,30.6555511,103.999267
90273,P1,300.0,300.0,1020.0,1020.0,False,0.72,8.0,314622996,30.6500439,103.9848469
9849,P1,300.0,300.0,1020.0,1020.0,False,2.14,10.28,3033986306,30.6563962,104.0263657
107966,P1,301.0,301.0,1021.0,1021.0,False,1.68,9.36,3541422909,30.7091106,104.0668649
118768,P1,301.0,301.0,1021.0,1021.0,False,1.7,9.4,4548259299,30.6805229,104.0545484
141338,P1,301.0,301.0,1021.0,1021.0,False,1.01,8.02,4548211639,30.6830457,104.0414194
144375,P1,301.0,301.0,1021.0,1021.0,False,0.2,8.0,4548318142,30.6183735,104.0961577
19483,P1,301.0,301.0,1021.0,1021.0,False,1.22,8.44,1492597859,30.6227417,104.0681792
200654,P1,301.0,301.0,1021.0,1021.0,False,1.68,9.36,5300465518,30.725,104.0748769
53171,P1,301.0,301.0,1021.0,1021.0,False,1.14,8.28,1159176882,30.6280508,104.0509035
67291,P1,301.0,301.0,1021.0,1021.0,False,1.14,8.28,1845199170,30.678656,104.071724
69002,P1,301.0,301.0,1021.0,1021.0,False,2.01,10.02,4695640579,30.61222,104.0268661
78334,P1,301.0,301.0,1021.0,1021.0,False,1.7,9.4,1159234118,30.6948866,104.0637424
111003,P1,302.0,302.0,1022.0,1022.0,False,0.29,8.0,4902294945,30.67909,104.07332
13125,P1,302.0,302.0,1022.0,1022.0,False,0.46,8.0,3562111926,30.6663335,104.0890229
151475,P1,302.0,302.0,1022.0,1022.0,False,0.98,8.0,1159145919,30.66934,104.0708
165334,P1,302.0,302.0,1022.0,1022.0,False,1.31,8.62,2532979486,30.7056378,104.0905158
198723,P1,302.0,302.0,1022.0,1022.0,False,1.15,8.3,4799195759,30.6279102,103.9947516
30987,P1,302.0,302.0,1022.0,1022.0,False,1.53,9.06,1916386460,30.6131026,104.0420772
44792,P1,302.0,302.0,1022.0,1022.0,False,2.11,10.22,4972899575,30.632518,104.049449
50651,P1,302.0,302.0,1022.0,1022.0,False,1.53,9.06,4548258452,30.688095,104.05162
56531,P1,302.0,302.0,1022.0,1022.0,False,0.06,8.0,4693647105,30.6328165,104.0725355
57252,P1,302.0,302.0,1022.0,1022.0,False,0.65,8.0,5213237284,30.6423229,104.115246
112783,P1,303.0,303.0,1023.0,1023.0,False,2.62,11.24,4230611275,30.65245,104.06962
173751,P1,303.0,303.0,1023.0,1023.0,False,1.63,9.26,2213048013,30.6106275,104.104888
208341,P1,303.0,303.0,1023.0,1023.0,False,1.63,9.26,5375783836,30.6493223,104.0008859
26130,P1,303.0,303.0,1023.0,1023.0,False,3.01,12.02,2981319500,30.7142472,104.0049102
4303,P1,303.0,303.0,1023.0,1023.0,False,2.7,11.4,2651598888,30.68416,104.07828
88904,P1,303.0,303.0,1023.0,1023.0,False,0.23,8.0,4981594520,30.6308058,103.9968153
157005,P1,304.0,304.0,1024.0,1024.0,False,1.28,8.56,3087817482,30.6638318,104.0024922
203438,P1,304.0,304.0,1024.0,1024.0,False,1.39,8.78,2532969464,30.7039148,104.0930384
22766,P1,304.0,304.0,1024.0,1024.0,False,1.39,8.78,1159148928,30.65808,104.0726539
38868,P1,304.0,304.0,1024.0,1024.0,False,1.87,9.74,2729413203,30.6276078,104.0468427
4489,P1,304.0,304.0,1024.0,1024.0,False,0.41,8.0,1301932996,30.653893,104.0719969
101489,P1,305.0,305.0,1025.0,1025.0,False,0.21,8.0,2134778549,30.6320643,103.9968932
113444,P1,305.0,305.0,1025.0,1025.0,False,2.2,10.4,1459915728,30.6475007,104.1037665
135075,P1,305.0,305.0,1025.0,1025.0,False,0.97,8.0,4695640643,30.6114947,104.0245835
18227,P1,305.0,305.0,1025.0,1025.0,False,1.54,9.08,5141468625,30.6348357,104.0914317
200406,P1,305.0,305.0,1025.0,1025.0,False,0.15,8.0,1499189792,30.7174611,104.1012808
59304,P1,305.0,305.0,1025.0,1025.0,False,2.66,11.32,3562099597,30.6502342,104.0276432
97526,P1,305.0,305.0,1025.0,1025.0,False,0.21,8.0,5053143851,30.7217675,104.0032403
119321,P1,306.0,306.0,1026.0,1026.0,False,1.94,9.88,4118527460,30.7001906,104.0983786
158606,P1,306.0,306.0,1026.0,1026.0,False,2.88,11.76,4693610130,30.6352467,104.0708625
25227,P1,306.0,306.0,1026.0,1026.0,False,2.98,11.96,4693674679,30.6223992,104.0643965
27706,P1,306.0,306.0,1026.0,1026.0,False,0.06,8.0,3176000068,30.7026369,104.0690317
55723,P1,306.0,306.0,1026.0,1026.0,False,0.54,8.0,4548211627,30.6520899,104.0194764
56634,P1,306.0,306.0,1026.0,1026.0,False,0.54,8.0,4900292718,30.6656061,104.0681031
58918,P1,306.0,306.0,1026.0,1026.0,False,0.19,8.0,4106682121,30.6442263,103.981591
70983,P1,306.0,306.0,1026.0,1026.0,False,0.54,8.0,3562015383,30.659664,104.08209
71103,P1,306.0,306.0,1026.0,1026.0,False,2.34,10.68,439752001,30.7266154,104.0425152
94779,P1,306.0,306.0,1026.0,1026.0,False,0.54,8.0,3087817466,30.6393406,104.0210445
98527,P1,306.0,306.0,1026.0,1026.0,False,1.94,9.88,3436486419,30.6404353,104.0458223
119225,P1,307.0,307.0,1027.0,1027.0,False,1.21,8.42,2559969438,30.629164,104.0294844
121817,P1,307.0,307.0,1027.0,1027.0,False,0.78,8.0,432432572,30.6616054,104.0378236
187710,P1,307.0,307.0,1027.0,1027.0,False,0.55,8.0,5382831199,30.6750989,104.0965444
22340,P1,307.0,307.0,1027.0,1027.0,False,1.43,8.86,3724269696,30.6265975,104.1007529
83829,P1,307.0,307.0,1027.0,1027.0,False,1.85,9.7,4106682188,30.65808,103.9768986
118389,P1,308.0,308.0,1028.0,1028.0,False,1.84,9.68,2631867279,30.686945,104.087863
119015,P1,308.0,308.0,1028.0,1028.0,False,0.94,8.0,4586532061,30.688354,104.01976
127897,P1,308.0,308.0,1028.0,1028.0,False,0.94,8.0,4572409832,30.7142405,103.9924406
145301,P1,308.0,308.0,1028.0,1028.0,False,1.84,9.68,2309311911,30.6295001,104.0973287
153685,P1,308.0,308.0,1028.0,1028.0,False,0.11,8.0,3633008400,30.6661111,104.0383593
163656,P1,308.0,308.0,1028.0,1028.0,False,0.69,8.0,4987535018,30.6248157,104.0090078
192079,P1,308.0,308.0,1028.0,1028.0,False,1.89,9.78,3541376437,30.7151492,104.0578441
59905,P1,308.0,308.0,1028.0,1028.0,False,1.99,9.98,3742070431,30.6572722,104.070432
63801,P1,308.0,308.0,1028.0,1028.0,False,1.12,8.24,2456925104,30.6390252,104.1033844
83404,P1,308.0,308.0,1028.0,1028.0,False,0.47,8.0,4550018931,30.6531037,104.0603723
93997,P1,308.0,308.0,1028.0,1028.0,False,1.12,8.24,4118527510,30.7016943,104.1009642
107909,P1,309.0,309.0,1029.0,1029.0,False,2.53,11.06,3582243005,30.7096292,104.007262
109593,P1,309.0,309.0,1029.0,1029.0,False,0.71,8.0,4699007186,30.6142352,104.0316066
144300,P1,309.0,309.0,1029.0,1029.0,False,2.66,11.32,5283966123,30.6370674,104.100346
166219,P1,309.0,309.0,1029.0,1029.0,False,1.81,9.62,1459920705,30.640689,104.1043602
167757,P1,309.0,309.0,1029.0,1029.0,False,2.22,10.44,3582245815,30.7173001,104.0020275
187383,P1,309.0,309.0,1029.0,1029.0,False,1.42,8.84,2472030042,30.6624409,104.0616874
19218,P1,309.0,309.0,1029.0,1029.0,False,0.1,8.0,2852227693,30.6870368,104.0671329
196588,P1,309.0,309.0,1029.0,1029.0,False,2.66,11.32,3087817451,30.6468838,104.0031704
78254,P1,309.0,309.0,1029.0,1029.0,False,1.42,8.84,4900292686,30.670947,104.0644526
90701,P1,309.0,309.0,1029.0,1029.0,False,0.97,8.0,4106682188,30.65808,103.9768986
91837,P1,309.0,309.0,1029.0,1029.0,False,1.62,9.24,2329097179,30.7060644,104.0021771
93487,P1,309.0,309.0,1029.0,1029.0,False,0.37,8.0,5213237318,30.638052,104.05191
94252,P1,309.0,309.0,1029.0,1029.0,False,0.15,8.0,3034393448,30.6791288,104.0319296
95959,P1,309.0,309.0,1029.0,1029.0,False,1.62,9.24,3034330077,30.66049,104.08647
10148,P1,310.0,310.0,1030.0,1030.0,False,1.92,9.84,2564226638,30.6344505,104.0171484
142748,P1,310.0,310.0,1030.0,1030.0,False,0.89,8.0,4748173619,30.6227748,104.0183999
179225,P1,310.0,310.0,1030.0,1030.0,False,0.72,8.0,1159950973,30.654307,104.089357
184351,P1,310.0,310.0,1030.0,1030.0,False,1.64,9.28,3780408667,30.632044,104.05986
186493,P1,310.0,310.0,1030.0,1030.0,False,0.72,8.0,4903112583,30.65906,104.0789956
201822,P1,310.0,310.0,1030.0,1030.0,False,1.2,8.4,672360478,30.6772572,104.0907579
30955,P1,310.0,310.0,1030.0,1030.0,False,1.29,8.58,3562086843,30.685146,104.037636
42002,P1,310.0,310.0,1030.0,1030.0,False,0.66,8.0,1312615996,30.6505946,104.0541678
60873,P1,310.0,310.0,1030.0,1030.0,False,1.64,9.28,3680400072,30.6586156,104.0134178
12733,P1,311.0,311.0,1031.0,1031.0,False,1.05,8.1,4772430855,30.6771026,104.0067635
139051,P1,311.0,311.0,1031.0,1031.0,False,2.61,11.22,2039561238,30.68849,104.11086
188955,P1,311.0,311.0,1031.0,1031.0,False,1.49,8.98,432442862,30.6702808,104.0012821
35823,P1,311.0,311.0,1031.0,1031.0,False,1.26,8.52,4550769795,30.650715,104.10982
37467,P1,311.0,311.0,1031.0,1031.0,False,1.05,8.1,3390819397,30.64099,104.05143
75825,P1,311.0,311.0,1031.0,1031.0,False,1.97,9.94,1459025591,30.6452206,104.1080647
76692,P1,311.0,311.0,1031.0,1031.0,False,1.66,9.32,4437947519,30.6885271,104.0985377
86955,P1,311.0,311.0,1031.0,1031.0,False,1.03,8.06,4548318142,30.6183735,104.0961577
89343,P1,311.0,311.0,1031.0,1031.0,False,1.03,8.06,2118898646,30.71285,104.08417
94595,P1,311.0,311.0,1031.0,1031.0,False,1.54,9.08,4548211676,30.6224035,104.0549231
85259,P1,312.0,312.0,1032.0,1032.0,False,1.41,8.82,4772215053,30.6797126,104.0064476
134846,P1,313.0,313.0,1033.0,1033.0,False,2.03,10.06,4695601570,30.6108563,104.0328647
52581,P1,313.0,313.0,1033.0,1033.0,False,2.6,11.2,1159148557,30.6638613,104.0728561
126784,P1,314.0,314.0,1034.0,1034.0,False,0.11,8.0,4772463286,30.6615749,104.0441697
130740,P1,314.0,314.0,1034.0,1034.0,False,1.56,9.12,5436627811,30.6971374,104.0706254
152810,P1,314.0,314.0,1034.0,1034.0,False,0.04,8.0,5141326917,30.6102598,104.0592811
15665,P1,314.0,314.0,1034.0,1034.0,False,1.85,9.7,4964134715,30.7101028,104.0179797
158092,P1,314.0,314.0,1034.0,1034.0,False,0.04,8.0,3927876955,30.6762534,103.9859803
173997,P1,314.0,314.0,1034.0,1034.0,False,1.68,9.36,4695601319,30.6115803,104.0295385
193808,P1,314.0,314.0,1034.0,1034.0,False,0.29,8.0,2441172212,30.673745,104.0148077
203101,P1,314.0,314.0,1034.0,1034.0,False,0.46,8.0,4549993166,30.6970917,104.0550452
51401,P1,314.0,314.0,1034.0,1034.0,False,0.46,8.0,4782097003,30.6252512,104.0248876
127315,P1,315.0,315.0,1035.0,1035.0,False,0.46,8.0,4903112583,30.65906,104.0789956
137133,P1,315.0,315.0,1035.0,1035.0,False,1.09,8.18,1498703308,30.7264403,104.0693968
15247,P1,315.0,315.0,1035.0,1035.0,False,0.74,8.0,1159945485,30.65865,104.05551
207798,P1,315.0,315.0,1035.0,1035.0,False,1.47,8.94,2676903527,30.6791315,103.9927194
100081,P1,316.0,316.0,1036.0,1036.0,False,2.71,11.42,1305816712,30.6694879,104.0662325
116593,P1,316.0,316.0,1036.0,1036.0,False,2.35,10.7,432452887,30.6183134,104.0517222
136003,P1,316.0,316.0,1036.0,1036.0,False,2.71,11.42,3681180644,30.65635,104.06651
156239,P1,316.0,316.0,1036.0,1036.0,False,0.67,8.0,1500638653,30.69459,104.02749
159789,P1,316.0,316.0,1036.0,1036.0,False,0.84,8.0,4695700267,30.6101747,104.0247853
170688,P1,316.0,316.0,1036.0,1036.0,False,0.67,8.0,4981598541,30.6274563,104.000732
185299,P1,316.0,316.0,1036.0,1036.0,False,0.71,8.0,3516900121,30.66932,104.07992
51223,P1,316.0,316.0,1036.0,1036.0,False,0.15,8.0,2981319500,30.7142472,104.0049102
91224,P1,316.0,316.0,1036.0,1036.0,False,2.21,10.42,4693609810,30.6335641,104.0719028
10141,P1,317.0,317.0,1037.0,1037.0,False,0.69,8.0,2852225599,30.6383419,104.0601673
11977,P1,317.0,317.0,1037.0,1037.0,False,1.36,8.72,4693647119,30.6339592,104.0724524
47182,P1,317.0,317.0,1037.0,1037.0,False,0.33,8.0,1492633099,30.6218826,104.0646505
12895,P1,318.0,318.0,1038.0,1038.0,False,0.16,8.0,3034330085,30.66514,104.07773
134894,P1,318.0,318.0,1038.0,1038.0,False,2.44,10.88,1159234180,30.694905,104.0671903
173730,P1,318.0,318.0,1038.0,1038.0,False,1.67,9.34,1159945481,30.6570112,104.0560918
41556,P1,318.0,318.0,1038.0,1038.0,False,2.33,10.66,465203746,30.7063917,104.1013342
47580,P1,318.0,318.0,1038.0,1038.0,False,1.63,9.26,4072596600,30.6740422,104.0109011
102071,P1,319.0,319.0,1039.0,1039.0,False,1.38,8.76,2560005433,30.6291829,104.0257656
167450,P1,319.0,319.0,1039.0,1039.0,False,1.38,8.76,4548259625,30.6553129,104.0498178
439,P1,319.0,319.0,1039.0,1039.0,False,1.57,9.14,1305816676,30.64657,104.08497
85207,P1,319.0,319.0,1039.0,1039.0,False,1.19,8.38,1964305089,30.6764683,104.1020409
85691,P1,319.0,319.0,1039.0,1039.0,False,2.23,10.46,2651700257,30.694305,104.07858
101921,P1,320.0,320.0,1040.0,1040.0,False,0.23,8.0,2119075573,30.6134307,104.1046502
104374,P1,320.0,320.0,1040.0,1040.0,False,0.91,8.0,1159497947,30.6902087,104.0420276
179063,P1,320.0,320.0,1040.0,1040.0,False,0.04,8.0,1459924111,30.639483,104.105655
187245,P1,320.0,320.0,1040.0,1040.0,False,1.28,8.56,5375783786,30.6544505,104.0005356
194218,P1,320.0,320.0,1040.0,1040.0,False,1.28,8.56,603415287,30.7084,104.101433
19707,P1,320.0,320.0,1040.0,1040.0,False,0.91,8.0,2956775842,30.7235112,104.0463086
40593,P1,320.0,320.0,1040.0,1040.0,False,1.82,9.64,4693609876,30.6319966,104.0696843
48793,P1,320.0,320.0,1040.0,1040.0,False,0.59,8.0,4548211618,30.6339961,104.0242876
3015,P1,321.0,321.0,1041.0,1041.0,False,0.41,8.0,1918491704,30.6462307,103.9945166
74329,P1,321.0,321.0,1041.0,1041.0,False,0.39,8.0,4695640653,30.6139095,104.0248146
78858,P1,321.0,321.0,1041.0,1041.0,False,0.21,8.0,1159223969,30.7084437,104.038858
8793,P1,321.0,321.0,1041.0,1041.0,False,0.39,8.0,4703149460,30.6110835,104.0660773
102535,P1,322.0,322.0,1042.0,1042.0,False,0.17,8.0,2202826071,30.6139682,104.0278483
144195,P1,322.0,322.0,1042.0,1042.0,False,0.47,8.0,432441924,30.63432,104.02916
147105,P1,322.0,322.0,1042.0,1042.0,False,0.85,8.0,439751910,30.6757224,103.9877432
16107,P1,322.0,322.0,1042.0,1042.0,False,0.61,8.0,288416379,30.68852,104.08381
162686,P1,322.0,322.0,1042.0,1042.0,False,0.53,8.0,1918491730,30.6478147,103.9970936
185083,P1,322.0,322.0,1042.0,1042.0,False,0.24,8.0,4548259343,30.7151702,104.036151
19572,P1,322.0,322.0,1042.0,1042.0,False,3.17,12.34,4106681979,30.6419758,103.9782734
205324,P1,322.0,322.0,1042.0,1042.0,False,0.52,8.0,5375783788,30.6547059,104.000337
77352,P1,322.0,322.0,1042.0,1042.0,False,0.63,8.0,2217768450,30.6562508,104.0589844
112671,P1,323.0,323.0,1043.0,1043.0,False,0.42,8.0,3033986247,30.658072,104.0219464
127938,P1,323.0,323.0,1043.0,1043.0,False,1.27,8.54,4695601305,30.6109832,104.0281709
13681,P1,323.0,323.0,1043.0,1043.0,False,1.78,9.56,3523294443,30.6601842,104.0431961
48958,P1,323.0,323.0,1043.0,1043.0,False,1.55,9.1,4359391012,30.7254702,104.1151762
87753,P1,323.0,323.0,1043.0,1043.0,False,2.32,10.64,4794944084,30.6455207,104.0595186
88078,P1,323.0,323.0,1043.0,1043.0,False,0.29,8.0,3541427579,30.7099241,104.0328295
92363,P1,323.0,323.0,1043.0,1043.0,False,0.29,8.0,2907362943,30.64031,104.0975
118897,P1,324.0,324.0,1044.0,1044.0,False,0.92,8.0,4550701519,30.6978096,104.0672685
15915,P1,324.0,324.0,1044.0,1044.0,False,2.31,10.62,1313998800,30.6379687,104.0890481
174699,P1,324.0,324.0,1044.0,1044.0,False,0.33,8.0,4695640583,30.6121963,104.0259698
180181,P1,324.0,324.0,1044.0,1044.0,False,0.52,8.0,1159447628,30.6710271,104.029627
201707,P1,324.0,324.0,1044.0,1044.0,False,0.56,8.0,4230593015,30.6417114,104.088153
201765,P1,324.0,324.0,1044.0,1044.0,False,0.31,8.0,1457843773,30.6882327,104.0999781
92576,P1,324.0,324.0,1044.0,1044.0,False,0.31,8.0,432432589,30.6584676,104.0317297
118309,P1,325.0,325.0,1045.0,1045.0,False,1.03,8.06,4693610141,30.6356278,104.0688162
138204,P1,325.0,325.0,1045.0,1045.0,False,0.15,8.0,4414330244,30.6640162,104.0861765
156003,P1,325.0,325.0,1045.0,1045.0,False,1.59,9.18,2039550419,30.63852,104.10942
17593,P1,325.0,325.0,1045.0,1045.0,False,1.23,8.46,4444112343,30.7207719,104.1024516
45208,P1,325.0,325.0,1045.0,1045.0,False,0.36,8.0,1159483888,30.6800293,104.0739518
53806,P1,325.0,325.0,1045.0,1045.0,False,2.45,10.9,5141328715,30.6141925,104.0610426
62995,P1,325.0,325.0,1045.0,1045.0,False,1.34,8.68,432432625,30.6550435,104.0445345
72211,P1,325.0,325.0,1045.0,1045.0,False,1.03,8.06,3927877883,30.6767866,103.9881902
81643,P1,325.0,325.0,1045.0,1045.0,False,0.15,8.0,1159143437,30.6623,104.1021
53221,P1,326.0,326.0,1046.0,1046.0,False,0.51,8.0,4934383636,30.6134279,104.1157043
53663,P1,326.0,326.0,1046.0,1046.0,False,0.97,8.0,3034040770,30.69652,104.02875
111355,P1,327.0,327.0,1047.0,1047.0,False,0.76,8.0,1159231421,30.6921475,104.0786212
39478,P1,327.0,327.0,1047.0,1047.0,False,1.27,8.54,314623056,30.6165495,104.0154053
39507,P1,327.0,327.0,1047.0,1047.0,False,0.35,8.0,1305816752,30.6646194,104.068146
53553,P1,327.0,327.0,1047.0,1047.0,False,1.28,8.56,4550018952,30.6512388,104.0545492
127131,P1,328.0,328.0,1048.0,1048.0,False,0.39,8.0,2041522384,30.667782,104.10727
127571,P1,328.0,328.0,1048.0,1048.0,False,1.86,9.72,4701464753,30.6148219,104.0584996
153861,P1,328.0,328.0,1048.0,1048.0,False,0.31,8.0,3614062279,30.6659633,104.0579463
164772,P1,328.0,328.0,1048.0,1048.0,False,0.62,8.0,1159231408,30.6849598,104.0881861
206256,P1,328.0,328.0,1048.0,1048.0,False,1.17,8.34,1388412850,30.6803736,104.0693389
38534,P1,328.0,328.0,1048.0,1048.0,False,0.74,8.0,4549993410,30.6885233,104.0986763
60715,P1,328.0,328.0,1048.0,1048.0,False,1.86,9.72,1507261226,30.712101,104.06882
711,P1,328.0,328.0,1048.0,1048.0,False,0.95,8.0,3561962961,30.66266,104.001
7264,P1,328.0,328.0,1048.0,1048.0,False,0.74,8.0,4550018780,30.650239,104.0581381
164827,P1,329.0,329.0,1049.0,1049.0,False,2.55,11.1,4064178140,30.671608,103.97893
16627,P1,329.0,329.0,1049.0,1049.0,False,0.88,8.0,3034376760,30.66709,104.08824
92395,P1,329.0,329.0,1049.0,1049.0,False,3.49,12.98,5283966326,30.70459,104.09549
101303,P1,330.0,330.0,1050.0,1050.0,False,0.97,8.0,1815728532,30.7156,104.09897
124799,P1,330.0,330.0,1050.0,1050.0,False,0.1,8.0,4106681938,30.61989,103.99169
145548,P1,330.0,330.0,1050.0,1050.0,False,0.33,8.0,479902260,30.6273183,104.0955988
15144,P1,330.0,330.0,1050.0,1050.0,False,2.45,10.9,2843294152,30.697362,104.0479453
159408,P1,330.0,330.0,1050.0,1050.0,False,2.45,10.9,1159140553,30.6589102,104.0999026
170430,P1,330.0,330.0,1050.0,1050.0,False,1.01,8.02,5213237281,30.6415821,104.0850141
173520,P1,330.0,330.0,1050.0,1050.0,False,1.24,8.48,1459005274,30.6577443,104.1026298
184475,P1,330.0,330.0,1050.0,1050.0,False,1.89,9.78,1458998774,30.6598935,104.0980119
18755,P1,330.0,330.0,1050.0,1050.0,False,0.33,8.0,1339701419,30.69744,104.04454
203696,P1,330.0,330.0,1050.0,1050.0,False,1.24,8.48,3087817488,30.6615289,104.0103156
206171,P1,330.0,330.0,1050.0,1050.0,False,1.24,8.48,3562055474,30.72105,104.04071
31301,P1,330.0,330.0,1050.0,1050.0,False,1.5,9.0,4903112578,30.6614221,104.080239
51599,P1,330.0,330.0,1050.0,1050.0,False,2.27,10.54,2327780255,30.6219284,104.1059372
64087,P1,330.0,330.0,1050.0,1050.0,False,0.97,8.0,4693610161,30.63434,104.0681102
80647,P1,330.0,330.0,1050.0,1050.0,False,1.5,9.0,3203414178,30.6366,104.03575
11453,P1,331.0,331.0,1051.0,1051.0,False,1.01,8.02,1159497947,30.6902087,104.0420276
118025,P1,331.0,331.0,1051.0,1051.0,False,1.73,9.46,4548259555,30.6746826,104.0072773
139299,P1,331.0,331.0,1051.0,1051.0,False,0.76,8.0,2276187310,30.68433,104.08433
175087,P1,331.0,331.0,1051.0,1051.0,False,1.73,9.46,4548211351,30.66081,104.05491
197710,P1,331.0,331.0,1051.0,1051.0,False,0.36,8.0,4106682102,30.6431731,103.981028
110467,P1,332.0,332.0,1052.0,1052.0,False,1.05,8.1,4118527468,30.7003199,104.0825418
128678,P1,332.0,332.0,1052.0,1052.0,False,2.14,10.28,3562028074,30.6801297,104.1137765
140212,P1,332.0,332.0,1052.0,1052.0,False,0.2,8.0,4549993020,30.6968336,104.0443714
142082,P1,332.0,332.0,1052.0,1052.0,False,2.14,10.28,2564226625,30.6369724,104.0206548
188838,P1,332.0,332.0,1052.0,1052.0,False,0.71,8.0,1459913330,30.6475503,104.1037967
191337,P1,332.0,332.0,1052.0,1052.0,False,0.48,8.0,2112262741,30.6176336,104.1052602
83105,P1,332.0,332.0,1052.0,1052.0,False,2.14,10.28,2082811327,30.6282737,104.1069813
103741,P1,333.0,333.0,1053.0,1053.0,False,0.74,8.0,1956501938,30.687082,104.1033049
190874,P1,333.0,333.0,1053.0,1053.0,False,0.82,8.0,4550769468,30.6233807,104.1050183
24733,P1,333.0,333.0,1053.0,1053.0,False,0.81,8.0,4505485126,30.6351228,104.0839511
71859,P1,333.0,333.0,1053.0,1053.0,False,0.23,8.0,314623119,30.6501008,104.0321723
118400,P1,334.0,334.0,1054.0,1054.0,False,2.75,11.5,2559969494,30.6280963,104.0376483
129178,P1,334.0,334.0,1054.0,1054.0,False,2.75,11.5,5102886110,30.6896485,103.9960596
44439,P1,334.0,334.0,1054.0,1054.0,False,0.45,8.0,1506559770,30.709475,104.0723
8579,P1,334.0,334.0,1054.0,1054.0,False,0.49,8.0,4550018716,30.6461425,104.0555598
105269,P1,335.0,335.0,1055.0,1055.0,False,1.85,9.7,2041314661,30.6854998,104.0948621
109110,P1,335.0,335.0,1055.0,1055.0,False,1.25,8.5,4550701194,30.6238498,104.0339028
132639,P1,335.0,335.0,1055.0,1055.0,False,2.65,11.3,1301932980,30.653038,104.07254
138872,P1,335.0,335.0,1055.0,1055.0,False,0.16,8.0,4699007172,30.6108011,104.0340841
146778,P1,335.0,335.0,1055.0,1055.0,False,3.28,12.56,1159134910,30.6613379,104.0909038
154110,P1,335.0,335.0,1055.0,1055.0,False,2.57,11.14,2956775231,30.7113968,104.0427369
165441,P1,335.0,335.0,1055.0,1055.0,False,0.36,8.0,2564226605,30.6183675,104.020571
205647,P1,335.0,335.0,1055.0,1055.0,False,1.4,8.8,3071355063,30.623621,104.11311
53382,P1,335.0,335.0,1055.0,1055.0,False,0.57,8.0,4548318082,30.6258223,104.0947612
75485,P1,335.0,335.0,1055.0,1055.0,False,1.82,9.64,5211337094,30.6478855,104.0016635
83909,P1,335.0,335.0,1055.0,1055.0,False,1.4,8.8,432429425,30.6350493,104.0320493
90095,P1,335.0,335.0,1055.0,1055.0,False,1.4,8.8,3943038361,30.6436038,104.0639509
109155,P1,336.0,336.0,1056.0,1056.0,False,0.75,8.0,4534007624,30.70632,104.10596
185660,P1,336.0,336.0,1056.0,1056.0,False,1.68,9.36,1507392436,30.6962331,104.0788739
31720,P1,336.0,336.0,1056.0,1056.0,False,2.15,10.3,1916386454,30.6473557,104.0068671
60685,P1,336.0,336.0,1056.0,1056.0,False,1.55,9.1,4794992619,30.6398884,104.0676252
62532,P1,336.0,336.0,1056.0,1056.0,False,1.29,8.58,3614069295,30.6630333,104.0533622
151598,P1,337.0,337.0,1057.0,1057.0,False,2.16,10.32,5100157864,30.6340225,104.0801127
168660,P1,337.0,337.0,1057.0,1057.0,False,1.24,8.48,2081197474,30.6288588,104.0970974
194656,P1,337.0,337.0,1057.0,1057.0,False,1.33,8.66,4981598380,30.631136,103.9945898
197897,P1,337.0,337.0,1057.0,1057.0,False,0.6,8.0,4695601336,30.6093642,104.0301001
203863,P1,337.0,337.0,1057.0,1057.0,False,0.29,8.0,4772463281,30.660393,104.0443583
204812,P1,337.0,337.0,1057.0,1057.0,False,2.65,11.3,1458755501,30.6801128,104.0906124
59416,P1,337.0,337.0,1057.0,1057.0,False,0.21,8.0,5436627811,30.6971374,104.0706254
73544,P1,337.0,337.0,1057.0,1057.0,False,1.24,8.48,3087817507,30.670692,103.989536
82133,P1,337.0,337.0,1057.0,1057.0,False,0.67,8.0,1499128375,30.7223118,104.1031733
140361,P1,338.0,338.0,1058.0,1058.0,False,0.6,8.0,4698894024,30.6115316,104.0353434
143215,P1,338.0,338.0,1058.0,1058.0,False,0.69,8.0,3541427587,30.7086902,104.0430668
152690,P1,338.0,338.0,1058.0,1058.0,False,1.23,8.46,1902099167,30.7146807,104.0645839
181443,P1,338.0,338.0,1058.0,1058.0,False,1.33,8.66,1159461706,30.6734,104.04034
198428,P1,338.0,338.0,1058.0,1058.0,False,0.12,8.0,4779165796,30.6358728,104.0737808
208846,P1,338.0,338.0,1058.0,1058.0,False,1.18,8.36,314623056,30.6165495,104.0154053
27391,P1,338.0,338.0,1058.0,1058.0,False,1.18,8.36,1159143909,30.67521,104.08139
88095,P1,338.0,338.0,1058.0,1058.0,False,1.12,8.24,4699007122,30.6106663,104.0382725
114932,P1,339.0,339.0,1059.0,1059.0,False,0.43,8.0,1506487131,30.7163976,104.0721587
129447,P1,339.0,339.0,1059.0,1059.0,False,1.14,8.28,1159490040,30.69082,104.06327
141337,P1,339.0,339.0,1059.0,1059.0,False,1.19,8.38,1313998800,30.6379687,104.0890481
202357,P1,339.0,339.0,1059.0,1059.0,False,1.31,8.62,1313998748,30.6367037,104.0883821
30799,P1,339.0,339.0,1059.0,1059.0,False,0.86,8.0,1159134910,30.66176,104.09131
34452,P1,339.0,339.0,1059.0,1059.0,False,2.71,11.42,5213253189,30.7252701,104.0739082
77715,P1,339.0,339.0,1059.0,1059.0,False,0.25,8.0,5375783936,30.657277,103.9966464
89671,P1,339.0,339.0,1059.0,1059.0,False,1.46,8.92,1159445869,30.68202,104.0302
124519,P1,340.0,340.0,1060.0,1060.0,False,2.64,11.28,1312615937,30.64938,104.05718
133824,P1,340.0,340.0,1060.0,1060.0,False,0.25,8.0,1159477627,30.6743851,104.0517283
148973,P1,340.0,340.0,1060.0,1060.0,False,1.67,9.34,1072704392,30.7217259,104.0564201
179351,P1,340.0,340.0,1060.0,1060.0,False,1.24,8.48,1159143854,30.677628,104.08346
209027,P1,340.0,340.0,1060.0,1060.0,False,1.67,9.34,4572409841,30.7167403,103.9943604
36337,P1,340.0,340.0,1060.0,1060.0,False,1.41,8.82,1947584007,30.6827161,104.0928508
47400,P1,340.0,340.0,1060.0,1060.0,False,0.06,8.0,1916386425,30.6432891,104.0086412
52090,P1,340.0,340.0,1060.0,1060.0,False,2.61,11.22,1815728551,30.7160488,104.1005357
56516,P1,340.0,340.0,1060.0,1060.0,False,1.26,8.52,5375783840,30.6474125,104.0003127
81783,P1,340.0,340.0,1060.0,1060.0,False,0.25,8.0,441187404,30.6849954,104.0618106
89124,P1,340.0,340.0,1060.0,1060.0,False,0.71,8.0,4699007191,30.6102296,104.0321191
189671,P1,341.0,341.0,1061.0,1061.0,False,1.74,9.48,4414330454,30.655434,104.0873669
191421,P1,341.0,341.0,1061.0,1061.0,False,0.38,8.0,4695701789,30.6129695,104.0201519
206391,P1,341.0,341.0,1061.0,1061.0,False,1.74,9.48,3681180644,30.655584,104.06715
48173,P1,341.0,341.0,1061.0,1061.0,False,0.8,8.0,5213237290,30.6421039,104.1150506
124352,P1,342.0,342.0,1062.0,1062.0,False,1.52,9.04,1916386527,30.6418483,104.0584766
14129,P1,342.0,342.0,1062.0,1062.0,False,1.54,9.08,3815508501,30.6233853,104.0153821
54625,P1,342.0,342.0,1062.0,1062.0,False,0.43,8.0,4973209476,30.6093509,104.0467257
60703,P1,342.0,342.0,1062.0,1062.0,False,2.12,10.24,432452884,30.618444,104.0550056
79478,P1,342.0,342.0,1062.0,1062.0,False,0.92,8.0,2956775865,30.7223456,104.0377228
122033,P1,343.0,343.0,1063.0,1063.0,False,0.77,8.0,1504208933,30.7121505,104.0984302
140097,P1,343.0,343.0,1063.0,1063.0,False,1.85,9.7,1159157712,30.6347269,104.1004368
191055,P1,343.0,343.0,1063.0,1063.0,False,1.85,9.7,2344329072,30.6541,104.05333
191466,P1,343.0,343.0,1063.0,1063.0,False,0.08,8.0,4987536572,30.6424125,103.9960101
29914,P1,343.0,343.0,1063.0,1063.0,False,1.24,8.48,432452891,30.6161711,104.0550729
32787,P1,343.0,343.0,1063.0,1063.0,False,1.2,8.4,504315289,30.70007,104.10297
41149,P1,343.0,343.0,1063.0,1063.0,False,0.94,8.0,4601260484,30.6367311,104.0642349
41963,P1,343.0,343.0,1063.0,1063.0,False,1.08,8.16,1500638622,30.68793,104.07956
55619,P1,343.0,343.0,1063.0,1063.0,False,3.02,12.04,4978441006,30.6897,104.11438
63743,P1,343.0,343.0,1063.0,1063.0,False,0.15,8.0,3562086847,30.68024,104.04457
110589,P1,344.0,344.0,1064.0,1064.0,False,0.24,8.0,3633008416,30.6705037,104.0381721
149853,P1,344.0,344.0,1064.0,1064.0,False,1.38,8.76,4586532061,30.6879114,104.0196271
168797,P1,344.0,344.0,1064.0,1064.0,False,0.78,8.0,4550019071,30.6525654,104.0537008
181304,P1,344.0,344.0,1064.0,1064.0,False,0.45,8.0,5436627811,30.6971374,104.0706254
48601,P1,344.0,344.0,1064.0,1064.0,False,0.99,8.0,4449117687,30.6279971,104.0985318
49929,P1,344.0,344.0,1064.0,1064.0,False,0.07,8.0,3742070445,30.6517484,104.0822534
68615,P1,344.0,344.0,1064.0,1064.0,False,0.45,8.0,4601261200,30.65917,104.07607
90140,P1,344.0,344.0,1064.0,1064.0,False,0.24,8.0,1964388817,30.6693682,104.1018841
171831,P1,345.0,345.0,1065.0,1065.0,False,0.93,8.0,2852215057,30.71527,104.11247
196991,P1,345.0,345.0,1065.0,1065.0,False,0.93,8.0,2956775869,30.6986178,104.0390225
198473,P1,345.0,345.0,1065.0,1065.0,False,0.6,8.0,1506537728,30.715035,104.0719981
200830,P1,345.0,345.0,1065.0,1065.0,False,2.11,10.22,4414330241,30.6626003,104.0893239
44035,P1,345.0,345.0,1065.0,1065.0,False,2.01,10.02,2315717850,30.6346176,104.1006639
50744,P1,345.0,345.0,1065.0,1065.0,False,1.01,8.02,1459074857,30.6467491,104.1079732
60617,P1,345.0,345.0,1065.0,1065.0,False,2.01,10.02,2729373176,30.6166289,104.0457287
75262,P1,345.0,345.0,1065.0,1065.0,False,1.24,8.48,4547074324,30.6109059,104.0781781
106398,P1,346.0,346.0,1066.0,1066.0,False,1.44,8.88,3582236093,30.7208361,103.9888859
125476,P1,346.0,346.0,1066.0,1066.0,False,0.24,8.0,4106682128,30.6453989,103.9847699
130791,P1,346.0,346.0,1066.0,1066.0,False,1.44,8.88,4550018821,30.612413,103.9796616
159855,P1,346.0,346.0,1066.0,1066.0,False,1.72,9.44,1916386581,30.6325464,104.0197256
165554,P1,346.0,346.0,1066.0,1066.0,False,3.93,13.86,4548259631,30.6556649,104.0058886
179597,P1,346.0,346.0,1066.0,1066.0,False,0.24,8.0,1916530800,30.6351519,103.979867
180603,P1,346.0,346.0,1066.0,1066.0,False,0.51,8.0,1159176989,30.6308255,104.0503757
180681,P1,346.0,346.0,1066.0,1066.0,False,2.05,10.1,4106681987,30.6423885,103.9775849
190965,P1,346.0,346.0,1066.0,1066.0,False,3.28,12.56,5354813692,30.6605738,104.0607854
201215,P1,346.0,346.0,1066.0,1066.0,False,0.51,8.0,1339701406,30.710602,104.0463
205778,P1,346.0,346.0,1066.0,1066.0,False,2.38,10.76,3541376434,30.7234432,104.0481747
42642,P1,346.0,346.0,1066.0,1066.0,False,1.81,9.62,4693674679,30.6223992,104.0643965
58355,P1,346.0,346.0,1066.0,1066.0,False,0.24,8.0,4242369821,30.6871877,104.0222008
65050,P1,346.0,346.0,1066.0,1066.0,False,0.13,8.0,1916386580,30.6418601,104.0559219
12271,P1,347.0,347.0,1067.0,1067.0,False,0.93,8.0,432432546,30.6630635,104.0384781
19771,P1,347.0,347.0,1067.0,1067.0,False,1.39,8.78,5247243497,30.72505,104.08374
200311,P1,347.0,347.0,1067.0,1067.0,False,0.93,8.0,432442849,30.669851,103.99333
65370,P1,347.0,347.0,1067.0,1067.0,False,1.01,8.02,4773916473,30.6561046,104.0026149
14768,P1,348.0,348.0,1068.0,1068.0,False,1.0,8.0,3034393457,30.6675188,104.0535782
201607,P1,348.0,348.0,1068.0,1068.0,False,0.06,8.0,1459896462,30.6431175,104.1058752
40670,P1,348.0,348.0,1068.0,1068.0,False,1.41,8.82,5141458192,30.6331977,104.0709301
4326,P1,348.0,348.0,1068.0,1068.0,False,2.49,10.98,318090605,30.6598101,104.0130367
44541,P1,348.0,348.0,1068.0,1068.0,False,0.58,8.0,432442980,30.6734179,104.0162642
76944,P1,348.0,348.0,1068.0,1068.0,False,0.04,8.0,2981056908,30.629219,104.0766189
97578,P1,348.0,348.0,1068.0,1068.0,False,1.3,8.6,4779165769,30.6365283,104.0737457
103926,P1,349.0,349.0,1069.0,1069.0,False,0.98,8.0,3680455698,30.6581846,104.0132088
121518,P1,349.0,349.0,1069.0,1069.0,False,0.96,8.0,3680455710,30.6593521,104.0170666
142349,P1,349.0,349.0,1069.0,1069.0,False,0.96,8.0,2372052925,30.6334788,104.0997912
180830,P1,349.0,349.0,1069.0,1069.0,False,0.15,8.0,4107377006,30.6302083,104.0003801
37242,P1,349.0,349.0,1069.0,1069.0,False,0.52,8.0,1159471906,30.6943794,104.0406454
50367,P1,349.0,349.0,1069.0,1069.0,False,0.22,8.0,1459025620,30.6452655,104.1082344
53133,P1,349.0,349.0,1069.0,1069.0,False,3.08,12.16,4136052196,30.6099049,104.0484874
88413,P1,349.0,349.0,1069.0,1069.0,False,0.27,8.0,4934383684,30.616535,104.1164446
105913,P1,350.0,350.0,1070.0,1070.0,False,2.63,11.26,1459896462,30.6431175,104.1058752
132818,P1,350.0,350.0,1070.0,1070.0,False,0.45,8.0,1916386486,30.6474751,104.0160412
163219,P1,350.0,350.0,1070.0,1070.0,False,0.9,8.0,2559969504,30.6291352,104.0354012
172058,P1,350.0,350.0,1070.0,1070.0,False,0.12,8.0,1987226861,30.663292,104.0523509
184739,P1,350.0,350.0,1070.0,1070.0,False,0.33,8.0,1506387928,30.7072828,104.0695922
187747,P1,350.0,350.0,1070.0,1070.0,False,0.08,8.0,4547074305,30.611027,104.0696888
189133,P1,350.0,350.0,1070.0,1070.0,False,1.43,8.86,480012052,30.6203158,104.0690124
194296,P1,350.0,350.0,1070.0,1070.0,False,2.31,10.62,5102886109,30.7176592,103.9709267
70198,P1,350.0,350.0,1070.0,1070.0,False,0.08,8.0,5141328443,30.6117013,104.0558576
73794,P1,350.0,350.0,1070.0,1070.0,False,2.63,11.26,4548211326,30.6362137,104.0309548
74091,P1,350.0,350.0,1070.0,1070.0,False,0.26,8.0,672360556,30.6419382,104.0847927
81076,P1,350.0,350.0,1070.0,1070.0,False,0.1,8.0,441221468,30.6480511,104.0308527
122548,P1,351.0,351.0,1071.0,1071.0,False,0.29,8.0,4773199393,30.6716141,104.0144083
134420,P1,351.0,351.0,1071.0,1071.0,False,1.26,8.52,5359113185,30.6764275,104.0117529
160828,P1,351.0,351.0,1071.0,1071.0,False,0.56,8.0,5213238436,30.660691,104.0595706
177073,P1,351.0,351.0,1071.0,1071.0,False,1.67,9.34,1159223970,30.7039011,104.042383
188179,P1,351.0,351.0,1071.0,1071.0,False,0.56,8.0,1458579724,30.6826342,104.0950867
196347,P1,351.0,351.0,1071.0,1071.0,False,0.56,8.0,2135946735,30.6246646,104.0047638
3338,P1,351.0,351.0,1071.0,1071.0,False,0.29,8.0,5141468766,30.624766,104.0928715
60045,P1,351.0,351.0,1071.0,1071.0,False,1.67,9.34,3523308832,30.6401083,104.0734176
61215,P1,351.0,351.0,1071.0,1071.0,False,1.67,9.34,672360797,30.653627,104.076004
8951,P1,351.0,351.0,1071.0,1071.0,False,0.56,8.0,4799195782,30.6216994,103.9888269
10047,P1,352.0,352.0,1072.0,1072.0,False,2.82,11.64,2847752856,30.65738,104.10705
121911,P1,352.0,352.0,1072.0,1072.0,False,0.45,8.0,1301932981,30.6512,104.07983
130068,P1,352.0,352.0,1072.0,1072.0,False,1.15,8.3,5218239999,30.6976768,104.0519257
208602,P1,352.0,352.0,1072.0,1072.0,False,2.8,11.6,5002301679,30.6595942,104.0191651
24308,P1,352.0,352.0,1072.0,1072.0,False,0.55,8.0,3562110263,30.6490224,104.0244599
72436,P1,352.0,352.0,1072.0,1072.0,False,0.34,8.0,3633018391,30.6678065,104.0647205
7927,P1,352.0,352.0,1072.0,1072.0,False,1.4,8.8,1159143633,30.6715261,104.1010532
140388,P1,353.0,353.0,1073.0,1073.0,False,0.51,8.0,1492574988,30.6217426,104.0643473
149223,P1,353.0,353.0,1073.0,1073.0,False,1.51,9.02,1861145360,30.67086,104.11033
155375,P1,353.0,353.0,1073.0,1073.0,False,0.51,8.0,2912291165,30.6410523,104.1040394
187698,P1,353.0,353.0,1073.0,1073.0,False,2.61,11.22,1159223045,30.716274,104.0377074
197337,P1,353.0,353.0,1073.0,1073.0,False,2.61,11.22,1156126880,30.680231,104.0549136
207897,P1,353.0,353.0,1073.0,1073.0,False,0.51,8.0,4505485132,30.6336,104.0882308
2447,P1,353.0,353.0,1073.0,1073.0,False,0.51,8.0,1918491716,30.6490086,103.9823371
33229,P1,353.0,353.0,1073.0,1073.0,False,1.19,8.38,2653570471,30.6673843,104.0936139
49780,P1,353.0,353.0,1073.0,1073.0,False,1.51,9.02,4547074354,30.6109199,104.0780946
69163,P1,353.0,353.0,1073.0,1073.0,False,0.33,8.0,1815741542,30.69022,104.07665
92238,P1,353.0,353.0,1073.0,1073.0,False,0.13,8.0,1815855081,30.6762251,103.9766378
93927,P1,353.0,353.0,1073.0,1073.0,False,0.72,8.0,1159486373,30.68562,104.06583
109932,P1,354.0,354.0,1074.0,1074.0,False,0.42,8.0,4773199417,30.6698554,104.0112435
127642,P1,354.0,354.0,1074.0,1074.0,False,2.4,10.8,432452986,30.6272956,104.057672
128507,P1,354.0,354.0,1074.0,1074.0,False,1.21,8.42,3562028076,30.66133,104.09314
128672,P1,354.0,354.0,1074.0,1074.0,False,2.01,10.02,3562111926,30.6663335,104.0890229
154957,P1,354.0,354.0,1074.0,1074.0,False,2.4,10.8,2441160953,30.6322658,104.0347838
163610,P1,354.0,354.0,1074.0,1074.0,False,1.21,8.42,4548141067,30.6253295,104.0742518
182439,P1,354.0,354.0,1074.0,1074.0,False,1.31,8.62,3034409015,30.70798,104.0959
187472,P1,354.0,354.0,1074.0,1074.0,False,0.25,8.0,4967265410,30.7021509,104.0030968
197546,P1,354.0,354.0,1074.0,1074.0,False,0.87,8.0,4699007145,30.6131574,104.0358216
35236,P1,354.0,354.0,1074.0,1074.0,False,0.25,8.0,1885342904,30.6791715,104.0982216
40235,P1,354.0,354.0,1074.0,1074.0,False,0.87,8.0,1159935140,30.6705902,103.9977122
91960,P1,354.0,354.0,1074.0,1074.0,False,0.42,8.0,3523308829,30.6416653,104.0811521
161602,P1,355.0,355.0,1075.0,1075.0,False,1.41,8.82,432442960,30.6777315,104.0139493
182750,P1,355.0,355.0,1075.0,1075.0,False,1.95,9.9,796679604,30.7095801,103.9982199
184983,P1,355.0,355.0,1075.0,1075.0,False,0.03,8.0,432452907,30.6109222,104.0696791
186762,P1,355.0,355.0,1075.0,1075.0,False,0.92,8.0,2729413201,30.6295676,104.0481606
196055,P1,355.0,355.0,1075.0,1075.0,False,0.99,8.0,4695640524,30.6139204,104.0253742
46508,P1,355.0,355.0,1075.0,1075.0,False,1.41,8.82,4294975855,30.6510741,103.990069
74708,P1,355.0,355.0,1075.0,1075.0,False,0.99,8.0,3516896166,30.6510993,104.0699075
82250,P1,355.0,355.0,1075.0,1075.0,False,1.95,9.9,314622970,30.6427007,104.0350765
112223,P1,356.0,356.0,1076.0,1076.0,False,1.02,8.04,4400595030,30.6724672,104.0789696
169327,P1,356.0,356.0,1076.0,1076.0,False,1.6,9.2,4695601333,30.609656,104.0290645
198231,P1,356.0,356.0,1076.0,1076.0,False,0.23,8.0,432429393,30.6387705,104.0539813
27074,P1,356.0,356.0,1076.0,1076.0,False,1.6,9.2,4069514798,30.7191275,103.9762321
39235,P1,356.0,356.0,1076.0,1076.0,False,1.6,9.2,1819305291,30.64123,104.10745
83665,P1,356.0,356.0,1076.0,1076.0,False,1.04,8.08,5213238594,30.635554,104.0642827
88925,P1,356.0,356.0,1076.0,1076.0,False,0.7,8.0,3582243017,30.7224039,104.0007077
95738,P1,356.0,356.0,1076.0,1076.0,False,1.04,8.08,2731951966,30.6143063,104.0803072
98543,P1,356.0,356.0,1076.0,1076.0,False,0.32,8.0,5055911223,30.71329,104.11441
104347,P1,357.0,357.0,1077.0,1077.0,False,2.11,10.22,4964134711,30.70869,104.01361
93497,P1,357.0,357.0,1077.0,1077.0,False,1.02,8.04,4903112577,30.6533085,104.0746169
97148,P1,357.0,357.0,1077.0,1077.0,False,2.81,11.62,4449099825,30.6423485,104.1149212
139267,P1,358.0,358.0,1078.0,1078.0,False,2.38,10.76,3199773742,30.70313,104.11293
111935,P1,359.0,359.0,1079.0,1079.0,False,0.16,8.0,1305816735,30.66756,104.06751
139675,P1,359.0,359.0,1079.0,1079.0,False,0.23,8.0,2653571754,30.6744222,104.0835944
182412,P1,359.0,359.0,1079.0,1079.0,False,0.23,8.0,4972899580,30.6331037,104.0482294
19331,P1,359.0,359.0,1079.0,1079.0,False,2.21,10.42,4878041009,30.623242,104.1029132
60969,P1,359.0,359.0,1079.0,1079.0,False,2.21,10.42,4903105811,30.6565693,104.0842601
85278,P1,359.0,359.0,1079.0,1079.0,False,0.16,8.0,3613960013,30.6637239,104.0530348
106125,P1,360.0,360.0,1080.0,1080.0,False,1.95,9.9,1445481369,30.6579503,104.0635575
135247,P1,360.0,360.0,1080.0,1080.0,False,0.73,8.0,2041314658,30.6797848,104.099203
1369,P1,360.0,360.0,1080.0,1080.0,False,0.54,8.0,1156126798,30.6659451,104.0433396
146144,P1,360.0,360.0,1080.0,1080.0,False,1.95,9.9,1499183068,30.7222897,104.1032908
171065,P1,360.0,360.0,1080.0,1080.0,False,0.73,8.0,5218240012,30.7020592,104.0534955
171719,P1,360.0,360.0,1080.0,1080.0,False,0.0,8.0,3815062819,30.7266794,104.0660286
17708,P1,360.0,360.0,1080.0,1080.0,False,0.32,8.0,1885342924,30.678185,104.1010445
43806,P1,360.0,360.0,1080.0,1080.0,False,0.54,8.0,2112261971,30.620255,104.0996867
97704,P1,360.0,360.0,1080.0,1080.0,False,1.95,9.9,4064178136,30.6589329,103.975293
114112,P1,361.0,361.0,1081.0,1081.0,False,0.04,8.0,4799100435,30.646296,104.0311109
117887,P1,361.0,361.0,1081.0,1081.0,False,2.43,10.86,672349693,30.695581,104.072296
14397,P1,361.0,361.0,1081.0,1081.0,False,1.75,9.5,3632988785,30.6637576,104.033236
187810,P1,361.0,361.0,1081.0,1081.0,False,2.43,10.86,5367317629,30.6625857,103.979658
35207,P1,361.0,361.0,1081.0,1081.0,False,1.75,9.5,3034408998,30.7023527,104.0922144
45111,P1,361.0,361.0,1081.0,1081.0,False,2.24,10.48,5213253142,30.66507,104.10933
60759,P1,361.0,361.0,1081.0,1081.0,False,0.79,8.0,4548259351,30.6904084,104.0488301
70555,P1,361.0,361.0,1081.0,1081.0,False,0.62,8.0,1159932053,30.670928,103.9882158
161072,P1,362.0,362.0,1082.0,1082.0,False,0.11,8.0,5367317629,30.6625857,103.979658
169755,P1,362.0,362.0,1082.0,1082.0,False,0.69,8.0,3562047422,30.713085,104.065346
196381,P1,362.0,362.0,1082.0,1082.0,False,0.69,8.0,4695700247,30.6170552,104.0197036
200907,P1,362.0,362.0,1082.0,1082.0,False,1.11,8.22,1159138415,30.660128,104.09448
208890,P1,362.0,362.0,1082.0,1082.0,False,0.69,8.0,4106682230,30.6772401,104.0002265
53997,P1,362.0,362.0,1082.0,1082.0,False,0.21,8.0,314622901,30.644379,104.0389705
67455,P1,362.0,362.0,1082.0,1082.0,False,1.16,8.32,3541420734,30.69334,104.0724
79539,P1,362.0,362.0,1082.0,1082.0,False,0.92,8.0,2843289939,30.68399,104.06821
9512,P1,362.0,362.0,1082.0,1082.0,False,2.25,10.5,4878042025,30.6221997,104.1028726
159702,P1,363.0,363.0,1083.0,1083.0,False,0.95,8.0,1445481371,30.6588306,104.0635409
195572,P1,363.0,363.0,1083.0,1083.0,False,1.48,8.96,3087817522,30.6743317,104.0112793
87943,P1,363.0,363.0,1083.0,1083.0,False,0.18,8.0,4695640608,30.6119402,104.0259882
89961,P1,363.0,363.0,1083.0,1083.0,False,0.4,8.0,5002301677,30.6278621,104.0328238
91215,P1,363.0,363.0,1083.0,1083.0,False,0.4,8.0,3681180644,30.656221,104.06748
108548,P1,364.0,364.0,1084.0,1084.0,False,1.55,9.1,1492574990,30.6230978,104.0642619
169671,P1,364.0,364.0,1084.0,1084.0,False,1.26,8.52,5213238546,30.65561,104.086334
11941,P1,365.0,365.0,1085.0,1085.0,False,0.78,8.0,4981598541,30.6274563,104.000732
182052,P1,365.0,365.0,1085.0,1085.0,False,1.43,8.86,1457840983,30.6909422,104.1019074
197205,P1,365.0,365.0,1085.0,1085.0,False,0.47,8.0,3034029048,30.6845106,103.9979889
200627,P1,365.0,365.0,1085.0,1085.0,False,2.35,10.7,4106682104,30.6432382,103.9795165
38374,P1,365.0,365.0,1085.0,1085.0,False,0.93,8.0,4217837114,30.6268417,104.0437777
118350,P1,366.0,366.0,1086.0,1086.0,False,0.13,8.0,1159447643,30.6732409,104.0301527
13393,P1,366.0,366.0,1086.0,1086.0,False,0.36,8.0,4217844072,30.6276044,104.0441595
153105,P1,366.0,366.0,1086.0,1086.0,False,1.01,8.02,4136052366,30.6124202,104.049531
191474,P1,366.0,366.0,1086.0,1086.0,False,1.01,8.02,314622964,30.6461116,104.0637425
202907,P1,366.0,366.0,1086.0,1086.0,False,1.8,9.6,5053143827,30.707788,103.99105
49454,P1,366.0,366.0,1086.0,1086.0,False,2.55,11.1,1159143910,30.6756964,104.0820536
81563,P1,366.0,366.0,1086.0,1086.0,False,0.77,8.0,3516887960,30.7153774,104.036239
8234,P1,366.0,366.0,1086.0,1086.0,False,1.62,9.24,2956775846,30.7206809,104.0468228
92299,P1,366.0,366.0,1086.0,1086.0,False,1.53,9.06,1305816759,30.64654,104.0855
101475,P1,367.0,367.0,1087.0,1087.0,False,1.37,8.74,1305816712,30.670113,104.06609
117721,P1,367.0,367.0,1087.0,1087.0,False,2.66,11.32,4548211370,30.6708997,104.057974
133668,P1,367.0,367.0,1087.0,1087.0,False,2.66,11.32,3523308833,30.6314185,104.076995
172102,P1,367.0,367.0,1087.0,1087.0,False,0.96,8.0,3632988773,30.664925,104.0312362
179866,P1,367.0,367.0,1087.0,1087.0,False,2.66,11.32,439751746,30.714593,104.0277017
207058,P1,367.0,367.0,1087.0,1087.0,False,1.92,9.84,3979164228,30.6840565,104.0962674
30293,P1,367.0,367.0,1087.0,1087.0,False,1.64,9.28,4548141055,30.6110152,104.0756402
44194,P1,367.0,367.0,1087.0,1087.0,False,1.92,9.84,432452898,30.6163733,104.0602255
51246,P1,367.0,367.0,1087.0,1087.0,False,1.69,9.38,2823798122,30.6572364,104.0546464
75235,P1,367.0,367.0,1087.0,1087.0,False,1.92,9.84,3562086854,30.67953,104.04313
169801,P1,368.0,368.0,1088.0,1088.0,False,0.2,8.0,4693609825,30.6309362,104.0709909
208930,P1,368.0,368.0,1088.0,1088.0,False,1.66,9.32,4963999553,30.7146561,104.0339506
26479,P1,368.0,368.0,1088.0,1088.0,False,1.13,8.26,1499189790,30.7172103,104.1010689
32063,P1,368.0,368.0,1088.0,1088.0,False,2.73,11.46,1492416226,30.6273996,104.0642752
40603,P1,368.0,368.0,1088.0,1088.0,False,0.34,8.0,672282785,30.65552,104.09973
91316,P1,368.0,368.0,1088.0,1088.0,False,1.13,8.26,1885342918,30.6768284,104.100802
109047,P1,369.0,369.0,1089.0,1089.0,False,1.44,8.88,4438008291,30.6912674,104.0937124
110911,P1,369.0,369.0,1089.0,1089.0,False,0.4,8.0,4701464322,30.6109189,104.064557
120559,P1,369.0,369.0,1089.0,1089.0,False,0.56,8.0,432442900,30.666061,104.03346
123880,P1,369.0,369.0,1089.0,1089.0,False,1.53,9.06,2131996318,30.6169428,104.1000903
129427,P1,369.0,369.0,1089.0,1089.0,False,2.91,11.82,5218240014,30.7039362,104.0535263
141484,P1,369.0,369.0,1089.0,1089.0,False,0.98,8.0,3033991447,30.6646004,104.0303454
146024,P1,369.0,369.0,1089.0,1089.0,False,1.29,8.58,4772463270,30.6619113,104.0461651
155563,P1,369.0,369.0,1089.0,1089.0,False,0.89,8.0,3927877898,30.6791243,103.9892573
198115,P1,369.0,369.0,1089.0,1089.0,False,1.21,8.42,3034040773,30.7015413,104.0123302
33342,P1,369.0,369.0,1089.0,1089.0,False,0.5,8.0,4136052220,30.6097219,104.0482176
36201,P1,369.0,369.0,1089.0,1089.0,False,1.29,8.58,3333358469,30.7037607,104.0665976
60948,P1,369.0,369.0,1089.0,1089.0,False,0.7,8.0,3069351967,30.6294731,103.9792085
139519,P1,370.0,370.0,1090.0,1090.0,False,2.47,10.94,2933855167,30.6126413,103.9864192
142277,P1,370.0,370.0,1090.0,1090.0,False,0.24,8.0,672360587,30.6455209,104.0760066
153781,P1,370.0,370.0,1090.0,1090.0,False,0.24,8.0,1305816684,30.6676822,104.0696328
155511,P1,370.0,370.0,1090.0,1090.0,False,1.21,8.42,672360898,30.65555,104.07506
164498,P1,370.0,370.0,1090.0,1090.0,False,0.52,8.0,4987536553,30.6404953,103.9914348
74048,P1,370.0,370.0,1090.0,1090.0,False,0.52,8.0,4772476118,30.6612464,104.0472241
125084,P1,371.0,371.0,1091.0,1091.0,False,1.1,8.2,3445813118,30.6652525,104.0771764
130986,P1,371.0,371.0,1091.0,1091.0,False,1.1,8.2,1453882141,30.7013398,104.001948
141,P1,371.0,371.0,1091.0,1091.0,False,1.43,8.86,2041527405,30.6904124,104.0951287
162518,P1,371.0,371.0,1091.0,1091.0,False,0.51,8.0,3562004398,30.6534004,104.0342573
184432,P1,371.0,371.0,1091.0,1091.0,False,1.1,8.2,1311904439,30.6447965,104.0779901
185491,P1,371.0,371.0,1091.0,1091.0,False,1.24,8.48,2456925108,30.63936,104.10248
186647,P1,371.0,371.0,1091.0,1091.0,False,1.1,8.2,1159143853,30.67733,104.08729
195979,P1,371.0,371.0,1091.0,1091.0,False,0.11,8.0,3089075663,30.6504118,104.054373
26688,P1,371.0,371.0,1091.0,1091.0,False,1.19,8.38,1159945485,30.6576241,104.0550308
30391,P1,371.0,371.0,1091.0,1091.0,False,1.19,8.38,5283966197,30.700026,104.10556
46723,P1,371.0,371.0,1091.0,1091.0,False,2.07,10.14,1819305351,30.6298922,104.0917678
69960,P1,371.0,371.0,1091.0,1091.0,False,0.49,8.0,4012382184,30.661393,104.0748132
76251,P1,371.0,371.0,1091.0,1091.0,False,0.49,8.0,1958204341,30.6681243,104.0885161
109219,P1,372.0,372.0,1092.0,1092.0,False,2.22,10.44,4548259555,30.6746826,104.0072773
122526,P1,372.0,372.0,1092.0,1092.0,False,1.7,9.4,4987536551,30.6416925,103.9943954
132739,P1,372.0,372.0,1092.0,1092.0,False,0.36,8.0,3436486412,30.6415693,104.0472758
171267,P1,372.0,372.0,1092.0,1092.0,False,1.7,9.4,3034029065,30.6851089,104.0078845
45902,P1,372.0,372.0,1092.0,1092.0,False,0.79,8.0,4695640673,30.6170269,104.0270043
47872,P1,372.0,372.0,1092.0,1092.0,False,0.54,8.0,3034330083,30.6615722,104.0847498
51871,P1,372.0,372.0,1092.0,1092.0,False,1.51,9.02,1159481253,30.6737318,104.0683519
75707,P1,372.0,372.0,1092.0,1092.0,False,1.15,8.3,4548259667,30.6904299,104.0489385
98927,P1,372.0,372.0,1092.0,1092.0,False,0.05,8.0,1159227442,30.692091,104.05066
100508,P1,373.0,373.0,1093.0,1093.0,False,1.73,9.46,4550019067,30.6514584,104.0547788
115855,P1,373.0,373.0,1093.0,1093.0,False,1.73,9.46,4695640640,30.6121129,104.0244454
139827,P1,373.0,373.0,1093.0,1093.0,False,0.71,8.0,1159230079,30.6798659,104.0811056
141189,P1,373.0,373.0,1093.0,1093.0,False,1.91,9.82,1455132183,30.6950393,104.1079886
148873,P1,373.0,373.0,1093.0,1093.0,False,1.58,9.16,1072698472,30.7188487,104.0683208
187945,P1,373.0,373.0,1093.0,1093.0,False,0.5,8.0,4136052365,30.612087,104.0494364
191423,P1,373.0,373.0,1093.0,1093.0,False,0.06,8.0,2868588323,30.6650458,104.0826394
196511,P1,373.0,373.0,1093.0,1093.0,False,1.1,8.2,3562110283,30.65372,104.08218
31189,P1,373.0,373.0,1093.0,1093.0,False,1.3,8.6,1159155729,30.6453167,104.0965398
52452,P1,373.0,373.0,1093.0,1093.0,False,1.16,8.32,1458692371,30.6789366,104.0924499
53992,P1,373.0,373.0,1093.0,1093.0,False,1.87,9.74,2981056910,30.6322883,104.0787406
57505,P1,373.0,373.0,1093.0,1093.0,False,1.16,8.32,2041527389,30.6936149,104.0964028
9448,P1,373.0,373.0,1093.0,1093.0,False,1.16,8.32,3562028089,30.6583938,104.0914228
139810,P1,374.0,374.0,1094.0,1094.0,False,0.97,8.0,4400595030,30.6724672,104.0789696
28087,P1,374.0,374.0,1094.0,1094.0,False,0.88,8.0,1507392436,30.6962331,104.0788739
28132,P1,374.0,374.0,1094.0,1094.0,False,1.08,8.16,4601260485,30.6367392,104.0653218
31567,P1,374.0,374.0,1094.0,1094.0,False,2.65,11.3,4078817932,30.704226,104.08209
42221,P1,374.0,374.0,1094.0,1094.0,False,0.88,8.0,4880298883,30.6217827,104.1011408
45595,P1,374.0,374.0,1094.0,1094.0,False,2.24,10.48,3034393462,30.68358,104.04832
10263,P1,375.0,375.0,1095.0,1095.0,False,2.18,10.36,5218046229,30.6111203,104.1072614
145449,P1,375.0,375.0,1095.0,1095.0,False,1.2,8.4,479902248,30.6236964,104.0926126
155222,P1,375.0,375.0,1095.0,1095.0,False,2.84,11.68,4582821488,30.6632632,104.0494639
157755,P1,375.0,375.0,1095.0,1095.0,False,1.28,8.56,314622958,30.64388,104.04639
44103,P1,375.0,375.0,1095.0,1095.0,False,2.88,11.76,432442508,30.67047,104.00784
53968,P1,375.0,375.0,1095.0,1095.0,False,1.2,8.4,1885342916,30.6808046,104.0983394
62290,P1,375.0,375.0,1095.0,1095.0,False,0.36,8.0,1492639723,30.6224571,104.0669434
69534,P1,375.0,375.0,1095.0,1095.0,False,2.88,11.76,1159513112,30.6478853,104.0725258
156150,P1,376.0,376.0,1096.0,1096.0,False,1.48,8.96,1159225748,30.7020337,104.051187
157475,P1,376.0,376.0,1096.0,1096.0,False,0.92,8.0,3633018388,30.6678647,104.0662447
166692,P1,376.0,376.0,1096.0,1096.0,False,2.53,11.06,1498768416,30.7260562,104.0740828
26769,P1,376.0,376.0,1096.0,1096.0,False,0.92,8.0,1311904431,30.6418292,104.0732875
43509,P1,376.0,376.0,1096.0,1096.0,False,0.33,8.0,3390819397,30.6417956,104.0509898
84471,P1,376.0,376.0,1096.0,1096.0,False,1.48,8.96,3516900112,30.67218,104.06825
124599,P1,377.0,377.0,1097.0,1097.0,False,1.58,9.16,4934383671,30.6188761,104.1123169
128611,P1,377.0,377.0,1097.0,1097.0,False,0.35,8.0,4548211231,30.6623306,104.058296
129659,P1,377.0,377.0,1097.0,1097.0,False,1.58,9.16,2039561237,30.68038,104.10612
132408,P1,377.0,377.0,1097.0,1097.0,False,1.69,9.38,4107377024,30.6370152,104.0021341
145661,P1,377.0,377.0,1097.0,1097.0,False,0.46,8.0,3562028074,30.6801297,104.1137765
185953,P1,377.0,377.0,1097.0,1097.0,False,1.06,8.12,1159234181,30.6948681,104.0742391
24027,P1,377.0,377.0,1097.0,1097.0,False,0.57,8.0,4773199397,30.6713851,104.0143523
39811,P1,377.0,377.0,1097.0,1097.0,False,1.06,8.12,4693647117,30.6337605,104.0718971
41647,P1,377.0,377.0,1097.0,1097.0,False,1.17,8.34,441187597,30.69094,104.05531
45307,P1,377.0,377.0,1097.0,1097.0,False,0.72,8.0,4794992619,30.64017,104.06602
49569,P1,377.0,377.0,1097.0,1097.0,False,0.0,8.0,1459039172,30.6456299,104.1075605
113932,P1,378.0,378.0,1098.0,1098.0,False,2.49,10.98,2847752854,30.6596478,104.1057368
115763,P1,378.0,378.0,1098.0,1098.0,False,1.47,8.94,2039550410,30.670494,104.1143
142529,P1,378.0,378.0,1098.0,1098.0,False,2.03,10.06,3523308825,30.6403223,104.0825652
155341,P1,378.0,378.0,1098.0,1098.0,False,1.28,8.56,2456925104,30.6390252,104.1033844
162357,P1,378.0,378.0,1098.0,1098.0,False,0.43,8.0,2204171389,30.7236639,104.079988
18517,P1,378.0,378.0,1098.0,1098.0,False,0.43,8.0,3927876946,30.6760235,103.988443
192670,P1,378.0,378.0,1098.0,1098.0,False,1.23,8.46,1916530842,30.6485722,103.9805666
196277,P1,378.0,378.0,1098.0,1098.0,False,0.3,8.0,1492607718,30.6228455,104.0644563
23860,P1,378.0,378.0,1098.0,1098.0,False,0.47,8.0,1493185374,30.6142971,104.0649015
24957,P1,378.0,378.0,1098.0,1098.0,False,0.88,8.0,5102886097,30.701954,103.9805892
671,P1,378.0,378.0,1098.0,1098.0,False,0.47,8.0,1458575270,30.68728,104.09875
71088,P1,378.0,378.0,1098.0,1098.0,False,0.3,8.0,4550018791,30.6196193,104.0115791
79696,P1,378.0,378.0,1098.0,1098.0,False,0.38,8.0,4548141088,30.6188957,104.0747497
149953,P1,379.0,379.0,1099.0,1099.0,False,0.33,8.0,2039561233,30.6837362,104.1110984
158185,P1,379.0,379.0,1099.0,1099.0,False,0.73,8.0,1504189444,30.7125121,104.0904715
189763,P1,379.0,379.0,1099.0,1099.0,False,0.73,8.0,4549759318,30.6919457,104.0362771
194766,P1,379.0,379.0,1099.0,1099.0,False,0.55,8.0,3562045369,30.7155573,104.0721401
32599,P1,379.0,379.0,1099.0,1099.0,False,2.47,10.94,1156126796,30.67425,104.04419
150066,P1,380.0,380.0,1100.0,1100.0,False,1.77,9.54,5375783424,30.62574,104.0023166
152459,P1,380.0,380.0,1100.0,1100.0,False,0.89,8.0,2868588324,30.66493,104.08435
157876,P1,380.0,380.0,1100.0,1100.0,False,1.77,9.54,3034409019,30.7109828,104.0907071
164099,P1,380.0,380.0,1100.0,1100.0,False,0.82,8.0,3541389071,30.6744182,104.0549892
168119,P1,380.0,380.0,1100.0,1100.0,False,0.92,8.0,4582782984,30.6540919,104.0509498
182220,P1,380.0,380.0,1100.0,1100.0,False,0.48,8.0,4106682180,30.6570925,103.9807985
191234,P1,380.0,380.0,1100.0,1100.0,False,0.74,8.0,4549993446,30.6467945,103.9730787
192676,P1,380.0,380.0,1100.0,1100.0,False,0.92,8.0,1339701416,30.7000894,104.0516678
204539,P1,380.0,380.0,1100.0,1100.0,False,0.82,8.0,3445813553,30.66482,104.07307
28716,P1,380.0,380.0,1100.0,1100.0,False,1.36,8.72,1493146458,30.6161989,104.0647223
3166,P1,380.0,380.0,1100.0,1100.0,False,2.98,11.96,1504174277,30.7178845,104.0700815
3486,P1,380.0,380.0,1100.0,1100.0,False,2.29,10.58,2135942406,30.6119106,104.0228504
64175,P1,380.0,380.0,1100.0,1100.0,False,2.52,11.04,5375783766,30.6356266,104.0121705
80593,P1,380.0,380.0,1100.0,1100.0,False,1.69,9.38,4064178181,30.6741915,103.9993135
96382,P1,380.0,380.0,1100.0,1100.0,False,1.83,9.66,4900292688,30.6694752,104.0643722
11091,P1,381.0,381.0,1101.0,1101.0,False,0.99,8.0,5002301704,30.68927,104.03492
118560,P1,381.0,381.0,1101.0,1101.0,False,0.79,8.0,2843294152,30.697362,104.0479453
122415,P1,381.0,381.0,1101.0,1101.0,False,3.63,13.26,4874328134,30.6260118,104.0998453
124008,P1,381.0,381.0,1101.0,1101.0,False,0.59,8.0,2282013918,30.6116286,103.9778181
145211,P1,381.0,381.0,1101.0,1101.0,False,2.71,11.42,3523308810,30.641549,104.0744331
158875,P1,381.0,381.0,1101.0,1101.0,False,1.83,9.66,4699007417,30.6124391,104.0449239
1882,P1,381.0,381.0,1101.0,1101.0,False,1.57,9.14,432441922,30.6267119,104.027919
26620,P1,381.0,381.0,1101.0,1101.0,False,2.3,10.6,4572410029,30.6650461,104.0447106
47298,P1,381.0,381.0,1101.0,1101.0,False,0.59,8.0,4695640657,30.6187306,104.0249403
77450,P1,381.0,381.0,1101.0,1101.0,False,1.51,9.02,4973209504,30.6143625,104.042181
146889,P1,382.0,382.0,1102.0,1102.0,False,1.86,9.72,3034029062,30.6810581,104.0111139
148091,P1,382.0,382.0,1102.0,1102.0,False,0.99,8.0,3562110284,30.65498,104.08026
152807,P1,382.0,382.0,1102.0,1102.0,False,0.8,8.0,5213253181,30.70169,104.09204
156667,P1,382.0,382.0,1102.0,1102.0,False,1.7,9.4,4549992995,30.7032927,104.0361075
17083,P1,382.0,382.0,1102.0,1102.0,False,1.16,8.32,1458692379,30.6790406,104.0926752
73933,P1,382.0,382.0,1102.0,1102.0,False,1.45,8.9,1192818270,30.6633416,104.0903889
134487,P1,383.0,383.0,1103.0,1103.0,False,0.74,8.0,4550018803,30.6156896,104.0365012
173235,P1,383.0,383.0,1103.0,1103.0,False,2.4,10.8,2118910074,30.700415,104.089035
208564,P1,383.0,383.0,1103.0,1103.0,False,1.0,8.0,1912247211,30.613386,104.0991364
44004,P1,383.0,383.0,1103.0,1103.0,False,2.36,10.72,5141468653,30.6384727,104.0924893
5028,P1,383.0,383.0,1103.0,1103.0,False,0.29,8.0,3089029141,30.6620189,104.0485007
5853,P1,383.0,383.0,1103.0,1103.0,False,0.09,8.0,4548259386,30.6812152,104.0533192
82798,P1,383.0,383.0,1103.0,1103.0,False,0.66,8.0,4106681968,30.6349732,103.9852833
100408,P1,384.0,384.0,1104.0,1104.0,False,1.69,9.38,4294771687,30.6203847,104.0327104
127028,P1,384.0,384.0,1104.0,1104.0,False,0.22,8.0,4964134681,30.7167355,104.0296671
154643,P1,384.0,384.0,1104.0,1104.0,False,0.22,8.0,2344329082,30.65358,104.05305
156511,P1,384.0,384.0,1104.0,1104.0,False,1.92,9.84,4693609828,30.63108,104.07506
174671,P1,384.0,384.0,1104.0,1104.0,False,2.71,11.42,4106682241,30.6832954,103.9972587
52844,P1,384.0,384.0,1104.0,1104.0,False,0.8,8.0,3087817510,30.665932,103.9951649
81144,P1,384.0,384.0,1104.0,1104.0,False,1.77,9.54,4782067651,30.6252882,104.0281628
87555,P1,384.0,384.0,1104.0,1104.0,False,0.27,8.0,3436489824,30.6413159,104.0453132
98240,P1,384.0,384.0,1104.0,1104.0,False,0.66,8.0,4548318165,30.6259711,104.0946067
184934,P1,385.0,385.0,1105.0,1105.0,False,0.8,8.0,4414330241,30.6626003,104.0893239
23442,P1,385.0,385.0,1105.0,1105.0,False,1.41,8.82,1458575268,30.686645,104.0983881
61824,P1,385.0,385.0,1105.0,1105.0,False,1.41,8.82,838319891,30.6451434,104.1070365
147121,P1,386.0,386.0,1106.0,1106.0,False,0.04,8.0,4106681969,30.6358956,103.9875688
177150,P1,386.0,386.0,1106.0,1106.0,False,1.06,8.12,4779165713,30.6363545,104.0246969
208064,P1,386.0,386.0,1106.0,1106.0,False,1.12,8.24,5256947476,30.6791499,104.0971498
65675,P1,386.0,386.0,1106.0,1106.0,False,1.11,8.22,1458959874,30.6666005,104.0835312
114698,P1,387.0,387.0,1107.0,1107.0,False,1.34,8.68,1861145344,30.67009,104.111948
136771,P1,387.0,387.0,1107.0,1107.0,False,1.68,9.36,1301933015,30.6460041,104.0745983
159554,P1,387.0,387.0,1107.0,1107.0,False,1.68,9.36,5375783961,30.6616557,103.9986855
166421,P1,387.0,387.0,1107.0,1107.0,False,2.72,11.44,1756176923,30.6451896,104.0219676
201161,P1,387.0,387.0,1107.0,1107.0,False,0.81,8.0,1159170055,30.6336168,104.081274
202257,P1,387.0,387.0,1107.0,1107.0,False,0.39,8.0,3943038361,30.6436038,104.0639509
34871,P1,387.0,387.0,1107.0,1107.0,False,2.24,10.48,4874328126,30.61921,104.10428
75914,P1,387.0,387.0,1107.0,1107.0,False,0.39,8.0,3113656969,30.6649154,104.0519756
85255,P1,387.0,387.0,1107.0,1107.0,False,1.68,9.36,2564226648,30.63389,104.0285
144759,P1,388.0,388.0,1108.0,1108.0,False,1.6,9.2,1159231408,30.68366,104.08837
200604,P1,388.0,388.0,1108.0,1108.0,False,0.57,8.0,5211337168,30.6368514,104.006719
44652,P1,388.0,388.0,1108.0,1108.0,False,0.73,8.0,314622964,30.6461116,104.0637425
79011,P1,388.0,388.0,1108.0,1108.0,False,0.57,8.0,3979164235,30.67849,104.10661
89014,P1,388.0,388.0,1108.0,1108.0,False,1.28,8.56,1301932980,30.6535045,104.0727944
163646,P1,389.0,389.0,1109.0,1109.0,False,1.49,8.98,1159149348,30.6557151,104.0531378
169223,P1,389.0,389.0,1109.0,1109.0,False,1.08,8.16,3541426298,30.70276,104.07235
208548,P1,389.0,389.0,1109.0,1109.0,False,1.08,8.16,1159447656,30.6837739,104.0361967
2943,P1,389.0,389.0,1109.0,1109.0,False,1.49,8.98,3562055478,30.71879,104.0377
46883,P1,389.0,389.0,1109.0,1109.0,False,0.71,8.0,5141458214,30.6347453,104.0817783
67071,P1,389.0,389.0,1109.0,1109.0,False,0.62,8.0,1492390579,30.6606886,104.0583525
90756,P1,389.0,389.0,1109.0,1109.0,False,2.89,11.78,4106682246,30.6847187,104.0060824
95338,P1,389.0,389.0,1109.0,1109.0,False,0.63,8.0,3597807845,30.7165062,104.0106957
10475,P1,390.0,390.0,1110.0,1110.0,False,0.2,8.0,1159481534,30.672178,104.06919
153884,P1,390.0,390.0,1110.0,1110.0,False,0.88,8.0,1507355161,30.6963825,104.079519
166743,P1,390.0,390.0,1110.0,1110.0,False,2.44,10.88,5213238429,30.6502177,104.0978725
186147,P1,390.0,390.0,1110.0,1110.0,False,0.67,8.0,4550019087,30.6502695,104.0584956
59982,P1,390.0,390.0,1110.0,1110.0,False,2.47,10.94,2847764705,30.6671699,104.111687
60657,P1,390.0,390.0,1110.0,1110.0,False,0.81,8.0,5367321408,30.6639201,103.9890214
128223,P1,391.0,391.0,1111.0,1111.0,False,0.76,8.0,4548211344,30.68191,104.0612
141189,P1,391.0,391.0,1111.0,1111.0,False,0.07,8.0,3927876942,30.6756045,103.9873979
149423,P1,391.0,391.0,1111.0,1111.0,False,1.19,8.38,1159131458,30.6693289,104.059788
149555,P1,391.0,391.0,1111.0,1111.0,False,1.02,8.04,5141468658,30.6395,104.09628
152341,P1,391.0,391.0,1111.0,1111.0,False,1.19,8.38,1159134927,30.6650969,104.0940662
164934,P1,391.0,391.0,1111.0,1111.0,False,0.44,8.0,1159227704,30.6969675,104.0523384
172259,P1,391.0,391.0,1111.0,1111.0,False,0.76,8.0,3541376393,30.7160356,104.10067
184963,P1,391.0,391.0,1111.0,1111.0,False,2.31,10.62,3034409025,30.71492,104.09444
2991,P1,391.0,391.0,1111.0,1111.0,False,1.82,9.64,3979164207,30.6751625,104.0891486
62893,P1,391.0,391.0,1111.0,1111.0,False,0.57,8.0,2631867280,30.6873011,104.0881029
86472,P1,391.0,391.0,1111.0,1111.0,False,1.02,8.04,4695601300,30.6113139,104.0294033
98890,P1,391.0,391.0,1111.0,1111.0,False,0.28,8.0,2709067531,30.6260426,104.0826781
157134,P1,392.0,392.0,1112.0,1112.0,False,2.77,11.54,5213253142,30.6656392,104.1094973
183475,P1,392.0,392.0,1112.0,1112.0,False,0.34,8.0,4721452999,30.705019,104.08328
202954,P1,392.0,392.0,1112.0,1112.0,False,0.01,8.0,1492408886,30.6435575,104.0637517
48296,P1,392.0,392.0,1112.0,1112.0,False,0.97,8.0,2929538604,30.6749061,104.0712603
49461,P1,392.0,392.0,1112.0,1112.0,False,0.88,8.0,1918491763,30.6504012,103.97786
129084,P1,393.0,393.0,1113.0,1113.0,False,1.7,9.4,5213238429,30.6502177,104.0978725
143659,P1,393.0,393.0,1113.0,1113.0,False,0.2,8.0,432432548,30.660276,104.041
144287,P1,393.0,393.0,1113.0,1113.0,False,0.2,8.0,314614086,30.6170732,104.0339602
159807,P1,393.0,393.0,1113.0,1113.0,False,2.05,10.1,4963999555,30.7124599,104.0356925
168763,P1,393.0,393.0,1113.0,1113.0,False,0.53,8.0,1159941176,30.6696638,104.0176074
183697,P1,393.0,393.0,1113.0,1113.0,False,1.16,8.32,4748173617,30.623765,104.018185
62328,P1,393.0,393.0,1113.0,1113.0,False,1.7,9.4,3034040773,30.7015413,104.0123302
92141,P1,393.0,393.0,1113.0,1113.0,False,0.48,8.0,1918491759,30.6537357,103.979965
102523,P1,394.0,394.0,1114.0,1114.0,False,0.12,8.0,672360898,30.6549348,104.0756717
104131,P1,394.0,394.0,1114.0,1114.0,False,0.42,8.0,4773199397,30.6713851,104.0143523
106879,P1,394.0,394.0,1114.0,1114.0,False,0.42,8.0,4903105811,30.657484,104.083824
31907,P1,394.0,394.0,1114.0,1114.0,False,1.31,8.62,529921382,30.6133318,104.0139415
85515,P1,394.0,394.0,1114.0,1114.0,False,1.88,9.76,432442631,30.684793,104.01825
91767,P1,394.0,394.0,1114.0,1114.0,False,1.93,9.86,3436486457,30.6403586,104.0464281
93746,P1,394.0,394.0,1114.0,1114.0,False,2.02,10.04,3113656970,30.6657565,104.0485473
96930,P1,394.0,394.0,1114.0,1114.0,False,2.4,10.8,4548259373,30.6541163,104.0442485
158419,P1,395.0,395.0,1115.0,1115.0,False,0.27,8.0,1159939796,30.66945,104.02634
189938,P1,395.0,395.0,1115.0,1115.0,False,1.31,8.62,4550018823,30.6474855,104.0203633
196213,P1,395.0,395.0,1115.0,1115.0,False,1.85,9.7,3562015382,30.6621508,104.0808192
204667,P1,395.0,395.0,1115.0,1115.0,False,1.31,8.62,2559969425,30.6220613,104.0295577
65816,P1,395.0,395.0,1115.0,1115.0,False,0.27,8.0,2726963385,30.6131967,104.0551866
113902,P1,396.0,396.0,1116.0,1116.0,False,0.57,8.0,4548259612,30.6923296,104.0485297
140732,P1,396.0,396.0,1116.0,1116.0,False,1.45,8.9,4359391023,30.7264217,104.1107917
146824,P1,396.0,396.0,1116.0,1116.0,False,1.3,8.6,4220530490,30.6863308,104.0760975
149371,P1,396.0,396.0,1116.0,1116.0,False,1.52,9.04,432442847,30.6692858,103.9955816
159908,P1,396.0,396.0,1116.0,1116.0,False,2.41,10.82,672287939,30.6651337,104.0543904
189375,P1,396.0,396.0,1116.0,1116.0,False,1.3,8.6,2662847697,30.674057,104.005005
2896,P1,396.0,396.0,1116.0,1116.0,False,0.27,8.0,4695601637,30.6132021,104.0348973
4971,P1,396.0,396.0,1116.0,1116.0,False,0.38,8.0,1159138415,30.660625,104.09427
5343,P1,396.0,396.0,1116.0,1116.0,False,0.79,8.0,3541420734,30.6926479,104.0708075
58701,P1,396.0,396.0,1116.0,1116.0,False,0.79,8.0,4772430834,30.678899,104.0051329
64463,P1,396.0,396.0,1116.0,1116.0,False,0.74,8.0,5436627803,30.6971396,104.0705211
10187,P1,397.0,397.0,1117.0,1117.0,False,2.41,10.82,1305816676,30.6460208,104.0850432
117371,P1,397.0,397.0,1117.0,1117.0,False,1.44,8.88,3614070495,30.67114,104.05587
137468,P1,397.0,397.0,1117.0,1117.0,False,1.16,8.32,3523314188,30.6256411,104.0520132
150885,P1,397.0,397.0,1117.0,1117.0,False,1.55,9.1,5141326913,30.6095869,104.0584766
151785,P1,397.0,397.0,1117.0,1117.0,False,0.59,8.0,432442534,30.6964659,104.0160548
175616,P1,397.0,397.0,1117.0,1117.0,False,0.27,8.0,672360587,30.6455209,104.0760066
185548,P1,397.0,397.0,1117.0,1117.0,False,1.55,9.1,963638438,30.7016771,104.0441046
195600,P1,397.0,397.0,1117.0,1117.0,False,1.44,8.88,4107377024,30.6370152,104.0021341
25949,P1,397.0,397.0,1117.0,1117.0,False,3.08,12.16,4878041005,30.6219621,104.0995531
41805,P1,397.0,397.0,1117.0,1117.0,False,0.53,8.0,672293768,30.652642,104.0581845
55979,P1,397.0,397.0,1117.0,1117.0,False,0.52,8.0,4550018892,30.6277797,104.0191042
65215,P1,397.0,397.0,1117.0,1117.0,False,0.75,8.0,2956775230,30.7119064,104.0361808
79243,P1,397.0,397.0,1117.0,1117.0,False,3.08,12.16,4550019080,30.6486274,104.0725405
99563,P1,397.0,397.0,1117.0,1117.0,False,0.53,8.0,432442882,30.6860971,103.9813332
112169,P1,398.0,398.0,1118.0,1118.0,False,0.14,8.0,4693609981,30.6289435,104.0710436
161691,P1,398.0,398.0,1118.0,1118.0,False,1.45,8.9,2080646464,30.6268006,104.0954968
17611,P1,398.0,398.0,1118.0,1118.0,False,1.16,8.32,1492613701,30.6225141,104.0630716
189739,P1,398.0,398.0,1118.0,1118.0,False,0.97,8.0,5141328780,30.6149565,104.0621641
192215,P1,398.0,398.0,1118.0,1118.0,False,0.48,8.0,5141468730,30.63514,104.09694
209083,P1,398.0,398.0,1118.0,1118.0,False,1.69,9.38,1458588156,30.68048,104.09505
49257,P1,398.0,398.0,1118.0,1118.0,False,2.5,11.0,4695640694,30.6149107,104.0278084
61089,P1,398.0,398.0,1118.0,1118.0,False,0.25,8.0,4695700264,30.6104115,104.0249407
112449,P1,399.0,399.0,1119.0,1119.0,False,0.15,8.0,4698894019,30.6107365,104.0340323
11711,P1,399.0,399.0,1119.0,1119.0,False,2.06,10.12,1159148928,30.65832,104.07218
132301,P1,399.0,399.0,1119.0,1119.0,False,0.73,8.0,3541393460,30.6932629,104.0104212
200541,P1,399.0,399.0,1119.0,1119.0,False,1.03,8.06,1956567320,30.6795793,104.1121713
31405,P1,399.0,399.0,1119.0,1119.0,False,1.99,9.98,5367317631,30.6607161,103.9778598
90304,P1,399.0,399.0,1119.0,1119.0,False,0.07,8.0,872833768,30.6589036,104.0669358
171319,P1,400.0,400.0,1120.0,1120.0,False,2.3,10.6,1458992383,30.6613008,104.0991586
183146,P1,400.0,400.0,1120.0,1120.0,False,0.18,8.0,5141328772,30.6157441,104.0622497
62345,P1,400.0,400.0,1120.0,1120.0,False,0.93,8.0,4550769155,30.6253,104.1026023
76615,P1,400.0,400.0,1120.0,1120.0,False,1.73,9.46,1815729261,30.7140628,104.0719427
54289,P1,401.0,401.0,1121.0,1121.0,False,1.93,9.86,1815741566,30.6883872,104.06055
7083,P1,401.0,401.0,1121.0,1121.0,False,2.88,11.76,4359390979,30.7235617,104.058809
95909,P1,401.0,401.0,1121.0,1121.0,False,1.93,9.86,504315305,30.689825,104.1008426
108033,P1,402.0,402.0,1122.0,1122.0,False,1.22,8.44,3087817464,30.6371899,104.0180949
183268,P1,402.0,402.0,1122.0,1122.0,False,3.63,13.26,1301932975,30.6550718,104.0712822
2421,P1,402.0,402.0,1122.0,1122.0,False,0.49,8.0,314623119,30.6501008,104.0321723
72922,P1,402.0,402.0,1122.0,1122.0,False,3.63,13.26,4359390924,30.7206025,104.110448
87535,P1,402.0,402.0,1122.0,1122.0,False,0.83,8.0,432432602,30.6592566,104.0347445
123347,P1,403.0,403.0,1123.0,1123.0,False,0.1,8.0,2933855169,30.6099738,103.982876
159225,P1,403.0,403.0,1123.0,1123.0,False,0.58,8.0,4548259325,30.6545419,104.0062299
166759,P1,403.0,403.0,1123.0,1123.0,False,0.45,8.0,3034029070,30.6795984,103.9987924
174392,P1,403.0,403.0,1123.0,1123.0,False,0.03,8.0,2908601186,30.6431578,104.0885913
175474,P1,403.0,403.0,1123.0,1123.0,False,2.12,10.24,1455098600,30.696203,104.1053895
179112,P1,403.0,403.0,1123.0,1123.0,False,2.12,10.24,4549993225,30.6511794,103.9899927
182795,P1,403.0,403.0,1123.0,1123.0,False,0.07,8.0,4585443316,30.6654,104.047
205802,P1,403.0,403.0,1123.0,1123.0,False,0.42,8.0,4967265777,30.7070411,104.012388
24783,P1,403.0,403.0,1123.0,1123.0,False,2.85,11.7,4521001284,30.65472,104.08276
28930,P1,403.0,403.0,1123.0,1123.0,False,0.71,8.0,3436486404,30.6411033,104.047215
54606,P1,403.0,403.0,1123.0,1123.0,False,0.58,8.0,1159455179,30.6603304,104.0463317
165987,P1,404.0,404.0,1124.0,1124.0,False,0.39,8.0,1916386543,30.6355588,104.0160384
31064,P1,404.0,404.0,1124.0,1124.0,False,1.58,9.16,4548211642,30.6223091,104.0595197
35806,P1,404.0,404.0,1124.0,1124.0,False,0.36,8.0,3069352141,30.6381688,103.9760546
64924,P1,404.0,404.0,1124.0,1124.0,False,0.24,8.0,1312615937,30.6491466,104.0574579
78582,P1,404.0,404.0,1124.0,1124.0,False,0.39,8.0,4550018724,30.6276318,104.0190439
89691,P1,404.0,404.0,1124.0,1124.0,False,0.74,8.0,2204171423,30.7251566,104.0769072
101534,P1,405.0,405.0,1125.0,1125.0,False,2.26,10.52,4773199407,30.6729877,104.0132292
103759,P1,405.0,405.0,1125.0,1125.0,False,1.01,8.02,1301933046,30.6546,104.07016
126135,P1,405.0,405.0,1125.0,1125.0,False,2.26,10.52,1159176888,30.6301219,104.0535225
128267,P1,405.0,405.0,1125.0,1125.0,False,0.99,8.0,5141328649,30.6129791,104.0629351
14911,P1,405.0,405.0,1125.0,1125.0,False,0.54,8.0,4717800179,30.680218,104.095375
16853,P1,405.0,405.0,1125.0,1125.0,False,0.57,8.0,1916520527,30.6265862,104.0067958
182067,P1,405.0,405.0,1125.0,1125.0,False,0.54,8.0,432432573,30.6641733,104.0335951
183705,P1,405.0,405.0,1125.0,1125.0,False,0.83,8.0,4695601645,30.6144441,104.0353952
194393,P1,405.0,405.0,1125.0,1125.0,False,2.09,10.18,5436607829,30.6358314,104.0636154
36422,P1,405.0,405.0,1125.0,1125.0,False,2.09,10.18,1455111116,30.6958872,104.1059746
58129,P1,405.0,405.0,1125.0,1125.0,False,2.27,10.54,3614062391,30.6737255,104.0495054
73863,P1,405.0,405.0,1125.0,1125.0,False,1.51,9.02,1815729252,30.712254,104.067406
74909,P1,405.0,405.0,1125.0,1125.0,False,0.62,8.0,3034376780,30.6790592,104.0654413
77520,P1,405.0,405.0,1125.0,1125.0,False,0.62,8.0,3445813130,30.6712099,104.0778022
90118,P1,405.0,405.0,1125.0,1125.0,False,2.09,10.18,5375783442,30.6176656,104.0090212
107744,P1,406.0,406.0,1126.0,1126.0,False,1.8,9.6,4550018971,30.6272685,104.0185474
117603,P1,406.0,406.0,1126.0,1126.0,False,0.03,8.0,4772463247,30.66494,104.0467
150618,P1,406.0,406.0,1126.0,1126.0,False,0.59,8.0,5141468730,30.6358411,104.0963416
158312,P1,406.0,406.0,1126.0,1126.0,False,0.8,8.0,2717786564,30.6251659,104.0814952
199311,P1,406.0,406.0,1126.0,1126.0,False,1.96,9.92,2823785850,30.67789,104.07047
38804,P1,406.0,406.0,1126.0,1126.0,False,0.47,8.0,2329101951,30.6993189,104.007402
61041,P1,406.0,406.0,1126.0,1126.0,False,0.8,8.0,1313998763,30.6345891,104.0887087
110992,P1,407.0,407.0,1127.0,1127.0,False,1.21,8.42,2956775862,30.7170364,104.0557895
166764,P1,407.0,407.0,1127.0,1127.0,False,1.21,8.42,1507228514,30.7131726,104.0782277
9267,P1,407.0,407.0,1127.0,1127.0,False,1.36,8.72,2710589458,30.619043,104.06612
97732,P1,407.0,407.0,1127.0,1127.0,False,0.23,8.0,4799195773,30.6145905,103.9944132
100222,P1,408.0,408.0,1128.0,1128.0,False,0.07,8.0,3034409138,30.7174561,104.0903889
114379,P1,408.0,408.0,1128.0,1128.0,False,1.2,8.4,3562047434,30.711157,104.06343
127488,P1,408.0,408.0,1128.0,1128.0,False,0.3,8.0,5249392177,30.6356908,103.9692458
18767,P1,408.0,408.0,1128.0,1128.0,False,1.56,9.12,3445813127,30.67036,104.07559
188665,P1,408.0,408.0,1128.0,1128.0,False,0.19,8.0,3436486404,30.6411033,104.047215
64705,P1,408.0,408.0,1128.0,1128.0,False,0.65,8.0,1159176882,30.6280508,104.0509035
77559,P1,408.0,408.0,1128.0,1128.0,False,1.2,8.4,1388412853,30.6847641,104.0700667
10929,P1,409.0,409.0,1129.0,1129.0,False,0.07,8.0,441187183,30.6588635,104.0650026
138901,P1,409.0,409.0,1129.0,1129.0,False,0.93,8.0,4987535052,30.6360258,104.0041525
153244,P1,409.0,409.0,1129.0,1129.0,False,0.35,8.0,3562033464,30.7086247,104.0779672
156470,P1,409.0,409.0,1129.0,1129.0,False,0.17,8.0,4773199728,30.6676926,104.0124254
15812,P1,409.0,409.0,1129.0,1129.0,False,0.6,8.0,2868588323,30.6650458,104.0826394
169807,P1,409.0,409.0,1129.0,1129.0,False,0.07,8.0,5382831175,30.6760721,104.0982476
28518,P1,409.0,409.0,1129.0,1129.0,False,0.63,8.0,4695700268,30.6140921,104.0182043
13352,P1,410.0,410.0,1130.0,1130.0,False,1.58,9.16,1500780826,30.6504103,104.0114096
148790,P1,410.0,410.0,1130.0,1130.0,False,0.63,8.0,1159496605,30.6884471,104.0417827
159451,P1,410.0,410.0,1130.0,1130.0,False,1.05,8.1,3516900112,30.67145,104.069534
173868,P1,410.0,410.0,1130.0,1130.0,False,0.63,8.0,4106682131,30.6463844,103.9813433
176569,P1,410.0,410.0,1130.0,1130.0,False,0.55,8.0,1819305463,30.63317,104.103835
36526,P1,410.0,410.0,1130.0,1130.0,False,0.96,8.0,5367313639,30.6339083,103.9831687
90119,P1,410.0,410.0,1130.0,1130.0,False,1.8,9.6,3579517900,30.66752,104.05605
96354,P1,410.0,410.0,1130.0,1130.0,False,0.03,8.0,3541420734,30.6926479,104.0708075
106547,P1,411.0,411.0,1131.0,1131.0,False,0.71,8.0,3436486414,30.64432,104.04968
141515,P1,411.0,411.0,1131.0,1131.0,False,1.63,9.26,4534007627,30.70427,104.10382
165699,P1,411.0,411.0,1131.0,1131.0,False,1.91,9.82,4903105794,30.67386,104.0679
17016,P1,411.0,411.0,1131.0,1131.0,False,1.46,8.92,441110891,30.7263344,104.0701925
174575,P1,411.0,411.0,1131.0,1131.0,False,0.49,8.0,3562028076,30.65941,104.09374
178683,P1,411.0,411.0,1131.0,1131.0,False,2.02,10.04,4106682091,30.6425019,103.9821727
196457,P1,411.0,411.0,1131.0,1131.0,False,0.44,8.0,4550568568,30.635882,104.0648714
27637,P1,411.0,411.0,1131.0,1131.0,False,1.4,8.8,2696407816,30.6204241,104.1130503
87634,P1,411.0,411.0,1131.0,1131.0,False,0.44,8.0,1455094525,30.6963224,104.1056643
124311,P1,412.0,412.0,1132.0,1132.0,False,0.92,8.0,1504213677,30.7042,104.10183
133952,P1,412.0,412.0,1132.0,1132.0,False,0.54,8.0,504315298,30.6964144,104.1055436
165862,P1,412.0,412.0,1132.0,1132.0,False,0.57,8.0,4550701395,30.616269,103.9750526
201667,P1,412.0,412.0,1132.0,1132.0,False,1.0,8.0,4548259567,30.6538691,104.0010455
208491,P1,412.0,412.0,1132.0,1132.0,False,1.71,9.42,4703149498,30.6131713,104.0665357
39996,P1,412.0,412.0,1132.0,1132.0,False,1.71,9.42,2564226648,30.6338127,104.0274713
72626,P1,412.0,412.0,1132.0,1132.0,False,1.34,8.68,4106681949,30.6260866,104.0023914
134638,P1,413.0,413.0,1133.0,1133.0,False,1.38,8.76,3516887971,30.7188023,104.0334464
17848,P1,413.0,413.0,1133.0,1133.0,False,0.21,8.0,432442571,30.690831,104.0298776
193047,P1,413.0,413.0,1133.0,1133.0,False,1.07,8.14,314622918,30.6611,104.05721
195888,P1,413.0,413.0,1133.0,1133.0,False,1.38,8.76,4219896930,30.6217724,104.0402361
25027,P1,413.0,413.0,1133.0,1133.0,False,0.32,8.0,3562055468,30.7173908,104.0346189
40215,P1,413.0,413.0,1133.0,1133.0,False,1.38,8.76,1159452250,30.673254,104.0376
82661,P1,413.0,413.0,1133.0,1133.0,False,1.35,8.7,5213238452,30.630344,104.0454857
146310,P1,414.0,414.0,1134.0,1134.0,False,1.66,9.32,432442880,30.6853516,103.9833976
156113,P1,414.0,414.0,1134.0,1134.0,False,0.87,8.0,1445484321,30.6358323,104.0640426
201040,P1,414.0,414.0,1134.0,1134.0,False,2.24,10.48,1458937197,30.676762,104.0950108
7681,P1,414.0,414.0,1134.0,1134.0,False,0.75,8.0,4695700279,30.6113756,104.0173529
134775,P1,415.0,415.0,1135.0,1135.0,False,0.62,8.0,288416380,30.68343,104.08037
180146,P1,415.0,415.0,1135.0,1135.0,False,0.41,8.0,5283966124,30.6388847,104.1015415
1219,P1,416.0,416.0,1136.0,1136.0,False,0.62,8.0,314623162,30.65744,104.06752
5278,P1,416.0,416.0,1136.0,1136.0,False,0.55,8.0,3176000067,30.7050264,104.0689735
53536,P1,416.0,416.0,1136.0,1136.0,False,0.55,8.0,4548318142,30.6183735,104.0961577
81190,P1,416.0,416.0,1136.0,1136.0,False,0.36,8.0,4695601299,30.6113291,104.0300388
8414,P1,416.0,416.0,1136.0,1136.0,False,0.43,8.0,4847126867,30.654891,103.9821151
87867,P1,416.0,416.0,1136.0,1136.0,False,0.62,8.0,4549993311,30.6968327,104.047563
135334,P1,417.0,417.0,1137.0,1137.0,False,0.93,8.0,3582243026,30.7191939,104.0061628
142056,P1,417.0,417.0,1137.0,1137.0,False,1.32,8.64,4217844070,30.6265849,104.0462639
145257,P1,417.0,417.0,1137.0,1137.0,False,1.5,9.0,441159654,30.7212134,104.0993884
148118,P1,417.0,417.0,1137.0,1137.0,False,0.65,8.0,3034409138,30.7174561,104.0903889
156963,P1,417.0,417.0,1137.0,1137.0,False,1.09,8.18,1157121784,30.664871,104.007744
1579,P1,417.0,417.0,1137.0,1137.0,False,1.73,9.46,4118527460,30.69936,104.09862
176542,P1,417.0,417.0,1137.0,1137.0,False,0.2,8.0,4547074369,30.6098637,104.0806211
183868,P1,417.0,417.0,1137.0,1137.0,False,0.21,8.0,4695640520,30.6117255,104.0378031
194444,P1,417.0,417.0,1137.0,1137.0,False,0.93,8.0,963638438,30.7016771,104.0441046
43783,P1,417.0,417.0,1137.0,1137.0,False,0.0,8.0,2217699757,30.6609329,104.0695824
186966,P1,418.0,418.0,1138.0,1138.0,False,2.57,11.14,4695640672,30.6178241,104.0260072
201217,P1,418.0,418.0,1138.0,1138.0,False,0.13,8.0,4695601309,30.6115849,104.0287347
31612,P1,418.0,418.0,1138.0,1138.0,False,0.17,8.0,1987271094,30.6845244,104.0967676
32831,P1,418.0,418.0,1138.0,1138.0,False,0.31,8.0,1159232653,30.6947943,104.0775007
52763,P1,418.0,418.0,1138.0,1138.0,False,0.96,8.0,3523298665,30.62989,104.04919
62959,P1,418.0,418.0,1138.0,1138.0,False,2.41,10.82,4118527513,30.70063,104.09282
65012,P1,418.0,418.0,1138.0,1138.0,False,0.17,8.0,5382831175,30.6760721,104.0982476
71339,P1,418.0,418.0,1138.0,1138.0,False,2.41,10.82,1159155221,30.6442125,104.1015484
117651,P1,419.0,419.0,1139.0,1139.0,False,2.86,11.72,4695701805,30.6120169,104.0203408
124665,P1,419.0,419.0,1139.0,1139.0,False,1.9,9.8,5141328715,30.6141925,104.0610426
128519,P1,419.0,419.0,1139.0,1139.0,False,0.25,8.0,1815741542,30.69025,104.0771
132367,P1,419.0,419.0,1139.0,1139.0,False,0.11,8.0,3597608244,30.72308,104.02775
135288,P1,419.0,419.0,1139.0,1139.0,False,2.86,11.72,5141468670,30.6376239,104.0905916
166669,P1,419.0,419.0,1139.0,1139.0,False,1.34,8.68,4547074311,30.6097669,104.0808604
59707,P1,419.0,419.0,1139.0,1139.0,False,0.08,8.0,5053143821,30.7123557,104.005345
98661,P1,419.0,419.0,1139.0,1139.0,False,1.34,8.68,432442506,30.6676618,104.0058956
139035,P1,420.0,420.0,1140.0,1140.0,False,0.88,8.0,2956775837,30.71513,104.04215
148333,P1,420.0,420.0,1140.0,1140.0,False,1.21,8.42,4534007626,30.7034307,104.1059103
150005,P1,420.0,420.0,1140.0,1140.0,False,0.58,8.0,314622919,30.6566623,104.0582013
7012,P1,420.0,420.0,1140.0,1140.0,False,2.87,11.74,1956502810,30.6904594,104.1042347
120354,P1,421.0,421.0,1141.0,1141.0,False,1.44,8.88,432432564,30.6481238,104.0415155
124910,P1,421.0,421.0,1141.0,1141.0,False,0.01,8.0,432452878,30.6133171,104.0504622
146739,P1,421.0,421.0,1141.0,1141.0,False,2.44,10.88,5283966378,30.712765,104.09461
152815,P1,421.0,421.0,1141.0,1141.0,False,2.34,10.68,672405830,30.65598,104.08095
161467,P1,421.0,421.0,1141.0,1141.0,False,2.34,10.68,4693609818,30.6326293,104.0675774
162857,P1,421.0,421.0,1141.0,1141.0,False,2.34,10.68,4444112344,30.7209222,104.1061392
191274,P1,421.0,421.0,1141.0,1141.0,False,2.59,11.18,4106682200,30.6589439,103.9766732
192423,P1,421.0,421.0,1141.0,1141.0,False,2.59,11.18,432442855,30.67192,103.9911
198459,P1,421.0,421.0,1141.0,1141.0,False,1.44,8.88,1305816742,30.652246,104.07891
204266,P1,421.0,421.0,1141.0,1141.0,False,2.47,10.94,3633001071,30.6661508,104.0233502
25003,P1,421.0,421.0,1141.0,1141.0,False,2.47,10.94,3691210147,30.64964,104.01735
48651,P1,421.0,421.0,1141.0,1141.0,False,0.11,8.0,2472054565,30.70437,104.04975
67974,P1,421.0,421.0,1141.0,1141.0,False,2.59,11.18,432442631,30.6840198,104.0189945
74527,P1,421.0,421.0,1141.0,1141.0,False,2.59,11.18,4877227058,30.6227625,104.1015888
195543,P1,422.0,422.0,1142.0,1142.0,False,0.52,8.0,4106682218,30.6699065,103.9999697
47766,P1,422.0,422.0,1142.0,1142.0,False,0.84,8.0,3815062819,30.7266794,104.0660286
7063,P1,422.0,422.0,1142.0,1142.0,False,0.39,8.0,2956775226,30.71331,104.04519
94095,P1,422.0,422.0,1142.0,1142.0,False,2.68,11.36,2709174919,30.6268579,104.0817617
96410,P1,422.0,422.0,1142.0,1142.0,False,2.35,10.7,2717452481,30.6171488,104.0550426
140174,P1,423.0,423.0,1143.0,1143.0,False,1.1,8.2,4874328126,30.6183307,104.1040953
174030,P1,423.0,423.0,1143.0,1143.0,False,0.81,8.0,2329094568,30.7234893,104.0478689
208570,P1,423.0,423.0,1143.0,1143.0,False,0.88,8.0,4772216125,30.6779302,104.007631
54543,P1,423.0,423.0,1143.0,1143.0,False,0.81,8.0,1445481368,30.6568,104.0651
6192,P1,423.0,423.0,1143.0,1143.0,False,0.81,8.0,4987536552,30.6414546,103.9935592
108123,P1,424.0,424.0,1144.0,1144.0,False,0.94,8.0,5234592652,30.6721015,104.006403
110499,P1,424.0,424.0,1144.0,1144.0,False,0.25,8.0,1815741549,30.68811,104.07552
128141,P1,424.0,424.0,1144.0,1144.0,False,1.19,8.38,5100157874,30.6331505,104.0804283
188239,P1,424.0,424.0,1144.0,1144.0,False,2.17,10.34,3541427578,30.717169,104.04377
192721,P1,424.0,424.0,1144.0,1144.0,False,0.94,8.0,5141328718,30.6131636,104.0620658
32639,P1,424.0,424.0,1144.0,1144.0,False,0.73,8.0,1159461706,30.6741038,104.040131
72000,P1,424.0,424.0,1144.0,1144.0,False,0.37,8.0,4703149489,30.61253,104.0649842
87574,P1,424.0,424.0,1144.0,1144.0,False,1.03,8.06,1159229568,30.6704077,104.0975317
99806,P1,424.0,424.0,1144.0,1144.0,False,1.14,8.28,1159471913,30.6889471,104.0385997
131055,P1,425.0,425.0,1145.0,1145.0,False,3.2,12.4,3436486402,30.6394385,104.0472766
138095,P1,425.0,425.0,1145.0,1145.0,False,2.44,10.88,2041535225,30.664728,104.080475
141437,P1,425.0,425.0,1145.0,1145.0,False,0.38,8.0,1457840985,30.6983669,104.1045435
37675,P1,425.0,425.0,1145.0,1145.0,False,3.08,12.16,4136052358,30.6133902,104.0484293
123521,P1,426.0,426.0,1146.0,1146.0,False,1.36,8.72,314635488,30.6573811,104.0705047
151995,P1,426.0,426.0,1146.0,1146.0,False,0.24,8.0,2823813240,30.66935,104.06515
159232,P1,426.0,426.0,1146.0,1146.0,False,0.23,8.0,3680455698,30.6581846,104.0132088
160344,P1,426.0,426.0,1146.0,1146.0,False,1.36,8.72,3562099597,30.6502342,104.0276432
167635,P1,426.0,426.0,1146.0,1146.0,False,0.23,8.0,3579517902,30.67072,104.04814
36464,P1,426.0,426.0,1146.0,1146.0,False,0.24,8.0,1507314127,30.696713,104.0774035
96423,P1,426.0,426.0,1146.0,1146.0,False,1.84,9.68,314623160,30.6695004,104.0680712
19974,P1,427.0,427.0,1147.0,1147.0,False,1.12,8.24,4779165713,30.6363545,104.0246969
209036,P1,427.0,427.0,1147.0,1147.0,False,1.06,8.12,1159131855,30.6659874,104.0765348
60795,P1,427.0,427.0,1147.0,1147.0,False,1.43,8.86,2282015063,30.6134756,103.9694127
75755,P1,427.0,427.0,1147.0,1147.0,False,1.43,8.86,2729395914,30.62967,104.04425
88381,P1,427.0,427.0,1147.0,1147.0,False,1.42,8.84,5213253145,30.664923,104.1108604
88858,P1,427.0,427.0,1147.0,1147.0,False,2.02,10.04,5141326919,30.6107738,104.0587845
107375,P1,428.0,428.0,1148.0,1148.0,False,0.24,8.0,3742070454,30.646,104.09365
198716,P1,428.0,428.0,1148.0,1148.0,False,1.29,8.58,2041527455,30.6897008,104.09649
31370,P1,428.0,428.0,1148.0,1148.0,False,0.9,8.0,3069351946,30.6243759,103.9796691
62737,P1,428.0,428.0,1148.0,1148.0,False,1.29,8.58,4585624086,30.6737789,104.0302601
84352,P1,428.0,428.0,1148.0,1148.0,False,0.38,8.0,3496259320,30.6695351,104.0894725
109095,P1,429.0,429.0,1149.0,1149.0,False,0.34,8.0,1506426847,30.71003,104.0714
111056,P1,429.0,429.0,1149.0,1149.0,False,1.07,8.14,5359113201,30.6776301,104.0091981
124846,P1,429.0,429.0,1149.0,1149.0,False,1.66,9.32,3742070435,30.6548298,104.0755967
181595,P1,429.0,429.0,1149.0,1149.0,False,0.34,8.0,1885342898,30.6769671,104.0969535
200790,P1,429.0,429.0,1149.0,1149.0,False,1.26,8.52,4779165766,30.6379987,104.0736822
30508,P1,429.0,429.0,1149.0,1149.0,False,1.84,9.68,3780408667,30.6319399,104.0597235
41695,P1,429.0,429.0,1149.0,1149.0,False,1.46,8.92,3445794972,30.66123,104.07836
42334,P1,429.0,429.0,1149.0,1149.0,False,0.77,8.0,5141328778,30.6146367,104.0620239
42977,P1,429.0,429.0,1149.0,1149.0,False,0.03,8.0,4799195760,30.6252866,103.9963939
149231,P1,430.0,430.0,1150.0,1150.0,False,2.7,11.4,1156126797,30.67058,104.04502
152996,P1,430.0,430.0,1150.0,1150.0,False,0.97,8.0,5141468671,30.6376413,104.0910206
17163,P1,430.0,430.0,1150.0,1150.0,False,0.46,8.0,2456925108,30.63918,104.10247
39401,P1,430.0,430.0,1150.0,1150.0,False,1.21,8.42,4772463296,30.6629985,104.045804
82725,P1,430.0,430.0,1150.0,1150.0,False,2.82,11.64,4394309256,30.6310682,104.0370693
204111,P1,431.0,431.0,1151.0,1151.0,False,1.27,8.54,1159131822,30.66639,104.0804
31959,P1,431.0,431.0,1151.0,1151.0,False,0.43,8.0,1159226738,30.698618,104.057594
35829,P1,431.0,431.0,1151.0,1151.0,False,0.26,8.0,4699007273,30.6115146,104.033548
37848,P1,431.0,431.0,1151.0,1151.0,False,0.26,8.0,4693647117,30.6337605,104.0718971
42631,P1,431.0,431.0,1151.0,1151.0,False,1.4,8.8,1458570056,30.6944,104.09105
64723,P1,431.0,431.0,1151.0,1151.0,False,1.27,8.54,2653330902,30.6563142,104.11232
95747,P1,431.0,431.0,1151.0,1151.0,False,1.99,9.98,4695601564,30.6116613,104.0322604
106993,P1,432.0,432.0,1152.0,1152.0,False,1.8,9.6,2472036427,30.6639486,104.0626497
162849,P1,432.0,432.0,1152.0,1152.0,False,1.16,8.32,5436607829,30.6358314,104.0636154
198571,P1,432.0,432.0,1152.0,1152.0,False,0.07,8.0,1159941208,30.6697719,104.0225964
203682,P1,432.0,432.0,1152.0,1152.0,False,0.81,8.0,2327779711,30.6216924,104.1048764
28409,P1,432.0,432.0,1152.0,1152.0,False,0.56,8.0,4693609959,30.6292028,104.0730941
117575,P1,433.0,433.0,1153.0,1153.0,False,0.32,8.0,2041530108,30.69086,104.08561
139091,P1,433.0,433.0,1153.0,1153.0,False,2.48,10.96,2852215057,30.71528,104.11242
151022,P1,433.0,433.0,1153.0,1153.0,False,2.0,10.0,1305816759,30.6464541,104.0857502
152797,P1,433.0,433.0,1153.0,1153.0,False,3.61,13.22,4964134715,30.7101028,104.0179797
207915,P1,433.0,433.0,1153.0,1153.0,False,2.35,10.7,672406288,30.65178,104.0684
86900,P1,433.0,433.0,1153.0,1153.0,False,2.35,10.7,1504199880,30.7097856,104.0968389
97911,P1,433.0,433.0,1153.0,1153.0,False,0.01,8.0,439751778,30.7249453,104.0407654
104850,P1,434.0,434.0,1154.0,1154.0,False,2.32,10.64,1388442962,30.6477004,104.0724143
114783,P1,434.0,434.0,1154.0,1154.0,False,4.3,14.6,5436627812,30.6978272,104.0706254
119658,P1,434.0,434.0,1154.0,1154.0,False,0.29,8.0,5375783430,30.6232331,104.0031144
157083,P1,434.0,434.0,1154.0,1154.0,False,4.3,14.6,4773916428,30.6574387,104.0023707
142439,P1,435.0,435.0,1155.0,1155.0,False,0.43,8.0,3680455711,30.65943,104.0169098
190343,P1,435.0,435.0,1155.0,1155.0,False,0.43,8.0,4601261200,30.65827,104.075264
207379,P1,435.0,435.0,1155.0,1155.0,False,1.79,9.58,1500638636,30.7038047,104.093203
26974,P1,435.0,435.0,1155.0,1155.0,False,1.17,8.34,1956554700,30.678473,104.1086116
38049,P1,435.0,435.0,1155.0,1155.0,False,0.43,8.0,2135944707,30.6168238,104.0156946
79197,P1,435.0,435.0,1155.0,1155.0,False,2.72,11.44,1918491740,30.6377601,104.008523
99391,P1,435.0,435.0,1155.0,1155.0,False,1.17,8.34,432441927,30.6347047,104.0324005
102738,P1,436.0,436.0,1156.0,1156.0,False,0.43,8.0,5213253151,30.6791,104.1104304
143868,P1,436.0,436.0,1156.0,1156.0,False,1.43,8.86,4987536576,30.6426473,103.9968231
146267,P1,436.0,436.0,1156.0,1156.0,False,2.48,10.96,4550018818,30.6257653,103.982709
149137,P1,436.0,436.0,1156.0,1156.0,False,0.12,8.0,3761409984,30.6301996,104.0710104
178862,P1,436.0,436.0,1156.0,1156.0,False,2.22,10.44,4964137434,30.7096924,104.0194006
192697,P1,436.0,436.0,1156.0,1156.0,False,0.41,8.0,3579517902,30.670829,104.0497381
197987,P1,436.0,436.0,1156.0,1156.0,False,0.59,8.0,3445813550,30.6661485,104.0697948
28663,P1,436.0,436.0,1156.0,1156.0,False,0.59,8.0,5213238604,30.63575,104.0497
62681,P1,436.0,436.0,1156.0,1156.0,False,0.36,8.0,4438025578,30.6953342,104.0786646
7571,P1,436.0,436.0,1156.0,1156.0,False,0.82,8.0,441221463,30.647478,104.0268
8909,P1,436.0,436.0,1156.0,1156.0,False,0.95,8.0,5213237318,30.6389243,104.0511465
97510,P1,436.0,436.0,1156.0,1156.0,False,1.09,8.18,1493202240,30.6115156,104.0580196
98535,P1,436.0,436.0,1156.0,1156.0,False,1.09,8.18,1493014671,30.62495,104.06476
110775,P1,437.0,437.0,1157.0,1157.0,False,3.73,13.46,3579530515,30.65131,104.11341
155761,P1,437.0,437.0,1157.0,1157.0,False,2.09,10.18,2712272987,30.6882776,104.0577278
177130,P1,437.0,437.0,1157.0,1157.0,False,0.38,8.0,4550019088,30.6349084,104.0126156
2018,P1,437.0,437.0,1157.0,1157.0,False,0.82,8.0,3523294437,30.6513355,104.048751
22767,P1,437.0,437.0,1157.0,1157.0,False,0.17,8.0,3680400062,30.65872,104.01589
88950,P1,437.0,437.0,1157.0,1157.0,False,3.31,12.62,4572365815,30.6771555,104.0580078
108764,P1,438.0,438.0,1158.0,1158.0,False,1.1,8.2,2532979487,30.7053537,104.0901657
118392,P1,438.0,438.0,1158.0,1158.0,False,2.68,11.36,3087817468,30.6422572,104.0249765
125043,P1,438.0,438.0,1158.0,1158.0,False,0.66,8.0,4230611279,30.65465,104.06786
168463,P1,438.0,438.0,1158.0,1158.0,False,1.1,8.2,1339762122,30.704086,104.04308
205480,P1,438.0,438.0,1158.0,1158.0,False,1.31,8.62,4550018924,30.648484,104.0746407
57744,P1,438.0,438.0,1158.0,1158.0,False,1.01,8.02,2696407821,30.6199665,104.1094205
75304,P1,438.0,438.0,1158.0,1158.0,False,1.1,8.2,5218133434,30.655242,104.1133119
90053,P1,438.0,438.0,1158.0,1158.0,False,2.16,10.32,4695601473,30.6094204,104.0304958
130628,P1,439.0,439.0,1159.0,1159.0,False,1.57,9.14,3541376411,30.7250318,104.0469322
163523,P1,439.0,439.0,1159.0,1159.0,False,1.91,9.82,4106682105,30.643269,103.9814521
173453,P1,439.0,439.0,1159.0,1159.0,False,0.69,8.0,4693610170,30.6340732,104.0708935
23067,P1,439.0,439.0,1159.0,1159.0,False,0.33,8.0,3087817482,30.6638318,104.0024922
35760,P1,439.0,439.0,1159.0,1159.0,False,0.47,8.0,3034376775,30.6800987,104.0631079
47016,P1,439.0,439.0,1159.0,1159.0,False,0.69,8.0,4106682194,30.658432,103.9801608
47515,P1,439.0,439.0,1159.0,1159.0,False,0.69,8.0,4693609804,30.6334771,104.0686103
72,P1,439.0,439.0,1159.0,1159.0,False,1.4,8.8,3680455704,30.6592168,104.0134453
7724,P1,439.0,439.0,1159.0,1159.0,False,0.69,8.0,4548259334,30.705884,104.0406737
86784,P1,439.0,439.0,1159.0,1159.0,False,0.46,8.0,1919409108,30.6690346,103.9675711
96721,P1,439.0,439.0,1159.0,1159.0,False,0.69,8.0,4973209504,30.6143625,104.042181
126924,P1,440.0,440.0,1160.0,1160.0,False,0.92,8.0,4102485559,30.6919154,104.0374748
149004,P1,440.0,440.0,1160.0,1160.0,False,1.33,8.66,4773199403,30.6723964,104.0141622
159536,P1,440.0,440.0,1160.0,1160.0,False,0.02,8.0,4981594491,30.6303768,103.9932471
166519,P1,440.0,440.0,1160.0,1160.0,False,1.23,8.46,4548318325,30.6320282,104.0924014
192019,P1,440.0,440.0,1160.0,1160.0,False,1.69,9.38,4102465470,30.6815,104.04751
21193,P1,440.0,440.0,1160.0,1160.0,False,2.52,11.04,4547074378,30.613321,104.078717
32028,P1,440.0,440.0,1160.0,1160.0,False,1.94,9.88,3087817464,30.6371899,104.0180949
51763,P1,440.0,440.0,1160.0,1160.0,False,1.94,9.88,4106681945,30.6251,103.98965
79299,P1,440.0,440.0,1160.0,1160.0,False,0.76,8.0,5213238596,30.65795,104.08239
134402,P1,441.0,441.0,1161.0,1161.0,False,0.4,8.0,288416376,30.7058711,104.0945895
160060,P1,441.0,441.0,1161.0,1161.0,False,0.48,8.0,3943038380,30.6435381,104.0624784
16955,P1,441.0,441.0,1161.0,1161.0,False,2.79,11.58,2852228203,30.688072,104.06226
187181,P1,441.0,441.0,1161.0,1161.0,False,0.63,8.0,4294975863,30.6375611,103.9964656
20159,P1,441.0,441.0,1161.0,1161.0,False,1.67,9.34,4102465470,30.68211,104.04775
37129,P1,441.0,441.0,1161.0,1161.0,False,0.59,8.0,3541426298,30.7026933,104.0719858
129564,P1,442.0,442.0,1162.0,1162.0,False,1.4,8.8,4695640560,30.6137658,104.0285831
137715,P1,442.0,442.0,1162.0,1162.0,False,0.59,8.0,441187228,30.67021,104.06352
145473,P1,442.0,442.0,1162.0,1162.0,False,1.02,8.04,5257005061,30.6763601,104.0932619
185175,P1,442.0,442.0,1162.0,1162.0,False,0.98,8.0,3516900123,30.6712689,104.0733689
32091,P1,442.0,442.0,1162.0,1162.0,False,0.98,8.0,3680455697,30.6579432,104.013725
48157,P1,442.0,442.0,1162.0,1162.0,False,0.3,8.0,4695601570,30.6108563,104.0328647
48200,P1,442.0,442.0,1162.0,1162.0,False,0.98,8.0,314635450,30.6340301,104.0373755
54436,P1,442.0,442.0,1162.0,1162.0,False,2.11,10.22,3087817493,30.6639983,104.0119996
58309,P1,442.0,442.0,1162.0,1162.0,False,0.59,8.0,4638105423,30.7093856,104.062371
6239,P1,442.0,442.0,1162.0,1162.0,False,0.65,8.0,4550769604,30.6321289,104.1057319
20007,P1,443.0,443.0,1163.0,1163.0,False,1.32,8.64,4550018602,30.6507017,104.0541435
30683,P1,443.0,443.0,1163.0,1163.0,False,1.51,9.02,1916386558,30.64511,104.01224
49627,P1,443.0,443.0,1163.0,1163.0,False,0.44,8.0,2843289913,30.6854891,104.0600785
52953,P1,443.0,443.0,1163.0,1163.0,False,0.72,8.0,2080646464,30.6268006,104.0954968
68410,P1,443.0,443.0,1163.0,1163.0,False,0.44,8.0,4601260486,30.6369642,104.0653171
105345,P1,444.0,444.0,1164.0,1164.0,False,1.38,8.76,3654914808,30.706374,104.001859
119153,P1,444.0,444.0,1164.0,1164.0,False,2.38,10.76,3562028082,30.6606917,104.0842097
135323,P1,444.0,444.0,1164.0,1164.0,False,0.02,8.0,672360797,30.653202,104.07645
179706,P1,444.0,444.0,1164.0,1164.0,False,0.91,8.0,3034040770,30.6960121,104.0310243
29591,P1,444.0,444.0,1164.0,1164.0,False,1.38,8.76,4294722531,30.63972,104.00452
38831,P1,444.0,444.0,1164.0,1164.0,False,0.13,8.0,4695700246,30.6147478,104.0181972
104701,P1,445.0,445.0,1165.0,1165.0,False,1.11,8.22,2135944707,30.6168238,104.0156946
144196,P1,445.0,445.0,1165.0,1165.0,False,1.55,9.1,4695601305,30.6109832,104.0281709
147116,P1,445.0,445.0,1165.0,1165.0,False,0.47,8.0,4772451022,30.680834,104.0077624
14978,P1,445.0,445.0,1165.0,1165.0,False,1.55,9.1,5053143858,30.7073085,104.0009627
180465,P1,445.0,445.0,1165.0,1165.0,False,2.63,11.26,4449099857,30.6465315,104.1061508
25483,P1,445.0,445.0,1165.0,1165.0,False,1.28,8.56,5213238582,30.63587,104.06278
44925,P1,445.0,445.0,1165.0,1165.0,False,1.45,8.9,5141328727,30.6120673,104.0641325
80642,P1,445.0,445.0,1165.0,1165.0,False,1.71,9.42,5141328421,30.6109628,104.0600138
106554,P1,446.0,446.0,1166.0,1166.0,False,0.64,8.0,4695700255,30.6148213,104.0208085
145615,P1,446.0,446.0,1166.0,1166.0,False,0.19,8.0,4773916428,30.6574387,104.0023707
154571,P1,446.0,446.0,1166.0,1166.0,False,0.64,8.0,5002301681,30.6606223,104.0198589
204779,P1,446.0,446.0,1166.0,1166.0,False,2.73,11.46,1313998770,30.636171,104.08152
48434,P1,446.0,446.0,1166.0,1166.0,False,2.73,11.46,1159226747,30.7017413,104.054964
69894,P1,446.0,446.0,1166.0,1166.0,False,0.19,8.0,4981594513,30.6326565,103.9981125
84159,P1,446.0,446.0,1166.0,1166.0,False,0.16,8.0,3597608244,30.719692,104.022415
104911,P1,447.0,447.0,1167.0,1167.0,False,2.68,11.36,4294010428,30.7132945,104.0780989
116051,P1,447.0,447.0,1167.0,1167.0,False,0.68,8.0,5422574961,30.68905,104.06614
125393,P1,447.0,447.0,1167.0,1167.0,False,0.0,8.0,4699007260,30.610022,104.0408881
147427,P1,447.0,447.0,1167.0,1167.0,False,2.68,11.36,1159131822,30.6658182,104.0810467
154213,P1,447.0,447.0,1167.0,1167.0,False,0.68,8.0,432442535,30.6957094,104.0148961
164090,P1,447.0,447.0,1167.0,1167.0,False,1.15,8.3,1305816745,30.6640973,104.1063372
178133,P1,447.0,447.0,1167.0,1167.0,False,1.15,8.3,4693609819,30.6326168,104.0671626
49767,P1,447.0,447.0,1167.0,1167.0,False,0.99,8.0,1159491545,30.6864438,104.0757988
67979,P1,447.0,447.0,1167.0,1167.0,False,0.77,8.0,432453024,30.649473,104.10483
9803,P1,447.0,447.0,1167.0,1167.0,False,0.99,8.0,5283966329,30.70269,104.0915
122540,P1,448.0,448.0,1168.0,1168.0,False,0.34,8.0,4772463304,30.6615626,104.0451807
125364,P1,448.0,448.0,1168.0,1168.0,False,0.29,8.0,1492605032,30.6226036,104.0659757
148800,P1,448.0,448.0,1168.0,1168.0,False,1.08,8.16,4106682177,30.6552098,103.9774566
162805,P1,448.0,448.0,1168.0,1168.0,False,1.59,9.18,5283966340,30.7029682,104.0883238
167278,P1,448.0,448.0,1168.0,1168.0,False,1.59,9.18,3034376780,30.6790592,104.0654413
77567,P1,448.0,448.0,1168.0,1168.0,False,3.12,12.24,3613960006,30.6724147,104.0459399
99199,P1,448.0,448.0,1168.0,1168.0,False,2.09,10.18,1956501938,30.687037,104.105
113965,P1,449.0,449.0,1169.0,1169.0,False,0.74,8.0,4964134701,30.7053923,104.0206753
116147,P1,449.0,449.0,1169.0,1169.0,False,0.74,8.0,5312164202,30.6668719,104.0989116
132546,P1,449.0,449.0,1169.0,1169.0,False,2.74,11.48,4447946461,30.6530626,104.1124608
157651,P1,449.0,449.0,1169.0,1169.0,False,1.41,8.82,2717970035,30.63326,104.06046
180268,P1,449.0,449.0,1169.0,1169.0,False,2.74,11.48,441187448,30.688431,104.0577003
190885,P1,449.0,449.0,1169.0,1169.0,False,0.01,8.0,1159512572,30.649774,104.0759772
197911,P1,449.0,449.0,1169.0,1169.0,False,2.77,11.54,1500780826,30.650583,104.01336
201183,P1,449.0,449.0,1169.0,1169.0,False,0.66,8.0,1159234181,30.69508,104.07269
8559,P1,449.0,449.0,1169.0,1169.0,False,0.01,8.0,3034409142,30.71865,104.10418
102966,P1,450.0,450.0,1170.0,1170.0,False,1.96,9.92,4548141088,30.6188957,104.0747497
122641,P1,450.0,450.0,1170.0,1170.0,False,1.2,8.4,5254240663,30.6182192,103.9665213
12507,P1,450.0,450.0,1170.0,1170.0,False,1.49,8.98,1301933046,30.654203,104.07038
43025,P1,450.0,450.0,1170.0,1170.0,False,0.6,8.0,2847764705,30.6671699,104.111687
55326,P1,450.0,450.0,1170.0,1170.0,False,0.32,8.0,4701400716,30.6226019,104.0594798
55731,P1,450.0,450.0,1170.0,1170.0,False,1.49,8.98,1956538080,30.6819793,104.1092987
77511,P1,450.0,450.0,1170.0,1170.0,False,1.25,8.5,3633008400,30.66664,104.04078
142786,P1,451.0,451.0,1171.0,1171.0,False,2.39,10.78,5211343337,30.6393548,104.0126613
151860,P1,451.0,451.0,1171.0,1171.0,False,1.39,8.78,1458575270,30.6876103,104.099152
172244,P1,451.0,451.0,1171.0,1171.0,False,0.72,8.0,4572409854,30.6591059,104.0384476
182323,P1,451.0,451.0,1171.0,1171.0,False,0.92,8.0,1159502916,30.68996,104.03082
184392,P1,451.0,451.0,1171.0,1171.0,False,2.24,10.48,1507392436,30.6962331,104.0788739
53901,P1,451.0,451.0,1171.0,1171.0,False,1.3,8.6,4794975966,30.6469615,104.0564259
77885,P1,451.0,451.0,1171.0,1171.0,False,0.29,8.0,4701577774,30.6233758,104.0819005
114087,P1,452.0,452.0,1172.0,1172.0,False,1.38,8.76,3541420742,30.6927173,104.0671622
115075,P1,452.0,452.0,1172.0,1172.0,False,0.43,8.0,1339762122,30.70523,104.0432
123178,P1,452.0,452.0,1172.0,1172.0,False,1.68,9.36,3496259320,30.6695351,104.0894725
139015,P1,452.0,452.0,1172.0,1172.0,False,1.2,8.4,5002301701,30.6910092,104.0356772
177587,P1,452.0,452.0,1172.0,1172.0,False,2.25,10.5,2309311911,30.6295001,104.0973287
64159,P1,452.0,452.0,1172.0,1172.0,False,1.38,8.76,4548211257,30.6778598,104.0592296
156923,P1,453.0,453.0,1173.0,1173.0,False,0.34,8.0,3034393462,30.683357,104.04797
27857,P1,453.0,453.0,1173.0,1173.0,False,0.75,8.0,5375783839,30.6492064,104.0015044
43005,P1,453.0,453.0,1173.0,1173.0,False,0.07,8.0,3445813123,30.6706637,104.0706051
71241,P1,453.0,453.0,1173.0,1173.0,False,1.62,9.24,4550019081,30.6488218,104.0727666
160907,P1,454.0,454.0,1174.0,1174.0,False,0.3,8.0,1956501938,30.68745,104.10428
170265,P1,454.0,454.0,1174.0,1174.0,False,2.47,10.94,5141328630,30.611602,104.0588268
172202,P1,454.0,454.0,1174.0,1174.0,False,0.34,8.0,1159145919,30.6691126,104.0698482
33268,P1,454.0,454.0,1174.0,1174.0,False,2.51,11.02,5002301702,30.6905252,104.035081
3451,P1,454.0,454.0,1174.0,1174.0,False,0.34,8.0,1964326877,30.67066,104.09299
49139,P1,454.0,454.0,1174.0,1174.0,False,0.19,8.0,4964000155,30.716408,104.0305715
58178,P1,454.0,454.0,1174.0,1174.0,False,0.74,8.0,4772430859,30.6773669,104.0058719
6581,P1,454.0,454.0,1174.0,1174.0,False,0.19,8.0,5218133309,30.638398,104.1069014
6710,P1,454.0,454.0,1174.0,1174.0,False,0.74,8.0,5145177730,30.7239166,104.1013839
71993,P1,454.0,454.0,1174.0,1174.0,False,0.95,8.0,4794944069,30.6791522,104.0583878
104191,P1,455.0,455.0,1175.0,1175.0,False,1.0,8.0,1500780822,30.65785,104.00829
108219,P1,455.0,455.0,1175.0,1175.0,False,0.69,8.0,4903112578,30.6614221,104.080239
129199,P1,455.0,455.0,1175.0,1175.0,False,2.46,10.92,5382831216,30.6764337,104.1019211
151,P1,455.0,455.0,1175.0,1175.0,False,2.46,10.92,5218240017,30.70414,104.05506
153759,P1,455.0,455.0,1175.0,1175.0,False,0.45,8.0,3681180644,30.65639,104.06631
171449,P1,455.0,455.0,1175.0,1175.0,False,0.45,8.0,4779165733,30.6210851,104.0265196
30501,P1,455.0,455.0,1175.0,1175.0,False,1.01,8.02,672349622,30.6992483,104.0790999
42224,P1,455.0,455.0,1175.0,1175.0,False,1.01,8.02,4987536562,30.6568159,103.9834305
65018,P1,455.0,455.0,1175.0,1175.0,False,2.3,10.6,504315289,30.6999809,104.1034103
65055,P1,455.0,455.0,1175.0,1175.0,False,2.3,10.6,4703149495,30.6117216,104.0671848
74605,P1,455.0,455.0,1175.0,1175.0,False,0.38,8.0,1457814237,30.6949216,104.1078686
89834,P1,455.0,455.0,1175.0,1175.0,False,0.1,8.0,337539008,30.6355081,104.0247294
151820,P1,456.0,456.0,1176.0,1176.0,False,1.57,9.14,2717786564,30.6251659,104.0814952
174191,P1,456.0,456.0,1176.0,1176.0,False,1.43,8.86,4699007414,30.6151936,104.0444383
176939,P1,456.0,456.0,1176.0,1176.0,False,0.63,8.0,432442540,30.694365,104.01233
179022,P1,456.0,456.0,1176.0,1176.0,False,1.74,9.48,2441172206,30.6763576,103.9947253
208615,P1,456.0,456.0,1176.0,1176.0,False,0.9,8.0,5283966219,30.701832,104.099525
906,P1,456.0,456.0,1176.0,1176.0,False,1.43,8.86,4699007269,30.613724,104.0362258
106484,P1,457.0,457.0,1177.0,1177.0,False,0.72,8.0,628641788,30.6914615,104.0925042
135195,P1,457.0,457.0,1177.0,1177.0,False,3.33,12.66,1159146549,30.66374,104.07101
185003,P1,457.0,457.0,1177.0,1177.0,False,0.87,8.0,4964134714,30.7099253,104.018698
3634,P1,457.0,457.0,1177.0,1177.0,False,0.95,8.0,1159227704,30.6969675,104.0523384
75518,P1,457.0,457.0,1177.0,1177.0,False,1.36,8.72,4550769121,30.6321655,104.1059192
85240,P1,457.0,457.0,1177.0,1177.0,False,0.17,8.0,432442887,30.6941255,103.9762069
105751,P1,458.0,458.0,1178.0,1178.0,False,1.15,8.3,2041522384,30.66795,104.1071
113923,P1,458.0,458.0,1178.0,1178.0,False,0.23,8.0,3541393458,30.68964,104.01452
184171,P1,458.0,458.0,1178.0,1178.0,False,0.63,8.0,5053143834,30.70342,104.00017
186531,P1,458.0,458.0,1178.0,1178.0,False,0.53,8.0,2330197895,30.6950997,104.0873302
203489,P1,458.0,458.0,1178.0,1178.0,False,1.33,8.66,432452883,30.6195942,104.0526152
35919,P1,458.0,458.0,1178.0,1178.0,False,0.23,8.0,5436607863,30.6466031,104.0726158
44704,P1,458.0,458.0,1178.0,1178.0,False,0.42,8.0,5256947475,30.6777656,104.0976984
82341,P1,458.0,458.0,1178.0,1178.0,False,1.21,8.42,2717970035,30.6319845,104.0612799
97022,P1,458.0,458.0,1178.0,1178.0,False,0.31,8.0,432442519,30.683134,104.0127396
104381,P1,459.0,459.0,1179.0,1179.0,False,0.3,8.0,2727022877,30.6196592,104.049492
162283,P1,459.0,459.0,1179.0,1179.0,False,3.45,12.9,2564226602,30.618224,104.0204586
168563,P1,459.0,459.0,1179.0,1179.0,False,1.81,9.62,3597608246,30.718672,104.031204
188201,P1,459.0,459.0,1179.0,1179.0,False,0.1,8.0,4548142597,30.6226571,104.0743595
4120,P1,459.0,459.0,1179.0,1179.0,False,0.82,8.0,5283966197,30.7003324,104.104573
64668,P1,459.0,459.0,1179.0,1179.0,False,0.46,8.0,5141458192,30.6331977,104.0709301
775,P1,459.0,459.0,1179.0,1179.0,False,0.3,8.0,4981594491,30.6303768,103.9932471
80016,P1,459.0,459.0,1179.0,1179.0,False,0.07,8.0,4444112359,30.7258416,104.1047748
88267,P1,459.0,459.0,1179.0,1179.0,False,0.63,8.0,4534007626,30.7034307,104.1059103
108650,P1,460.0,460.0,1180.0,1180.0,False,0.83,8.0,4987536576,30.6426473,103.9968231
129077,P1,460.0,460.0,1180.0,1180.0,False,0.2,8.0,4693610170,30.6340732,104.0708935
1368,P1,460.0,460.0,1180.0,1180.0,False,0.63,8.0,314623099,30.639436,104.0306681
186891,P1,460.0,460.0,1180.0,1180.0,False,2.27,10.54,3089029133,30.6625833,104.0491137
30698,P1,460.0,460.0,1180.0,1180.0,False,1.86,9.72,3979164227,30.6839901,104.0963479
32652,P1,460.0,460.0,1180.0,1180.0,False,1.48,8.96,1964418552,30.6683783,104.0983253
33926,P1,460.0,460.0,1180.0,1180.0,False,0.16,8.0,4548259376,30.6905693,104.0491032
3438,P1,460.0,460.0,1180.0,1180.0,False,1.86,9.72,4880318308,30.6979865,104.0672617
43969,P1,460.0,460.0,1180.0,1180.0,False,0.64,8.0,5382831222,30.6779593,104.0935433
4850,P1,460.0,460.0,1180.0,1180.0,False,0.9,8.0,2727022874,30.6186808,104.0472214
49090,P1,460.0,460.0,1180.0,1180.0,False,0.64,8.0,1964471393,30.6655426,104.1085626
91723,P1,460.0,460.0,1180.0,1180.0,False,2.64,11.28,3034029054,30.6807606,103.9995161
122331,P1,461.0,461.0,1181.0,1181.0,False,4.49,14.98,4534007660,30.70393,104.10852
126373,P1,461.0,461.0,1181.0,1181.0,False,1.45,8.9,4548211472,30.6383459,104.0294391
147145,P1,461.0,461.0,1181.0,1181.0,False,0.3,8.0,4779165747,30.619974,104.0358252
172234,P1,461.0,461.0,1181.0,1181.0,False,0.11,8.0,4799195782,30.6216994,103.9888269
193502,P1,461.0,461.0,1181.0,1181.0,False,2.26,10.52,2852754445,30.665938,104.1107595
44151,P1,461.0,461.0,1181.0,1181.0,False,1.45,8.9,5213253169,30.6646952,104.1109949
96011,P1,461.0,461.0,1181.0,1181.0,False,1.45,8.9,4549993011,30.6970288,104.0471477
106139,P1,462.0,462.0,1182.0,1182.0,False,0.98,8.0,432452875,30.614347,104.05538
114295,P1,462.0,462.0,1182.0,1182.0,False,0.22,8.0,3176000073,30.702627,104.06659
178168,P1,462.0,462.0,1182.0,1182.0,False,1.64,9.28,3089029133,30.6625833,104.0491137
187953,P1,462.0,462.0,1182.0,1182.0,False,0.57,8.0,3562047399,30.7210672,104.063031
200391,P1,462.0,462.0,1182.0,1182.0,False,0.22,8.0,1458560484,30.6826293,104.1031232
51188,P1,462.0,462.0,1182.0,1182.0,False,0.22,8.0,1500638622,30.686871,104.080278
71819,P1,462.0,462.0,1182.0,1182.0,False,0.05,8.0,4703149496,30.6125499,104.0667557
145275,P1,463.0,463.0,1183.0,1183.0,False,0.98,8.0,4703149502,30.6121048,104.0705107
163900,P1,463.0,463.0,1183.0,1183.0,False,0.72,8.0,3034330089,30.6584583,104.0970957
194892,P1,463.0,463.0,1183.0,1183.0,False,0.72,8.0,2039563301,30.6935985,104.1040766
49299,P1,463.0,463.0,1183.0,1183.0,False,1.84,9.68,4230611275,30.652549,104.0694373
60663,P1,463.0,463.0,1183.0,1183.0,False,0.7,8.0,672349622,30.70043,104.07907
132055,P1,464.0,464.0,1184.0,1184.0,False,1.31,8.62,1445535379,30.65018,104.06067
168339,P1,464.0,464.0,1184.0,1184.0,False,0.37,8.0,4106682231,30.67728,104.00048
207852,P1,464.0,464.0,1184.0,1184.0,False,0.22,8.0,4773916430,30.6576045,104.0020297
207941,P1,464.0,464.0,1184.0,1184.0,False,1.08,8.16,1159171719,30.6146361,104.0791327
9641,P1,464.0,464.0,1184.0,1184.0,False,0.22,8.0,4550019072,30.6528795,104.0600885
128843,P1,465.0,465.0,1185.0,1185.0,False,2.67,11.34,1072704325,30.7143,104.05854
181259,P1,465.0,465.0,1185.0,1185.0,False,0.97,8.0,4548259667,30.6904299,104.0489385
204053,P1,465.0,465.0,1185.0,1185.0,False,0.45,8.0,4550769857,30.648202,104.113376
32793,P1,465.0,465.0,1185.0,1185.0,False,1.28,8.56,5213253210,30.6533417,104.1122761
43433,P1,465.0,465.0,1185.0,1185.0,False,0.28,8.0,2039550426,30.672845,104.1108563
46192,P1,465.0,465.0,1185.0,1185.0,False,1.18,8.36,432432611,30.658052,104.0318143
58133,P1,465.0,465.0,1185.0,1185.0,False,0.64,8.0,4106682206,30.6625537,103.9777476
84475,P1,465.0,465.0,1185.0,1185.0,False,0.71,8.0,3541427576,30.70445,104.0342
89559,P1,465.0,465.0,1185.0,1185.0,False,1.56,9.12,1500638719,30.7080075,104.0885952
114631,P1,466.0,466.0,1186.0,1186.0,False,0.07,8.0,3516896165,30.66676,104.0725
21088,P1,466.0,466.0,1186.0,1186.0,False,1.38,8.76,2917008732,30.637094,104.1083926
26437,P1,466.0,466.0,1186.0,1186.0,False,1.3,8.6,4693609810,30.6335641,104.0719028
28622,P1,466.0,466.0,1186.0,1186.0,False,0.28,8.0,1918491744,30.6480503,103.991514
104863,P1,467.0,467.0,1187.0,1187.0,False,1.66,9.32,3516896165,30.66449,104.07105
145053,P1,467.0,467.0,1187.0,1187.0,False,1.39,8.78,3034393458,30.6821454,104.0442797
181264,P1,467.0,467.0,1187.0,1187.0,False,1.31,8.62,4548258487,30.6762249,103.9763893
195688,P1,467.0,467.0,1187.0,1187.0,False,1.31,8.62,1459005274,30.6577443,104.1026298
196069,P1,467.0,467.0,1187.0,1187.0,False,2.14,10.28,2956775872,30.699632,104.040622
99871,P1,467.0,467.0,1187.0,1187.0,False,1.92,9.84,314622956,30.6469045,104.0472313
139586,P1,468.0,468.0,1188.0,1188.0,False,0.98,8.0,529952563,30.7023399,104.0640217
181718,P1,468.0,468.0,1188.0,1188.0,False,2.67,11.34,4695640643,30.6114947,104.0245835
202451,P1,468.0,468.0,1188.0,1188.0,False,2.04,10.08,5283966200,30.703228,104.1040957
26335,P1,468.0,468.0,1188.0,1188.0,False,1.7,9.4,3654914808,30.706374,104.001859
42825,P1,468.0,468.0,1188.0,1188.0,False,2.67,11.34,4900292688,30.6694752,104.0643722
5423,P1,468.0,468.0,1188.0,1188.0,False,0.08,8.0,4136052210,30.6105356,104.0479173
58909,P1,468.0,468.0,1188.0,1188.0,False,1.73,9.46,5141328428,30.6102285,104.0611614
84909,P1,468.0,468.0,1188.0,1188.0,False,0.01,8.0,1507225954,30.7131908,104.078101
86988,P1,468.0,468.0,1188.0,1188.0,False,2.04,10.08,4772430855,30.6771026,104.0067635
130357,P1,469.0,469.0,1189.0,1189.0,False,0.14,8.0,4693609819,30.6326168,104.0671626
141019,P1,469.0,469.0,1189.0,1189.0,False,0.77,8.0,4549992999,30.6516858,103.9928204
201164,P1,469.0,469.0,1189.0,1189.0,False,0.77,8.0,318090571,30.6639696,103.9975716
46007,P1,469.0,469.0,1189.0,1189.0,False,0.99,8.0,5213238429,30.6486,104.09901
4721,P1,469.0,469.0,1189.0,1189.0,False,0.66,8.0,4548317901,30.6443749,104.0845691
33999,P1,470.0,470.0,1190.0,1190.0,False,0.26,8.0,3436486413,30.6413896,104.0486322
5647,P1,470.0,470.0,1190.0,1190.0,False,2.49,10.98,803149473,30.65591,104.09448
150515,P1,471.0,471.0,1191.0,1191.0,False,0.55,8.0,4106682189,30.65719,103.969
156127,P1,471.0,471.0,1191.0,1191.0,False,1.29,8.58,4548211249,30.67716,104.05706
185219,P1,471.0,471.0,1191.0,1191.0,False,1.12,8.24,5213238734,30.6389549,104.051067
81788,P1,471.0,471.0,1191.0,1191.0,False,0.77,8.0,276558558,30.6424862,104.0252927
87031,P1,471.0,471.0,1191.0,1191.0,False,0.77,8.0,5141328769,30.6122224,104.0626517
106155,P1,472.0,472.0,1192.0,1192.0,False,0.8,8.0,1819305278,30.63838,104.10738
160814,P1,472.0,472.0,1192.0,1192.0,False,1.41,8.82,4782067658,30.6249139,104.0274113
176987,P1,472.0,472.0,1192.0,1192.0,False,0.52,8.0,1916386479,30.6359473,104.004491
404,P1,472.0,472.0,1192.0,1192.0,False,0.18,8.0,5436607071,30.6375728,104.0649959
49554,P1,472.0,472.0,1192.0,1192.0,False,0.23,8.0,4773916782,30.6576897,104.0028915
64421,P1,472.0,472.0,1192.0,1192.0,False,1.21,8.42,4964134701,30.7053923,104.0206753
121452,P1,473.0,473.0,1193.0,1193.0,False,0.79,8.0,4772430856,30.6779194,104.0052314
121887,P1,473.0,473.0,1193.0,1193.0,False,0.95,8.0,4601261200,30.660662,104.07699
156408,P1,473.0,473.0,1193.0,1193.0,False,0.23,8.0,5053143826,30.7158629,104.0142622
159115,P1,473.0,473.0,1193.0,1193.0,False,0.23,8.0,1492633091,30.6201406,104.0646114
199222,P1,473.0,473.0,1193.0,1193.0,False,1.29,8.58,3742070460,30.6511466,104.0836043
39753,P1,473.0,473.0,1193.0,1193.0,False,0.79,8.0,465203714,30.7014308,104.1026237
53993,P1,473.0,473.0,1193.0,1193.0,False,0.02,8.0,4549993035,30.6969242,104.074307
108451,P1,474.0,474.0,1194.0,1194.0,False,0.54,8.0,4679104230,30.662394,104.113945
112558,P1,474.0,474.0,1194.0,1194.0,False,2.64,11.28,4987536572,30.6424125,103.9960101
123648,P1,474.0,474.0,1194.0,1194.0,False,2.64,11.28,2956775842,30.7235112,104.0463086
151163,P1,474.0,474.0,1194.0,1194.0,False,0.8,8.0,3579517900,30.66757,104.05589
173114,P1,474.0,474.0,1194.0,1194.0,False,2.64,11.28,3541426298,30.7026933,104.0719858
195578,P1,474.0,474.0,1194.0,1194.0,False,0.4,8.0,4549759293,30.6672498,104.0580772
39712,P1,474.0,474.0,1194.0,1194.0,False,0.76,8.0,2330199410,30.7196881,104.1127212
72446,P1,474.0,474.0,1194.0,1194.0,False,0.4,8.0,4219549256,30.6094293,104.0580221
8123,P1,474.0,474.0,1194.0,1194.0,False,1.15,8.3,5213238604,30.63561,104.04983
98119,P1,474.0,474.0,1194.0,1194.0,False,2.4,10.8,5375783959,30.6607426,104.0005678
112659,P1,475.0,475.0,1195.0,1195.0,False,1.85,9.7,2651700242,30.696686,104.0796635
131040,P1,475.0,475.0,1195.0,1195.0,False,0.25,8.0,3742070458,30.649269,104.0879116
23823,P1,475.0,475.0,1195.0,1195.0,False,2.17,10.34,5141328646,30.61169,104.06088
56915,P1,475.0,475.0,1195.0,1195.0,False,0.79,8.0,4102465473,30.68623,104.04281
72407,P1,475.0,475.0,1195.0,1195.0,False,0.53,8.0,4693610153,30.633947,104.06699
134247,P1,476.0,476.0,1196.0,1196.0,False,0.76,8.0,4230611281,30.65457,104.06613
134572,P1,476.0,476.0,1196.0,1196.0,False,2.3,10.6,1459929556,30.6440896,104.1114646
150198,P1,476.0,476.0,1196.0,1196.0,False,1.18,8.36,3680078445,30.6565935,104.014685
177971,P1,476.0,476.0,1196.0,1196.0,False,2.3,10.6,1445519636,30.645105,104.06263
10800,P1,477.0,477.0,1197.0,1197.0,False,0.53,8.0,314623136,30.6373753,104.0623818
116685,P1,477.0,477.0,1197.0,1197.0,False,0.53,8.0,4695640656,30.6179593,104.0247902
2541,P1,477.0,477.0,1197.0,1197.0,False,0.94,8.0,1159504057,30.6987062,104.0231681
59122,P1,477.0,477.0,1197.0,1197.0,False,1.17,8.34,1159143889,30.6750002,104.0805541
6360,P1,477.0,477.0,1197.0,1197.0,False,1.51,9.02,4107377035,30.6421326,103.9950814
73072,P1,477.0,477.0,1197.0,1197.0,False,0.52,8.0,4548211210,30.6752271,104.055483
96120,P1,477.0,477.0,1197.0,1197.0,False,1.17,8.34,432442552,30.696818,104.0100832
10671,P1,478.0,478.0,1198.0,1198.0,False,1.29,8.58,4107377006,30.63019,104.00058
12679,P1,478.0,478.0,1198.0,1198.0,False,1.28,8.56,3562045386,30.7112589,104.0431327
138075,P1,478.0,478.0,1198.0,1198.0,False,2.35,10.7,3436486479,30.641661,104.0466145
43577,P1,478.0,478.0,1198.0,1198.0,False,0.66,8.0,4779165736,30.6248795,104.0390582
53607,P1,478.0,478.0,1198.0,1198.0,False,1.58,9.16,5141328649,30.613209,104.062675
86399,P1,478.0,478.0,1198.0,1198.0,False,1.54,9.08,432442952,30.67969,104.01838
97366,P1,478.0,478.0,1198.0,1198.0,False,1.58,9.16,1159131854,30.6667995,104.0748281
114954,P1,479.0,479.0,1199.0,1199.0,False,1.44,8.88,4981598541,30.6274563,104.000732
144406,P1,479.0,479.0,1199.0,1199.0,False,1.23,8.46,3113656970,30.6657565,104.0485473
182749,P1,479.0,479.0,1199.0,1199.0,False,1.44,8.88,4102465474,30.6874097,104.0398793
204895,P1,479.0,479.0,1199.0,1199.0,False,1.74,9.48,4106682216,30.6693803,104.0011708
207956,P1,479.0,479.0,1199.0,1199.0,False,0.51,8.0,432442858,30.6707508,103.9958954
24879,P1,479.0,479.0,1199.0,1199.0,False,1.44,8.88,5436607071,30.6375728,104.0649959
84519,P1,479.0,479.0,1199.0,1199.0,False,1.74,9.48,3076737454,30.66205,104.0536
131411,P1,480.0,480.0,1200.0,1200.0,False,2.73,11.46,1964326877,30.67178,104.0937422
145358,P1,480.0,480.0,1200.0,1200.0,False,1.04,8.08,4572410064,30.6597849,104.0384
164094,P1,480.0,480.0,1200.0,1200.0,False,0.19,8.0,4106682210,30.6643279,103.980014
164293,P1,480.0,480.0,1200.0,1200.0,False,2.33,10.66,3541389064,30.6739928,104.0558713
25455,P1,480.0,480.0,1200.0,1200.0,False,2.42,10.84,2712421556,30.63499,104.05961
37256,P1,480.0,480.0,1200.0,1200.0,False,0.19,8.0,2933855169,30.6099738,103.982876
55745,P1,480.0,480.0,1200.0,1200.0,False,0.39,8.0,4106682180,30.6570925,103.9807985
65789,P1,480.0,480.0,1200.0,1200.0,False,1.04,8.08,1458459966,30.6852172,104.1017526
1211,P1,481.0,481.0,1201.0,1201.0,False,0.85,8.0,3516890331,30.6787788,103.9900198
146889,P1,481.0,481.0,1201.0,1201.0,False,0.01,8.0,4964000153,30.7157363,104.0332843
181735,P1,481.0,481.0,1201.0,1201.0,False,0.1,8.0,5261581873,30.6755356,104.0963607
2870,P1,481.0,481.0,1201.0,1201.0,False,0.99,8.0,4572409854,30.6591059,104.0384476
51137,P1,481.0,481.0,1201.0,1201.0,False,0.01,8.0,4549993355,30.6972299,104.0577146
55699,P1,481.0,481.0,1201.0,1201.0,False,2.31,10.62,4548259328,30.6532886,104.0297813
63277,P1,481.0,481.0,1201.0,1201.0,False,0.85,8.0,1492615693,30.624497,104.0644663
73749,P1,481.0,481.0,1201.0,1201.0,False,0.01,8.0,1492613673,30.6221089,104.0629493
139335,P1,482.0,482.0,1202.0,1202.0,False,0.8,8.0,1492368570,30.6571,104.0634553
15321,P1,482.0,482.0,1202.0,1202.0,False,0.01,8.0,4701577711,30.6162188,104.0704791
160333,P1,482.0,482.0,1202.0,1202.0,False,0.31,8.0,1819305456,30.6255508,104.0905689
168337,P1,482.0,482.0,1202.0,1202.0,False,0.06,8.0,1916386518,30.6473225,104.0606972
183954,P1,482.0,482.0,1202.0,1202.0,False,2.45,10.9,4106681976,30.6416864,103.9792544
21899,P1,482.0,482.0,1202.0,1202.0,False,0.8,8.0,4963999534,30.7196848,104.029834
62296,P1,482.0,482.0,1202.0,1202.0,False,0.73,8.0,1159227282,30.6875091,104.0526724
158115,P1,483.0,483.0,1203.0,1203.0,False,0.01,8.0,3541371606,30.66478,104.05783
137527,P1,484.0,484.0,1204.0,1204.0,False,1.52,9.04,3445813130,30.6712099,104.0778022
196429,P1,484.0,484.0,1204.0,1204.0,False,0.7,8.0,2134782159,30.624434,104.0057238
69824,P1,484.0,484.0,1204.0,1204.0,False,1.22,8.44,4693610157,30.6347722,104.0677803
79339,P1,484.0,484.0,1204.0,1204.0,False,2.66,11.32,4779165758,30.6261734,104.0308368
94590,P1,484.0,484.0,1204.0,1204.0,False,0.27,8.0,672349439,30.7229547,104.0720011
150525,P1,485.0,485.0,1205.0,1205.0,False,0.14,8.0,3436486414,30.6422381,104.0487656
153369,P1,485.0,485.0,1205.0,1205.0,False,1.66,9.32,1507266871,30.6992009,104.0788752
154343,P1,485.0,485.0,1205.0,1205.0,False,1.66,9.32,4695640528,30.6151249,104.0271256
59747,P1,485.0,485.0,1205.0,1205.0,False,0.13,8.0,1916516776,30.6164089,104.0158989
64506,P1,485.0,485.0,1205.0,1205.0,False,0.13,8.0,4698894019,30.6107365,104.0340323
21231,P1,486.0,486.0,1206.0,1206.0,False,0.65,8.0,2367361536,30.6186637,104.0644354
223,P1,486.0,486.0,1206.0,1206.0,False,1.78,9.56,4967265402,30.65444,104.09734
3340,P1,486.0,486.0,1206.0,1206.0,False,1.9,9.8,4550018582,30.6476315,104.011387
45321,P1,486.0,486.0,1206.0,1206.0,False,1.78,9.56,1916386533,30.6449414,104.0160681
78415,P1,486.0,486.0,1206.0,1206.0,False,1.9,9.8,4963999555,30.71285,104.03605
81259,P1,486.0,486.0,1206.0,1206.0,False,1.16,8.32,4107377015,30.6321849,104.0007438
121567,P1,487.0,487.0,1207.0,1207.0,False,0.23,8.0,5422574947,30.69227,104.07631
13828,P1,487.0,487.0,1207.0,1207.0,False,0.19,8.0,1159447643,30.6732409,104.0301527
144507,P1,487.0,487.0,1207.0,1207.0,False,0.63,8.0,2041337974,30.6766401,104.1026365
161237,P1,487.0,487.0,1207.0,1207.0,False,0.32,8.0,4695640656,30.6179593,104.0247902
170913,P1,487.0,487.0,1207.0,1207.0,False,0.63,8.0,3196147286,30.7108617,104.0213924
31016,P1,487.0,487.0,1207.0,1207.0,False,1.76,9.52,4799195763,30.613382,103.9878683
126831,P1,488.0,488.0,1208.0,1208.0,False,0.86,8.0,1459896462,30.6431175,104.1058752
139935,P1,488.0,488.0,1208.0,1208.0,False,0.34,8.0,2838556821,30.6252506,104.1047108
162042,P1,488.0,488.0,1208.0,1208.0,False,3.23,12.46,2843286549,30.6908658,104.0605784
2466,P1,488.0,488.0,1208.0,1208.0,False,2.01,10.02,3761409984,30.6301996,104.0710104
30163,P1,488.0,488.0,1208.0,1208.0,False,3.23,12.46,1159149361,30.64832,104.0773
82456,P1,488.0,488.0,1208.0,1208.0,False,1.41,8.82,3680361240,30.6588392,104.0262574
87739,P1,488.0,488.0,1208.0,1208.0,False,1.41,8.82,465203748,30.7065487,104.1011808
109333,P1,489.0,489.0,1209.0,1209.0,False,1.95,9.9,4217837143,30.6271727,104.0430976
139160,P1,489.0,489.0,1209.0,1209.0,False,1.39,8.78,3087817454,30.6474565,104.0068706
173516,P1,489.0,489.0,1209.0,1209.0,False,1.95,9.9,3582961906,30.638167,104.0442319
59173,P1,489.0,489.0,1209.0,1209.0,False,1.13,8.26,3541401904,30.6999243,104.0012048
167981,P1,490.0,490.0,1210.0,1210.0,False,0.65,8.0,5375783894,30.6558234,103.9917165
184324,P1,490.0,490.0,1210.0,1210.0,False,0.46,8.0,3562033468,30.7085475,104.0749813
49773,P1,490.0,490.0,1210.0,1210.0,False,0.44,8.0,2204171412,30.7213341,104.0984937
83931,P1,490.0,490.0,1210.0,1210.0,False,1.88,9.76,3633008416,30.67007,104.03819
854,P1,490.0,490.0,1210.0,1210.0,False,0.11,8.0,4220546259,30.654465,104.0754705
172783,P1,491.0,491.0,1211.0,1211.0,False,0.37,8.0,5375784234,30.633181,104.0093708
191985,P1,491.0,491.0,1211.0,1211.0,False,1.93,9.86,432452875,30.6140965,104.0551444
63070,P1,491.0,491.0,1211.0,1211.0,False,0.58,8.0,5141468652,30.6399839,104.0936737
90491,P1,491.0,491.0,1211.0,1211.0,False,0.65,8.0,432442597,30.68653,104.0244
91628,P1,491.0,491.0,1211.0,1211.0,False,1.51,9.02,1492416227,30.6273948,104.0641628
93636,P1,491.0,491.0,1211.0,1211.0,False,1.65,9.3,432452896,30.618552,104.060157
123454,P1,492.0,492.0,1212.0,1212.0,False,0.76,8.0,4903105808,30.6533895,104.0823842
152184,P1,492.0,492.0,1212.0,1212.0,False,1.47,8.94,3516900120,30.6710255,104.0821581
153436,P1,492.0,492.0,1212.0,1212.0,False,1.97,9.94,2214043181,30.6243233,104.0874931
22494,P1,492.0,492.0,1212.0,1212.0,False,0.67,8.0,1916401375,30.6119248,104.0250889
9002,P1,492.0,492.0,1212.0,1212.0,False,1.46,8.92,3680077523,30.6573867,104.0163236
122047,P1,493.0,493.0,1213.0,1213.0,False,1.09,8.18,2180630915,30.6996188,104.0518201
154416,P1,493.0,493.0,1213.0,1213.0,False,0.41,8.0,4548259534,30.6533949,104.0296284
169680,P1,493.0,493.0,1213.0,1213.0,False,1.15,8.3,2202826072,30.6138802,104.023297
41472,P1,493.0,493.0,1213.0,1213.0,False,0.96,8.0,2329115975,30.622713,104.0732706
62278,P1,493.0,493.0,1213.0,1213.0,False,2.54,11.08,5375783920,30.6571479,103.9965859
70090,P1,493.0,493.0,1213.0,1213.0,False,0.58,8.0,1492619520,30.6225365,104.0616524
87785,P1,493.0,493.0,1213.0,1213.0,False,0.95,8.0,314635476,30.6395178,104.0337337
88117,P1,493.0,493.0,1213.0,1213.0,False,1.5,9.0,3523298664,30.6318984,104.0466713
11480,P1,494.0,494.0,1214.0,1214.0,False,1.73,9.46,3562086841,30.6763615,104.0432669
168213,P1,494.0,494.0,1214.0,1214.0,False,0.26,8.0,4548259685,30.6905,104.0488024
22652,P1,494.0,494.0,1214.0,1214.0,False,0.27,8.0,5375783897,30.6565525,103.9919847
30847,P1,494.0,494.0,1214.0,1214.0,False,0.71,8.0,5283966329,30.703306,104.09161
56921,P1,494.0,494.0,1214.0,1214.0,False,0.71,8.0,1492405916,30.6362724,104.0642502
63791,P1,494.0,494.0,1214.0,1214.0,False,1.73,9.46,4772448419,30.6816875,104.007727
95571,P1,494.0,494.0,1214.0,1214.0,False,2.34,10.68,672405808,30.65716,104.08104
124693,P1,495.0,495.0,1215.0,1215.0,False,1.26,8.52,4548211260,30.6337186,104.0338666
124924,P1,495.0,495.0,1215.0,1215.0,False,1.45,8.9,2472030046,30.6618366,104.0628434
44343,P1,495.0,495.0,1215.0,1215.0,False,1.45,8.9,4505485122,30.6374121,104.0785068
47318,P1,495.0,495.0,1215.0,1215.0,False,1.53,9.06,4794975945,30.639873,104.0639714
138607,P1,496.0,496.0,1216.0,1216.0,False,3.61,13.22,5055908306,30.7077778,104.113684
163392,P1,496.0,496.0,1216.0,1216.0,False,2.33,10.66,432442582,30.6902661,104.0241873
181938,P1,496.0,496.0,1216.0,1216.0,False,0.89,8.0,4772463291,30.661337,104.0435044
6517,P1,496.0,496.0,1216.0,1216.0,False,1.49,8.98,4444112346,30.7213619,104.1031379
76095,P1,496.0,496.0,1216.0,1216.0,False,2.33,10.66,4548211443,30.67399,104.06923
133245,P1,497.0,497.0,1217.0,1217.0,False,0.37,8.0,3034029073,30.6833556,103.9875599
138370,P1,497.0,497.0,1217.0,1217.0,False,1.27,8.54,1459915728,30.6475007,104.1037665
179897,P1,497.0,497.0,1217.0,1217.0,False,3.98,13.96,4695662942,30.6117038,104.0326833
179967,P1,497.0,497.0,1217.0,1217.0,False,1.03,8.06,4106681976,30.6416864,103.9792544
192199,P1,497.0,497.0,1217.0,1217.0,False,1.64,9.28,1964394669,30.66918,104.10666
959,P1,497.0,497.0,1217.0,1217.0,False,0.66,8.0,4693610149,30.6351322,104.0669106
114517,P1,498.0,498.0,1218.0,1218.0,False,1.0,8.0,1459074845,30.6462622,104.1076544
123054,P1,498.0,498.0,1218.0,1218.0,False,1.0,8.0,2217714910,30.6609371,104.0664485
129263,P1,498.0,498.0,1218.0,1218.0,False,1.34,8.68,4294722532,30.63998,104.00207
42356,P1,498.0,498.0,1218.0,1218.0,False,2.32,10.64,5141328735,30.6122456,104.0645168
145115,P1,499.0,499.0,1219.0,1219.0,False,0.89,8.0,1885342922,30.6779702,104.1003305
34714,P1,499.0,499.0,1219.0,1219.0,False,0.5,8.0,5211343344,30.6476004,104.0136879
72132,P1,499.0,499.0,1219.0,1219.0,False,0.31,8.0,3034330089,30.6584583,104.0970957
83441,P1,499.0,499.0,1219.0,1219.0,False,0.8,8.0,2691023135,30.7178472,103.9866003
154380,P1,500.0,500.0,1220.0,1220.0,False,1.15,8.3,4550018818,30.6257653,103.982709
161105,P1,500.0,500.0,1220.0,1220.0,False,0.85,8.0,4699007191,30.6102296,104.0321191
57157,P1,500.0,500.0,1220.0,1220.0,False,2.55,11.1,5218239984,30.6976641,104.0522938
66995,P1,500.0,500.0,1220.0,1220.0,False,0.85,8.0,1159149348,30.656578,104.05236
84739,P1,500.0,500.0,1220.0,1220.0,False,0.39,8.0,5283966128,30.63287,104.10907
178732,P1,501.0,501.0,1221.0,1221.0,False,1.1,8.2,441159328,30.7214723,104.0992784
184407,P1,501.0,501.0,1221.0,1221.0,False,1.21,8.42,4967265774,30.7058479,104.0076694
33424,P1,501.0,501.0,1221.0,1221.0,False,3.45,12.9,1305816715,30.640764,104.0796301
52789,P1,501.0,501.0,1221.0,1221.0,False,0.2,8.0,5359113193,30.676772,104.0129747
122687,P1,502.0,502.0,1222.0,1222.0,False,1.91,9.82,3562015379,30.662436,104.08183
123027,P1,502.0,502.0,1222.0,1222.0,False,1.86,9.72,2039561237,30.68033,104.10536
131381,P1,502.0,502.0,1222.0,1222.0,False,1.14,8.28,3034029059,30.6827611,104.0065888
133563,P1,502.0,502.0,1222.0,1222.0,False,0.83,8.0,5053143827,30.70365,103.99579
144391,P1,502.0,502.0,1222.0,1222.0,False,0.19,8.0,5213253142,30.666143,104.10951
161384,P1,502.0,502.0,1222.0,1222.0,False,1.24,8.48,4695700268,30.6140921,104.0182043
167725,P1,502.0,502.0,1222.0,1222.0,False,0.83,8.0,432442859,30.6727101,103.9961226
187807,P1,502.0,502.0,1222.0,1222.0,False,1.36,8.72,4230593015,30.6417114,104.088153
208508,P1,502.0,502.0,1222.0,1222.0,False,0.05,8.0,5213238579,30.6359443,104.0647239
52326,P1,502.0,502.0,1222.0,1222.0,False,1.07,8.14,4548211609,30.6261413,104.0474114
63395,P1,502.0,502.0,1222.0,1222.0,False,1.14,8.28,2534035138,30.6758238,104.0718857
16615,P1,503.0,503.0,1223.0,1223.0,False,2.79,11.58,4549993123,30.70324,104.03325
173512,P1,503.0,503.0,1223.0,1223.0,False,0.31,8.0,5211390925,30.6577715,103.9908127
192393,P1,503.0,503.0,1223.0,1223.0,False,0.53,8.0,4748166167,30.6172082,104.0217789
200967,P1,503.0,503.0,1223.0,1223.0,False,1.46,8.92,1445517492,30.64939,104.06187
208796,P1,503.0,503.0,1223.0,1223.0,False,2.88,11.76,4877268821,30.6996921,104.0642633
34413,P1,503.0,503.0,1223.0,1223.0,False,2.88,11.76,4701577731,30.6129639,104.0722921
150333,P1,504.0,504.0,1224.0,1224.0,False,1.13,8.26,4698894061,30.6099128,104.0357434
150803,P1,504.0,504.0,1224.0,1224.0,False,1.21,8.42,1311904439,30.6447965,104.0779901
162384,P1,504.0,504.0,1224.0,1224.0,False,1.41,8.82,4106681973,30.6405714,103.9752821
162520,P1,504.0,504.0,1224.0,1224.0,False,1.41,8.82,5367313639,30.6339083,103.9831687
174228,P1,504.0,504.0,1224.0,1224.0,False,1.13,8.26,1159172636,30.6229853,104.0775336
176243,P1,504.0,504.0,1224.0,1224.0,False,2.11,10.22,3582961906,30.638083,104.04433
189107,P1,504.0,504.0,1224.0,1224.0,False,1.78,9.56,4394309249,30.63071,104.03937
67973,P1,504.0,504.0,1224.0,1224.0,False,1.01,8.02,337539180,30.626979,104.0300841
109565,P1,505.0,505.0,1225.0,1225.0,False,0.48,8.0,5375783426,30.6250323,104.0039095
15635,P1,505.0,505.0,1225.0,1225.0,False,1.92,9.84,5053143827,30.70726,103.99497
177117,P1,505.0,505.0,1225.0,1225.0,False,0.45,8.0,3582236095,30.7193016,103.9917401
44045,P1,505.0,505.0,1225.0,1225.0,False,0.89,8.0,2868588325,30.663813,104.086062
51260,P1,505.0,505.0,1225.0,1225.0,False,1.92,9.84,4693610128,30.636029,104.0718871
146891,P1,506.0,506.0,1226.0,1226.0,False,1.91,9.82,3028924418,30.6308253,104.0459236
153191,P1,506.0,506.0,1226.0,1226.0,False,0.58,8.0,4549993124,30.7049732,104.0388722
67331,P1,506.0,506.0,1226.0,1226.0,False,0.3,8.0,1159131825,30.6637865,104.0774781
109432,P1,507.0,507.0,1227.0,1227.0,False,0.21,8.0,4695662943,30.6116347,104.0323155
119306,P1,507.0,507.0,1227.0,1227.0,False,0.21,8.0,4693610086,30.6242448,104.0721193
174385,P1,507.0,507.0,1227.0,1227.0,False,1.2,8.4,4978441007,30.6942197,104.109236
42522,P1,507.0,507.0,1227.0,1227.0,False,2.37,10.74,1819305504,30.6322292,104.1058112
563,P1,507.0,507.0,1227.0,1227.0,False,0.21,8.0,1159488324,30.693682,104.07292
68415,P1,507.0,507.0,1227.0,1227.0,False,0.66,8.0,3445813122,30.6622,104.08057
193079,P1,508.0,508.0,1228.0,1228.0,False,0.97,8.0,1339701407,30.7097361,104.0429594
23256,P1,508.0,508.0,1228.0,1228.0,False,1.93,9.86,1159450070,30.6683962,104.0309036
66707,P1,508.0,508.0,1228.0,1228.0,False,0.02,8.0,2843289913,30.68511,104.05941
75425,P1,508.0,508.0,1228.0,1228.0,False,1.17,8.34,2041530098,30.6903526,104.0880269
106065,P1,509.0,509.0,1229.0,1229.0,False,1.48,8.96,4695601292,30.6117877,104.0289365
12190,P1,509.0,509.0,1229.0,1229.0,False,1.48,8.96,4359390978,30.723514,104.0587727
122511,P1,509.0,509.0,1229.0,1229.0,False,1.32,8.64,5359113186,30.6767228,104.0118173
150863,P1,509.0,509.0,1229.0,1229.0,False,2.99,11.98,672360527,30.65184,104.092705
159720,P1,509.0,509.0,1229.0,1229.0,False,0.54,8.0,3633008394,30.6687246,104.0380706
194891,P1,509.0,509.0,1229.0,1229.0,False,1.36,8.72,3562028076,30.65981,104.09399
68393,P1,509.0,509.0,1229.0,1229.0,False,1.47,8.94,3069351790,30.6338674,103.988757
100137,P1,510.0,510.0,1230.0,1230.0,False,0.47,8.0,1956502810,30.6904594,104.1042347
120579,P1,510.0,510.0,1230.0,1230.0,False,2.28,10.56,432432462,30.651193,104.0546271
126778,P1,510.0,510.0,1230.0,1230.0,False,2.25,10.5,5141468723,30.6350318,104.0941188
160919,P1,510.0,510.0,1230.0,1230.0,False,0.47,8.0,2908404375,30.64572,104.09229
23244,P1,510.0,510.0,1230.0,1230.0,False,1.47,8.94,2731945731,30.6109921,104.092352
23999,P1,510.0,510.0,1230.0,1230.0,False,0.59,8.0,3034408997,30.70264,104.0908
26252,P1,510.0,510.0,1230.0,1230.0,False,0.13,8.0,5213253131,30.7228121,104.0720845
48969,P1,510.0,510.0,1230.0,1230.0,False,2.84,11.68,4695601445,30.6116619,104.0278827
73616,P1,510.0,510.0,1230.0,1230.0,False,0.96,8.0,671581756,30.6250493,104.0743017
181399,P1,511.0,511.0,1231.0,1231.0,False,0.36,8.0,4548259612,30.6916,104.04752
45163,P1,511.0,511.0,1231.0,1231.0,False,0.66,8.0,1159488308,30.689129,104.07361
92506,P1,511.0,511.0,1231.0,1231.0,False,0.66,8.0,432442961,30.6781429,104.012142
105847,P1,512.0,512.0,1232.0,1232.0,False,1.5,9.0,3087817504,30.6681831,103.9926696
116317,P1,512.0,512.0,1232.0,1232.0,False,3.37,12.74,2930487776,30.7246179,104.0988442
127679,P1,512.0,512.0,1232.0,1232.0,False,1.28,8.56,3034029058,30.6848462,104.0020616
167168,P1,512.0,512.0,1232.0,1232.0,False,3.55,13.1,5186309506,30.6747224,104.0088021
4172,P1,512.0,512.0,1232.0,1232.0,False,3.55,13.1,432442863,30.672203,104.0015513
47585,P1,512.0,512.0,1232.0,1232.0,False,1.5,9.0,4106682180,30.6570925,103.9807985
118942,P1,513.0,513.0,1233.0,1233.0,False,0.8,8.0,3680099795,30.6459911,104.0268763
128019,P1,513.0,513.0,1233.0,1233.0,False,0.11,8.0,4772463273,30.66021,104.0458
160820,P1,513.0,513.0,1233.0,1233.0,False,0.67,8.0,314635465,30.6442719,104.0350372
169171,P1,513.0,513.0,1233.0,1233.0,False,2.78,11.56,4585443316,30.6648806,104.048076
177972,P1,513.0,513.0,1233.0,1233.0,False,3.03,12.06,3597807847,30.7142127,104.0047842
180668,P1,513.0,513.0,1233.0,1233.0,False,1.23,8.46,3436486422,30.6421433,104.0460657
201767,P1,513.0,513.0,1233.0,1233.0,False,0.61,8.0,2907361696,30.64237,104.09126
28859,P1,513.0,513.0,1233.0,1233.0,False,1.39,8.78,1159149120,30.65581,104.06978
5219,P1,513.0,513.0,1233.0,1233.0,False,2.47,10.94,2709032707,30.6243928,104.0867207
55395,P1,513.0,513.0,1233.0,1233.0,False,0.99,8.0,4794944078,30.64485,104.06343
81564,P1,513.0,513.0,1233.0,1233.0,False,1.51,9.02,3614062279,30.6659633,104.0579463
121559,P1,514.0,514.0,1234.0,1234.0,False,0.66,8.0,4548211332,30.68236,104.04104
148815,P1,514.0,514.0,1234.0,1234.0,False,1.78,9.56,288416379,30.69043,104.08511
169353,P1,514.0,514.0,1234.0,1234.0,False,2.46,10.92,4779165787,30.6338618,104.0738243
39899,P1,514.0,514.0,1234.0,1234.0,False,1.17,8.34,2631867280,30.68747,104.0884
135576,P1,515.0,515.0,1235.0,1235.0,False,1.75,9.5,5141468738,30.6332097,104.0949246
154790,P1,515.0,515.0,1235.0,1235.0,False,1.16,8.32,4987535020,30.6259363,104.014581
172863,P1,515.0,515.0,1235.0,1235.0,False,1.16,8.32,5310712649,30.6640719,104.1094279
31723,P1,515.0,515.0,1235.0,1235.0,False,1.55,9.1,5375784150,30.6460674,104.0018445
55294,P1,515.0,515.0,1235.0,1235.0,False,1.17,8.34,2180630926,30.6985825,104.0518268
78839,P1,515.0,515.0,1235.0,1235.0,False,0.33,8.0,2039561240,30.68968,104.10695
114115,P1,516.0,516.0,1236.0,1236.0,False,2.59,11.18,3034029045,30.69209,104.00601
116237,P1,516.0,516.0,1236.0,1236.0,False,1.61,9.22,3034409149,30.7200862,104.0803675
125728,P1,516.0,516.0,1236.0,1236.0,False,2.89,11.78,439751903,30.6729112,103.9862177
132899,P1,516.0,516.0,1236.0,1236.0,False,1.46,8.92,1159229567,30.67055,104.09577
158800,P1,516.0,516.0,1236.0,1236.0,False,0.49,8.0,1956554705,30.674965,104.1099524
41826,P1,516.0,516.0,1236.0,1236.0,False,1.23,8.46,1159148557,30.6638613,104.0728561
46635,P1,516.0,516.0,1236.0,1236.0,False,2.89,11.78,2558636073,30.6277602,104.0230006
117218,P1,517.0,517.0,1237.0,1237.0,False,1.25,8.5,2472030047,30.6608763,104.0628845
118439,P1,517.0,517.0,1237.0,1237.0,False,1.45,8.9,1153895612,30.68401,104.04443
125179,P1,517.0,517.0,1237.0,1237.0,False,0.87,8.0,3943038380,30.64274,104.06152
134407,P1,517.0,517.0,1237.0,1237.0,False,0.89,8.0,1301933031,30.65305,104.07136
144508,P1,517.0,517.0,1237.0,1237.0,False,2.05,10.1,4699007414,30.6151936,104.0444383
159407,P1,517.0,517.0,1237.0,1237.0,False,2.05,10.1,432452884,30.618444,104.0550056
165183,P1,517.0,517.0,1237.0,1237.0,False,0.26,8.0,314635503,30.6253797,104.0422971
176149,P1,517.0,517.0,1237.0,1237.0,False,1.45,8.9,4987534948,30.6272888,104.0114351
19064,P1,517.0,517.0,1237.0,1237.0,False,0.44,8.0,2908601185,30.6435054,104.0881332
207310,P1,517.0,517.0,1237.0,1237.0,False,0.26,8.0,4693609959,30.6292028,104.0730941
34788,P1,517.0,517.0,1237.0,1237.0,False,2.05,10.1,4987534962,30.622065,104.006195
69327,P1,517.0,517.0,1237.0,1237.0,False,0.87,8.0,4964137428,30.7101195,104.0190795
122731,P1,518.0,518.0,1238.0,1238.0,False,0.44,8.0,3562110283,30.65309,104.08174
135946,P1,518.0,518.0,1238.0,1238.0,False,0.68,8.0,4217837114,30.6268417,104.0437777
22907,P1,518.0,518.0,1238.0,1238.0,False,0.92,8.0,4693647097,30.6320632,104.0725698
55271,P1,518.0,518.0,1238.0,1238.0,False,1.17,8.34,1458959874,30.66732,104.08359
112029,P1,519.0,519.0,1239.0,1239.0,False,2.98,11.96,1159228848,30.6850292,104.1073502
12479,P1,519.0,519.0,1239.0,1239.0,False,1.76,9.52,441187240,30.67395,104.06515
162435,P1,519.0,519.0,1239.0,1239.0,False,0.85,8.0,2722829541,30.7065,104.04929
192551,P1,519.0,519.0,1239.0,1239.0,False,0.63,8.0,4437994405,30.6900887,104.0958689
47988,P1,519.0,519.0,1239.0,1239.0,False,0.7,8.0,5100157874,30.6331505,104.0804283
68562,P1,519.0,519.0,1239.0,1239.0,False,0.39,8.0,4799195760,30.6252866,103.9963939
89000,P1,519.0,519.0,1239.0,1239.0,False,2.98,11.96,2847176002,30.6660674,104.108572
118640,P1,520.0,520.0,1240.0,1240.0,False,0.93,8.0,4878041005,30.6219621,104.0995531
130744,P1,520.0,520.0,1240.0,1240.0,False,2.02,10.04,671600406,30.6701426,104.0350098
13223,P1,520.0,520.0,1240.0,1240.0,False,0.61,8.0,3034409145,30.7179159,104.1075828
141504,P1,520.0,520.0,1240.0,1240.0,False,1.34,8.68,4548209362,30.6475786,104.0203284
142323,P1,520.0,520.0,1240.0,1240.0,False,0.01,8.0,3199773577,30.69928,104.10685
207435,P1,520.0,520.0,1240.0,1240.0,False,0.12,8.0,1159502916,30.68981,104.03266
32220,P1,520.0,520.0,1240.0,1240.0,False,1.44,8.88,3562047414,30.7217508,104.0499616
58925,P1,520.0,520.0,1240.0,1240.0,False,0.01,8.0,432452875,30.6140965,104.0551444
70682,P1,520.0,520.0,1240.0,1240.0,False,1.21,8.42,3927877871,30.6765872,103.9878448
78565,P1,520.0,520.0,1240.0,1240.0,False,1.75,9.5,4779165781,30.6360577,104.0730284
83771,P1,520.0,520.0,1240.0,1240.0,False,1.75,9.5,4548211254,30.6609773,104.0685613
102034,P1,521.0,521.0,1241.0,1241.0,False,0.24,8.0,5436607838,30.6359784,104.0640423
174179,P1,521.0,521.0,1241.0,1241.0,False,0.57,8.0,5141328432,30.6121324,104.0578381
184013,P1,521.0,521.0,1241.0,1241.0,False,1.13,8.26,3541401922,30.7018149,104.0085222
198689,P1,521.0,521.0,1241.0,1241.0,False,1.35,8.7,1507236193,30.7116123,104.0780802
207022,P1,521.0,521.0,1241.0,1241.0,False,1.13,8.26,4978440957,30.6810723,104.0745271
207347,P1,521.0,521.0,1241.0,1241.0,False,1.16,8.32,1301932975,30.655659,104.07172
44424,P1,521.0,521.0,1241.0,1241.0,False,2.12,10.24,2956775229,30.7124387,104.0371229
46048,P1,521.0,521.0,1241.0,1241.0,False,2.12,10.24,1918505692,30.612219,104.0042084
5247,P1,521.0,521.0,1241.0,1241.0,False,0.57,8.0,3614062391,30.674421,104.04935
100784,P1,522.0,522.0,1242.0,1242.0,False,1.49,8.98,5141326917,30.6102598,104.0592811
135982,P1,522.0,522.0,1242.0,1242.0,False,0.79,8.0,2214044357,30.6227483,104.0832674
153949,P1,522.0,522.0,1242.0,1242.0,False,0.49,8.0,1072698538,30.717676,104.0701695
163937,P1,522.0,522.0,1242.0,1242.0,False,2.51,11.02,4549993411,30.6925901,104.037526
43167,P1,522.0,522.0,1242.0,1242.0,False,1.58,9.16,441159999,30.720372,104.1021867
5692,P1,522.0,522.0,1242.0,1242.0,False,1.58,9.16,4438008291,30.6912674,104.0937124
118138,P1,523.0,523.0,1243.0,1243.0,False,0.83,8.0,432442905,30.6718581,104.0248203
15559,P1,523.0,523.0,1243.0,1243.0,False,3.48,12.96,1756193229,30.6398068,104.0277389
158865,P1,523.0,523.0,1243.0,1243.0,False,1.94,9.88,5141468798,30.6300913,104.1021875
175550,P1,523.0,523.0,1243.0,1243.0,False,0.06,8.0,4187237189,30.6816442,104.0094268
175983,P1,523.0,523.0,1243.0,1243.0,False,0.07,8.0,4695601754,30.6101253,104.0350762
8510,P1,523.0,523.0,1243.0,1243.0,False,0.64,8.0,5283966211,30.7016962,104.1007108
115803,P1,524.0,524.0,1244.0,1244.0,False,0.06,8.0,3582245799,30.715437,103.9960378
145427,P1,524.0,524.0,1244.0,1244.0,False,2.02,10.04,4102465473,30.6858666,104.0419896
160945,P1,524.0,524.0,1244.0,1244.0,False,1.6,9.2,1156126882,30.6721011,104.0715837
162486,P1,524.0,524.0,1244.0,1244.0,False,1.6,9.2,4106681930,30.6201312,103.9829283
164127,P1,524.0,524.0,1244.0,1244.0,False,0.51,8.0,4721452999,30.70476,104.08337
16859,P1,524.0,524.0,1244.0,1244.0,False,1.52,9.04,4693610161,30.63434,104.0681102
171629,P1,524.0,524.0,1244.0,1244.0,False,1.6,9.2,4693610154,30.6343798,104.0678027
191958,P1,524.0,524.0,1244.0,1244.0,False,1.86,9.72,1159504057,30.6987062,104.0231681
32820,P1,524.0,524.0,1244.0,1244.0,False,0.21,8.0,1885342904,30.6791715,104.0982216
3299,P1,524.0,524.0,1244.0,1244.0,False,1.86,9.72,2276405725,30.62088,104.09133
39746,P1,524.0,524.0,1244.0,1244.0,False,0.51,8.0,5141468696,30.6360241,104.0937883
75314,P1,524.0,524.0,1244.0,1244.0,False,1.52,9.04,5213238565,30.6523331,104.093325
92690,P1,524.0,524.0,1244.0,1244.0,False,1.52,9.04,3579517898,30.6642286,104.0579814
126131,P1,525.0,525.0,1245.0,1245.0,False,1.6,9.2,3523298663,30.643196,104.04444
179141,P1,525.0,525.0,1245.0,1245.0,False,0.93,8.0,5375783804,30.6552189,104.0001789
40434,P1,525.0,525.0,1245.0,1245.0,False,0.84,8.0,1916516774,30.6246858,104.0051368
60208,P1,525.0,525.0,1245.0,1245.0,False,0.38,8.0,1159227704,30.6969675,104.0523384
163140,P1,526.0,526.0,1246.0,1246.0,False,1.73,9.46,4987534933,30.6228829,104.0147805
28674,P1,526.0,526.0,1246.0,1246.0,False,1.03,8.06,5211368071,30.6756843,103.9677104
32873,P1,526.0,526.0,1246.0,1246.0,False,0.59,8.0,4701400719,30.6226229,104.0678905
48043,P1,526.0,526.0,1246.0,1246.0,False,0.05,8.0,5218240009,30.7020275,104.0500877
94362,P1,526.0,526.0,1246.0,1246.0,False,1.03,8.06,3541393464,30.6862686,104.0224797
13357,P1,527.0,527.0,1247.0,1247.0,False,0.49,8.0,1159175447,30.6246772,104.0715928
44619,P1,527.0,527.0,1247.0,1247.0,False,2.24,10.48,1964427885,30.6673,104.10527
99456,P1,527.0,527.0,1247.0,1247.0,False,1.13,8.26,4230611257,30.650756,104.0728978
23359,P1,528.0,528.0,1248.0,1248.0,False,1.46,8.92,5375784263,30.625793,104.0054355
392,P1,528.0,528.0,1248.0,1248.0,False,0.52,8.0,4699007281,30.6150398,104.0349117
43695,P1,528.0,528.0,1248.0,1248.0,False,0.97,8.0,1311904426,30.64704,104.07447
53383,P1,528.0,528.0,1248.0,1248.0,False,2.17,10.34,4695601346,30.6096602,104.0295593
61938,P1,528.0,528.0,1248.0,1248.0,False,0.54,8.0,4220546259,30.654465,104.0754705
77799,P1,528.0,528.0,1248.0,1248.0,False,0.98,8.0,432432525,30.6541574,104.0509847
81889,P1,528.0,528.0,1248.0,1248.0,False,1.46,8.92,2726869945,30.6784606,104.0389184
104133,P1,529.0,529.0,1249.0,1249.0,False,2.64,11.28,4548259305,30.6634497,104.0055428
123901,P1,529.0,529.0,1249.0,1249.0,False,1.16,8.32,2441172228,30.6763246,103.9931244
1496,P1,529.0,529.0,1249.0,1249.0,False,0.66,8.0,4069514796,30.7232749,103.9780691
190080,P1,529.0,529.0,1249.0,1249.0,False,0.4,8.0,4703149483,30.611085,104.0681825
191934,P1,529.0,529.0,1249.0,1249.0,False,1.69,9.38,2204171375,30.7253223,104.0765603
20334,P1,529.0,529.0,1249.0,1249.0,False,1.19,8.38,4794975964,30.6425036,104.0562795
203962,P1,529.0,529.0,1249.0,1249.0,False,0.64,8.0,1918491728,30.6419112,103.9986259
34085,P1,529.0,529.0,1249.0,1249.0,False,1.16,8.32,4449099857,30.6465315,104.1061508
61107,P1,529.0,529.0,1249.0,1249.0,False,2.64,11.28,5141458206,30.6320768,104.0772443
72894,P1,529.0,529.0,1249.0,1249.0,False,0.05,8.0,4699007404,30.6178769,104.0431712
118651,P1,530.0,530.0,1250.0,1250.0,False,0.53,8.0,3445813119,30.6601,104.07836
120623,P1,530.0,530.0,1250.0,1250.0,False,0.56,8.0,432442906,30.6720808,104.0228395
123576,P1,530.0,530.0,1250.0,1250.0,False,1.22,8.44,4550769332,30.6364078,104.0966474
156391,P1,530.0,530.0,1250.0,1250.0,False,3.38,12.76,3199773577,30.7002921,104.1076309
160871,P1,530.0,530.0,1250.0,1250.0,False,0.96,8.0,4548141026,30.62533,104.07436
184162,P1,530.0,530.0,1250.0,1250.0,False,0.53,8.0,5436607845,30.6362175,104.0642533
50717,P1,530.0,530.0,1250.0,1250.0,False,0.56,8.0,4992013263,30.6110282,104.0743086
67962,P1,530.0,530.0,1250.0,1250.0,False,1.27,8.54,1313065965,30.6412341,104.0854812
89157,P1,530.0,530.0,1250.0,1250.0,False,0.67,8.0,4106682201,30.6589521,103.9710179
110276,P1,531.0,531.0,1251.0,1251.0,False,1.13,8.26,1159171635,30.6264052,104.0816035
207586,P1,531.0,531.0,1251.0,1251.0,False,1.21,8.42,314623119,30.6501008,104.0321723
33444,P1,531.0,531.0,1251.0,1251.0,False,1.13,8.26,1455107494,30.6961744,104.106689
45173,P1,531.0,531.0,1251.0,1251.0,False,0.67,8.0,1916386505,30.6258093,104.020754
46959,P1,531.0,531.0,1251.0,1251.0,False,0.1,8.0,3445813130,30.672283,104.07669
7953,P1,531.0,531.0,1251.0,1251.0,False,1.1,8.2,314655429,30.6398782,104.0365362
97704,P1,531.0,531.0,1251.0,1251.0,False,2.36,10.72,4695601473,30.6094204,104.0304958
11173,P1,532.0,532.0,1252.0,1252.0,False,1.14,8.28,1500780822,30.6578618,104.006046
1436,P1,532.0,532.0,1252.0,1252.0,False,1.96,9.92,1586706334,30.7063279,103.9849236
165323,P1,532.0,532.0,1252.0,1252.0,False,2.2,10.4,2917213941,30.64778,104.08838
183352,P1,532.0,532.0,1252.0,1252.0,False,1.74,9.48,432452878,30.6133171,104.0504622
45982,P1,532.0,532.0,1252.0,1252.0,False,0.04,8.0,3033991447,30.6646004,104.0303454
80359,P1,532.0,532.0,1252.0,1252.0,False,0.58,8.0,4877227058,30.6227625,104.1015888
130304,P1,533.0,533.0,1253.0,1253.0,False,1.73,9.46,4695700278,30.6102494,104.0225995
76496,P1,533.0,533.0,1253.0,1253.0,False,1.73,9.46,4062101468,30.7197623,104.0299823
7709,P1,533.0,533.0,1253.0,1253.0,False,2.19,10.38,1500638653,30.6943811,104.0290585
159447,P1,534.0,534.0,1254.0,1254.0,False,0.73,8.0,4550019088,30.6349084,104.0126156
189802,P1,534.0,534.0,1254.0,1254.0,False,0.03,8.0,4548317440,30.6182658,104.0961583
63847,P1,534.0,534.0,1254.0,1254.0,False,0.51,8.0,2133184344,30.62532,104.09825
84826,P1,534.0,534.0,1254.0,1254.0,False,2.48,10.96,5218132872,30.642216,104.110112
133676,P1,535.0,535.0,1255.0,1255.0,False,2.06,10.12,1916386558,30.6438568,104.0122246
155395,P1,535.0,535.0,1255.0,1255.0,False,0.98,8.0,1507261238,30.71334,104.06945
172074,P1,535.0,535.0,1255.0,1255.0,False,2.06,10.12,2662847700,30.6784339,103.994226
185603,P1,535.0,535.0,1255.0,1255.0,False,1.39,8.78,3523298665,30.6303003,104.0500515
33300,P1,535.0,535.0,1255.0,1255.0,False,0.03,8.0,4782067643,30.6234752,104.0305219
40453,P1,535.0,535.0,1255.0,1255.0,False,0.56,8.0,4548211437,30.6750514,104.0655308
47996,P1,535.0,535.0,1255.0,1255.0,False,0.54,8.0,4437994410,30.6916211,104.092746
79952,P1,535.0,535.0,1255.0,1255.0,False,0.32,8.0,1918491728,30.6419112,103.9986259
92915,P1,535.0,535.0,1255.0,1255.0,False,1.28,8.56,4438025580,30.6961,104.0786914
103123,P1,536.0,536.0,1256.0,1256.0,False,2.77,11.54,2135942436,30.6118331,104.0233543
106281,P1,536.0,536.0,1256.0,1256.0,False,1.53,9.06,1918491742,30.6372668,103.9844582
108331,P1,536.0,536.0,1256.0,1256.0,False,1.64,9.28,1885342904,30.67934,104.09846
109026,P1,536.0,536.0,1256.0,1256.0,False,0.18,8.0,4548259626,30.7065227,104.0199793
110793,P1,536.0,536.0,1256.0,1256.0,False,0.18,8.0,3034409154,30.7206961,104.0745041
125073,P1,536.0,536.0,1256.0,1256.0,False,0.08,8.0,1918491726,30.6549607,103.980848
143296,P1,536.0,536.0,1256.0,1256.0,False,0.35,8.0,4548141018,30.6250482,104.0743621
146520,P1,536.0,536.0,1256.0,1256.0,False,1.47,8.94,672349622,30.6992483,104.0790999
162207,P1,536.0,536.0,1256.0,1256.0,False,1.86,9.72,4701577693,30.6166676,104.0695484
28515,P1,536.0,536.0,1256.0,1256.0,False,2.77,11.54,3034330085,30.66555,104.07799
43818,P1,536.0,536.0,1256.0,1256.0,False,2.41,10.82,4695701801,30.612171,104.019493
53074,P1,536.0,536.0,1256.0,1256.0,False,0.93,8.0,1958204248,30.6700116,104.0846121
80330,P1,536.0,536.0,1256.0,1256.0,False,1.54,9.08,3680400099,30.6589341,104.0170394
96951,P1,536.0,536.0,1256.0,1256.0,False,0.11,8.0,3943038380,30.64325,104.06176
130880,P1,537.0,537.0,1257.0,1257.0,False,1.08,8.16,2282013902,30.6183466,103.9664428
166967,P1,537.0,537.0,1257.0,1257.0,False,0.95,8.0,1339762127,30.7159302,104.0452361
188403,P1,537.0,537.0,1257.0,1257.0,False,1.61,9.22,3597807846,30.7155022,104.0080765
50435,P1,537.0,537.0,1257.0,1257.0,False,0.22,8.0,4447946462,30.6531707,104.1127403
62851,P1,537.0,537.0,1257.0,1257.0,False,0.22,8.0,3742070442,30.6535,104.07852
81907,P1,537.0,537.0,1257.0,1257.0,False,2.15,10.3,1815741564,30.687635,104.065025
104671,P1,538.0,538.0,1258.0,1258.0,False,0.49,8.0,2726869945,30.6784606,104.0389184
121404,P1,538.0,538.0,1258.0,1258.0,False,3.33,12.66,2838556820,30.6244798,104.1039932
12268,P1,538.0,538.0,1258.0,1258.0,False,2.46,10.92,5283966328,30.7032603,104.0947294
127685,P1,538.0,538.0,1258.0,1258.0,False,1.27,8.54,1305816759,30.6464541,104.0857502
14243,P1,538.0,538.0,1258.0,1258.0,False,0.95,8.0,5213253134,30.6647737,104.110961
17207,P1,538.0,538.0,1258.0,1258.0,False,1.27,8.54,1458992381,30.6582235,104.0970132
37305,P1,538.0,538.0,1258.0,1258.0,False,0.49,8.0,1457855216,30.6898191,104.0960291
47023,P1,538.0,538.0,1258.0,1258.0,False,0.61,8.0,1159131046,30.6667,104.05926
67387,P1,538.0,538.0,1258.0,1258.0,False,3.33,12.66,3582243027,30.7209293,104.0097864
81874,P1,538.0,538.0,1258.0,1258.0,False,2.07,10.14,2981056908,30.629219,104.0766189
153389,P1,539.0,539.0,1259.0,1259.0,False,0.63,8.0,5141468769,30.6232689,104.0913158
156675,P1,539.0,539.0,1259.0,1259.0,False,3.11,12.22,5218133388,30.6488241,104.1093802
17908,P1,539.0,539.0,1259.0,1259.0,False,3.11,12.22,4779165787,30.6338618,104.0738243
187263,P1,539.0,539.0,1259.0,1259.0,False,3.11,12.22,1159231411,30.686867,104.082466
207742,P1,539.0,539.0,1259.0,1259.0,False,0.37,8.0,1918491756,30.6466341,103.9980508
3842,P1,539.0,539.0,1259.0,1259.0,False,0.63,8.0,1958204341,30.6681243,104.0885161
141586,P1,540.0,540.0,1260.0,1260.0,False,1.54,9.08,4703149502,30.6121048,104.0705107
34513,P1,540.0,540.0,1260.0,1260.0,False,0.22,8.0,1958204061,30.6759934,104.0747179
5424,P1,540.0,540.0,1260.0,1260.0,False,0.41,8.0,5375783426,30.6250323,104.0039095
62906,P1,540.0,540.0,1260.0,1260.0,False,0.27,8.0,314623162,30.6569104,104.0679409
84175,P1,540.0,540.0,1260.0,1260.0,False,0.85,8.0,4534007627,30.70386,104.10293
120793,P1,541.0,541.0,1261.0,1261.0,False,1.05,8.1,2933855168,30.6116845,103.9823549
174005,P1,541.0,541.0,1261.0,1261.0,False,0.58,8.0,4106682089,30.6424464,103.9827084
199267,P1,541.0,541.0,1261.0,1261.0,False,0.68,8.0,2712314632,30.7064434,104.0356675
208061,P1,541.0,541.0,1261.0,1261.0,False,0.48,8.0,4118527358,30.6986791,104.1043531
27697,P1,541.0,541.0,1261.0,1261.0,False,0.68,8.0,4772216922,30.6790537,104.0075277
106111,P1,542.0,542.0,1262.0,1262.0,False,1.06,8.12,3562110274,30.67158,104.06651
109799,P1,542.0,542.0,1262.0,1262.0,False,1.44,8.88,2134826932,30.6719712,103.9856682
146611,P1,542.0,542.0,1262.0,1262.0,False,1.44,8.88,1159157306,30.633998,104.0953469
155828,P1,542.0,542.0,1262.0,1262.0,False,0.16,8.0,4106681949,30.6260866,104.0023914
1906,P1,542.0,542.0,1262.0,1262.0,False,0.86,8.0,4693647096,30.6348677,104.0732236
40716,P1,542.0,542.0,1262.0,1262.0,False,1.06,8.12,2134782152,30.6248024,104.0052579
85608,P1,542.0,542.0,1262.0,1262.0,False,2.15,10.3,432442953,30.67889,104.0162685
120222,P1,543.0,543.0,1263.0,1263.0,False,1.53,9.06,4973209509,30.6136942,104.0420125
133947,P1,543.0,543.0,1263.0,1263.0,False,1.53,9.06,838319887,30.6449947,104.1092735
136591,P1,543.0,543.0,1263.0,1263.0,False,0.75,8.0,1159143854,30.67771,104.08365
148845,P1,543.0,543.0,1263.0,1263.0,False,2.04,10.08,1159455513,30.6651666,104.0447468
169398,P1,543.0,543.0,1263.0,1263.0,False,2.04,10.08,2843294151,30.6975288,104.0482455
18344,P1,543.0,543.0,1263.0,1263.0,False,2.19,10.38,5312164200,30.6675221,104.103321
18629,P1,543.0,543.0,1263.0,1263.0,False,1.24,8.48,2333175599,30.633166,104.0344367
188904,P1,543.0,543.0,1263.0,1263.0,False,0.76,8.0,4773199418,30.6683388,104.0121251
197263,P1,543.0,543.0,1263.0,1263.0,False,0.38,8.0,1445481368,30.6570979,104.063575
60508,P1,543.0,543.0,1263.0,1263.0,False,0.38,8.0,4107377023,30.6368583,103.9985151
60675,P1,543.0,543.0,1263.0,1263.0,False,1.24,8.48,4748166164,30.6186904,104.0214268
7521,P1,543.0,543.0,1263.0,1263.0,False,1.59,9.18,432442861,30.6682935,104.0011089
76865,P1,543.0,543.0,1263.0,1263.0,False,0.95,8.0,1460292091,30.6528214,104.1118217
127244,P1,544.0,544.0,1264.0,1264.0,False,0.15,8.0,3582243020,30.7257132,103.9989372
151659,P1,544.0,544.0,1264.0,1264.0,False,0.79,8.0,4548211606,30.674236,104.0574982
183422,P1,544.0,544.0,1264.0,1264.0,False,1.31,8.62,4106681954,30.6291354,104.0038731
202029,P1,544.0,544.0,1264.0,1264.0,False,0.74,8.0,4393216985,30.6223709,104.0562627
33306,P1,544.0,544.0,1264.0,1264.0,False,2.31,10.62,2041527384,30.6848815,104.0960616
35747,P1,544.0,544.0,1264.0,1264.0,False,1.31,8.62,4294975860,30.6446675,103.9995713
652,P1,544.0,544.0,1264.0,1264.0,False,0.14,8.0,3087817478,30.6534229,103.9991094
117940,P1,545.0,545.0,1265.0,1265.0,False,1.2,8.4,3579517899,30.6687104,104.0535653
134377,P1,545.0,545.0,1265.0,1265.0,False,0.44,8.0,1159155733,30.6409198,104.0925105
193647,P1,545.0,545.0,1265.0,1265.0,False,1.15,8.3,1885342896,30.6788746,104.0972576
28657,P1,545.0,545.0,1265.0,1265.0,False,1.2,8.4,5141468689,30.6371137,104.0931689
30280,P1,545.0,545.0,1265.0,1265.0,False,1.62,9.24,1492615752,30.6230288,104.0630108
43399,P1,545.0,545.0,1265.0,1265.0,False,1.45,8.9,2560005526,30.6290254,104.0215011
56316,P1,545.0,545.0,1265.0,1265.0,False,1.45,8.9,3538771899,30.6539362,104.1144174
79298,P1,545.0,545.0,1265.0,1265.0,False,0.44,8.0,5141328443,30.6117013,104.0558576
82267,P1,545.0,545.0,1265.0,1265.0,False,1.1,8.2,1159474715,30.69456,104.04544
174060,P1,546.0,546.0,1266.0,1266.0,False,1.42,8.84,5213238519,30.659146,104.0790495
178960,P1,546.0,546.0,1266.0,1266.0,False,0.87,8.0,4106682237,30.6814702,103.9979325
198070,P1,546.0,546.0,1266.0,1266.0,False,1.23,8.46,1159478530,30.6769054,104.05131
198161,P1,546.0,546.0,1266.0,1266.0,False,1.03,8.06,2997203344,30.6969552,104.0672581
52728,P1,546.0,546.0,1266.0,1266.0,False,0.35,8.0,4693609964,30.6299579,104.072038
52891,P1,546.0,546.0,1266.0,1266.0,False,0.78,8.0,2691023134,30.71527,103.98739
61419,P1,546.0,546.0,1266.0,1266.0,False,0.84,8.0,4548259677,30.6700194,104.0350055
127454,P1,547.0,547.0,1267.0,1267.0,False,1.67,9.34,5145177731,30.7243842,104.1037235
64915,P1,547.0,547.0,1267.0,1267.0,False,1.97,9.94,1159134936,30.6680286,104.0952597
147657,P1,548.0,548.0,1268.0,1268.0,False,1.77,9.54,1159176227,30.6250578,104.0599734
169452,P1,548.0,548.0,1268.0,1268.0,False,1.62,9.24,4772430844,30.6773366,104.0073327
178755,P1,548.0,548.0,1268.0,1268.0,False,0.76,8.0,5213238458,30.6353996,104.0522992
203082,P1,548.0,548.0,1268.0,1268.0,False,2.62,11.24,4701400692,30.6134241,104.0647008
56021,P1,548.0,548.0,1268.0,1268.0,False,0.38,8.0,2653571759,30.6727472,104.0872997
100477,P1,549.0,549.0,1269.0,1269.0,False,1.41,8.82,4550764002,30.6221814,104.1126046
101423,P1,549.0,549.0,1269.0,1269.0,False,1.41,8.82,3034393462,30.68324,104.04628
162867,P1,549.0,549.0,1269.0,1269.0,False,1.03,8.06,5213238503,30.66032,104.07316
172382,P1,549.0,549.0,1269.0,1269.0,False,0.85,8.0,4548211429,30.6802549,104.0589444
26880,P1,549.0,549.0,1269.0,1269.0,False,0.18,8.0,1504174271,30.7177656,104.0702637
3698,P1,549.0,549.0,1269.0,1269.0,False,1.41,8.82,3516892731,30.6662803,104.0579399
52262,P1,549.0,549.0,1269.0,1269.0,False,1.41,8.82,4394309256,30.6310682,104.0370693
62615,P1,549.0,549.0,1269.0,1269.0,False,1.03,8.06,1445481371,30.6588306,104.0635409
87267,P1,549.0,549.0,1269.0,1269.0,False,1.9,9.8,1916386562,30.64381,104.05811
179865,P1,550.0,550.0,1270.0,1270.0,False,0.02,8.0,4964134710,30.7078091,104.0148026
203732,P1,550.0,550.0,1270.0,1270.0,False,0.81,8.0,4106681972,30.6401081,103.9809856
21600,P1,550.0,550.0,1270.0,1270.0,False,0.03,8.0,1916386506,30.6333933,104.0182052
31981,P1,550.0,550.0,1270.0,1270.0,False,1.82,9.64,4106682231,30.6773645,104.0003262
42116,P1,550.0,550.0,1270.0,1270.0,False,2.38,10.76,4548259642,30.6675864,104.0056781
46757,P1,550.0,550.0,1270.0,1270.0,False,0.81,8.0,5141328630,30.611602,104.0588268
70377,P1,550.0,550.0,1270.0,1270.0,False,0.82,8.0,1290303466,30.6603688,104.076087
121905,P1,551.0,551.0,1271.0,1271.0,False,1.26,8.52,4106682122,30.6445536,103.9852081
138214,P1,551.0,551.0,1271.0,1271.0,False,1.45,8.9,1885342896,30.6788746,104.0972576
148044,P1,551.0,551.0,1271.0,1271.0,False,1.16,8.32,3523314192,30.6251237,104.0536782
157282,P1,551.0,551.0,1271.0,1271.0,False,2.59,11.18,1445516614,30.649811,104.0636048
193131,P1,551.0,551.0,1271.0,1271.0,False,1.04,8.08,4230611271,30.65146,104.07019
93690,P1,551.0,551.0,1271.0,1271.0,False,2.59,11.18,5315745146,30.6882689,104.0565912
147972,P1,552.0,552.0,1272.0,1272.0,False,0.0,8.0,1159477623,30.6751049,104.0502585
164115,P1,552.0,552.0,1272.0,1272.0,False,1.38,8.76,2366951325,30.645901,104.1127591
180330,P1,552.0,552.0,1272.0,1272.0,False,1.1,8.2,2653573002,30.6685143,104.092876
2889,P1,552.0,552.0,1272.0,1272.0,False,1.1,8.2,3562086854,30.6793226,104.0433268
31526,P1,552.0,552.0,1272.0,1272.0,False,1.35,8.7,4880298883,30.6217827,104.1011408
71353,P1,552.0,552.0,1272.0,1272.0,False,0.7,8.0,5141468652,30.6399839,104.0936737
85019,P1,552.0,552.0,1272.0,1272.0,False,1.4,8.8,4118527511,30.70218,104.09569
199091,P1,553.0,553.0,1273.0,1273.0,False,1.97,9.94,1458910133,30.6818887,104.0945196
62793,P1,553.0,553.0,1273.0,1273.0,False,3.12,12.24,1159173784,30.6320216,104.0709797
93683,P1,553.0,553.0,1273.0,1273.0,False,0.91,8.0,1964394675,30.66989,104.10608
114715,P1,554.0,554.0,1274.0,1274.0,False,0.71,8.0,4695601453,30.6105659,104.0279499
135857,P1,554.0,554.0,1274.0,1274.0,False,0.91,8.0,1159225730,30.6980105,104.0516672
160250,P1,554.0,554.0,1274.0,1274.0,False,0.17,8.0,4505485129,30.6347742,104.0849264
168131,P1,554.0,554.0,1274.0,1274.0,False,0.92,8.0,1815741571,30.6863,104.07403
32123,P1,554.0,554.0,1274.0,1274.0,False,0.69,8.0,2344329072,30.65394,104.05378
42390,P1,554.0,554.0,1274.0,1274.0,False,1.44,8.88,4547074305,30.611027,104.0696888
51893,P1,554.0,554.0,1274.0,1274.0,False,1.27,8.54,4900292688,30.6694752,104.0643722
764,P1,554.0,554.0,1274.0,1274.0,False,0.71,8.0,4695662940,30.6122541,104.0315197
86894,P1,554.0,554.0,1274.0,1274.0,False,2.2,10.4,4695640654,30.6157973,104.0245243
88178,P1,554.0,554.0,1274.0,1274.0,False,0.08,8.0,529952557,30.6980299,104.0639187
98721,P1,554.0,554.0,1274.0,1274.0,False,0.92,8.0,4449099839,30.6444114,104.1095664
116347,P1,555.0,555.0,1275.0,1275.0,False,1.37,8.74,3523314186,30.6267236,104.0599377
146016,P1,555.0,555.0,1275.0,1275.0,False,1.57,9.14,4550018931,30.6531037,104.0603723
149904,P1,555.0,555.0,1275.0,1275.0,False,0.72,8.0,1504208933,30.7121505,104.0984302
161363,P1,555.0,555.0,1275.0,1275.0,False,1.68,9.36,4585553608,30.654177,104.026846
166937,P1,555.0,555.0,1275.0,1275.0,False,0.92,8.0,1756176894,30.6779244,104.0677925
180419,P1,555.0,555.0,1275.0,1275.0,False,0.56,8.0,1159149361,30.6483997,104.0753447
201326,P1,555.0,555.0,1275.0,1275.0,False,1.68,9.36,3445794971,30.6623777,104.0739554
26963,P1,555.0,555.0,1275.0,1275.0,False,1.44,8.88,1425996106,30.67064,104.10877
108663,P1,556.0,556.0,1276.0,1276.0,False,2.84,11.68,1492615693,30.624497,104.0644663
134931,P1,556.0,556.0,1276.0,1276.0,False,0.38,8.0,4585517087,30.6304061,104.0558808
202675,P1,556.0,556.0,1276.0,1276.0,False,2.47,10.94,1458553198,30.68181,104.10507
205832,P1,556.0,556.0,1276.0,1276.0,False,1.16,8.32,4572409854,30.6591059,104.0384476
82820,P1,556.0,556.0,1276.0,1276.0,False,2.0,10.0,1492633091,30.6201406,104.0646114
160180,P1,557.0,557.0,1277.0,1277.0,False,1.46,8.92,1159517082,30.6451341,104.0708323
202408,P1,557.0,557.0,1277.0,1277.0,False,1.02,8.04,1492574988,30.6217426,104.0643473
203525,P1,557.0,557.0,1277.0,1277.0,False,2.18,10.36,1072704379,30.7033562,104.0770448
26463,P1,557.0,557.0,1277.0,1277.0,False,1.25,8.5,1964325479,30.67309,104.09793
79915,P1,557.0,557.0,1277.0,1277.0,False,1.04,8.08,1964427886,30.6707,104.10298
89128,P1,557.0,557.0,1277.0,1277.0,False,0.07,8.0,479902270,30.631099,104.0982514
111227,P1,558.0,558.0,1278.0,1278.0,False,2.04,10.08,3562028076,30.65924,104.09171
113968,P1,558.0,558.0,1278.0,1278.0,False,0.59,8.0,2981319486,30.7081174,104.0085289
14508,P1,558.0,558.0,1278.0,1278.0,False,1.08,8.16,4547074337,30.6110262,104.0748027
184053,P1,558.0,558.0,1278.0,1278.0,False,1.68,9.36,314623104,30.6469959,104.0389359
193714,P1,558.0,558.0,1278.0,1278.0,False,2.53,11.06,4695601568,30.6115009,104.0325921
35949,P1,558.0,558.0,1278.0,1278.0,False,0.59,8.0,4772214768,30.6801443,104.005953
58656,P1,558.0,558.0,1278.0,1278.0,False,1.08,8.16,4012382184,30.661393,104.0748132
64943,P1,558.0,558.0,1278.0,1278.0,False,1.96,9.92,1305816694,30.65858,104.07704
91512,P1,558.0,558.0,1278.0,1278.0,False,1.13,8.26,1458561798,30.689514,104.0966765
92150,P1,558.0,558.0,1278.0,1278.0,False,0.71,8.0,1445519250,30.6499656,104.0635128
164825,P1,559.0,559.0,1279.0,1279.0,False,2.46,10.92,4695640642,30.6116592,104.0243512
198964,P1,559.0,559.0,1279.0,1279.0,False,0.08,8.0,3562028073,30.6603369,104.0849014
207276,P1,559.0,559.0,1279.0,1279.0,False,0.08,8.0,4548211276,30.66058,104.058355
73451,P1,559.0,559.0,1279.0,1279.0,False,2.79,11.58,4136052237,30.6101995,104.0478514
84781,P1,559.0,559.0,1279.0,1279.0,False,2.46,10.92,1459067165,30.6427328,104.1054592
147135,P1,560.0,560.0,1280.0,1280.0,False,1.49,8.98,4693609808,30.633099,104.066925
160867,P1,560.0,560.0,1280.0,1280.0,False,0.39,8.0,432432555,30.6564327,104.0454739
164924,P1,560.0,560.0,1280.0,1280.0,False,1.84,9.68,4548211633,30.6568954,104.0680555
168801,P1,560.0,560.0,1280.0,1280.0,False,1.49,8.98,4773199393,30.6716141,104.0144083
194110,P1,560.0,560.0,1280.0,1280.0,False,1.87,9.74,1159945476,30.6552583,104.0574386
196906,P1,560.0,560.0,1280.0,1280.0,False,1.54,9.08,3562086855,30.6812148,104.0427216
31066,P1,560.0,560.0,1280.0,1280.0,False,0.69,8.0,4779165709,30.6371683,104.0250186
53077,P1,560.0,560.0,1280.0,1280.0,False,1.88,9.76,3523298667,30.6334082,104.0476509
71383,P1,560.0,560.0,1280.0,1280.0,False,1.27,8.54,3541427578,30.717228,104.0438
99937,P1,560.0,560.0,1280.0,1280.0,False,0.98,8.0,4106681971,30.6388692,103.9880926
1665,P1,561.0,561.0,1281.0,1281.0,False,0.48,8.0,5367294202,30.685622,103.9889479
177744,P1,561.0,561.0,1281.0,1281.0,False,2.13,10.26,4701577776,30.6234797,104.079999
82896,P1,561.0,561.0,1281.0,1281.0,False,1.63,9.26,3613960006,30.6724147,104.0459399
103587,P1,562.0,562.0,1282.0,1282.0,False,2.27,10.54,1459057464,30.6466569,104.1080476
144623,P1,562.0,562.0,1282.0,1282.0,False,1.13,8.26,5382831199,30.6750989,104.0965444
153815,P1,562.0,562.0,1282.0,1282.0,False,0.7,8.0,4444112344,30.72096,104.10605
154867,P1,562.0,562.0,1282.0,1282.0,False,1.57,9.14,4548258454,30.654175,104.019834
20423,P1,562.0,562.0,1282.0,1282.0,False,0.33,8.0,4695640554,30.6129866,104.027866
62879,P1,562.0,562.0,1282.0,1282.0,False,1.04,8.08,1312615976,30.6538,104.06014
75618,P1,562.0,562.0,1282.0,1282.0,False,0.46,8.0,1459059553,30.6455812,104.1072999
84525,P1,562.0,562.0,1282.0,1282.0,False,1.74,9.48,4549993299,30.6509591,103.9899829
113718,P1,564.0,564.0,1284.0,1284.0,False,1.65,9.3,3034330076,30.65804,104.0851762
131811,P1,564.0,564.0,1284.0,1284.0,False,0.6,8.0,276558558,30.6424862,104.0252927
151770,P1,564.0,564.0,1284.0,1284.0,False,2.61,11.22,4548258434,30.6867,104.0498408
158555,P1,564.0,564.0,1284.0,1284.0,False,0.6,8.0,603415287,30.71109,104.10186
172923,P1,564.0,564.0,1284.0,1284.0,False,0.63,8.0,3034409149,30.72083,104.08038
199363,P1,564.0,564.0,1284.0,1284.0,False,0.23,8.0,3033991448,30.664337,104.02857
59585,P1,564.0,564.0,1284.0,1284.0,False,0.63,8.0,672360797,30.6544246,104.0755567
74999,P1,564.0,564.0,1284.0,1284.0,False,1.35,8.7,1964388817,30.66909,104.10337
81809,P1,564.0,564.0,1284.0,1284.0,False,1.56,9.12,4701464737,30.6157459,104.0624217
95696,P1,564.0,564.0,1284.0,1284.0,False,0.6,8.0,2329097175,30.7033156,104.0048532
98920,P1,564.0,564.0,1284.0,1284.0,False,1.56,9.12,4679104229,30.6634383,104.1127813
113907,P1,565.0,565.0,1285.0,1285.0,False,2.14,10.28,2956775225,30.713964,104.04937
140389,P1,565.0,565.0,1285.0,1285.0,False,1.6,9.2,4550018678,30.6187593,104.037914
152052,P1,565.0,565.0,1285.0,1285.0,False,0.83,8.0,5213253134,30.6647737,104.110961
15914,P1,565.0,565.0,1285.0,1285.0,False,2.14,10.28,5213238452,30.630344,104.0454857
202337,P1,565.0,565.0,1285.0,1285.0,False,1.17,8.34,4550769795,30.6498745,104.1098212
202383,P1,565.0,565.0,1285.0,1285.0,False,1.64,9.28,1159134910,30.66146,104.09204
208674,P1,565.0,565.0,1285.0,1285.0,False,2.14,10.28,1469172045,30.6319422,104.0923756
59526,P1,565.0,565.0,1285.0,1285.0,False,2.3,10.6,1586706375,30.7064975,103.9851115
144627,P1,566.0,566.0,1286.0,1286.0,False,1.72,9.44,1492615691,30.6242323,104.0643304
187991,P1,566.0,566.0,1286.0,1286.0,False,0.93,8.0,432432551,30.6588313,104.0436132
50126,P1,566.0,566.0,1286.0,1286.0,False,0.48,8.0,432432515,30.650556,104.0579121
62221,P1,566.0,566.0,1286.0,1286.0,False,0.93,8.0,2908601186,30.6431578,104.0885913
68235,P1,566.0,566.0,1286.0,1286.0,False,1.72,9.44,4548258444,30.6540971,104.0385522
90825,P1,566.0,566.0,1286.0,1286.0,False,1.55,9.1,5213238560,30.6407211,104.0326812
94216,P1,566.0,566.0,1286.0,1286.0,False,0.19,8.0,4106681945,30.6258889,103.9904727
99570,P1,566.0,566.0,1286.0,1286.0,False,0.84,8.0,672282785,30.6542062,104.1004411
136491,P1,567.0,567.0,1287.0,1287.0,False,0.54,8.0,5375784234,30.633181,104.0093708
141243,P1,567.0,567.0,1287.0,1287.0,False,0.67,8.0,2843289945,30.701813,104.057175
168977,P1,567.0,567.0,1287.0,1287.0,False,0.76,8.0,5037045682,30.6331021,104.0879891
77024,P1,567.0,567.0,1287.0,1287.0,False,0.25,8.0,4878042025,30.6221997,104.1028726
85223,P1,567.0,567.0,1287.0,1287.0,False,0.79,8.0,2727024784,30.61575,104.05078
96883,P1,567.0,567.0,1287.0,1287.0,False,1.66,9.32,3516890337,30.68036,103.98533
108849,P1,568.0,568.0,1288.0,1288.0,False,0.56,8.0,4217844073,30.627813,104.0435407
161198,P1,568.0,568.0,1288.0,1288.0,False,1.27,8.54,2472030045,30.6624706,104.0649106
198759,P1,568.0,568.0,1288.0,1288.0,False,2.1,10.2,1159226736,30.6931254,104.0546776
301,P1,568.0,568.0,1288.0,1288.0,False,0.56,8.0,4773199403,30.6723964,104.0141622
3671,P1,568.0,568.0,1288.0,1288.0,False,1.32,8.64,2334060843,30.62321,104.07675
75038,P1,568.0,568.0,1288.0,1288.0,False,2.42,10.84,5213253169,30.6646952,104.1109949
87657,P1,568.0,568.0,1288.0,1288.0,False,1.32,8.64,3034409012,30.7111217,104.0938998
90859,P1,568.0,568.0,1288.0,1288.0,False,2.42,10.84,5382831200,30.6804348,104.098086
114448,P1,569.0,569.0,1289.0,1289.0,False,0.46,8.0,1311904458,30.6437308,104.0793929
129458,P1,569.0,569.0,1289.0,1289.0,False,2.36,10.72,3541376411,30.7250318,104.0469322
142764,P1,569.0,569.0,1289.0,1289.0,False,0.46,8.0,3199773818,30.7048456,104.1104058
66830,P1,569.0,569.0,1289.0,1289.0,False,1.66,9.32,4550019021,30.6453625,104.055167
79284,P1,569.0,569.0,1289.0,1289.0,False,1.44,8.88,1916386437,30.6445152,104.0596873
93414,P1,569.0,569.0,1289.0,1289.0,False,1.03,8.06,2729413201,30.6295676,104.0481606
111221,P1,570.0,570.0,1290.0,1290.0,False,2.98,11.96,276556859,30.6235253,104.0644224
145512,P1,570.0,570.0,1290.0,1290.0,False,0.96,8.0,2534025680,30.6725277,104.0609746
194867,P1,570.0,570.0,1290.0,1290.0,False,2.12,10.24,1301932975,30.65594,104.07109
196050,P1,570.0,570.0,1290.0,1290.0,False,0.96,8.0,4550018602,30.6507017,104.0541435
45396,P1,570.0,570.0,1290.0,1290.0,False,1.54,9.08,4548317440,30.6182658,104.0961583
94775,P1,570.0,570.0,1290.0,1290.0,False,0.44,8.0,2366951327,30.65279,104.11555
124327,P1,571.0,571.0,1291.0,1291.0,False,0.71,8.0,432429416,30.6354119,104.0383204
137839,P1,571.0,571.0,1291.0,1291.0,False,1.7,9.4,2039550421,30.6741332,104.1149928
156134,P1,571.0,571.0,1291.0,1291.0,False,0.47,8.0,4973209486,30.6093294,104.0457207
191325,P1,571.0,571.0,1291.0,1291.0,False,1.94,9.88,3562110271,30.6525067,104.0808626
198360,P1,571.0,571.0,1291.0,1291.0,False,1.73,9.46,3680455697,30.6579432,104.013725
208343,P1,571.0,571.0,1291.0,1291.0,False,1.53,9.06,1819305351,30.6298922,104.0917678
67127,P1,571.0,571.0,1291.0,1291.0,False,1.73,9.46,3943038380,30.64329,104.0622
86518,P1,571.0,571.0,1291.0,1291.0,False,1.51,9.02,1492619187,30.6228305,104.0667893
88320,P1,571.0,571.0,1291.0,1291.0,False,0.31,8.0,1159156868,30.6364739,104.0966769
102565,P1,572.0,572.0,1292.0,1292.0,False,1.05,8.1,4550018603,30.6523365,104.0539711
104107,P1,572.0,572.0,1292.0,1292.0,False,1.06,8.12,3691534107,30.6612076,104.0296226
130725,P1,572.0,572.0,1292.0,1292.0,False,2.4,10.8,3693209218,30.6645951,104.0308641
137891,P1,572.0,572.0,1292.0,1292.0,False,1.14,8.28,4880298888,30.6225413,104.1032588
148098,P1,572.0,572.0,1292.0,1292.0,False,0.72,8.0,5213252904,30.6777361,104.1060013
14923,P1,572.0,572.0,1292.0,1292.0,False,1.14,8.28,4772430859,30.676231,104.00569
151162,P1,572.0,572.0,1292.0,1292.0,False,0.55,8.0,4548141057,30.6220521,104.0809388
199124,P1,572.0,572.0,1292.0,1292.0,False,0.93,8.0,2852228203,30.6869903,104.0621656
26383,P1,572.0,572.0,1292.0,1292.0,False,1.12,8.24,1159148557,30.66362,104.0727
51415,P1,572.0,572.0,1292.0,1292.0,False,1.33,8.66,2472036427,30.66457,104.06245
71848,P1,572.0,572.0,1292.0,1292.0,False,3.62,13.24,4548259378,30.6532955,104.029674
106707,P1,573.0,573.0,1293.0,1293.0,False,0.08,8.0,3034393453,30.67348,104.0434
109768,P1,573.0,573.0,1293.0,1293.0,False,1.42,8.84,4069514823,30.7267124,103.9745137
120428,P1,573.0,573.0,1293.0,1293.0,False,0.4,8.0,2327780255,30.6219284,104.1059372
186416,P1,573.0,573.0,1293.0,1293.0,False,0.45,8.0,4638050365,30.7147891,104.0631517
27922,P1,573.0,573.0,1293.0,1293.0,False,0.54,8.0,2709174916,30.6290032,104.0791633
48575,P1,573.0,573.0,1293.0,1293.0,False,2.25,10.5,4701577721,30.6109852,104.0717086
63081,P1,573.0,573.0,1293.0,1293.0,False,1.98,9.96,4695601620,30.6097956,104.0356402
86533,P1,573.0,573.0,1293.0,1293.0,False,2.25,10.5,5053143822,30.7124187,104.0054782
111427,P1,574.0,574.0,1294.0,1294.0,False,0.89,8.0,4638105428,30.7071744,104.0651964
12095,P1,574.0,574.0,1294.0,1294.0,False,0.17,8.0,1159230079,30.68122,104.08227
132096,P1,574.0,574.0,1294.0,1294.0,False,0.47,8.0,1947584007,30.6827161,104.0928508
152172,P1,574.0,574.0,1294.0,1294.0,False,0.31,8.0,1445463641,30.6495454,104.0637026
174053,P1,574.0,574.0,1294.0,1294.0,False,0.31,8.0,2981319499,30.7138653,104.0089046
203065,P1,574.0,574.0,1294.0,1294.0,False,1.48,8.96,4118527460,30.7001906,104.0983786
5280,P1,574.0,574.0,1294.0,1294.0,False,0.47,8.0,4699007144,30.6094433,104.0369642
5991,P1,574.0,574.0,1294.0,1294.0,False,1.2,8.4,4548211425,30.6605728,104.0581527
94274,P1,574.0,574.0,1294.0,1294.0,False,0.31,8.0,1301933041,30.6501516,104.0708226
76171,P1,575.0,575.0,1295.0,1295.0,False,1.56,9.12,1507225954,30.7131908,104.078101
131843,P1,577.0,577.0,1297.0,1297.0,False,1.69,9.38,314623115,30.6497781,104.0331547
31655,P1,577.0,577.0,1297.0,1297.0,False,2.25,10.5,1313998789,30.6349883,104.0875847
34225,P1,577.0,577.0,1297.0,1297.0,False,1.69,9.38,4107377046,30.6443974,103.9914196
38682,P1,577.0,577.0,1297.0,1297.0,False,1.42,8.84,1159496605,30.6884471,104.0417827
41827,P1,577.0,577.0,1297.0,1297.0,False,1.42,8.84,5375783893,30.6556434,103.9916253
85058,P1,577.0,577.0,1297.0,1297.0,False,1.42,8.84,4550019088,30.6349084,104.0126156
147211,P1,578.0,578.0,1298.0,1298.0,False,1.41,8.82,872834372,30.6589096,104.068469
153073,P1,578.0,578.0,1298.0,1298.0,False,0.99,8.0,5213238373,30.6606642,104.0611264
174553,P1,578.0,578.0,1298.0,1298.0,False,1.8,9.6,1469171331,30.6385917,104.0902112
204235,P1,578.0,578.0,1298.0,1298.0,False,0.64,8.0,2847752854,30.65831,104.10649
25275,P1,578.0,578.0,1298.0,1298.0,False,0.49,8.0,2131996317,30.6221441,104.1060957
55460,P1,578.0,578.0,1298.0,1298.0,False,0.18,8.0,5100157864,30.6340225,104.0801127
94192,P1,578.0,578.0,1298.0,1298.0,False,0.49,8.0,5213238546,30.6556258,104.0862469
105852,P1,579.0,579.0,1299.0,1299.0,False,0.69,8.0,432442946,30.6814384,104.0245341
147912,P1,579.0,579.0,1299.0,1299.0,False,2.23,10.46,4550019089,30.6257511,104.0206603
190493,P1,579.0,579.0,1299.0,1299.0,False,1.17,8.34,4779165760,30.63338,104.0516044
200495,P1,579.0,579.0,1299.0,1299.0,False,2.09,10.18,2722829541,30.7067571,104.0496794
2284,P1,579.0,579.0,1299.0,1299.0,False,2.23,10.46,2082819545,30.61676,104.0965522
43199,P1,579.0,579.0,1299.0,1299.0,False,0.51,8.0,504315313,30.7000149,104.1035364
89459,P1,579.0,579.0,1299.0,1299.0,False,2.09,10.18,4550019087,30.65046,104.06013
132173,P1,580.0,580.0,1300.0,1300.0,False,0.9,8.0,3076737452,30.6573334,104.0495723
167955,P1,580.0,580.0,1300.0,1300.0,False,1.03,8.06,3034040776,30.701933,104.02001
187446,P1,580.0,580.0,1300.0,1300.0,False,1.66,9.32,5218133406,30.6426671,104.1090481
187703,P1,580.0,580.0,1300.0,1300.0,False,0.35,8.0,4064178140,30.66878,103.97885
206984,P1,580.0,580.0,1300.0,1300.0,False,2.8,11.6,4772463318,30.661778,104.0444985
60850,P1,580.0,580.0,1300.0,1300.0,False,2.36,10.72,4549993277,30.6496412,103.9838074
77699,P1,580.0,580.0,1300.0,1300.0,False,1.91,9.82,838319890,30.6452621,104.1088466
108437,P1,581.0,581.0,1301.0,1301.0,False,0.52,8.0,5375783936,30.657277,103.9966464
15134,P1,581.0,581.0,1301.0,1301.0,False,2.15,10.3,4748183735,30.6272299,104.0186132
172295,P1,581.0,581.0,1301.0,1301.0,False,1.37,8.74,1506395061,30.705439,104.075165
56238,P1,581.0,581.0,1301.0,1301.0,False,1.2,8.4,432442545,30.6987537,104.0115058
149055,P1,582.0,582.0,1302.0,1302.0,False,0.37,8.0,1964309339,30.6776321,104.1060754
28613,P1,582.0,582.0,1302.0,1302.0,False,2.44,10.88,4572410252,30.7209619,103.9986314
45974,P1,582.0,582.0,1302.0,1302.0,False,1.03,8.06,432442933,30.6619607,104.0234685
55245,P1,582.0,582.0,1302.0,1302.0,False,0.37,8.0,432432534,30.6541969,104.0386483
57522,P1,582.0,582.0,1302.0,1302.0,False,2.4,10.8,3176000068,30.7026369,104.0690317
8317,P1,582.0,582.0,1302.0,1302.0,False,0.92,8.0,4449099823,30.6421598,104.1053339
96714,P1,582.0,582.0,1302.0,1302.0,False,1.09,8.18,4549992877,30.646014,103.9701757
119275,P1,583.0,583.0,1303.0,1303.0,False,0.58,8.0,1301933033,30.6442836,104.0814852
14993,P1,583.0,583.0,1303.0,1303.0,False,1.37,8.74,4701577730,30.6130057,104.0747279
153870,P1,583.0,583.0,1303.0,1303.0,False,1.63,9.26,5141328781,30.6149508,104.062869
182389,P1,583.0,583.0,1303.0,1303.0,False,1.72,9.44,1156126880,30.680231,104.0549136
199847,P1,583.0,583.0,1303.0,1303.0,False,1.58,9.16,5213252912,30.7037964,104.0932929
33607,P1,583.0,583.0,1303.0,1303.0,False,1.63,9.26,1156126794,30.67834,104.04825
167928,P1,584.0,584.0,1304.0,1304.0,False,0.06,8.0,4773199375,30.6718697,104.0140332
190613,P1,584.0,584.0,1304.0,1304.0,False,0.06,8.0,1916516798,30.6552592,103.9818148
19396,P1,584.0,584.0,1304.0,1304.0,False,0.14,8.0,3523308808,30.636927,104.081378
23248,P1,584.0,584.0,1304.0,1304.0,False,1.55,9.1,4106681975,30.6415024,103.9847396
146120,P1,585.0,585.0,1305.0,1305.0,False,2.1,10.2,1964394686,30.6701145,104.1060267
153362,P1,585.0,585.0,1305.0,1305.0,False,2.8,11.6,2981319480,30.7065632,104.0099932
185269,P1,585.0,585.0,1305.0,1305.0,False,0.49,8.0,3033986326,30.6552629,104.0222686
26170,P1,585.0,585.0,1305.0,1305.0,False,1.74,9.48,1458687639,30.6807992,104.0936388
47037,P1,585.0,585.0,1305.0,1305.0,False,0.58,8.0,1504210129,30.706758,104.0951811
63547,P1,585.0,585.0,1305.0,1305.0,False,0.73,8.0,2041527412,30.68946,104.09405
79816,P1,585.0,585.0,1305.0,1305.0,False,2.8,11.6,1301932999,30.6444729,104.0810264
102665,P1,586.0,586.0,1306.0,1306.0,False,1.56,9.12,4069514811,30.7248435,103.9678483
116189,P1,586.0,586.0,1306.0,1306.0,False,0.16,8.0,4874328128,30.6197553,104.1020939
127396,P1,586.0,586.0,1306.0,1306.0,False,1.3,8.6,432442887,30.6941255,103.9762069
133991,P1,586.0,586.0,1306.0,1306.0,False,0.23,8.0,4903105804,30.655008,104.07604
137078,P1,586.0,586.0,1306.0,1306.0,False,0.36,8.0,3562047407,30.7106548,104.0448547
158151,P1,586.0,586.0,1306.0,1306.0,False,0.1,8.0,2868588324,30.6642332,104.0845218
160592,P1,586.0,586.0,1306.0,1306.0,False,2.45,10.9,1455094522,30.6962984,104.106018
171971,P1,586.0,586.0,1306.0,1306.0,False,0.16,8.0,4987536562,30.6568159,103.9834305
47655,P1,586.0,586.0,1306.0,1306.0,False,0.1,8.0,3579517899,30.66908,104.05227
62443,P1,586.0,586.0,1306.0,1306.0,False,0.16,8.0,1305816712,30.67021,104.06696
75291,P1,586.0,586.0,1306.0,1306.0,False,0.68,8.0,1159488324,30.69316,104.07266
110687,P1,587.0,587.0,1307.0,1307.0,False,1.25,8.5,2843289913,30.685625,104.059074
125045,P1,587.0,587.0,1307.0,1307.0,False,0.24,8.0,4695640577,30.6129163,104.0293082
134692,P1,587.0,587.0,1307.0,1307.0,False,1.25,8.5,4695601601,30.6096228,104.041796
165504,P1,587.0,587.0,1307.0,1307.0,False,1.6,9.2,1492616811,30.6227264,104.0621217
99936,P1,587.0,587.0,1307.0,1307.0,False,0.01,8.0,4964134717,30.7093854,104.0176164
121618,P1,588.0,588.0,1308.0,1308.0,False,0.98,8.0,1492405933,30.6436019,104.0640516
139022,P1,588.0,588.0,1308.0,1308.0,False,1.33,8.66,4701577777,30.6230094,104.0792273
146371,P1,588.0,588.0,1308.0,1308.0,False,0.66,8.0,4106682092,30.6425109,103.9781022
188918,P1,588.0,588.0,1308.0,1308.0,False,1.86,9.72,3445794970,30.6627203,104.0741967
33090,P1,588.0,588.0,1308.0,1308.0,False,0.35,8.0,1504174271,30.7177656,104.0702637
42370,P1,588.0,588.0,1308.0,1308.0,False,2.4,10.8,2329062682,30.707405,104.013048
67940,P1,588.0,588.0,1308.0,1308.0,False,1.12,8.24,4550018720,30.6451674,104.0550361
105208,P1,589.0,589.0,1309.0,1309.0,False,0.7,8.0,2532979486,30.7056378,104.0905158
110427,P1,589.0,589.0,1309.0,1309.0,False,1.43,8.86,4230611281,30.65425,104.06696
12601,P1,589.0,589.0,1309.0,1309.0,False,1.06,8.12,1458575268,30.686645,104.0983881
135426,P1,589.0,589.0,1309.0,1309.0,False,1.26,8.52,3614070493,30.6717373,104.0538054
136451,P1,589.0,589.0,1309.0,1309.0,False,1.3,8.6,3445813552,30.668393,104.0714277
176677,P1,589.0,589.0,1309.0,1309.0,False,1.3,8.6,2134778543,30.6320541,103.995898
179144,P1,589.0,589.0,1309.0,1309.0,False,1.1,8.2,2729395912,30.6288987,104.0464809
22957,P1,589.0,589.0,1309.0,1309.0,False,0.7,8.0,1459047523,30.6450532,104.1090139
29645,P1,589.0,589.0,1309.0,1309.0,False,1.43,8.86,4693609809,30.6334452,104.0672453
42020,P1,589.0,589.0,1309.0,1309.0,False,0.11,8.0,1492614623,30.6230895,104.0646457
73722,P1,589.0,589.0,1309.0,1309.0,False,0.69,8.0,2564229430,30.6546922,104.0110991
103505,P1,590.0,590.0,1310.0,1310.0,False,0.12,8.0,4505485116,30.6351107,104.0758277
105747,P1,590.0,590.0,1310.0,1310.0,False,1.78,9.56,1159230558,30.67986,104.08866
140111,P1,590.0,590.0,1310.0,1310.0,False,1.74,9.48,441187597,30.6918068,104.0546035
68526,P1,590.0,590.0,1310.0,1310.0,False,0.71,8.0,1492343256,30.6515882,104.0638064
73674,P1,590.0,590.0,1310.0,1310.0,False,0.12,8.0,4549993184,30.705957,104.0279388
87723,P1,590.0,590.0,1310.0,1310.0,False,0.53,8.0,432432524,30.6546049,104.051174
99775,P1,590.0,590.0,1310.0,1310.0,False,0.71,8.0,1964394675,30.67036,104.10754
102761,P1,591.0,591.0,1311.0,1311.0,False,1.72,9.44,2722829577,30.7005531,104.0662637
110086,P1,591.0,591.0,1311.0,1311.0,False,0.54,8.0,5102886111,30.6913898,103.9831726
11838,P1,591.0,591.0,1311.0,1311.0,False,0.54,8.0,3614070495,30.6710806,104.0578369
202530,P1,591.0,591.0,1311.0,1311.0,False,1.94,9.88,2119075573,30.6134307,104.1046502
22067,P1,591.0,591.0,1311.0,1311.0,False,1.08,8.16,4136052206,30.6094552,104.046706
28059,P1,591.0,591.0,1311.0,1311.0,False,1.08,8.16,3633021146,30.6743295,104.0804884
50589,P1,591.0,591.0,1311.0,1311.0,False,1.44,8.88,4794944066,30.6792428,104.0581595
58187,P1,591.0,591.0,1311.0,1311.0,False,1.72,9.44,1159131458,30.6693289,104.059788
95417,P1,591.0,591.0,1311.0,1311.0,False,1.93,9.86,4695601600,30.6091969,104.0394456
16859,P1,592.0,592.0,1312.0,1312.0,False,0.54,8.0,1507371735,30.6968505,104.0747738
187443,P1,592.0,592.0,1312.0,1312.0,False,0.54,8.0,1492609349,30.62264,104.06445
25464,P1,592.0,592.0,1312.0,1312.0,False,1.71,9.42,4548211353,30.6648425,104.019058
59299,P1,592.0,592.0,1312.0,1312.0,False,0.76,8.0,1159227442,30.69355,104.05019
75570,P1,592.0,592.0,1312.0,1312.0,False,0.54,8.0,1159144963,30.6625881,104.0682213
109574,P1,593.0,593.0,1313.0,1313.0,False,0.96,8.0,5141328632,30.6116041,104.0592249
128302,P1,593.0,593.0,1313.0,1313.0,False,0.08,8.0,4548259537,30.6749183,104.0073154
136199,P1,593.0,593.0,1313.0,1313.0,False,0.96,8.0,1290303454,30.65707,104.07237
187539,P1,593.0,593.0,1313.0,1313.0,False,0.37,8.0,1159445859,30.685978,104.03401
24495,P1,593.0,593.0,1313.0,1313.0,False,0.66,8.0,3176012319,30.699501,104.07134
10615,P1,594.0,594.0,1314.0,1314.0,False,0.67,8.0,4693609807,30.6319618,104.0685098
107586,P1,594.0,594.0,1314.0,1314.0,False,0.91,8.0,3034029049,30.6830572,104.000947
117812,P1,594.0,594.0,1314.0,1314.0,False,0.43,8.0,4550018655,30.6277714,104.0189597
169589,P1,594.0,594.0,1314.0,1314.0,False,0.67,8.0,1819305504,30.6322292,104.1058112
27276,P1,594.0,594.0,1314.0,1314.0,False,0.02,8.0,4550701194,30.6238498,104.0339028
53012,P1,594.0,594.0,1314.0,1314.0,False,1.4,8.8,4695601327,30.6099991,104.0302369
74744,P1,594.0,594.0,1314.0,1314.0,False,1.34,8.68,5141468688,30.6378957,104.0924583
134927,P1,595.0,595.0,1315.0,1315.0,False,1.85,9.7,628641734,30.69115,104.048775
165169,P1,595.0,595.0,1315.0,1315.0,False,2.47,10.94,3028924410,30.6227169,104.0994285
173127,P1,595.0,595.0,1315.0,1315.0,False,1.2,8.4,1312615976,30.6538,104.06156
175380,P1,595.0,595.0,1315.0,1315.0,False,1.72,9.44,4779165781,30.6360577,104.0730284
208068,P1,595.0,595.0,1315.0,1315.0,False,0.23,8.0,4550018952,30.6512388,104.0545492
38185,P1,595.0,595.0,1315.0,1315.0,False,0.23,8.0,3691210143,30.65801,104.0164294
50510,P1,595.0,595.0,1315.0,1315.0,False,0.23,8.0,1506428007,30.705024,104.0696225
8435,P1,595.0,595.0,1315.0,1315.0,False,0.81,8.0,803150974,30.6811238,104.0939379
86627,P1,595.0,595.0,1315.0,1315.0,False,1.72,9.44,3541371610,30.665646,104.056625
88192,P1,595.0,595.0,1315.0,1315.0,False,0.23,8.0,4548259363,30.7038352,104.0422663
91763,P1,595.0,595.0,1315.0,1315.0,False,2.64,11.28,603415282,30.70735,104.09963
94611,P1,595.0,595.0,1315.0,1315.0,False,2.47,10.94,1956554705,30.674994,104.10986
167357,P1,596.0,596.0,1316.0,1316.0,False,1.54,9.08,5141328427,30.610254,104.0600137
66427,P1,596.0,596.0,1316.0,1316.0,False,0.52,8.0,1445481369,30.65827,104.06419
87294,P1,596.0,596.0,1316.0,1316.0,False,1.76,9.52,4548259565,30.6547851,104.0057018
102255,P1,597.0,597.0,1317.0,1317.0,False,1.31,8.62,3562028087,30.684542,104.11514
123308,P1,597.0,597.0,1317.0,1317.0,False,0.49,8.0,2912291165,30.6410523,104.1040394
137132,P1,597.0,597.0,1317.0,1317.0,False,0.29,8.0,5254240637,30.6300206,103.9920067
177309,P1,597.0,597.0,1317.0,1317.0,False,0.41,8.0,3562111926,30.6663335,104.0890229
203563,P1,597.0,597.0,1317.0,1317.0,False,3.27,12.54,4549759366,30.6936258,104.0345574
46694,P1,597.0,597.0,1317.0,1317.0,False,0.82,8.0,5141468691,30.6353898,104.0912238
73989,P1,597.0,597.0,1317.0,1317.0,False,0.36,8.0,1947583813,30.6923138,104.0808455
90927,P1,597.0,597.0,1317.0,1317.0,False,0.49,8.0,2039550405,30.67061,104.1134
179472,P1,598.0,598.0,1318.0,1318.0,False,0.68,8.0,3034029048,30.6845106,103.9979889
182895,P1,598.0,598.0,1318.0,1318.0,False,0.34,8.0,4963999569,30.7168843,104.0320779
196747,P1,598.0,598.0,1318.0,1318.0,False,2.54,11.08,314623088,30.6534002,104.034735
205563,P1,598.0,598.0,1318.0,1318.0,False,0.68,8.0,2729373176,30.6166289,104.0457287
39885,P1,598.0,598.0,1318.0,1318.0,False,2.16,10.32,1819305341,30.6238293,104.0903355
43259,P1,598.0,598.0,1318.0,1318.0,False,2.13,10.26,3541371609,30.66717,104.05459
115153,P1,599.0,599.0,1319.0,1319.0,False,1.32,8.64,2329101948,30.6933261,104.0144845
152205,P1,599.0,599.0,1319.0,1319.0,False,0.1,8.0,4695701797,30.6133356,104.0188084
173915,P1,599.0,599.0,1319.0,1319.0,False,1.39,8.78,3680078462,30.65394,104.01805
185162,P1,599.0,599.0,1319.0,1319.0,False,1.6,9.2,2039563302,30.6914788,104.105044
203947,P1,599.0,599.0,1319.0,1319.0,False,1.32,8.64,5367297693,30.6988287,104.0061489
36065,P1,599.0,599.0,1319.0,1319.0,False,2.74,11.48,2039561243,30.6915304,104.1023979
49846,P1,599.0,599.0,1319.0,1319.0,False,0.4,8.0,5375784031,30.6561326,103.9898336
95429,P1,599.0,599.0,1319.0,1319.0,False,0.4,8.0,4987535059,30.6305476,104.0142447
114456,P1,600.0,600.0,1320.0,1320.0,False,0.26,8.0,5141468744,30.6307457,104.09434
12453,P1,600.0,600.0,1320.0,1320.0,False,0.67,8.0,4699007186,30.6142352,104.0316066
1471,P1,600.0,600.0,1320.0,1320.0,False,0.69,8.0,1305816676,30.64657,104.08497
1828,P1,600.0,600.0,1320.0,1320.0,False,0.48,8.0,4799195772,30.6174547,103.9839893
4929,P1,600.0,600.0,1320.0,1320.0,False,0.58,8.0,3562015379,30.6631522,104.0814488
77277,P1,600.0,600.0,1320.0,1320.0,False,0.48,8.0,4794944071,30.6610655,104.0695732
