parcel_id,platform_id,true_release_time,observed_release_time,true_deadline,observed_deadline,is_delayed,weight,fare,location_node,lng,lat
125027,P2,0.0,0.0,720.0,720.0,False,0.09,8.0,4548259685,30.69079,104.04766
138531,P2,0.0,0.0,720.0,720.0,False,3.39,12.78,4779165769,30.6365283,104.0737457
139297,P2,0.0,0.0,720.0,720.0,False,0.3,8.0,1313998763,30.6345891,104.0887087
147409,P2,0.0,0.0,720.0,720.0,False,0.33,8.0,2981319480,30.7065632,104.0099932
150390,P2,0.0,0.0,720.0,720.0,False,1.36,8.72,1159155214,30.641124,104.1043796
162244,P2,0.0,0.0,720.0,720.0,False,0.37,8.0,4582821488,30.6632632,104.0494639
164402,P2,0.0,0.0,720.0,720.0,False,1.18,8.36,276556799,30.6495476,104.0636064
166643,P2,0.0,0.0,720.0,720.0,False,0.37,8.0,2041527426,30.6889,104.09485
174323,P2,0.0,0.0,720.0,720.0,False,1.08,8.16,2039550419,30.6384474,104.1095985
181717,P2,0.0,0.0,720.0,720.0,False,1.08,8.16,4548259351,30.6904084,104.0488301
182980,P2,0.0,0.0,720.0,720.0,False,0.76,8.0,4699007260,30.610022,104.0408881
192917,P2,0.0,0.0,720.0,720.0,False,1.08,8.16,4693610156,30.6346775,104.0677857
206475,P2,0.0,0.0,720.0,720.0,False,0.44,8.0,4717800179,30.67883,104.09649
206745,P2,0.0,0.0,720.0,720.0,False,0.15,8.0,5141468741,30.632838,104.0958399
206972,P2,0.0,0.0,720.0,720.0,False,0.15,8.0,5141468792,30.630272,104.1010274
24203,P2,0.0,0.0,720.0,720.0,False,0.09,8.0,3541420733,30.691794,104.0818843
50117,P2,0.0,0.0,720.0,720.0,False,1.06,8.12,5300465518,30.725,104.0748769
52665,P2,0.0,0.0,720.0,720.0,False,0.41,8.0,5257005076,30.6774396,104.0933907
52743,P2,0.0,0.0,720.0,720.0,False,0.08,8.0,1504232582,30.69875,104.0885
53394,P2,0.0,0.0,720.0,720.0,False,1.73,9.46,4106681950,30.6285321,104.0031409
58943,P2,0.0,0.0,720.0,720.0,False,1.18,8.36,2710589460,30.6165373,104.0661552
63065,P2,0.0,0.0,720.0,720.0,False,0.17,8.0,1492620059,30.6224681,104.0616508
66081,P2,0.0,0.0,720.0,720.0,False,0.76,8.0,5213238434,30.6406894,104.0326418
69883,P2,0.0,0.0,720.0,720.0,False,0.47,8.0,5141468690,30.6365395,104.0932513
8155,P2,0.0,0.0,720.0,720.0,False,1.08,8.16,441187223,30.6692467,104.0578002
82191,P2,0.0,0.0,720.0,720.0,False,0.41,8.0,1492613150,30.622963,104.0628213
99392,P2,0.0,0.0,720.0,720.0,False,0.09,8.0,3541422912,30.7094602,104.0636804
106020,P2,1.0,1.0,721.0,721.0,False,2.12,10.24,1305816719,30.6489617,104.0824983
111114,P2,1.0,1.0,721.0,721.0,False,1.54,9.08,5375783934,30.6571053,103.9967878
121475,P2,1.0,1.0,721.0,721.0,False,0.57,8.0,3562110277,30.6752697,104.0647422
124699,P2,1.0,1.0,721.0,721.0,False,0.22,8.0,4695601331,30.6106436,104.0295303
134795,P2,1.0,1.0,721.0,721.0,False,0.78,8.0,4772463299,30.6625014,104.0446051
137424,P2,1.0,1.0,721.0,721.0,False,1.19,8.38,3034376766,30.6770038,104.0613492
154289,P2,1.0,1.0,721.0,721.0,False,0.22,8.0,2039550419,30.6384474,104.1095985
156484,P2,1.0,1.0,721.0,721.0,False,1.87,9.74,3633008402,30.6685677,104.0383566
168368,P2,1.0,1.0,721.0,721.0,False,0.05,8.0,432442881,30.6852111,103.9833107
172128,P2,1.0,1.0,721.0,721.0,False,0.92,8.0,603415283,30.7075026,104.095552
172170,P2,1.0,1.0,721.0,721.0,False,2.12,10.24,4779165755,30.6265117,104.0310451
175263,P2,1.0,1.0,721.0,721.0,False,1.54,9.08,672349507,30.71342,104.07449
175279,P2,1.0,1.0,721.0,721.0,False,0.59,8.0,4534007627,30.70443,104.10379
178364,P2,1.0,1.0,721.0,721.0,False,0.78,8.0,3582230410,30.6410819,103.9678099
197369,P2,1.0,1.0,721.0,721.0,False,1.86,9.72,1388412853,30.6847641,104.0700667
203302,P2,1.0,1.0,721.0,721.0,False,0.57,8.0,1072698542,30.6970816,104.0637742
205432,P2,1.0,1.0,721.0,721.0,False,0.36,8.0,5141468681,30.6389126,104.0914005
29010,P2,1.0,1.0,721.0,721.0,False,1.73,9.46,4601261196,30.6589078,104.0617639
33026,P2,1.0,1.0,721.0,721.0,False,1.73,9.46,4550769121,30.6321655,104.1059192
47835,P2,1.0,1.0,721.0,721.0,False,0.78,8.0,5375784234,30.633181,104.0093708
62400,P2,1.0,1.0,721.0,721.0,False,2.12,10.24,4701400363,30.6110717,104.0334202
667,P2,1.0,1.0,721.0,721.0,False,0.16,8.0,2843289945,30.70133,104.05741
82171,P2,1.0,1.0,721.0,721.0,False,1.87,9.74,3562015382,30.6621508,104.0808192
83835,P2,1.0,1.0,721.0,721.0,False,0.53,8.0,1918491725,30.6443376,103.9820764
86787,P2,1.0,1.0,721.0,721.0,False,0.53,8.0,4106682203,30.6620623,103.9734265
115865,P2,2.0,2.0,722.0,722.0,False,0.87,8.0,1916401301,30.6104083,104.0467326
116035,P2,2.0,2.0,722.0,722.0,False,0.15,8.0,1159137566,30.65369,104.08939
129965,P2,2.0,2.0,722.0,722.0,False,3.49,12.98,4547074311,30.6097669,104.0808604
156583,P2,2.0,2.0,722.0,722.0,False,0.6,8.0,4548259685,30.69078,104.0476
170007,P2,2.0,2.0,722.0,722.0,False,0.96,8.0,4963999593,30.718008,104.0324176
171692,P2,2.0,2.0,722.0,722.0,False,1.42,8.84,1458937182,30.6749291,104.0958115
183751,P2,2.0,2.0,722.0,722.0,False,0.96,8.0,4699007283,30.6149014,104.0327849
185753,P2,2.0,2.0,722.0,722.0,False,0.6,8.0,1493017589,30.6274023,104.0643713
19248,P2,2.0,2.0,722.0,722.0,False,1.36,8.72,3538781530,30.6451922,104.0964595
194827,P2,2.0,2.0,722.0,722.0,False,1.03,8.06,1305816676,30.64666,104.08482
199647,P2,2.0,2.0,722.0,722.0,False,1.89,9.78,3562086848,30.67398,104.06045
71553,P2,2.0,2.0,722.0,722.0,False,0.13,8.0,4549993227,30.706241,104.0018387
804,P2,2.0,2.0,722.0,722.0,False,0.96,8.0,4548259514,30.6543828,104.0157074
9227,P2,2.0,2.0,722.0,722.0,False,0.13,8.0,1159229836,30.6746432,104.0850109
100659,P2,3.0,3.0,723.0,723.0,False,2.63,11.26,1301932975,30.65542,104.07083
11043,P2,3.0,3.0,723.0,723.0,False,1.24,8.48,2560005517,30.6293037,104.0211569
115207,P2,3.0,3.0,723.0,723.0,False,2.26,10.52,432429409,30.636135,104.05447
121154,P2,3.0,3.0,723.0,723.0,False,0.31,8.0,1819305465,30.6364458,104.1017098
131749,P2,3.0,3.0,723.0,723.0,False,2.26,10.52,4693609803,30.6343504,104.0685884
155592,P2,3.0,3.0,723.0,723.0,False,1.72,9.44,5053143858,30.7073085,104.0009627
156799,P2,3.0,3.0,723.0,723.0,False,2.26,10.52,4548209336,30.6325431,104.0237382
159149,P2,3.0,3.0,723.0,723.0,False,1.44,8.88,439751840,30.6555765,103.9815136
162404,P2,3.0,3.0,723.0,723.0,False,0.85,8.0,1458992381,30.6582235,104.0970132
175251,P2,3.0,3.0,723.0,723.0,False,1.5,9.0,2367361538,30.6142858,104.0645239
208860,P2,3.0,3.0,723.0,723.0,False,1.83,9.66,432442859,30.6727101,103.9961226
22917,P2,3.0,3.0,723.0,723.0,False,0.43,8.0,441187481,30.6884102,104.0583636
46727,P2,3.0,3.0,723.0,723.0,False,2.52,11.04,4695640559,30.6130623,104.0285961
6326,P2,3.0,3.0,723.0,723.0,False,1.72,9.44,4106681946,30.626207,103.9983081
6348,P2,3.0,3.0,723.0,723.0,False,1.72,9.44,4923124758,30.6109402,104.0683088
645,P2,3.0,3.0,723.0,723.0,False,2.15,10.3,1918491708,30.6316005,104.0069373
72079,P2,3.0,3.0,723.0,723.0,False,1.44,8.88,4695701791,30.6127692,104.0190401
108759,P2,4.0,4.0,724.0,724.0,False,1.64,9.28,1819305291,30.64123,104.10745
111122,P2,4.0,4.0,724.0,724.0,False,0.35,8.0,4967265404,30.6524273,104.0933977
118397,P2,4.0,4.0,724.0,724.0,False,1.57,9.14,432442539,30.6941586,104.0133124
142683,P2,4.0,4.0,724.0,724.0,False,0.0,8.0,671600440,30.6639302,104.0475646
145798,P2,4.0,4.0,724.0,724.0,False,2.2,10.4,4772463301,30.6623382,104.0450365
158255,P2,4.0,4.0,724.0,724.0,False,1.61,9.22,4695601328,30.609989,104.0295497
183174,P2,4.0,4.0,724.0,724.0,False,0.79,8.0,3541405001,30.6844028,104.0556549
190936,P2,4.0,4.0,724.0,724.0,False,0.97,8.0,4106682236,30.6808464,104.0025244
195161,P2,4.0,4.0,724.0,724.0,False,1.42,8.84,4695601443,30.611256,104.0278807
196078,P2,4.0,4.0,724.0,724.0,False,1.55,9.1,5213238560,30.6407211,104.0326812
203820,P2,4.0,4.0,724.0,724.0,False,0.58,8.0,4548259642,30.6675864,104.0056781
4085,P2,4.0,4.0,724.0,724.0,False,0.87,8.0,4748183730,30.6265602,104.0182104
70695,P2,4.0,4.0,724.0,724.0,False,0.03,8.0,1312615989,30.65926,104.05727
76746,P2,4.0,4.0,724.0,724.0,False,0.27,8.0,3582245805,30.721046,104.0017602
78387,P2,4.0,4.0,724.0,724.0,False,2.45,10.9,5359113207,30.6779485,104.0086357
83805,P2,4.0,4.0,724.0,724.0,False,1.08,8.16,4987534985,30.6217372,104.0036956
90216,P2,4.0,4.0,724.0,724.0,False,0.03,8.0,1506428007,30.705024,104.0696225
9304,P2,4.0,4.0,724.0,724.0,False,0.79,8.0,5213238351,30.6434127,104.1128764
99276,P2,4.0,4.0,724.0,724.0,False,0.5,8.0,3516887971,30.7188023,104.0334464
107883,P2,5.0,5.0,725.0,725.0,False,1.34,8.68,872832476,30.6579442,104.063453
11962,P2,5.0,5.0,725.0,725.0,False,0.2,8.0,3562047401,30.7213669,104.0617703
124905,P2,5.0,5.0,725.0,725.0,False,0.64,8.0,5283966195,30.7018488,104.1144818
132241,P2,5.0,5.0,725.0,725.0,False,1.16,8.32,4701577738,30.6486566,104.0721736
1383,P2,5.0,5.0,725.0,725.0,False,2.13,10.26,1159497947,30.69086,104.04278
153027,P2,5.0,5.0,725.0,725.0,False,0.28,8.0,3445813552,30.66822,104.07315
160666,P2,5.0,5.0,725.0,725.0,False,0.2,8.0,4106681906,30.6128716,103.9924123
161382,P2,5.0,5.0,725.0,725.0,False,0.22,8.0,4967265776,30.7076058,104.0142672
164930,P2,5.0,5.0,725.0,725.0,False,0.28,8.0,432452878,30.6133171,104.0504622
17095,P2,5.0,5.0,725.0,725.0,False,2.25,10.5,3033986305,30.6569524,104.0263334
172793,P2,5.0,5.0,725.0,725.0,False,1.75,9.5,480012029,30.6201496,104.0684115
181299,P2,5.0,5.0,725.0,725.0,False,1.41,8.82,4903112583,30.65788,104.0791
200542,P2,5.0,5.0,725.0,725.0,False,0.56,8.0,5211393926,30.6694518,103.9823034
21687,P2,5.0,5.0,725.0,725.0,False,0.33,8.0,1819305271,30.6396884,104.1082506
3047,P2,5.0,5.0,725.0,725.0,False,1.14,8.28,3436486420,30.6412447,104.0459499
58884,P2,5.0,5.0,725.0,725.0,False,1.42,8.84,3436486397,30.6387646,104.0460612
8577,P2,5.0,5.0,725.0,725.0,False,1.64,9.28,2912291131,30.6426049,104.0968024
93143,P2,5.0,5.0,725.0,725.0,False,2.13,10.26,4438025578,30.6953342,104.0786646
103288,P2,6.0,6.0,726.0,726.0,False,0.29,8.0,2712338400,30.7070407,104.0384171
113491,P2,6.0,6.0,726.0,726.0,False,2.9,11.8,4724343814,30.62946,104.06745
126820,P2,6.0,6.0,726.0,726.0,False,1.65,9.3,4572410254,30.6858528,103.9731053
162889,P2,6.0,6.0,726.0,726.0,False,2.79,11.58,1459025632,30.6454284,104.1078852
173951,P2,6.0,6.0,726.0,726.0,False,2.46,10.92,1159488324,30.693161,104.07253
184499,P2,6.0,6.0,726.0,726.0,False,0.45,8.0,3541422907,30.70274,104.0622
194164,P2,6.0,6.0,726.0,726.0,False,0.52,8.0,4548259609,30.6541406,104.0448914
203350,P2,6.0,6.0,726.0,726.0,False,2.49,10.98,439751641,30.6784199,103.9896669
23623,P2,6.0,6.0,726.0,726.0,False,0.31,8.0,1815741542,30.68937,104.07675
48472,P2,6.0,6.0,726.0,726.0,False,0.96,8.0,2843289945,30.7007715,104.0576284
68967,P2,6.0,6.0,726.0,726.0,False,0.52,8.0,4782067643,30.62304,104.0317
143665,P2,7.0,7.0,727.0,727.0,False,0.29,8.0,4972894332,30.6114996,104.0454648
17199,P2,7.0,7.0,727.0,727.0,False,1.11,8.22,1312620347,30.6443668,104.0742666
176684,P2,7.0,7.0,727.0,727.0,False,0.91,8.0,1956538342,30.680431,104.1103448
189189,P2,7.0,7.0,727.0,727.0,False,1.45,8.9,672405808,30.658065,104.0810186
25755,P2,7.0,7.0,727.0,727.0,False,0.29,8.0,5141468805,30.6294733,104.0984475
38433,P2,7.0,7.0,727.0,727.0,False,0.11,8.0,2041527426,30.6891247,104.0945023
86225,P2,7.0,7.0,727.0,727.0,False,0.93,8.0,4701400379,30.6118142,104.0552323
9486,P2,7.0,7.0,727.0,727.0,False,0.37,8.0,1159145919,30.6691126,104.0698482
96915,P2,7.0,7.0,727.0,727.0,False,0.57,8.0,1987226884,30.6667057,104.0490266
155769,P2,8.0,8.0,728.0,728.0,False,2.39,10.78,3538911124,30.6260096,104.0879165
166704,P2,8.0,8.0,728.0,728.0,False,2.39,10.78,2081197470,30.628988,104.0968856
174114,P2,8.0,8.0,728.0,728.0,False,0.59,8.0,4550769604,30.6321289,104.1057319
177781,P2,8.0,8.0,728.0,728.0,False,0.49,8.0,4963999569,30.7168843,104.0320779
195173,P2,8.0,8.0,728.0,728.0,False,0.9,8.0,2708961595,30.6204751,104.0823862
206220,P2,8.0,8.0,728.0,728.0,False,2.76,11.52,672349693,30.6969145,104.0727821
29587,P2,8.0,8.0,728.0,728.0,False,0.01,8.0,1469172045,30.6319422,104.0923756
44291,P2,8.0,8.0,728.0,728.0,False,0.92,8.0,3541427561,30.706245,104.04223
50618,P2,8.0,8.0,728.0,728.0,False,1.96,9.92,5141468731,30.6369301,104.0955529
6457,P2,8.0,8.0,728.0,728.0,False,2.45,10.9,3250470326,30.6369267,104.0266846
126307,P2,9.0,9.0,729.0,729.0,False,1.35,8.7,5213238513,30.66094,104.07458
146754,P2,9.0,9.0,729.0,729.0,False,0.56,8.0,2915973106,30.6392139,104.1150132
172435,P2,9.0,9.0,729.0,729.0,False,1.21,8.42,4106682094,30.6426409,103.9832551
177002,P2,9.0,9.0,729.0,729.0,False,0.57,8.0,4106682119,30.6441269,103.9811572
203499,P2,9.0,9.0,729.0,729.0,False,0.63,8.0,4107377006,30.6302083,104.0003801
29946,P2,9.0,9.0,729.0,729.0,False,0.64,8.0,4106682232,30.6785206,104.0010581
40622,P2,9.0,9.0,729.0,729.0,False,0.55,8.0,2041527424,30.6916682,104.0967891
51163,P2,9.0,9.0,729.0,729.0,False,0.89,8.0,2078704437,30.6169007,104.1012649
69222,P2,9.0,9.0,729.0,729.0,False,0.55,8.0,2852227693,30.6870368,104.0671329
82407,P2,9.0,9.0,729.0,729.0,False,0.88,8.0,4772463302,30.6617108,104.044674
89126,P2,9.0,9.0,729.0,729.0,False,1.57,9.14,4136052206,30.6094552,104.046706
109371,P2,10.0,10.0,730.0,730.0,False,0.83,8.0,4695700268,30.6140921,104.0182043
116945,P2,10.0,10.0,730.0,730.0,False,0.79,8.0,5141328660,30.6133768,104.0641033
126849,P2,10.0,10.0,730.0,730.0,False,0.27,8.0,5055911222,30.7145696,104.1119178
163743,P2,10.0,10.0,730.0,730.0,False,2.22,10.44,1339762127,30.71476,104.04605
167818,P2,10.0,10.0,730.0,730.0,False,0.84,8.0,5375783910,30.6578492,103.9956325
19444,P2,10.0,10.0,730.0,730.0,False,2.22,10.44,4136052237,30.6101995,104.0478514
33210,P2,10.0,10.0,730.0,730.0,False,0.82,8.0,3562033464,30.7086247,104.0779672
53027,P2,10.0,10.0,730.0,730.0,False,2.13,10.26,1506426847,30.7084,104.07218
93636,P2,10.0,10.0,730.0,730.0,False,1.96,9.92,2956775867,30.6988103,104.0287998
106721,P2,11.0,11.0,731.0,731.0,False,0.29,8.0,441221408,30.6459042,104.0229053
124978,P2,11.0,11.0,731.0,731.0,False,1.78,9.56,672360698,30.6502109,104.0726291
129004,P2,11.0,11.0,731.0,731.0,False,1.47,8.94,5213253169,30.6646952,104.1109949
143864,P2,11.0,11.0,731.0,731.0,False,0.14,8.0,4548211276,30.66058,104.058355
151078,P2,11.0,11.0,731.0,731.0,False,0.29,8.0,4106682177,30.6552098,103.9774566
151669,P2,11.0,11.0,731.0,731.0,False,0.28,8.0,1458911919,30.6726888,104.0874147
52529,P2,11.0,11.0,731.0,731.0,False,1.79,9.58,4550019007,30.6508625,104.0571591
54003,P2,11.0,11.0,731.0,731.0,False,1.99,9.98,2039550426,30.67202,104.11256
54619,P2,11.0,11.0,731.0,731.0,False,0.7,8.0,314655429,30.63919,104.03573
58107,P2,11.0,11.0,731.0,731.0,False,1.41,8.82,5283966122,30.65272,104.09764
73005,P2,11.0,11.0,731.0,731.0,False,2.96,11.92,4550018992,30.6468176,104.0031769
78547,P2,11.0,11.0,731.0,731.0,False,1.11,8.22,2118910074,30.700563,104.08867
79721,P2,11.0,11.0,731.0,731.0,False,0.29,8.0,5141326919,30.6107738,104.0587845
115413,P2,12.0,12.0,732.0,732.0,False,0.42,8.0,2717786564,30.6251659,104.0814952
120980,P2,12.0,12.0,732.0,732.0,False,1.21,8.42,432442519,30.683134,104.0127396
140135,P2,12.0,12.0,732.0,732.0,False,0.36,8.0,3943038380,30.6435381,104.0624784
145153,P2,12.0,12.0,732.0,732.0,False,1.34,8.68,671600414,30.6691874,104.0382517
155531,P2,12.0,12.0,732.0,732.0,False,0.36,8.0,1457814243,30.6949972,104.1077621
156755,P2,12.0,12.0,732.0,732.0,False,0.33,8.0,4505485126,30.6351228,104.0839511
164275,P2,12.0,12.0,732.0,732.0,False,2.82,11.64,1159139949,30.6550192,104.1082199
165829,P2,12.0,12.0,732.0,732.0,False,0.42,8.0,1302807401,30.6455886,104.0810887
177223,P2,12.0,12.0,732.0,732.0,False,0.98,8.0,1159229571,30.673136,104.10572
194944,P2,12.0,12.0,732.0,732.0,False,0.71,8.0,2271614427,30.7165086,103.966667
26474,P2,12.0,12.0,732.0,732.0,False,0.33,8.0,2981319480,30.7065632,104.0099932
3439,P2,12.0,12.0,732.0,732.0,False,1.89,9.78,3562028076,30.659967,104.093666
36475,P2,12.0,12.0,732.0,732.0,False,2.08,10.16,3034409136,30.72219,104.09184
54207,P2,12.0,12.0,732.0,732.0,False,0.51,8.0,4972899547,30.6125557,104.0498962
62615,P2,12.0,12.0,732.0,732.0,False,1.21,8.42,2472030045,30.6624706,104.0649106
78859,P2,12.0,12.0,732.0,732.0,False,0.36,8.0,1492588526,30.6229947,104.0661027
90616,P2,12.0,12.0,732.0,732.0,False,0.71,8.0,3541427578,30.7172583,104.0442037
108364,P2,13.0,13.0,733.0,733.0,False,1.41,8.82,4106681949,30.6260866,104.0023914
125235,P2,13.0,13.0,733.0,733.0,False,4.56,15.12,4230839437,30.65554,104.06612
129790,P2,13.0,13.0,733.0,733.0,False,1.37,8.74,4693610143,30.6355715,104.0672545
150141,P2,13.0,13.0,733.0,733.0,False,2.81,11.62,3562055473,30.7151549,104.0404843
174379,P2,13.0,13.0,733.0,733.0,False,0.12,8.0,628641789,30.6937,104.085365
17882,P2,13.0,13.0,733.0,733.0,False,0.37,8.0,1159155007,30.6526674,104.0863993
179923,P2,13.0,13.0,733.0,733.0,False,0.35,8.0,4989782356,30.6836681,104.0590065
83615,P2,13.0,13.0,733.0,733.0,False,0.79,8.0,1156126880,30.680231,104.0549136
100958,P2,14.0,14.0,734.0,734.0,False,1.86,9.72,432452896,30.618552,104.060157
106087,P2,14.0,14.0,734.0,734.0,False,1.7,9.4,2039528348,30.67066,104.10864
113934,P2,14.0,14.0,734.0,734.0,False,0.01,8.0,3331333440,30.6145225,104.0755938
114176,P2,14.0,14.0,734.0,734.0,False,0.73,8.0,2843286556,30.6884143,104.0574989
128707,P2,14.0,14.0,734.0,734.0,False,0.33,8.0,3613960016,30.66359,104.0526
130586,P2,14.0,14.0,734.0,734.0,False,2.62,11.24,4695640520,30.6117255,104.0378031
159884,P2,14.0,14.0,734.0,734.0,False,0.39,8.0,3541422914,30.7093211,104.0624142
179332,P2,14.0,14.0,734.0,734.0,False,0.43,8.0,4592713499,30.6215122,104.0600557
180341,P2,14.0,14.0,734.0,734.0,False,1.7,9.4,1507357789,30.697117,104.0787323
36808,P2,14.0,14.0,734.0,734.0,False,1.02,8.04,5249392199,30.6466294,103.9731396
5464,P2,14.0,14.0,734.0,734.0,False,0.64,8.0,5141328656,30.6125187,104.0629582
59394,P2,14.0,14.0,734.0,734.0,False,0.5,8.0,4989782356,30.6836681,104.0590065
72019,P2,14.0,14.0,734.0,734.0,False,0.01,8.0,5213253142,30.6656392,104.1094973
113455,P2,15.0,15.0,735.0,735.0,False,4.01,14.02,2691023099,30.7092,103.99653
12136,P2,15.0,15.0,735.0,735.0,False,2.57,11.14,1159172500,30.6190811,104.0802771
141250,P2,15.0,15.0,735.0,735.0,False,2.57,11.14,2712421553,30.6357703,104.0573059
203350,P2,15.0,15.0,735.0,735.0,False,4.01,14.02,4217837089,30.6259504,104.0427805
30851,P2,15.0,15.0,735.0,735.0,False,0.33,8.0,2729160274,30.6108314,104.0897464
38500,P2,15.0,15.0,735.0,735.0,False,0.22,8.0,4701577711,30.6162188,104.0704791
56645,P2,15.0,15.0,735.0,735.0,False,1.27,8.54,2712338400,30.7070407,104.0384171
662,P2,15.0,15.0,735.0,735.0,False,0.6,8.0,1819305189,30.6383429,104.1069867
74467,P2,15.0,15.0,735.0,735.0,False,0.25,8.0,2041527435,30.6919726,104.096199
120876,P2,16.0,16.0,736.0,736.0,False,0.25,8.0,5213237302,30.6592821,104.0787494
157018,P2,16.0,16.0,736.0,736.0,False,1.17,8.34,1492389322,30.65875,104.0584017
164848,P2,16.0,16.0,736.0,736.0,False,0.61,8.0,4550018725,30.6298481,104.0170573
165654,P2,16.0,16.0,736.0,736.0,False,1.17,8.34,1305816733,30.6478458,104.0869212
168780,P2,16.0,16.0,736.0,736.0,False,0.25,8.0,2041531471,30.6798058,104.0744654
171635,P2,16.0,16.0,736.0,736.0,False,2.3,10.6,1956501938,30.687,104.1049
180670,P2,16.0,16.0,736.0,736.0,False,0.61,8.0,3087817474,30.6373559,104.0228723
39844,P2,16.0,16.0,736.0,736.0,False,0.25,8.0,4549993227,30.706241,104.0018387
40982,P2,16.0,16.0,736.0,736.0,False,0.25,8.0,1469169455,30.6440645,104.0855978
42748,P2,16.0,16.0,736.0,736.0,False,1.17,8.34,4772430855,30.6771026,104.0067635
61100,P2,16.0,16.0,736.0,736.0,False,0.52,8.0,2823785826,30.6602111,104.0563873
71054,P2,16.0,16.0,736.0,736.0,False,2.29,10.58,3691534107,30.6612076,104.0296226
79789,P2,16.0,16.0,736.0,736.0,False,0.1,8.0,4550018840,30.6461186,104.0558587
84579,P2,16.0,16.0,736.0,736.0,False,0.9,8.0,4230611269,30.6513517,104.0708654
87987,P2,16.0,16.0,736.0,736.0,False,0.87,8.0,672349708,30.6969306,104.0705922
96706,P2,16.0,16.0,736.0,736.0,False,0.26,8.0,3541364359,30.6165148,104.0888383
99807,P2,16.0,16.0,736.0,736.0,False,0.75,8.0,1861145348,30.6726053,104.1100305
10761,P2,17.0,17.0,737.0,737.0,False,1.72,9.44,5382831202,30.6774918,104.0944491
111212,P2,17.0,17.0,737.0,737.0,False,0.87,8.0,2843289913,30.6854891,104.0600785
119610,P2,17.0,17.0,737.0,737.0,False,1.2,8.4,5141328731,30.6115807,104.0639168
151755,P2,17.0,17.0,737.0,737.0,False,0.74,8.0,5213238458,30.6353996,104.0522992
16887,P2,17.0,17.0,737.0,737.0,False,1.1,8.2,3523294438,30.6485054,104.0518109
199139,P2,17.0,17.0,737.0,737.0,False,1.38,8.76,1159137575,30.658674,104.09253
20291,P2,17.0,17.0,737.0,737.0,False,1.79,9.58,1159138407,30.66286,104.09705
3321,P2,17.0,17.0,737.0,737.0,False,1.1,8.2,5375783780,30.654702,104.0012088
48631,P2,17.0,17.0,737.0,737.0,False,1.1,8.2,3582230411,30.639757,103.9723877
5345,P2,17.0,17.0,737.0,737.0,False,1.2,8.4,2559969500,30.6314071,104.0358338
112962,P2,18.0,18.0,738.0,738.0,False,0.09,8.0,4695601451,30.6095745,104.0276019
11355,P2,18.0,18.0,738.0,738.0,False,0.09,8.0,4548259351,30.6904084,104.0488301
129392,P2,18.0,18.0,738.0,738.0,False,0.76,8.0,5422574947,30.6926567,104.0775134
148842,P2,18.0,18.0,738.0,738.0,False,0.41,8.0,4118527347,30.6979063,104.0891054
148955,P2,18.0,18.0,738.0,738.0,False,2.15,10.3,1916530825,30.6391487,103.9786219
15259,P2,18.0,18.0,738.0,738.0,False,0.8,8.0,4772463295,30.6632205,104.0452989
16623,P2,18.0,18.0,738.0,738.0,False,0.07,8.0,2041527397,30.6902045,104.0941428
172313,P2,18.0,18.0,738.0,738.0,False,1.51,9.02,4592713498,30.6215914,104.0643526
175391,P2,18.0,18.0,738.0,738.0,False,0.76,8.0,4903112580,30.658339,104.0776
22907,P2,18.0,18.0,738.0,738.0,False,0.41,8.0,3562110274,30.67188,104.06618
3212,P2,18.0,18.0,738.0,738.0,False,1.98,9.96,1159143910,30.6756964,104.0820536
52487,P2,18.0,18.0,738.0,738.0,False,0.97,8.0,4550769857,30.64941,104.11296
54458,P2,18.0,18.0,738.0,738.0,False,1.32,8.64,1964394686,30.6701145,104.1060267
76892,P2,18.0,18.0,738.0,738.0,False,0.76,8.0,1301932981,30.6516301,104.0808431
103684,P2,19.0,19.0,739.0,739.0,False,2.89,11.78,4393204198,30.6226323,104.0600095
105680,P2,19.0,19.0,739.0,739.0,False,1.89,9.78,3633018387,30.6667602,104.0632288
129253,P2,19.0,19.0,739.0,739.0,False,1.74,9.48,3680412785,30.6577776,104.0162518
175803,P2,19.0,19.0,739.0,739.0,False,1.53,9.06,4992013246,30.621778,104.0745079
177929,P2,19.0,19.0,739.0,739.0,False,0.46,8.0,5436607851,30.6359757,104.0636458
18436,P2,19.0,19.0,739.0,739.0,False,0.12,8.0,4572410194,30.6856589,103.9731084
188997,P2,19.0,19.0,739.0,739.0,False,0.95,8.0,4106681953,30.6286976,103.9967634
189366,P2,19.0,19.0,739.0,739.0,False,0.43,8.0,1301933042,30.6550569,104.0789302
23889,P2,19.0,19.0,739.0,739.0,False,2.89,11.78,4548211646,30.684373,104.0422094
24502,P2,19.0,19.0,739.0,739.0,False,0.46,8.0,2333096988,30.6241657,103.9868991
48583,P2,19.0,19.0,739.0,739.0,False,2.06,10.12,3034376772,30.6802544,104.0634516
108319,P2,20.0,20.0,740.0,740.0,False,1.28,8.56,3633008408,30.673155,104.0175
115513,P2,20.0,20.0,740.0,740.0,False,0.33,8.0,5141328443,30.6117013,104.0558576
122392,P2,20.0,20.0,740.0,740.0,False,0.85,8.0,4915830830,30.6752444,104.0714931
123587,P2,20.0,20.0,740.0,740.0,False,1.29,8.58,3516887960,30.7153774,104.036239
174519,P2,20.0,20.0,740.0,740.0,False,0.42,8.0,5055911221,30.715579,104.1041139
190844,P2,20.0,20.0,740.0,740.0,False,2.17,10.34,441159926,30.7216086,104.1027513
46450,P2,20.0,20.0,740.0,740.0,False,0.28,8.0,5218240010,30.7034527,104.0487623
48206,P2,20.0,20.0,740.0,740.0,False,1.52,9.04,4900292716,30.6657138,104.0682592
62192,P2,20.0,20.0,740.0,740.0,False,3.03,12.06,5436607839,30.6359785,104.0639637
65255,P2,20.0,20.0,740.0,740.0,False,0.54,8.0,803149470,30.6622,104.09892
114159,P2,21.0,21.0,741.0,741.0,False,0.93,8.0,432442979,30.67534,104.016205
139424,P2,21.0,21.0,741.0,741.0,False,0.09,8.0,1459059553,30.6455812,104.1072999
148471,P2,21.0,21.0,741.0,741.0,False,2.35,10.7,1301933029,30.65351,104.06958
173163,P2,21.0,21.0,741.0,741.0,False,0.93,8.0,1958204223,30.6680714,104.0845314
179532,P2,21.0,21.0,741.0,741.0,False,1.58,9.16,1159232134,30.6865153,104.0761717
23981,P2,21.0,21.0,741.0,741.0,False,0.65,8.0,4779165736,30.6248795,104.0390582
51824,P2,21.0,21.0,741.0,741.0,False,2.05,10.1,1492607688,30.6221993,104.0644785
107176,P2,22.0,22.0,742.0,742.0,False,1.68,9.36,4695601311,30.6117932,104.0291579
13170,P2,22.0,22.0,742.0,742.0,False,0.24,8.0,4703149493,30.6131297,104.0671097
134975,P2,22.0,22.0,742.0,742.0,False,1.29,8.58,1159155247,30.6473,104.09419
139524,P2,22.0,22.0,742.0,742.0,False,0.66,8.0,314622954,30.6506182,104.0541871
1551,P2,22.0,22.0,742.0,742.0,False,0.63,8.0,1469171331,30.63933,104.08902
163255,P2,22.0,22.0,742.0,742.0,False,0.03,8.0,432452881,30.6207392,104.0502162
163467,P2,22.0,22.0,742.0,742.0,False,1.33,8.66,3736570433,30.6978436,104.0697627
166249,P2,22.0,22.0,742.0,742.0,False,1.59,9.18,3089029138,30.6632578,104.0507561
168310,P2,22.0,22.0,742.0,742.0,False,3.16,12.32,5053143822,30.7124187,104.0054782
170563,P2,22.0,22.0,742.0,742.0,False,1.79,9.58,1460293504,30.6518606,104.1112427
17218,P2,22.0,22.0,742.0,742.0,False,0.66,8.0,3445794964,30.6623919,104.0718432
177830,P2,22.0,22.0,742.0,742.0,False,2.38,10.76,4782067655,30.625138,104.0269049
178286,P2,22.0,22.0,742.0,742.0,False,1.44,8.88,1457841123,30.6983327,104.1044663
195360,P2,22.0,22.0,742.0,742.0,False,0.17,8.0,4695640580,30.6121794,104.0253352
206889,P2,22.0,22.0,742.0,742.0,False,1.7,9.4,5283966195,30.7018488,104.1144818
4068,P2,22.0,22.0,742.0,742.0,False,0.21,8.0,4701464323,30.6110672,104.0650627
43208,P2,22.0,22.0,742.0,742.0,False,1.56,9.12,4549993310,30.6510165,103.9886428
65657,P2,22.0,22.0,742.0,742.0,False,1.46,8.92,1457843797,30.6884938,104.099715
7505,P2,22.0,22.0,742.0,742.0,False,1.59,9.18,5141328728,30.612057,104.0633749
79820,P2,22.0,22.0,742.0,742.0,False,0.03,8.0,432442545,30.6987537,104.0115058
79857,P2,22.0,22.0,742.0,742.0,False,1.18,8.36,4987536566,30.6434555,103.9974209
122887,P2,23.0,23.0,743.0,743.0,False,0.49,8.0,3516900121,30.6695929,104.081195
142384,P2,23.0,23.0,743.0,743.0,False,1.31,8.62,4549993076,30.6487446,103.9809058
146367,P2,23.0,23.0,743.0,743.0,False,0.56,8.0,4773916426,30.657494,104.0022027
160463,P2,23.0,23.0,743.0,743.0,False,0.73,8.0,4903105811,30.655666,104.083595
164658,P2,23.0,23.0,743.0,743.0,False,2.08,10.16,2081197471,30.6184332,104.1106035
166040,P2,23.0,23.0,743.0,743.0,False,0.43,8.0,3034029049,30.6830572,104.000947
17767,P2,23.0,23.0,743.0,743.0,False,0.56,8.0,3927891201,30.676502,103.9893629
19561,P2,23.0,23.0,743.0,743.0,False,0.18,8.0,2843286551,30.6900819,104.0605694
198550,P2,23.0,23.0,743.0,743.0,False,2.71,11.42,432442950,30.6833924,104.0202498
23577,P2,23.0,23.0,743.0,743.0,False,2.27,10.54,5213238510,30.643941,104.0317781
31489,P2,23.0,23.0,743.0,743.0,False,2.78,11.56,1313998738,30.6313234,104.0879795
39367,P2,23.0,23.0,743.0,743.0,False,1.2,8.4,4548259532,30.698505,104.04537
5355,P2,23.0,23.0,743.0,743.0,False,0.69,8.0,1305816678,30.6491402,104.0820003
63756,P2,23.0,23.0,743.0,743.0,False,2.27,10.54,3089029134,30.6623049,104.0486799
75088,P2,23.0,23.0,743.0,743.0,False,1.75,9.5,3597807845,30.7165062,104.0106957
79342,P2,23.0,23.0,743.0,743.0,False,0.48,8.0,1507363110,30.6971113,104.0789935
80591,P2,23.0,23.0,743.0,743.0,False,1.73,9.46,5359113181,30.6768089,104.0142246
89987,P2,23.0,23.0,743.0,743.0,False,1.16,8.32,432442597,30.6864538,104.0252784
93415,P2,23.0,23.0,743.0,743.0,False,1.16,8.32,1301932975,30.655352,104.07074
95556,P2,23.0,23.0,743.0,743.0,False,0.63,8.0,2333189455,30.6333188,104.0336631
95951,P2,23.0,23.0,743.0,743.0,False,2.03,10.06,4548211485,30.684708,104.042274
149125,P2,24.0,24.0,744.0,744.0,False,2.62,11.24,4106682208,30.6641423,103.9826072
155903,P2,24.0,24.0,744.0,744.0,False,1.07,8.14,2560005433,30.62869,104.02499
187111,P2,24.0,24.0,744.0,744.0,False,1.12,8.24,1815729252,30.71225,104.06707
196273,P2,24.0,24.0,744.0,744.0,False,0.43,8.0,4701400720,30.6226922,104.0678739
196611,P2,24.0,24.0,744.0,744.0,False,0.3,8.0,1159143854,30.6773,104.08391
205627,P2,24.0,24.0,744.0,744.0,False,0.64,8.0,2118977295,30.6949563,104.0038868
31047,P2,24.0,24.0,744.0,744.0,False,0.64,8.0,1159230555,30.6827,104.0907
64879,P2,24.0,24.0,744.0,744.0,False,2.62,11.24,3681180644,30.656404,104.065926
78570,P2,24.0,24.0,744.0,744.0,False,1.18,8.36,4772430844,30.6773366,104.0073327
86791,P2,24.0,24.0,744.0,744.0,False,1.28,8.56,1159518606,30.648739,104.067154
103059,P2,25.0,25.0,745.0,745.0,False,0.69,8.0,4222812807,30.6426054,104.0179979
106383,P2,25.0,25.0,745.0,745.0,False,0.36,8.0,4903105801,30.65939,104.07982
133491,P2,25.0,25.0,745.0,745.0,False,0.83,8.0,5375783805,30.6553989,104.0002727
133511,P2,25.0,25.0,745.0,745.0,False,1.8,9.6,4549993196,30.7044116,104.0035518
141655,P2,25.0,25.0,745.0,745.0,False,1.25,8.5,1290303454,30.65653,104.07103
151453,P2,25.0,25.0,745.0,745.0,False,0.11,8.0,4548258448,30.6545741,104.0111077
179436,P2,25.0,25.0,745.0,745.0,False,0.9,8.0,4106682109,30.6435481,103.9786326
188753,P2,25.0,25.0,745.0,745.0,False,1.25,8.5,3927877871,30.6765872,103.9878448
193716,P2,25.0,25.0,745.0,745.0,False,0.43,8.0,3089029139,30.6626863,104.0507625
201989,P2,25.0,25.0,745.0,745.0,False,0.36,8.0,4693610149,30.6351322,104.0669106
351,P2,25.0,25.0,745.0,745.0,False,0.62,8.0,5141468652,30.6399839,104.0936737
36523,P2,25.0,25.0,745.0,745.0,False,2.36,10.72,314655016,30.6280128,104.0440266
36587,P2,25.0,25.0,745.0,745.0,False,0.59,8.0,1492405931,30.6398776,104.0641663
37229,P2,25.0,25.0,745.0,745.0,False,2.39,10.78,4548211467,30.6309116,104.022645
52801,P2,25.0,25.0,745.0,745.0,False,0.96,8.0,5218132916,30.6464413,104.1116355
76009,P2,25.0,25.0,745.0,745.0,False,1.8,9.6,439751905,30.6743165,103.9868492
105115,P2,26.0,26.0,746.0,746.0,False,0.48,8.0,1305816745,30.664103,104.10619
123934,P2,26.0,26.0,746.0,746.0,False,0.69,8.0,5211350155,30.6654019,103.9976296
12573,P2,26.0,26.0,746.0,746.0,False,2.05,10.1,2039561245,30.6816196,104.1126702
162492,P2,26.0,26.0,746.0,746.0,False,1.63,9.26,1815729261,30.7140628,104.0719427
166404,P2,26.0,26.0,746.0,746.0,False,1.93,9.86,4549993009,30.6969925,104.0576834
182667,P2,26.0,26.0,746.0,746.0,False,0.74,8.0,4548211308,30.67273,104.05777
31043,P2,26.0,26.0,746.0,746.0,False,1.93,9.86,4903105794,30.67288,104.06752
39474,P2,26.0,26.0,746.0,746.0,False,0.11,8.0,2133188713,30.6109464,104.0923554
65831,P2,26.0,26.0,746.0,746.0,False,1.54,9.08,5354813690,30.659636,104.06095
81519,P2,26.0,26.0,746.0,746.0,False,0.13,8.0,432442943,30.6832296,104.0265876
92327,P2,26.0,26.0,746.0,746.0,False,0.69,8.0,4069514815,30.726312,103.9726629
100123,P2,27.0,27.0,747.0,747.0,False,1.49,8.98,1458909660,30.680779,104.08984
101494,P2,27.0,27.0,747.0,747.0,False,2.24,10.48,5053143855,30.7072463,104.0010684
103099,P2,27.0,27.0,747.0,747.0,False,0.38,8.0,2119004926,30.695456,104.0230312
120483,P2,27.0,27.0,747.0,747.0,False,1.23,8.46,1506426847,30.70997,104.07112
14701,P2,27.0,27.0,747.0,747.0,False,0.8,8.0,5375783866,30.6620069,103.996405
160574,P2,27.0,27.0,747.0,747.0,False,0.29,8.0,5100157863,30.6330719,104.0796135
168002,P2,27.0,27.0,747.0,747.0,False,1.33,8.66,276556859,30.6235253,104.0644224
174765,P2,27.0,27.0,747.0,747.0,False,1.31,8.62,3613960016,30.6637584,104.0523448
179513,P2,27.0,27.0,747.0,747.0,False,0.72,8.0,4550701195,30.6234342,104.0347121
181078,P2,27.0,27.0,747.0,747.0,False,1.31,8.62,2160890931,30.705024,104.0699789
206225,P2,27.0,27.0,747.0,747.0,False,1.23,8.46,2560005433,30.6291829,104.0257656
26412,P2,27.0,27.0,747.0,747.0,False,1.33,8.66,3562045367,30.7168017,104.0350926
28328,P2,27.0,27.0,747.0,747.0,False,2.77,11.54,4701577730,30.6130057,104.0747279
35039,P2,27.0,27.0,747.0,747.0,False,2.77,11.54,1159138407,30.66337,104.0975
3599,P2,27.0,27.0,747.0,747.0,False,0.29,8.0,1459065008,30.6455599,104.1079664
47548,P2,27.0,27.0,747.0,747.0,False,2.24,10.48,1159451475,30.6718808,104.0387308
81349,P2,27.0,27.0,747.0,747.0,False,0.29,8.0,3523298664,30.6318984,104.0466713
149379,P2,28.0,28.0,748.0,748.0,False,4.31,14.62,5367321403,30.6638351,103.9950527
152852,P2,28.0,28.0,748.0,748.0,False,1.22,8.44,1159138261,30.6595403,104.1082716
156062,P2,28.0,28.0,748.0,748.0,False,2.08,10.16,432453006,30.6561027,104.0852452
167858,P2,28.0,28.0,748.0,748.0,False,1.45,8.9,4548259490,30.6872951,104.0522103
18308,P2,28.0,28.0,748.0,748.0,False,0.62,8.0,5141328656,30.6125187,104.0629582
183690,P2,28.0,28.0,748.0,748.0,False,1.77,9.54,4549993410,30.6885233,104.0986763
27190,P2,28.0,28.0,748.0,748.0,False,0.2,8.0,4572409840,30.7258333,104.0068709
31541,P2,28.0,28.0,748.0,748.0,False,1.33,8.66,5375783935,30.6570878,103.9967591
39280,P2,28.0,28.0,748.0,748.0,False,0.58,8.0,4106682172,30.6504372,103.9830199
40491,P2,28.0,28.0,748.0,748.0,False,2.55,11.1,441221450,30.6466367,104.023808
81277,P2,28.0,28.0,748.0,748.0,False,1.4,8.8,2041527405,30.6904124,104.0951287
8391,P2,28.0,28.0,748.0,748.0,False,0.94,8.0,2847752856,30.65742,104.10393
92591,P2,28.0,28.0,748.0,748.0,False,0.95,8.0,4794975966,30.6469615,104.0564259
119419,P2,29.0,29.0,749.0,749.0,False,2.71,11.42,4903112577,30.65393,104.07388
121776,P2,29.0,29.0,749.0,749.0,False,1.04,8.08,5213253169,30.6646952,104.1109949
158691,P2,29.0,29.0,749.0,749.0,False,0.45,8.0,4900292686,30.67149,104.0642
179952,P2,29.0,29.0,749.0,749.0,False,0.26,8.0,4779165758,30.6261734,104.0308368
184700,P2,29.0,29.0,749.0,749.0,False,1.91,9.82,4106682129,30.6454443,103.9713787
20622,P2,29.0,29.0,749.0,749.0,False,1.39,8.78,4772463277,30.6602566,104.0469174
30878,P2,29.0,29.0,749.0,749.0,False,0.31,8.0,432452904,30.614518,104.0746835
43984,P2,29.0,29.0,749.0,749.0,False,1.49,8.98,432429386,30.6399004,104.0516727
73575,P2,29.0,29.0,749.0,749.0,False,0.67,8.0,4903112577,30.65436,104.07405
115059,P2,30.0,30.0,750.0,750.0,False,1.27,8.54,4548211208,30.6785423,104.0387251
153355,P2,30.0,30.0,750.0,750.0,False,2.73,11.46,2823785844,30.6681902,104.0598572
46239,P2,30.0,30.0,750.0,750.0,False,2.53,11.06,432442854,30.66544,103.99172
49326,P2,30.0,30.0,750.0,750.0,False,3.5,13.0,2160890933,30.7050201,104.0713395
60230,P2,30.0,30.0,750.0,750.0,False,0.88,8.0,1159176989,30.6308255,104.0503757
79007,P2,30.0,30.0,750.0,750.0,False,3.5,13.0,1492408885,30.63908,104.063416
106035,P2,31.0,31.0,751.0,751.0,False,0.77,8.0,1159935140,30.6705902,103.9977122
106573,P2,31.0,31.0,751.0,751.0,False,1.09,8.18,4695640656,30.6179593,104.0247902
111187,P2,31.0,31.0,751.0,751.0,False,2.15,10.3,5013455446,30.61496,104.05757
123282,P2,31.0,31.0,751.0,751.0,False,0.06,8.0,1313998737,30.6344134,104.085936
149188,P2,31.0,31.0,751.0,751.0,False,0.03,8.0,2282013888,30.6210077,103.9722222
163103,P2,31.0,31.0,751.0,751.0,False,2.35,10.7,2329101948,30.693115,104.01516
174536,P2,31.0,31.0,751.0,751.0,False,3.15,12.3,4550018892,30.6277797,104.0191042
182583,P2,31.0,31.0,751.0,751.0,False,0.98,8.0,1159475412,30.69282,104.04285
65852,P2,31.0,31.0,751.0,751.0,False,2.0,10.0,3087817463,30.6407927,104.0195956
74604,P2,31.0,31.0,751.0,751.0,False,0.49,8.0,504315308,30.6888254,104.1000777
98239,P2,31.0,31.0,751.0,751.0,False,2.35,10.7,3562047447,30.7147003,104.072085
129171,P2,32.0,32.0,752.0,752.0,False,2.47,10.94,4585624086,30.6737789,104.0302601
14556,P2,32.0,32.0,752.0,752.0,False,0.12,8.0,3562055474,30.7214627,104.0392095
152359,P2,32.0,32.0,752.0,752.0,False,0.47,8.0,1159148928,30.65833,104.07297
201484,P2,32.0,32.0,752.0,752.0,False,0.4,8.0,4505488419,30.6356156,104.076879
22928,P2,32.0,32.0,752.0,752.0,False,0.65,8.0,5213253157,30.6773577,104.1048147
72294,P2,32.0,32.0,752.0,752.0,False,0.2,8.0,1159511641,30.6539347,104.0658161
89464,P2,32.0,32.0,752.0,752.0,False,0.47,8.0,1507382789,30.6958366,104.083648
95518,P2,32.0,32.0,752.0,752.0,False,0.18,8.0,4136052212,30.6096787,104.0471204
100191,P2,33.0,33.0,753.0,753.0,False,1.89,9.78,1819305354,30.637589,104.1042642
162222,P2,33.0,33.0,753.0,753.0,False,2.64,11.28,4693609980,30.6288924,104.0691555
16419,P2,33.0,33.0,753.0,753.0,False,2.48,10.96,4695700247,30.6170552,104.0197036
173720,P2,33.0,33.0,753.0,753.0,False,1.85,9.7,1507393760,30.6955194,104.0788145
182415,P2,33.0,33.0,753.0,753.0,False,1.17,8.34,4903105811,30.656603,104.082245
188389,P2,33.0,33.0,753.0,753.0,False,0.09,8.0,5261581863,30.677346,104.0962023
29687,P2,33.0,33.0,753.0,753.0,False,1.37,8.74,4118527280,30.68359,104.0628
40836,P2,33.0,33.0,753.0,753.0,False,1.38,8.76,3333358462,30.7007169,104.0642907
71021,P2,33.0,33.0,753.0,753.0,False,2.64,11.28,672360629,30.6498706,104.0725875
111297,P2,34.0,34.0,754.0,754.0,False,0.27,8.0,4393165156,30.6224558,104.0637896
124781,P2,34.0,34.0,754.0,754.0,False,0.46,8.0,1159947333,30.6560249,104.0733693
128631,P2,34.0,34.0,754.0,754.0,False,0.2,8.0,439751746,30.712875,104.02776
146738,P2,34.0,34.0,754.0,754.0,False,0.67,8.0,5141328837,30.6350368,104.0701445
156980,P2,34.0,34.0,754.0,754.0,False,1.32,8.64,1159504053,30.6974065,104.0212036
177614,P2,34.0,34.0,754.0,754.0,False,0.46,8.0,4748173618,30.6230928,104.0188087
187351,P2,34.0,34.0,754.0,754.0,False,0.73,8.0,4230611271,30.65146,104.07019
204499,P2,34.0,34.0,754.0,754.0,False,0.49,8.0,3614070501,30.672366,104.0539944
204790,P2,34.0,34.0,754.0,754.0,False,1.91,9.82,5213253181,30.7023061,104.0922911
21595,P2,34.0,34.0,754.0,754.0,False,2.05,10.1,4548211359,30.67502,104.05944
28399,P2,34.0,34.0,754.0,754.0,False,0.08,8.0,3087817502,30.6685795,103.9850982
35897,P2,34.0,34.0,754.0,754.0,False,2.84,11.68,4548211661,30.6741327,104.0577152
36517,P2,34.0,34.0,754.0,754.0,False,1.91,9.82,4547074373,30.6110311,104.0749581
78770,P2,34.0,34.0,754.0,754.0,False,1.98,9.96,4964000138,30.7179505,104.031218
88293,P2,34.0,34.0,754.0,754.0,False,1.11,8.22,1457843799,30.6884963,104.0995444
89246,P2,34.0,34.0,754.0,754.0,False,0.5,8.0,504315336,30.7036181,104.1011062
101691,P2,35.0,35.0,755.0,755.0,False,1.89,9.78,4064178177,30.6736199,103.9735875
119665,P2,35.0,35.0,755.0,755.0,False,2.58,11.16,5213253135,30.664583,104.0934462
122204,P2,35.0,35.0,755.0,755.0,False,0.18,8.0,1918491718,30.649571,103.9838543
145723,P2,35.0,35.0,755.0,755.0,False,1.89,9.78,1919409108,30.6690346,103.9675711
153270,P2,35.0,35.0,755.0,755.0,False,0.26,8.0,2564226649,30.6419605,104.0136976
153587,P2,35.0,35.0,755.0,755.0,False,0.18,8.0,1947583861,30.6867677,104.0893553
185184,P2,35.0,35.0,755.0,755.0,False,1.98,9.96,3562047439,30.7026681,104.0706682
191295,P2,35.0,35.0,755.0,755.0,False,0.93,8.0,3034040779,30.7039459,104.0216741
19497,P2,35.0,35.0,755.0,755.0,False,2.02,10.04,432452878,30.6133171,104.0504622
209027,P2,35.0,35.0,755.0,755.0,False,0.1,8.0,4794992619,30.639372,104.06626
36726,P2,35.0,35.0,755.0,755.0,False,0.63,8.0,4106682091,30.6425019,103.9821727
54645,P2,35.0,35.0,755.0,755.0,False,0.75,8.0,5375784230,30.6326764,104.0085178
59489,P2,35.0,35.0,755.0,755.0,False,1.11,8.22,4740867224,30.6131318,104.0930987
60950,P2,35.0,35.0,755.0,755.0,False,0.75,8.0,4695601331,30.6106436,104.0295303
78675,P2,35.0,35.0,755.0,755.0,False,0.03,8.0,1159941938,30.667255,104.0186
79459,P2,35.0,35.0,755.0,755.0,False,0.1,8.0,2843289926,30.6827975,104.0673054
87704,P2,35.0,35.0,755.0,755.0,False,0.03,8.0,5310712645,30.6595574,104.1104204
88536,P2,35.0,35.0,755.0,755.0,False,0.05,8.0,1159227850,30.6913669,104.0523676
14519,P2,36.0,36.0,756.0,756.0,False,1.11,8.22,2956775870,30.70362,104.0375
162243,P2,36.0,36.0,756.0,756.0,False,0.82,8.0,2472054564,30.70535,104.04984
175540,P2,36.0,36.0,756.0,756.0,False,0.86,8.0,2712421553,30.6357703,104.0573059
185081,P2,36.0,36.0,756.0,756.0,False,0.37,8.0,4550018654,30.6130074,104.0420306
5711,P2,36.0,36.0,756.0,756.0,False,3.89,13.78,4548141055,30.6110152,104.0756402
6256,P2,36.0,36.0,756.0,756.0,False,3.61,13.22,4987534953,30.6175186,104.0092058
71851,P2,36.0,36.0,756.0,756.0,False,1.66,9.32,3680412780,30.6579193,104.0162888
74504,P2,36.0,36.0,756.0,756.0,False,1.06,8.12,4586532061,30.6879114,104.0196271
91798,P2,36.0,36.0,756.0,756.0,False,0.43,8.0,1159496594,30.6884286,104.0434886
135087,P2,37.0,37.0,757.0,757.0,False,2.39,10.78,2039550405,30.6703133,104.1126614
136368,P2,37.0,37.0,757.0,757.0,False,1.99,9.98,4548211206,30.6785695,104.0579543
170483,P2,37.0,37.0,757.0,757.0,False,0.49,8.0,432442944,30.68053,104.02592
175012,P2,37.0,37.0,757.0,757.0,False,0.27,8.0,3445813128,30.6725658,104.0787595
21045,P2,37.0,37.0,757.0,757.0,False,2.07,10.14,314622918,30.6606816,104.0581441
23299,P2,37.0,37.0,757.0,757.0,False,3.25,12.5,4693610153,30.6343701,104.0671874
63074,P2,37.0,37.0,757.0,757.0,False,2.48,10.96,3613960006,30.6724147,104.0459399
104492,P2,38.0,38.0,758.0,758.0,False,1.39,8.78,5375783796,30.6555511,103.999267
113923,P2,38.0,38.0,758.0,758.0,False,0.83,8.0,3516900123,30.6712689,104.0733689
116210,P2,38.0,38.0,758.0,758.0,False,0.34,8.0,4695701792,30.6122117,104.018919
119304,P2,38.0,38.0,758.0,758.0,False,0.11,8.0,1458570760,30.6933855,104.0887586
119961,P2,38.0,38.0,758.0,758.0,False,1.32,8.64,5367317629,30.6625857,103.979658
131128,P2,38.0,38.0,758.0,758.0,False,2.34,10.68,3034029051,30.6761946,104.0028058
135138,P2,38.0,38.0,758.0,758.0,False,1.76,9.52,1458553201,30.6851519,104.1018439
147062,P2,38.0,38.0,758.0,758.0,False,0.77,8.0,1159445859,30.6856384,104.0334788
183055,P2,38.0,38.0,758.0,758.0,False,0.31,8.0,1159143437,30.66282,104.10199
187328,P2,38.0,38.0,758.0,758.0,False,1.47,8.94,441159654,30.7212134,104.0993884
189785,P2,38.0,38.0,758.0,758.0,False,1.47,8.94,1469166259,30.6432966,104.0879079
201118,P2,38.0,38.0,758.0,758.0,False,0.31,8.0,1815729260,30.7140442,104.0720424
209135,P2,38.0,38.0,758.0,758.0,False,0.25,8.0,2930487776,30.7246179,104.0988442
28488,P2,38.0,38.0,758.0,758.0,False,0.31,8.0,314635437,30.6368504,104.0393042
28967,P2,38.0,38.0,758.0,758.0,False,1.75,9.5,1159452242,30.66797,104.04406
77381,P2,38.0,38.0,758.0,758.0,False,0.77,8.0,3541401925,30.6967002,104.0100125
87735,P2,38.0,38.0,758.0,758.0,False,1.33,8.66,4572410233,30.711067,103.9924
88940,P2,38.0,38.0,758.0,758.0,False,1.74,9.48,672282827,30.6551335,104.1079528
90880,P2,38.0,38.0,758.0,758.0,False,0.35,8.0,1469157760,30.6421674,104.1002107
92079,P2,38.0,38.0,758.0,758.0,False,1.32,8.64,1964427886,30.669956,104.10407
116170,P2,39.0,39.0,759.0,759.0,False,3.26,12.52,3633018391,30.6678065,104.0647205
122183,P2,39.0,39.0,759.0,759.0,False,0.54,8.0,3034393453,30.67121,104.04332
136132,P2,39.0,39.0,759.0,759.0,False,0.3,8.0,4779165709,30.6371683,104.0250186
151787,P2,39.0,39.0,759.0,759.0,False,1.99,9.98,1964394675,30.6698654,104.1061769
160027,P2,39.0,39.0,759.0,759.0,False,3.26,12.52,4750955766,30.711906,104.11448
172765,P2,39.0,39.0,759.0,759.0,False,1.53,9.06,3333358469,30.7037607,104.0665976
190497,P2,39.0,39.0,759.0,759.0,False,1.44,8.88,4548211626,30.6684361,104.0383665
42592,P2,39.0,39.0,759.0,759.0,False,0.74,8.0,4963999563,30.7172978,104.0314568
75295,P2,39.0,39.0,759.0,759.0,False,0.54,8.0,3516890334,30.6952485,103.983139
111868,P2,40.0,40.0,760.0,760.0,False,0.77,8.0,2532979500,30.7064741,104.0937559
114454,P2,40.0,40.0,760.0,760.0,False,1.54,9.08,2317059611,30.6252693,104.0424462
115123,P2,40.0,40.0,760.0,760.0,False,1.38,8.76,2653567547,30.67056,104.09082
12983,P2,40.0,40.0,760.0,760.0,False,2.88,11.76,671587267,30.6451322,104.066073
146698,P2,40.0,40.0,760.0,760.0,False,0.54,8.0,1159941938,30.667213,104.0192048
146821,P2,40.0,40.0,760.0,760.0,False,1.19,8.38,1457870721,30.6879683,104.0993049
148208,P2,40.0,40.0,760.0,760.0,False,0.46,8.0,4550018881,30.645334,104.0552418
150464,P2,40.0,40.0,760.0,760.0,False,1.97,9.94,5053143825,30.7157443,104.0141001
157774,P2,40.0,40.0,760.0,760.0,False,1.34,8.68,1159475412,30.693789,104.0426517
159349,P2,40.0,40.0,760.0,760.0,False,1.11,8.22,1469155007,30.6324562,104.1136863
163856,P2,40.0,40.0,760.0,760.0,False,1.09,8.18,432429393,30.6387705,104.0539813
200606,P2,40.0,40.0,760.0,760.0,False,0.52,8.0,4972893897,30.6095643,104.0488339
205302,P2,40.0,40.0,760.0,760.0,False,1.03,8.06,2133184344,30.6251419,104.0973673
24281,P2,40.0,40.0,760.0,760.0,False,1.67,9.34,672287939,30.6651337,104.0543904
52315,P2,40.0,40.0,760.0,760.0,False,1.67,9.34,4549993108,30.68965,104.03277
5591,P2,40.0,40.0,760.0,760.0,False,0.52,8.0,4903105794,30.673693,104.06795
59165,P2,40.0,40.0,760.0,760.0,False,1.34,8.68,3691210147,30.6494199,104.0179582
61054,P2,40.0,40.0,760.0,760.0,False,2.56,11.12,5055908305,30.7142601,104.1148794
112084,P2,41.0,41.0,761.0,761.0,False,1.88,9.76,4107389530,30.7230841,104.0083952
147502,P2,41.0,41.0,761.0,761.0,False,0.79,8.0,4701464739,30.614716,104.0620243
153359,P2,41.0,41.0,761.0,761.0,False,0.81,8.0,1500638635,30.6922961,104.0303781
171073,P2,41.0,41.0,761.0,761.0,False,1.0,8.0,5375784026,30.6595843,103.9866471
183470,P2,41.0,41.0,761.0,761.0,False,0.47,8.0,1192818270,30.6633416,104.0903889
186500,P2,41.0,41.0,761.0,761.0,False,0.21,8.0,4359391019,30.7260816,104.1121385
186993,P2,41.0,41.0,761.0,761.0,False,0.24,8.0,5359113203,30.677847,104.0091123
187271,P2,41.0,41.0,761.0,761.0,False,0.81,8.0,2344329063,30.654251,104.05505
189991,P2,41.0,41.0,761.0,761.0,False,2.04,10.08,504315315,30.698928,104.1041965
193978,P2,41.0,41.0,761.0,761.0,False,1.38,8.76,4701400718,30.6226227,104.0672305
196493,P2,41.0,41.0,761.0,761.0,False,0.02,8.0,4548318064,30.6440185,104.0855758
44821,P2,41.0,41.0,761.0,761.0,False,1.0,8.0,1460307830,30.6558563,104.1123162
57122,P2,41.0,41.0,761.0,761.0,False,1.0,8.0,4548211466,30.6368072,104.0267682
69101,P2,41.0,41.0,761.0,761.0,False,2.04,10.08,3496653056,30.6186004,104.0511197
75473,P2,41.0,41.0,761.0,761.0,False,0.75,8.0,5375783989,30.6511974,103.9887698
167283,P2,42.0,42.0,762.0,762.0,False,2.4,10.8,1339701411,30.7061,104.04834
204393,P2,42.0,42.0,762.0,762.0,False,1.57,9.14,1301933028,30.6496688,104.0808358
26520,P2,42.0,42.0,762.0,762.0,False,0.42,8.0,4779165709,30.6371683,104.0250186
34687,P2,42.0,42.0,762.0,762.0,False,1.03,8.06,4744814864,30.7231304,104.0843329
70586,P2,42.0,42.0,762.0,762.0,False,2.38,10.76,4987536539,30.627694,104.0011409
81022,P2,42.0,42.0,762.0,762.0,False,1.02,8.04,1445519250,30.6499656,104.0635128
84308,P2,42.0,42.0,762.0,762.0,False,2.38,10.76,1459039204,30.6462551,104.1079678
10315,P2,43.0,43.0,763.0,763.0,False,1.26,8.52,2333189455,30.6333188,104.0336631
114275,P2,43.0,43.0,763.0,763.0,False,1.21,8.42,4550769855,30.632545,104.100716
143236,P2,43.0,43.0,763.0,763.0,False,1.46,8.92,4230593015,30.6417114,104.088153
150512,P2,43.0,43.0,763.0,763.0,False,0.45,8.0,1159932053,30.670928,103.9882158
171235,P2,43.0,43.0,763.0,763.0,False,1.46,8.92,5283966373,30.711563,104.09652
54553,P2,43.0,43.0,763.0,763.0,False,1.52,9.04,5375784247,30.6334481,104.0078191
55347,P2,43.0,43.0,763.0,763.0,False,1.72,9.44,1445481368,30.6570979,104.063575
80433,P2,43.0,43.0,763.0,763.0,False,0.67,8.0,4548318070,30.6452307,104.0820694
81127,P2,43.0,43.0,763.0,763.0,False,0.26,8.0,1756176909,30.67539,104.07043
85135,P2,43.0,43.0,763.0,763.0,False,1.18,8.36,1301932975,30.65588,104.07142
90861,P2,43.0,43.0,763.0,763.0,False,2.38,10.76,4967265415,30.7021133,104.0052277
130860,P2,44.0,44.0,764.0,764.0,False,1.01,8.02,1445515778,30.6486055,104.0638176
142280,P2,44.0,44.0,764.0,764.0,False,1.19,8.38,2981319486,30.7081174,104.0085289
145543,P2,44.0,44.0,764.0,764.0,False,0.72,8.0,1159950973,30.65373,104.08913
194136,P2,44.0,44.0,764.0,764.0,False,0.41,8.0,4572409863,30.6613945,104.0383471
44099,P2,44.0,44.0,764.0,764.0,False,0.41,8.0,3199773742,30.704466,104.1129
57711,P2,44.0,44.0,764.0,764.0,False,0.01,8.0,4695662944,30.6118326,104.0324148
71570,P2,44.0,44.0,764.0,764.0,False,0.43,8.0,2852759807,30.6653477,104.1107531
76842,P2,44.0,44.0,764.0,764.0,False,0.72,8.0,4107377003,30.6292984,104.0016594
109975,P2,45.0,45.0,765.0,765.0,False,0.74,8.0,628641733,30.68834,104.04662
132728,P2,45.0,45.0,765.0,765.0,False,2.6,11.2,3071355063,30.623621,104.11311
140811,P2,45.0,45.0,765.0,765.0,False,1.38,8.76,3034376772,30.6802544,104.0634516
18306,P2,45.0,45.0,765.0,765.0,False,1.57,9.14,4964134714,30.7099253,104.018698
196264,P2,45.0,45.0,765.0,765.0,False,1.38,8.76,1301933005,30.6423101,104.0801153
197871,P2,45.0,45.0,765.0,765.0,False,0.01,8.0,1504189444,30.7125121,104.0904715
198746,P2,45.0,45.0,765.0,765.0,False,1.5,9.0,4572410194,30.6856589,103.9731084
208471,P2,45.0,45.0,765.0,765.0,False,2.5,11.0,3681180644,30.6562044,104.0674967
32021,P2,45.0,45.0,765.0,765.0,False,0.93,8.0,5141328662,30.6133844,104.0643656
8690,P2,45.0,45.0,765.0,765.0,False,0.68,8.0,4449117687,30.6279971,104.0985318
90086,P2,45.0,45.0,765.0,765.0,False,1.99,9.98,1156126792,30.6817358,104.0539551
106206,P2,46.0,46.0,766.0,766.0,False,0.47,8.0,1458588156,30.6811354,104.094166
120149,P2,46.0,46.0,766.0,766.0,False,0.01,8.0,1072704360,30.7027829,104.0773547
141965,P2,46.0,46.0,766.0,766.0,False,2.52,11.04,4548259670,30.6542,104.0193926
164264,P2,46.0,46.0,766.0,766.0,False,2.52,11.04,3541427566,30.7175511,104.0397509
166141,P2,46.0,46.0,766.0,766.0,False,0.14,8.0,5141468737,30.6327983,104.093666
180843,P2,46.0,46.0,766.0,766.0,False,0.75,8.0,1458553198,30.68217,104.10598
187728,P2,46.0,46.0,766.0,766.0,False,0.09,8.0,4548211661,30.6741327,104.0577152
19407,P2,46.0,46.0,766.0,766.0,False,0.72,8.0,3541401897,30.6860496,103.994608
33316,P2,46.0,46.0,766.0,766.0,False,0.87,8.0,1156126882,30.6721011,104.0715837
62731,P2,46.0,46.0,766.0,766.0,False,1.28,8.56,1312615973,30.6470462,104.0475745
80424,P2,46.0,46.0,766.0,766.0,False,0.83,8.0,3069351961,30.6281566,103.9820995
145524,P2,47.0,47.0,767.0,767.0,False,1.77,9.54,1916386533,30.6449414,104.0160681
151077,P2,47.0,47.0,767.0,767.0,False,1.77,9.54,803149786,30.6791052,104.0920183
156318,P2,47.0,47.0,767.0,767.0,False,1.59,9.18,4220530490,30.6863308,104.0760975
169442,P2,47.0,47.0,767.0,767.0,False,2.06,10.12,5100157873,30.6329753,104.0809311
187650,P2,47.0,47.0,767.0,767.0,False,0.21,8.0,1815855109,30.6763892,103.9766457
198985,P2,47.0,47.0,767.0,767.0,False,2.42,10.84,1458992380,30.6582352,104.0971331
4938,P2,47.0,47.0,767.0,767.0,False,1.63,9.26,1586706375,30.7064975,103.9851115
65120,P2,47.0,47.0,767.0,767.0,False,0.21,8.0,3250470326,30.6369267,104.0266846
69823,P2,47.0,47.0,767.0,767.0,False,1.25,8.5,3034330082,30.6632,104.08752
73737,P2,47.0,47.0,767.0,767.0,False,1.71,9.42,5102886112,30.6879888,103.9903974
81880,P2,47.0,47.0,767.0,767.0,False,0.25,8.0,432442959,30.6827096,104.0142846
106541,P2,48.0,48.0,768.0,768.0,False,0.79,8.0,3582230411,30.639757,103.9723877
111767,P2,48.0,48.0,768.0,768.0,False,0.1,8.0,5141328426,30.6100437,104.0612601
116918,P2,48.0,48.0,768.0,768.0,False,1.26,8.52,441187448,30.688431,104.0577003
121375,P2,48.0,48.0,768.0,768.0,False,0.42,8.0,4900292686,30.670513,104.06485
152783,P2,48.0,48.0,768.0,768.0,False,2.32,10.64,4964000155,30.716408,104.0305715
154470,P2,48.0,48.0,768.0,768.0,False,0.1,8.0,4934383662,30.6183255,104.1124386
172069,P2,48.0,48.0,768.0,768.0,False,0.34,8.0,432442889,30.6969248,103.9777283
24311,P2,48.0,48.0,768.0,768.0,False,0.66,8.0,4106682225,30.6745183,103.9964567
34521,P2,48.0,48.0,768.0,768.0,False,1.07,8.14,5213238579,30.6359443,104.0647239
71765,P2,48.0,48.0,768.0,768.0,False,1.07,8.14,2217699757,30.6609329,104.0695824
96747,P2,48.0,48.0,768.0,768.0,False,1.02,8.04,2276405725,30.6196787,104.0927444
96876,P2,48.0,48.0,768.0,768.0,False,0.82,8.0,1159939796,30.669577,104.0270813
105013,P2,49.0,49.0,769.0,769.0,False,1.84,9.68,4444112337,30.718907,104.101845
158787,P2,49.0,49.0,769.0,769.0,False,1.81,9.62,3069351793,30.6341013,103.977463
36187,P2,49.0,49.0,769.0,769.0,False,2.02,10.04,3445813553,30.66511,104.07411
108095,P2,50.0,50.0,770.0,770.0,False,0.13,8.0,1445481369,30.65827,104.06419
115205,P2,50.0,50.0,770.0,770.0,False,1.31,8.62,3436486399,30.639693,104.046303
13775,P2,50.0,50.0,770.0,770.0,False,1.06,8.12,5375783451,30.6231738,104.0080194
16189,P2,50.0,50.0,770.0,770.0,False,0.36,8.0,5159344218,30.7064083,104.0530123
175813,P2,50.0,50.0,770.0,770.0,False,1.06,8.12,2118909749,30.7128003,104.0867421
31882,P2,50.0,50.0,770.0,770.0,False,1.04,8.08,1506559767,30.708702,104.073101
36133,P2,50.0,50.0,770.0,770.0,False,1.21,8.42,3541422912,30.7094602,104.0636804
43693,P2,50.0,50.0,770.0,770.0,False,2.03,10.06,2726978412,30.6110285,104.0511406
57871,P2,50.0,50.0,770.0,770.0,False,0.31,8.0,2651714403,30.66935,104.11381
78751,P2,50.0,50.0,770.0,770.0,False,0.31,8.0,2119004935,30.6969457,104.0248742
113461,P2,51.0,51.0,771.0,771.0,False,1.6,9.2,4106681955,30.6290473,103.9838777
147854,P2,51.0,51.0,771.0,771.0,False,2.43,10.86,2329097172,30.7060081,104.0021055
149573,P2,51.0,51.0,771.0,771.0,False,1.27,8.54,3516900123,30.6712689,104.0733689
162919,P2,51.0,51.0,771.0,771.0,False,0.63,8.0,1159149478,30.65452,104.07764
172950,P2,51.0,51.0,771.0,771.0,False,1.36,8.72,2118910074,30.701761,104.087606
178107,P2,51.0,51.0,771.0,771.0,False,1.79,9.58,2560005422,30.6325866,104.0236106
18567,P2,51.0,51.0,771.0,771.0,False,2.43,10.86,5141328649,30.6129791,104.0629351
207611,P2,51.0,51.0,771.0,771.0,False,2.43,10.86,1301933007,30.6509494,104.0783712
32679,P2,51.0,51.0,771.0,771.0,False,2.43,10.86,1159230552,30.687504,104.09408
4688,P2,51.0,51.0,771.0,771.0,False,1.6,9.2,3815508501,30.6233853,104.0153821
55738,P2,51.0,51.0,771.0,771.0,False,0.63,8.0,3516900120,30.6710255,104.0821581
67586,P2,51.0,51.0,771.0,771.0,False,1.6,9.2,4638105428,30.7071744,104.0651964
102538,P2,52.0,52.0,772.0,772.0,False,1.82,9.64,1947583867,30.685756,104.0865277
105279,P2,52.0,52.0,772.0,772.0,False,0.05,8.0,4102465473,30.685251,104.041824
106730,P2,52.0,52.0,772.0,772.0,False,1.94,9.88,4701464739,30.614716,104.0620243
107672,P2,52.0,52.0,772.0,772.0,False,0.22,8.0,4118527511,30.7017243,104.0969221
127887,P2,52.0,52.0,772.0,772.0,False,0.95,8.0,1492408886,30.6447,104.06311
152951,P2,52.0,52.0,772.0,772.0,False,1.94,9.88,2329097187,30.704174,104.0044395
157102,P2,52.0,52.0,772.0,772.0,False,1.24,8.48,4550701394,30.6124175,103.9672765
16331,P2,52.0,52.0,772.0,772.0,False,0.57,8.0,1457859162,30.6885273,104.0998884
189087,P2,52.0,52.0,772.0,772.0,False,0.61,8.0,432442958,30.6822205,104.0160978
24164,P2,52.0,52.0,772.0,772.0,False,0.85,8.0,4106682106,30.6433167,103.9847414
33730,P2,52.0,52.0,772.0,772.0,False,0.61,8.0,963638465,30.6937921,104.0484386
39805,P2,52.0,52.0,772.0,772.0,False,0.3,8.0,4772463268,30.6637815,104.0452239
40255,P2,52.0,52.0,772.0,772.0,False,0.28,8.0,1916386454,30.6473557,104.0068671
50635,P2,52.0,52.0,772.0,772.0,False,0.2,8.0,1159131822,30.666367,104.08114
54783,P2,52.0,52.0,772.0,772.0,False,0.85,8.0,4548211410,30.678219,104.05003
56356,P2,52.0,52.0,772.0,772.0,False,2.01,10.02,1159463802,30.6759922,104.0215593
71534,P2,52.0,52.0,772.0,772.0,False,1.83,9.66,5218133093,30.636983,104.1055708
72730,P2,52.0,52.0,772.0,772.0,False,1.83,9.66,5213238352,30.6408679,104.0419308
97879,P2,52.0,52.0,772.0,772.0,False,1.12,8.24,4773199396,30.6725055,104.0150693
98169,P2,52.0,52.0,772.0,772.0,False,2.03,10.06,1295783633,30.6379404,104.0774617
152140,P2,53.0,53.0,773.0,773.0,False,0.96,8.0,4987536556,30.6443371,103.9951947
167145,P2,53.0,53.0,773.0,773.0,False,0.66,8.0,4750955767,30.7107216,104.1113785
177459,P2,53.0,53.0,773.0,773.0,False,0.08,8.0,2276405725,30.620653,104.09386
197479,P2,53.0,53.0,773.0,773.0,False,0.21,8.0,4723840159,30.65494,104.08519
26262,P2,53.0,53.0,773.0,773.0,False,1.7,9.4,3761409984,30.6301996,104.0710104
35186,P2,53.0,53.0,773.0,773.0,False,0.22,8.0,1918491744,30.6480503,103.991514
47995,P2,53.0,53.0,773.0,773.0,False,3.12,12.24,4106681973,30.6405714,103.9752821
54403,P2,53.0,53.0,773.0,773.0,False,0.07,8.0,4701577745,30.6196556,104.0804098
68374,P2,53.0,53.0,773.0,773.0,False,3.48,12.96,4701577711,30.6162188,104.0704791
76086,P2,53.0,53.0,773.0,773.0,False,0.42,8.0,4799100438,30.648059,104.0303384
84824,P2,53.0,53.0,773.0,773.0,False,0.66,8.0,5213238546,30.6556258,104.0862469
94707,P2,53.0,53.0,773.0,773.0,False,0.07,8.0,3445813123,30.67096,104.07072
152431,P2,54.0,54.0,774.0,774.0,False,1.65,9.3,1159483868,30.685453,104.07316
176049,P2,54.0,54.0,774.0,774.0,False,1.67,9.34,4118527343,30.6974385,104.0888202
189926,P2,54.0,54.0,774.0,774.0,False,0.61,8.0,1507393760,30.6955194,104.0788145
194811,P2,54.0,54.0,774.0,774.0,False,1.56,9.12,4220530489,30.684975,104.07573
59680,P2,54.0,54.0,774.0,774.0,False,1.56,9.12,3582243008,30.7124422,104.005283
70987,P2,54.0,54.0,774.0,774.0,False,0.99,8.0,5053143858,30.70696,104.00031
96225,P2,54.0,54.0,774.0,774.0,False,2.32,10.64,4549993309,30.6535278,103.9990735
97295,P2,54.0,54.0,774.0,774.0,False,0.61,8.0,1159518606,30.64864,104.06709
99689,P2,54.0,54.0,774.0,774.0,False,0.44,8.0,432442508,30.6717013,104.0065705
138055,P2,55.0,55.0,775.0,775.0,False,0.47,8.0,4695601757,30.6105006,104.0344344
188903,P2,55.0,55.0,775.0,775.0,False,0.4,8.0,1312615950,30.6377977,104.0814396
52147,P2,55.0,55.0,775.0,775.0,False,1.03,8.06,4695601590,30.6143406,104.0356097
5850,P2,55.0,55.0,775.0,775.0,False,0.21,8.0,5213238734,30.6389549,104.051067
69094,P2,55.0,55.0,775.0,775.0,False,0.48,8.0,1819305465,30.6364458,104.1017098
75684,P2,55.0,55.0,775.0,775.0,False,1.27,8.54,4572410255,30.6847753,104.0699826
81899,P2,55.0,55.0,775.0,775.0,False,0.97,8.0,1304795065,30.64499,104.07505
83468,P2,55.0,55.0,775.0,775.0,False,1.27,8.54,441187481,30.6884102,104.0583636
87237,P2,55.0,55.0,775.0,775.0,False,0.21,8.0,2214044349,30.6231498,104.0867364
89882,P2,55.0,55.0,775.0,775.0,False,1.34,8.68,1159155728,30.6463429,104.0969334
96297,P2,55.0,55.0,775.0,775.0,False,1.18,8.36,1159945480,30.6561806,104.0562205
114727,P2,56.0,56.0,776.0,776.0,False,1.45,8.9,3562033461,30.7047269,104.0740656
135358,P2,56.0,56.0,776.0,776.0,False,0.39,8.0,3582243027,30.7209293,104.0097864
162367,P2,56.0,56.0,776.0,776.0,False,1.58,9.16,4548258451,30.650178,104.0303138
201611,P2,56.0,56.0,776.0,776.0,False,1.68,9.36,2733352544,30.62086,104.07711
204024,P2,56.0,56.0,776.0,776.0,False,1.82,9.64,3538771899,30.6539362,104.1144174
131128,P2,57.0,57.0,777.0,777.0,False,0.18,8.0,5213238458,30.6353996,104.0522992
152587,P2,57.0,57.0,777.0,777.0,False,1.16,8.32,4550019058,30.6175357,104.0375073
153091,P2,57.0,57.0,777.0,777.0,False,2.32,10.64,3445794970,30.66266,104.07456
173759,P2,57.0,57.0,777.0,777.0,False,1.02,8.04,1156126864,30.67798,104.07542
193521,P2,57.0,57.0,777.0,777.0,False,0.18,8.0,872833768,30.6589036,104.0669358
45208,P2,57.0,57.0,777.0,777.0,False,0.51,8.0,3979164229,30.6743012,104.1074498
45598,P2,57.0,57.0,777.0,777.0,False,1.72,9.44,1159169335,30.6391357,104.0839256
46803,P2,57.0,57.0,777.0,777.0,False,0.49,8.0,432442896,30.6649296,104.0244961
69977,P2,57.0,57.0,777.0,777.0,False,0.22,8.0,1912247274,30.6155268,104.0989612
83968,P2,57.0,57.0,777.0,777.0,False,0.22,8.0,4695601291,30.6120003,104.0289271
91716,P2,57.0,57.0,777.0,777.0,False,2.8,11.6,4549759293,30.6672498,104.0580772
97990,P2,57.0,57.0,777.0,777.0,False,1.63,9.26,4550018823,30.6474855,104.0203633
1038,P2,58.0,58.0,778.0,778.0,False,0.55,8.0,4701577711,30.6162188,104.0704791
114431,P2,58.0,58.0,778.0,778.0,False,0.11,8.0,432442880,30.6853516,103.9833976
116535,P2,58.0,58.0,778.0,778.0,False,3.24,12.48,432442576,30.6842,104.02709
129099,P2,58.0,58.0,778.0,778.0,False,1.96,9.92,3516890334,30.6952485,103.983139
194607,P2,58.0,58.0,778.0,778.0,False,1.51,9.02,5382831201,30.6807416,104.0982928
208082,P2,58.0,58.0,778.0,778.0,False,3.24,12.48,3691362657,30.6406983,104.0471504
34039,P2,58.0,58.0,778.0,778.0,False,1.54,9.08,2135942406,30.6119106,104.0228504
60774,P2,58.0,58.0,778.0,778.0,False,2.24,10.48,1339701413,30.7095608,104.0407814
83195,P2,58.0,58.0,778.0,778.0,False,1.18,8.36,1159134903,30.65814,104.08906
99308,P2,58.0,58.0,778.0,778.0,False,1.81,9.62,4107377023,30.6368583,103.9985151
107245,P2,59.0,59.0,779.0,779.0,False,0.66,8.0,2785841183,30.6872474,104.0209921
166896,P2,59.0,59.0,779.0,779.0,False,2.29,10.58,4693647105,30.6328165,104.0725355
20572,P2,59.0,59.0,779.0,779.0,False,1.79,9.58,432432534,30.6541969,104.0386483
206414,P2,59.0,59.0,779.0,779.0,False,1.18,8.36,2852227691,30.6868525,104.0636487
34443,P2,59.0,59.0,779.0,779.0,False,0.67,8.0,4548259673,30.679344,104.05467
5511,P2,59.0,59.0,779.0,779.0,False,2.99,11.98,3562110283,30.65323,104.08184
61820,P2,59.0,59.0,779.0,779.0,False,0.94,8.0,1916386558,30.6438568,104.0122246
64940,P2,59.0,59.0,779.0,779.0,False,0.31,8.0,4874328001,30.6219598,104.101143
81315,P2,59.0,59.0,779.0,779.0,False,0.76,8.0,2331442703,30.72665,104.05859
89866,P2,59.0,59.0,779.0,779.0,False,1.0,8.0,3445813551,30.6672277,104.070585
110963,P2,60.0,60.0,780.0,780.0,False,0.78,8.0,1159472366,30.6969257,104.0414286
116830,P2,60.0,60.0,780.0,780.0,False,0.11,8.0,4548259556,30.6647195,104.0190605
123051,P2,60.0,60.0,780.0,780.0,False,0.64,8.0,3516900122,30.67048,104.07258
125559,P2,60.0,60.0,780.0,780.0,False,0.55,8.0,2041314680,30.6805811,104.0969216
18015,P2,60.0,60.0,780.0,780.0,False,0.17,8.0,1159148556,30.6630951,104.0744606
189413,P2,60.0,60.0,780.0,780.0,False,0.64,8.0,4773916473,30.6561046,104.0026149
198140,P2,60.0,60.0,780.0,780.0,False,0.12,8.0,4550018720,30.6451674,104.0550361
203311,P2,60.0,60.0,780.0,780.0,False,0.11,8.0,672349887,30.69619,104.063995
33211,P2,60.0,60.0,780.0,780.0,False,1.35,8.7,2534025680,30.671331,104.06126
38595,P2,60.0,60.0,780.0,780.0,False,1.1,8.2,4991425501,30.6490634,103.9833258
39188,P2,60.0,60.0,780.0,780.0,False,0.02,8.0,5053143824,30.7148013,104.0116119
47464,P2,60.0,60.0,780.0,780.0,False,1.34,8.68,3087817462,30.6421599,104.0321951
50963,P2,60.0,60.0,780.0,780.0,False,1.01,8.02,3176012319,30.7009,104.0707
61254,P2,60.0,60.0,780.0,780.0,False,0.94,8.0,4701464356,30.6141202,104.0561229
76215,P2,60.0,60.0,780.0,780.0,False,1.31,8.62,3927877862,30.6765267,103.9887115
92406,P2,60.0,60.0,780.0,780.0,False,1.01,8.02,1819305291,30.6408383,104.1069709
92435,P2,60.0,60.0,780.0,780.0,False,0.82,8.0,432432564,30.6481238,104.0415155
122276,P2,61.0,61.0,781.0,781.0,False,0.14,8.0,4981594520,30.6308058,103.9968153
154402,P2,61.0,61.0,781.0,781.0,False,1.94,9.88,1947584145,30.6907175,104.088283
160802,P2,61.0,61.0,781.0,781.0,False,1.21,8.42,4693610102,30.6346241,104.0708792
190014,P2,61.0,61.0,781.0,781.0,False,0.16,8.0,1956538080,30.6819793,104.1092987
194071,P2,61.0,61.0,781.0,781.0,False,2.05,10.1,4699007145,30.6131574,104.0358216
34211,P2,61.0,61.0,781.0,781.0,False,1.05,8.1,4534007627,30.7034448,104.1031529
41153,P2,61.0,61.0,781.0,781.0,False,1.19,8.38,4550568579,30.6358321,104.0639668
47787,P2,61.0,61.0,781.0,781.0,False,0.16,8.0,3516900112,30.67188,104.06932
51494,P2,61.0,61.0,781.0,781.0,False,1.24,8.48,3742070445,30.6517484,104.0822534
76913,P2,61.0,61.0,781.0,781.0,False,1.87,9.74,3034376778,30.678366,104.062231
87074,P2,61.0,61.0,781.0,781.0,False,0.08,8.0,4548211257,30.6778598,104.0592296
96535,P2,61.0,61.0,781.0,781.0,False,1.21,8.42,4548211661,30.67486,104.05822
100635,P2,62.0,62.0,782.0,782.0,False,1.48,8.96,1159475412,30.694477,104.04334
140619,P2,62.0,62.0,782.0,782.0,False,3.17,12.34,1159450070,30.669188,104.02908
144588,P2,62.0,62.0,782.0,782.0,False,0.97,8.0,2329094595,30.7254157,104.0413492
171767,P2,62.0,62.0,782.0,782.0,False,0.53,8.0,2712338424,30.70862,104.03714
173384,P2,62.0,62.0,782.0,782.0,False,1.13,8.26,318090605,30.6598101,104.0130367
175441,P2,62.0,62.0,782.0,782.0,False,1.75,9.5,4548141051,30.6261807,104.0743161
176127,P2,62.0,62.0,782.0,782.0,False,1.37,8.74,1964309339,30.6776321,104.1060754
183118,P2,62.0,62.0,782.0,782.0,False,1.09,8.18,314635462,30.6439497,104.0318293
201799,P2,62.0,62.0,782.0,782.0,False,1.13,8.26,5213253161,30.716415,104.07683
3180,P2,62.0,62.0,782.0,782.0,False,2.25,10.5,5141468671,30.6376413,104.0910206
49373,P2,62.0,62.0,782.0,782.0,False,1.13,8.26,4973209503,30.614432,104.0433815
56403,P2,62.0,62.0,782.0,782.0,False,1.88,9.76,3034040769,30.6939,104.02675
61897,P2,62.0,62.0,782.0,782.0,False,1.97,9.94,4572410064,30.6597849,104.0384
67419,P2,62.0,62.0,782.0,782.0,False,0.49,8.0,4699007282,30.6137868,104.0350444
71043,P2,62.0,62.0,782.0,782.0,False,1.26,8.52,4107377006,30.6302083,104.0003801
74347,P2,62.0,62.0,782.0,782.0,False,2.23,10.46,4549993411,30.6925901,104.037526
85067,P2,62.0,62.0,782.0,782.0,False,0.97,8.0,2041527388,30.6821424,104.0940169
91841,P2,62.0,62.0,782.0,782.0,False,1.01,8.02,4294975866,30.6480272,103.9928105
104436,P2,63.0,63.0,783.0,783.0,False,1.53,9.06,4779165789,30.6357646,104.0737879
105761,P2,63.0,63.0,783.0,783.0,False,1.53,9.06,5141468774,30.6248848,104.0890945
178108,P2,63.0,63.0,783.0,783.0,False,0.73,8.0,1964578647,30.6633959,104.114913
38522,P2,63.0,63.0,783.0,783.0,False,1.48,8.96,1964394686,30.6701145,104.1060267
82591,P2,63.0,63.0,783.0,783.0,False,1.47,8.94,3541393470,30.6871359,104.0260069
100480,P2,64.0,64.0,784.0,784.0,False,1.76,9.52,5213253193,30.6664935,104.1103019
105509,P2,64.0,64.0,784.0,784.0,False,1.46,8.92,2317059615,30.6280601,104.0432241
108337,P2,64.0,64.0,784.0,784.0,False,1.3,8.6,4693609808,30.6333912,104.0671674
148395,P2,64.0,64.0,784.0,784.0,False,1.46,8.92,1956501938,30.687359,104.10602
171948,P2,64.0,64.0,784.0,784.0,False,1.44,8.88,2718635889,30.6735404,103.986942
195196,P2,64.0,64.0,784.0,784.0,False,0.3,8.0,1311904408,30.6429752,104.0781897
39535,P2,64.0,64.0,784.0,784.0,False,1.49,8.98,1159155218,30.642223,104.103714
4163,P2,64.0,64.0,784.0,784.0,False,0.3,8.0,672360797,30.65378,104.07531
52345,P2,64.0,64.0,784.0,784.0,False,0.27,8.0,1964337171,30.6745296,104.1032295
59225,P2,64.0,64.0,784.0,784.0,False,2.45,10.9,3979164207,30.6751625,104.0891486
77810,P2,64.0,64.0,784.0,784.0,False,3.2,12.4,1159464872,30.6777272,104.024808
947,P2,64.0,64.0,784.0,784.0,False,0.19,8.0,1159230552,30.68583,104.09292
10145,P2,65.0,65.0,785.0,785.0,False,1.88,9.76,1159155221,30.6442125,104.1015484
103944,P2,65.0,65.0,785.0,785.0,False,1.31,8.62,4699007411,30.6137133,104.0445728
107967,P2,65.0,65.0,785.0,785.0,False,2.65,11.3,4230611271,30.6517581,104.0702595
109016,P2,65.0,65.0,785.0,785.0,False,0.62,8.0,432442940,30.6797385,104.02673
116752,P2,65.0,65.0,785.0,785.0,False,1.88,9.76,3680455697,30.6579432,104.013725
119599,P2,65.0,65.0,785.0,785.0,False,1.31,8.62,2651588758,30.66781,104.1
131327,P2,65.0,65.0,785.0,785.0,False,0.49,8.0,1159232653,30.69453,104.07756
138736,P2,65.0,65.0,785.0,785.0,False,1.31,8.62,5213238604,30.6353619,104.0488733
156600,P2,65.0,65.0,785.0,785.0,False,0.41,8.0,1445535379,30.6499323,104.0619096
178251,P2,65.0,65.0,785.0,785.0,False,1.01,8.02,1301932975,30.65459,104.07045
1939,P2,65.0,65.0,785.0,785.0,False,1.92,9.84,5382831199,30.6750989,104.0965444
19458,P2,65.0,65.0,785.0,785.0,False,0.02,8.0,4695601346,30.6096602,104.0295593
199270,P2,65.0,65.0,785.0,785.0,False,2.03,10.06,3582245800,30.7196968,103.9998528
207536,P2,65.0,65.0,785.0,785.0,False,1.03,8.06,3516900114,30.6680637,104.0802444
29285,P2,65.0,65.0,785.0,785.0,False,0.02,8.0,4992013262,30.6115309,104.0747797
37834,P2,65.0,65.0,785.0,785.0,False,2.03,10.06,1458937184,30.6761,104.0953446
65572,P2,65.0,65.0,785.0,785.0,False,0.11,8.0,4772214793,30.679756,104.0069078
72975,P2,65.0,65.0,785.0,785.0,False,1.14,8.28,3562028089,30.65763,104.09043
88537,P2,65.0,65.0,785.0,785.0,False,1.92,9.84,4548318164,30.6182953,104.0962785
107044,P2,66.0,66.0,786.0,786.0,False,1.01,8.02,3562111924,30.6651037,104.0825493
108825,P2,66.0,66.0,786.0,786.0,False,0.58,8.0,5141468798,30.6300913,104.1021875
122407,P2,66.0,66.0,786.0,786.0,False,1.13,8.26,672360506,30.66594,104.08492
125464,P2,66.0,66.0,786.0,786.0,False,0.52,8.0,2843289913,30.6854891,104.0600785
126862,P2,66.0,66.0,786.0,786.0,False,1.2,8.4,1457840982,30.6908801,104.1018251
140357,P2,66.0,66.0,786.0,786.0,False,1.06,8.12,4136052212,30.6096787,104.0471204
14590,P2,66.0,66.0,786.0,786.0,False,1.08,8.16,3541371613,30.6680667,104.0492802
169598,P2,66.0,66.0,786.0,786.0,False,1.9,9.8,5213238455,30.6356461,104.0559934
174470,P2,66.0,66.0,786.0,786.0,False,1.74,9.48,5359113218,30.6777224,104.0114833
184659,P2,66.0,66.0,786.0,786.0,False,1.91,9.82,3034330086,30.66622,104.07872
193159,P2,66.0,66.0,786.0,786.0,False,3.37,12.74,1964427886,30.67006,104.1036
205850,P2,66.0,66.0,786.0,786.0,False,3.37,12.74,1504232582,30.6981113,104.0892389
21550,P2,66.0,66.0,786.0,786.0,False,1.1,8.2,4572410068,30.722279,104.0007597
23001,P2,66.0,66.0,786.0,786.0,False,0.15,8.0,4549992876,30.6476036,103.9759655
36735,P2,66.0,66.0,786.0,786.0,False,1.74,9.48,4580783029,30.6367782,104.0433571
49337,P2,66.0,66.0,786.0,786.0,False,1.1,8.2,4106682223,30.6744327,103.9973653
74078,P2,66.0,66.0,786.0,786.0,False,1.9,9.8,1072704341,30.7206098,104.056618
78842,P2,66.0,66.0,786.0,786.0,False,1.1,8.2,702755669,30.6716476,103.9714375
8505,P2,66.0,66.0,786.0,786.0,False,3.37,12.74,3693248902,30.6644036,104.0323616
93165,P2,66.0,66.0,786.0,786.0,False,1.74,9.48,1885342919,30.6770521,104.1015547
136348,P2,67.0,67.0,787.0,787.0,False,0.65,8.0,441187597,30.6918068,104.0546035
153008,P2,67.0,67.0,787.0,787.0,False,1.42,8.84,3436486399,30.639693,104.046303
153133,P2,67.0,67.0,787.0,787.0,False,0.0,8.0,1469155007,30.6324562,104.1136863
186794,P2,67.0,67.0,787.0,787.0,False,1.63,9.26,2915973106,30.6392139,104.1150132
54749,P2,67.0,67.0,787.0,787.0,False,1.21,8.42,2041535225,30.6639499,104.0798127
68635,P2,67.0,67.0,787.0,787.0,False,0.0,8.0,2039561229,30.68546,104.11463
82364,P2,67.0,67.0,787.0,787.0,False,2.59,11.18,4693610145,30.635339,104.0672745
84567,P2,67.0,67.0,787.0,787.0,False,0.43,8.0,1159226736,30.69309,104.05519
105100,P2,68.0,68.0,788.0,788.0,False,0.4,8.0,504315315,30.698928,104.1041965
131228,P2,68.0,68.0,788.0,788.0,False,0.04,8.0,2080646270,30.6223983,104.1039768
143263,P2,68.0,68.0,788.0,788.0,False,1.21,8.42,4548211192,30.6231751,104.0878244
173062,P2,68.0,68.0,788.0,788.0,False,1.21,8.42,1459075946,30.6462151,104.1075614
177926,P2,68.0,68.0,788.0,788.0,False,0.29,8.0,432432585,30.6593166,104.0346479
181312,P2,68.0,68.0,788.0,788.0,False,0.24,8.0,5053143849,30.7261406,104.0006113
27743,P2,68.0,68.0,788.0,788.0,False,0.0,8.0,1159472371,30.6978522,104.0379733
32321,P2,68.0,68.0,788.0,788.0,False,0.04,8.0,1159131856,30.6674563,104.0775802
38952,P2,68.0,68.0,788.0,788.0,False,0.59,8.0,1964427885,30.6681755,104.1054309
50728,P2,68.0,68.0,788.0,788.0,False,0.0,8.0,4748173614,30.6238434,104.0158981
111422,P2,69.0,69.0,789.0,789.0,False,0.45,8.0,4799195773,30.6145905,103.9944132
140960,P2,69.0,69.0,789.0,789.0,False,0.91,8.0,4748183722,30.6234372,104.0192515
174932,P2,69.0,69.0,789.0,789.0,False,3.79,13.58,1507393760,30.6955194,104.0788145
3834,P2,69.0,69.0,789.0,789.0,False,3.79,13.58,4799195782,30.6216994,103.9888269
50159,P2,69.0,69.0,789.0,789.0,False,0.91,8.0,3680455704,30.6592168,104.0134453
62300,P2,69.0,69.0,789.0,789.0,False,0.91,8.0,4779165712,30.6366168,104.0250542
62947,P2,69.0,69.0,789.0,789.0,False,1.6,9.2,1159131822,30.66645,104.08073
71357,P2,69.0,69.0,789.0,789.0,False,1.6,9.2,1159477627,30.6743851,104.0517283
77823,P2,69.0,69.0,789.0,789.0,False,0.45,8.0,3034393463,30.68603,104.0459
82375,P2,69.0,69.0,789.0,789.0,False,0.45,8.0,2329097187,30.704174,104.0044395
109681,P2,70.0,70.0,790.0,790.0,False,0.96,8.0,2041337968,30.6801659,104.0998076
110405,P2,70.0,70.0,790.0,790.0,False,0.92,8.0,3582230420,30.6390482,103.9838561
120219,P2,70.0,70.0,790.0,790.0,False,1.34,8.68,3523308809,30.6411248,104.0756891
127158,P2,70.0,70.0,790.0,790.0,False,0.92,8.0,4987536563,30.6554638,103.9847108
151743,P2,70.0,70.0,790.0,790.0,False,0.92,8.0,4695640578,30.61196,104.0268747
156311,P2,70.0,70.0,790.0,790.0,False,2.01,10.02,4972899594,30.6305593,104.0450612
159363,P2,70.0,70.0,790.0,790.0,False,0.38,8.0,4547074337,30.6110262,104.0748027
198628,P2,70.0,70.0,790.0,790.0,False,0.25,8.0,4989152045,30.664,104.1146656
208976,P2,70.0,70.0,790.0,790.0,False,0.05,8.0,3034376780,30.6790592,104.0654413
97873,P2,70.0,70.0,790.0,790.0,False,0.13,8.0,1159227581,30.6926908,104.052127
105982,P2,71.0,71.0,791.0,791.0,False,0.83,8.0,1459065008,30.6455599,104.1079664
133649,P2,71.0,71.0,791.0,791.0,False,2.57,11.14,529952557,30.6980299,104.0639187
1372,P2,71.0,71.0,791.0,791.0,False,1.1,8.2,1458561796,30.6892727,104.0975161
152370,P2,71.0,71.0,791.0,791.0,False,1.97,9.94,5213238731,30.6369854,104.0498052
156995,P2,71.0,71.0,791.0,791.0,False,1.49,8.98,3562047422,30.712349,104.06555
163167,P2,71.0,71.0,791.0,791.0,False,1.49,8.98,5375783435,30.6217903,104.0045511
168057,P2,71.0,71.0,791.0,791.0,False,0.92,8.0,4987536558,30.6457402,103.9937186
208869,P2,71.0,71.0,791.0,791.0,False,1.89,9.78,4906971006,30.6581423,104.0685921
107786,P2,72.0,72.0,792.0,792.0,False,2.39,10.78,3541427573,30.7087766,104.0313006
117926,P2,72.0,72.0,792.0,792.0,False,2.41,10.82,1072704392,30.7217259,104.0564201
140799,P2,72.0,72.0,792.0,792.0,False,2.41,10.82,5375784263,30.625793,104.0054355
143801,P2,72.0,72.0,792.0,792.0,False,0.46,8.0,4773199373,30.6726026,104.0146418
196448,P2,72.0,72.0,792.0,792.0,False,1.33,8.66,2282013888,30.6210077,103.9722222
208384,P2,72.0,72.0,792.0,792.0,False,1.27,8.54,4438025578,30.6953342,104.0786646
112387,P2,73.0,73.0,793.0,793.0,False,1.45,8.9,1504190710,30.7132008,104.078031
120751,P2,73.0,73.0,793.0,793.0,False,1.54,9.08,4772216921,30.6792894,104.0076746
122591,P2,73.0,73.0,793.0,793.0,False,1.8,9.6,1492396694,30.655124,104.0636683
141083,P2,73.0,73.0,793.0,793.0,False,0.12,8.0,3516900115,30.6737,104.07386
173302,P2,73.0,73.0,793.0,793.0,False,0.45,8.0,3087817451,30.6468838,104.0031704
198898,P2,73.0,73.0,793.0,793.0,False,1.95,9.9,4550019032,30.6176744,104.0372167
46627,P2,73.0,73.0,793.0,793.0,False,1.54,9.08,1457843773,30.6882327,104.0999781
51949,P2,73.0,73.0,793.0,793.0,False,1.95,9.9,4449117682,30.6273834,104.0994026
53766,P2,73.0,73.0,793.0,793.0,False,0.64,8.0,2282013879,30.6292715,103.9671206
13188,P2,74.0,74.0,794.0,794.0,False,1.1,8.2,3087817501,30.6642226,103.9835956
151531,P2,74.0,74.0,794.0,794.0,False,1.26,8.52,1159149121,30.654633,104.07379
162539,P2,74.0,74.0,794.0,794.0,False,0.25,8.0,672405830,30.657679,104.07908
167333,P2,74.0,74.0,794.0,794.0,False,0.78,8.0,1916386440,30.625976,104.0321467
175602,P2,74.0,74.0,794.0,794.0,False,2.14,10.28,4700724418,30.6273867,104.0436214
192072,P2,74.0,74.0,794.0,794.0,False,1.15,8.3,504315292,30.6988829,104.104099
203452,P2,74.0,74.0,794.0,794.0,False,0.12,8.0,432442913,30.66807,104.022873
207515,P2,74.0,74.0,794.0,794.0,False,0.6,8.0,5141328715,30.6141925,104.0610426
22579,P2,74.0,74.0,794.0,794.0,False,2.14,10.28,1159131456,30.6705663,104.0596828
29542,P2,74.0,74.0,794.0,794.0,False,1.19,8.38,2653573002,30.6685143,104.092876
34698,P2,74.0,74.0,794.0,794.0,False,0.69,8.0,1159155218,30.642551,104.1024389
41852,P2,74.0,74.0,794.0,794.0,False,2.37,10.74,4703149494,30.6125541,104.0671311
59995,P2,74.0,74.0,794.0,794.0,False,2.03,10.06,4934383687,30.6157501,104.1162622
88697,P2,74.0,74.0,794.0,794.0,False,2.18,10.36,4772472222,30.6631423,104.0448994
161643,P2,75.0,75.0,795.0,795.0,False,1.46,8.92,5211345684,30.6477,103.99508
172899,P2,75.0,75.0,795.0,795.0,False,0.16,8.0,4703149490,30.6125572,104.0674101
197515,P2,75.0,75.0,795.0,795.0,False,0.1,8.0,3034330089,30.6584583,104.0970957
84211,P2,75.0,75.0,795.0,795.0,False,0.71,8.0,3562033458,30.70213,104.07318
84833,P2,75.0,75.0,795.0,795.0,False,2.23,10.46,4779165781,30.6360577,104.0730284
98987,P2,75.0,75.0,795.0,795.0,False,1.61,9.22,3633001074,30.66592,104.02914
130707,P2,76.0,76.0,796.0,796.0,False,1.3,8.6,4693646378,30.6314234,104.0677981
145149,P2,76.0,76.0,796.0,796.0,False,1.87,9.74,4572409813,30.6856588,103.9732607
182775,P2,76.0,76.0,796.0,796.0,False,2.81,11.62,432432557,30.655,104.04679
196290,P2,76.0,76.0,796.0,796.0,False,2.18,10.36,1458998773,30.6598021,104.0979504
204571,P2,76.0,76.0,796.0,796.0,False,2.6,11.2,1459000910,30.65777,104.09603
205753,P2,76.0,76.0,796.0,796.0,False,0.9,8.0,3516890331,30.6787788,103.9900198
26723,P2,76.0,76.0,796.0,796.0,False,0.71,8.0,1459018259,30.6452301,104.1087541
77927,P2,76.0,76.0,796.0,796.0,False,0.63,8.0,2441160949,30.632768,104.0342007
89736,P2,76.0,76.0,796.0,796.0,False,1.98,9.96,4550568568,30.635882,104.0648714
92949,P2,76.0,76.0,796.0,796.0,False,0.9,8.0,5375784056,30.6575124,104.0004981
10499,P2,77.0,77.0,797.0,797.0,False,1.36,8.72,3562055473,30.71454,104.04157
12984,P2,77.0,77.0,797.0,797.0,False,1.19,8.38,3597807845,30.7165062,104.0106957
142888,P2,77.0,77.0,797.0,797.0,False,1.99,9.98,4106682121,30.6442263,103.981591
163574,P2,77.0,77.0,797.0,797.0,False,0.08,8.0,4548211251,30.667978,104.0381806
192905,P2,77.0,77.0,797.0,797.0,False,0.78,8.0,3680078468,30.6565435,104.0263571
43043,P2,77.0,77.0,797.0,797.0,False,1.57,9.14,5359113186,30.6767228,104.0118173
44401,P2,77.0,77.0,797.0,797.0,False,0.54,8.0,441187597,30.6918068,104.0546035
86711,P2,77.0,77.0,797.0,797.0,False,1.67,9.34,2134782152,30.6248024,104.0052579
13177,P2,78.0,78.0,798.0,798.0,False,0.46,8.0,4298656987,30.6611009,104.0710751
133776,P2,78.0,78.0,798.0,798.0,False,1.22,8.44,3541429493,30.7118849,104.0507009
143203,P2,78.0,78.0,798.0,798.0,False,1.17,8.34,4934383692,30.6143513,104.1140842
144704,P2,78.0,78.0,798.0,798.0,False,0.04,8.0,4548141026,30.6253438,104.0743731
144888,P2,78.0,78.0,798.0,798.0,False,1.97,9.94,1819305351,30.6298922,104.0917678
201695,P2,78.0,78.0,798.0,798.0,False,1.53,9.06,2560005517,30.6293037,104.0211569
206130,P2,78.0,78.0,798.0,798.0,False,1.22,8.44,4878041005,30.6219621,104.0995531
23027,P2,78.0,78.0,798.0,798.0,False,0.74,8.0,4118527511,30.7017243,104.0969221
31253,P2,78.0,78.0,798.0,798.0,False,1.17,8.34,2041314679,30.6804953,104.0974006
33252,P2,78.0,78.0,798.0,798.0,False,0.81,8.0,3541376561,30.7247608,104.0558022
48292,P2,78.0,78.0,798.0,798.0,False,2.43,10.86,3445813121,30.6631981,104.0813535
5481,P2,78.0,78.0,798.0,798.0,False,0.64,8.0,5375784071,30.6604265,103.9971319
55015,P2,78.0,78.0,798.0,798.0,False,0.09,8.0,4903112581,30.6613816,104.0803356
91627,P2,78.0,78.0,798.0,798.0,False,0.04,8.0,1305816693,30.66203,104.104965
98016,P2,78.0,78.0,798.0,798.0,False,1.33,8.66,838319890,30.6452621,104.1088466
166384,P2,79.0,79.0,799.0,799.0,False,0.34,8.0,1156126792,30.6817358,104.0539551
41578,P2,79.0,79.0,799.0,799.0,False,0.87,8.0,5141328426,30.6100437,104.0612601
82027,P2,79.0,79.0,799.0,799.0,False,0.02,8.0,1459920712,30.6410345,104.1045155
96187,P2,79.0,79.0,799.0,799.0,False,0.94,8.0,1159149121,30.65479,104.07314
125321,P2,80.0,80.0,800.0,800.0,False,0.35,8.0,5323268681,30.7187694,104.09595
178475,P2,80.0,80.0,800.0,800.0,False,0.12,8.0,672349497,30.7155839,104.0714939
24992,P2,80.0,80.0,800.0,800.0,False,0.23,8.0,4772463293,30.6611276,104.0433954
26528,P2,80.0,80.0,800.0,800.0,False,0.41,8.0,432432531,30.6541962,104.0450917
28418,P2,80.0,80.0,800.0,800.0,False,0.75,8.0,2907361697,30.6435724,104.0925075
35758,P2,80.0,80.0,800.0,800.0,False,0.75,8.0,1507334143,30.6969501,104.0745149
4139,P2,80.0,80.0,800.0,800.0,False,1.61,9.22,1457840985,30.6983669,104.1045435
60907,P2,80.0,80.0,800.0,800.0,False,0.22,8.0,3523314186,30.6264,104.06071
76199,P2,80.0,80.0,800.0,800.0,False,1.65,9.3,1159226736,30.693703,104.055275
119647,P2,81.0,81.0,801.0,801.0,False,0.06,8.0,4695601620,30.6097956,104.0356402
126080,P2,81.0,81.0,801.0,801.0,False,0.12,8.0,1492405937,30.6497248,104.0580098
129391,P2,81.0,81.0,801.0,801.0,False,0.37,8.0,1845199172,30.6788,104.06963
129442,P2,81.0,81.0,801.0,801.0,False,0.15,8.0,1459025654,30.645698,104.1084009
172339,P2,81.0,81.0,801.0,801.0,False,0.37,8.0,4903105804,30.6547911,104.0759776
52076,P2,81.0,81.0,801.0,801.0,False,0.12,8.0,5213238434,30.6406894,104.0326418
69123,P2,81.0,81.0,801.0,801.0,False,0.08,8.0,4106681964,30.6307147,103.9931944
95691,P2,81.0,81.0,801.0,801.0,False,0.15,8.0,5141468731,30.6369301,104.0955529
146762,P2,82.0,82.0,802.0,802.0,False,1.64,9.28,5213238442,30.6469098,104.0388103
158143,P2,82.0,82.0,802.0,802.0,False,1.92,9.84,2131996318,30.617687,104.10031
173970,P2,82.0,82.0,802.0,802.0,False,1.3,8.6,4773916465,30.6568434,104.002173
199526,P2,82.0,82.0,802.0,802.0,False,0.19,8.0,2653571754,30.6744222,104.0835944
91484,P2,82.0,82.0,802.0,802.0,False,1.6,9.2,1159935140,30.6705902,103.9977122
132353,P2,83.0,83.0,803.0,803.0,False,0.11,8.0,5141328731,30.6115807,104.0639168
14519,P2,83.0,83.0,803.0,803.0,False,1.32,8.64,2933855153,30.6092679,103.9763125
146599,P2,83.0,83.0,803.0,803.0,False,1.93,9.86,4414330242,30.6635433,104.0873077
14855,P2,83.0,83.0,803.0,803.0,False,1.93,9.86,3199773573,30.69909,104.11003
170885,P2,83.0,83.0,803.0,803.0,False,0.42,8.0,439751949,30.7000954,104.0007721
193223,P2,83.0,83.0,803.0,803.0,False,0.15,8.0,4963999540,30.71775,104.02952
34456,P2,83.0,83.0,803.0,803.0,False,2.23,10.46,672360483,30.6727298,104.0872861
39038,P2,83.0,83.0,803.0,803.0,False,0.78,8.0,5055908308,30.7077759,104.1104706
45366,P2,83.0,83.0,803.0,803.0,False,0.63,8.0,2118910090,30.707342,104.0875578
51927,P2,83.0,83.0,803.0,803.0,False,0.78,8.0,3034393453,30.67348,104.0434
85865,P2,83.0,83.0,803.0,803.0,False,1.93,9.86,4549993261,30.6497435,103.9838356
96731,P2,83.0,83.0,803.0,803.0,False,2.24,10.48,4106681948,30.6270002,103.9927774
101799,P2,84.0,84.0,804.0,804.0,False,1.76,9.52,4149734728,30.6432335,104.100908
103493,P2,84.0,84.0,804.0,804.0,False,1.41,8.82,504315315,30.698928,104.1041965
110213,P2,84.0,84.0,804.0,804.0,False,1.26,8.52,5436607858,30.6339154,104.0737223
110459,P2,84.0,84.0,804.0,804.0,False,1.76,9.52,1159231828,30.69473,104.08372
112692,P2,84.0,84.0,804.0,804.0,False,0.31,8.0,1492582891,30.6261835,104.0643868
157979,P2,84.0,84.0,804.0,804.0,False,2.06,10.12,4740867224,30.6131318,104.0930987
189698,P2,84.0,84.0,804.0,804.0,False,0.78,8.0,3034409150,30.7192989,104.0819162
192069,P2,84.0,84.0,804.0,804.0,False,2.75,11.5,1498716013,30.7229382,104.0721053
202579,P2,84.0,84.0,804.0,804.0,False,1.76,9.52,1159452242,30.66905,104.04587
26414,P2,84.0,84.0,804.0,804.0,False,0.25,8.0,1916530889,30.6453244,103.9766483
48275,P2,84.0,84.0,804.0,804.0,False,0.31,8.0,2956775864,30.72175,104.04158
50631,P2,84.0,84.0,804.0,804.0,False,1.26,8.52,5218239984,30.6976641,104.0522938
61560,P2,84.0,84.0,804.0,804.0,False,1.41,8.82,672349507,30.7136199,104.072739
63195,P2,84.0,84.0,804.0,804.0,False,1.33,8.66,4548211642,30.62191,104.05937
65343,P2,84.0,84.0,804.0,804.0,False,2.75,11.5,672405830,30.65667,104.08093
74383,P2,84.0,84.0,804.0,804.0,False,1.13,8.26,4359391023,30.7264217,104.1107917
95919,P2,84.0,84.0,804.0,804.0,False,1.41,8.82,3516900112,30.6724,104.06834
96132,P2,84.0,84.0,804.0,804.0,False,1.49,8.98,1916524693,30.6196857,104.0114959
96404,P2,84.0,84.0,804.0,804.0,False,0.29,8.0,1885342893,30.6780424,104.0985889
109014,P2,85.0,85.0,805.0,805.0,False,0.35,8.0,432452903,30.6143936,104.0696007
128336,P2,85.0,85.0,805.0,805.0,False,0.78,8.0,2039561232,30.6723497,104.1037265
139518,P2,85.0,85.0,805.0,805.0,False,2.27,10.54,4967265420,30.7045843,104.0033762
155884,P2,85.0,85.0,805.0,805.0,False,0.52,8.0,3693248902,30.6644036,104.0323616
18538,P2,85.0,85.0,805.0,805.0,False,0.45,8.0,3541427566,30.7175511,104.0397509
54155,P2,85.0,85.0,805.0,805.0,False,2.33,10.66,337539262,30.63896,104.03867
101656,P2,86.0,86.0,806.0,806.0,False,0.13,8.0,4799195772,30.6174547,103.9839893
133011,P2,86.0,86.0,806.0,806.0,False,1.97,9.94,432442531,30.6907,104.01683
154441,P2,86.0,86.0,806.0,806.0,False,0.79,8.0,3680361113,30.6604914,104.0253217
163360,P2,86.0,86.0,806.0,806.0,False,1.61,9.22,432432540,30.6576646,104.0385639
163563,P2,86.0,86.0,806.0,806.0,False,0.77,8.0,4799195775,30.6136924,103.996444
16820,P2,86.0,86.0,806.0,806.0,False,0.32,8.0,3541401901,30.6819615,103.9831837
182966,P2,86.0,86.0,806.0,806.0,False,0.95,8.0,4548211410,30.6785644,104.0488985
35997,P2,86.0,86.0,806.0,806.0,False,0.22,8.0,1506559770,30.7087416,104.0729111
71812,P2,86.0,86.0,806.0,806.0,False,0.45,8.0,1947138494,30.6920212,104.0853742
75877,P2,86.0,86.0,806.0,806.0,False,0.95,8.0,3742070456,30.648038,104.0907351
8935,P2,86.0,86.0,806.0,806.0,False,0.81,8.0,3579517899,30.66833,104.05362
114832,P2,87.0,87.0,807.0,807.0,False,0.4,8.0,4548259299,30.6805229,104.0545484
118143,P2,87.0,87.0,807.0,807.0,False,3.24,12.48,2712314632,30.70585,104.03652
120037,P2,87.0,87.0,807.0,807.0,False,1.14,8.28,4878041010,30.6225711,104.1014096
1286,P2,87.0,87.0,807.0,807.0,False,0.83,8.0,4779165773,30.6381677,104.0735962
164914,P2,87.0,87.0,807.0,807.0,False,2.69,11.38,1159225483,30.7066346,104.0527875
170702,P2,87.0,87.0,807.0,807.0,False,1.59,9.18,3445794963,30.6616976,104.0734766
180398,P2,87.0,87.0,807.0,807.0,False,0.41,8.0,1947583845,30.6865865,104.084708
19316,P2,87.0,87.0,807.0,807.0,False,0.09,8.0,432442849,30.6701348,103.9935727
69339,P2,87.0,87.0,807.0,807.0,False,2.59,11.18,441187597,30.69239,104.05379
79417,P2,87.0,87.0,807.0,807.0,False,0.56,8.0,2712338399,30.7075724,104.0380361
90016,P2,87.0,87.0,807.0,807.0,False,0.83,8.0,1159478530,30.6769054,104.05131
107564,P2,88.0,88.0,808.0,808.0,False,2.12,10.24,1159941201,30.6696951,104.0191351
115433,P2,88.0,88.0,808.0,808.0,False,2.17,10.34,4934383665,30.6184231,104.1141593
117931,P2,88.0,88.0,808.0,808.0,False,1.96,9.92,5002301679,30.6595942,104.0191651
151041,P2,88.0,88.0,808.0,808.0,False,0.26,8.0,432442576,30.6845446,104.0280711
179823,P2,88.0,88.0,808.0,808.0,False,1.38,8.76,803149786,30.67828,104.09168
187129,P2,88.0,88.0,808.0,808.0,False,0.42,8.0,2534025680,30.6725277,104.0609746
200890,P2,88.0,88.0,808.0,808.0,False,2.0,10.0,4981594513,30.6326565,103.9981125
21192,P2,88.0,88.0,808.0,808.0,False,0.21,8.0,2317059611,30.6252693,104.0424462
22049,P2,88.0,88.0,808.0,808.0,False,2.16,10.32,2041527405,30.6904124,104.0951287
27491,P2,88.0,88.0,808.0,808.0,False,0.78,8.0,4106682116,30.6440316,103.9807417
36421,P2,88.0,88.0,808.0,808.0,False,1.15,8.3,5382831216,30.6764337,104.1019211
58971,P2,88.0,88.0,808.0,808.0,False,2.0,10.0,3034040779,30.70518,104.02461
75810,P2,88.0,88.0,808.0,808.0,False,2.12,10.24,1457815029,30.6946066,104.1048279
88206,P2,88.0,88.0,808.0,808.0,False,0.42,8.0,4550018922,30.6455442,104.08107
91254,P2,88.0,88.0,808.0,808.0,False,1.45,8.9,4118527531,30.7031403,104.0984403
91530,P2,88.0,88.0,808.0,808.0,False,0.99,8.0,480012030,30.6200203,104.0686798
113041,P2,89.0,89.0,809.0,809.0,False,1.82,9.64,4900292717,30.665906,104.0677518
123583,P2,89.0,89.0,809.0,809.0,False,2.44,10.88,3516887954,30.7199701,104.0348136
131337,P2,89.0,89.0,809.0,809.0,False,1.57,9.14,1492582885,30.6212934,104.0645837
151583,P2,89.0,89.0,809.0,809.0,False,0.02,8.0,2847752856,30.65612,104.10631
167751,P2,89.0,89.0,809.0,809.0,False,1.97,9.94,2041527416,30.69124,104.096146
189619,P2,89.0,89.0,809.0,809.0,False,0.2,8.0,1445485650,30.6361,104.06199
192583,P2,89.0,89.0,809.0,809.0,False,1.47,8.94,4972899583,30.6322506,104.0481629
207091,P2,89.0,89.0,809.0,809.0,False,1.47,8.94,4106682236,30.6808464,104.0025244
21779,P2,89.0,89.0,809.0,809.0,False,0.68,8.0,5218133488,30.6350627,104.1046167
29051,P2,89.0,89.0,809.0,809.0,False,2.44,10.88,3562099602,30.649725,104.0333002
38531,P2,89.0,89.0,809.0,809.0,False,0.02,8.0,1305816735,30.66706,104.06724
39463,P2,89.0,89.0,809.0,809.0,False,0.02,8.0,441159367,30.7225522,104.0853578
40171,P2,89.0,89.0,809.0,809.0,False,0.48,8.0,1159174087,30.6318,104.06675
71491,P2,89.0,89.0,809.0,809.0,False,1.74,9.48,4572409877,30.6883075,104.0706146
94965,P2,89.0,89.0,809.0,809.0,False,0.41,8.0,4903112578,30.6614221,104.080239
106709,P2,90.0,90.0,810.0,810.0,False,0.3,8.0,4703149489,30.61253,104.0649842
14338,P2,90.0,90.0,810.0,810.0,False,1.27,8.54,4967265402,30.6545808,104.0948913
163683,P2,90.0,90.0,810.0,810.0,False,1.73,9.46,672406202,30.6509609,104.0664306
171803,P2,90.0,90.0,810.0,810.0,False,1.98,9.96,4748166140,30.6148417,104.0221795
1739,P2,90.0,90.0,810.0,810.0,False,1.45,8.9,3562099598,30.65179,104.01783
22732,P2,90.0,90.0,810.0,810.0,False,1.77,9.54,4572409999,30.6858435,103.9732577
25283,P2,90.0,90.0,810.0,810.0,False,1.77,9.54,5040759944,30.68157,104.10106
48085,P2,90.0,90.0,810.0,810.0,False,0.85,8.0,1305816733,30.6478458,104.0869212
51438,P2,90.0,90.0,810.0,810.0,False,1.29,8.58,4992013263,30.6110282,104.0743086
58599,P2,90.0,90.0,810.0,810.0,False,1.73,9.46,432429376,30.6372473,104.0536809
67997,P2,90.0,90.0,810.0,810.0,False,2.24,10.48,3633018387,30.6667602,104.0632288
71432,P2,90.0,90.0,810.0,810.0,False,2.2,10.4,3034330081,30.6612307,104.085463
7878,P2,90.0,90.0,810.0,810.0,False,1.29,8.58,3541393465,30.694506,104.0086983
115096,P2,91.0,91.0,811.0,811.0,False,1.1,8.2,1885342893,30.6780424,104.0985889
115228,P2,91.0,91.0,811.0,811.0,False,0.93,8.0,5375783840,30.6474125,104.0003127
139926,P2,91.0,91.0,811.0,811.0,False,0.97,8.0,4779165706,30.634746,104.0244234
150043,P2,91.0,91.0,811.0,811.0,False,2.48,10.96,4400595031,30.67591,104.07619
154123,P2,91.0,91.0,811.0,811.0,False,2.03,10.06,4154127996,30.67621,104.09027
16705,P2,91.0,91.0,811.0,811.0,False,3.06,12.12,4550770090,30.632084,104.1058371
179308,P2,91.0,91.0,811.0,811.0,False,1.36,8.72,1458575268,30.686645,104.0983881
43377,P2,91.0,91.0,811.0,811.0,False,1.29,8.58,5100157863,30.6330719,104.0796135
56600,P2,91.0,91.0,811.0,811.0,False,1.19,8.38,4219865854,30.625332,104.042103
73253,P2,91.0,91.0,811.0,811.0,False,0.57,8.0,5218240020,30.6980163,104.050505
73283,P2,91.0,91.0,811.0,811.0,False,0.93,8.0,432432560,30.651348,104.04058
104259,P2,92.0,92.0,812.0,812.0,False,1.16,8.32,5382831172,30.6763123,104.09905
109523,P2,92.0,92.0,812.0,812.0,False,2.45,10.9,3076737452,30.6573334,104.0495723
132227,P2,92.0,92.0,812.0,812.0,False,0.06,8.0,1458981267,30.6610968,104.0955298
150409,P2,92.0,92.0,812.0,812.0,False,1.57,9.14,2843294151,30.6975288,104.0482455
15770,P2,92.0,92.0,812.0,812.0,False,1.09,8.18,1916401108,30.6120356,104.0301922
168476,P2,92.0,92.0,812.0,812.0,False,0.79,8.0,4772214781,30.6797356,104.0054318
175432,P2,92.0,92.0,812.0,812.0,False,0.35,8.0,439751640,30.6766898,103.9885935
182971,P2,92.0,92.0,812.0,812.0,False,1.83,9.66,3158040415,30.64456,104.04998
197723,P2,92.0,92.0,812.0,812.0,False,0.25,8.0,5141328715,30.6141925,104.0610426
206507,P2,92.0,92.0,812.0,812.0,False,2.45,10.9,3541422909,30.7091106,104.0668649
61321,P2,92.0,92.0,812.0,812.0,False,2.45,10.9,4699007120,30.6100784,104.0383008
77802,P2,92.0,92.0,812.0,812.0,False,0.42,8.0,4703149494,30.6125541,104.0671311
109442,P2,93.0,93.0,813.0,813.0,False,0.87,8.0,432442595,30.6851455,104.0228033
126787,P2,93.0,93.0,813.0,813.0,False,1.51,9.02,5312164201,30.6669683,104.1014989
16006,P2,93.0,93.0,813.0,813.0,False,0.77,8.0,4572365814,30.6773685,104.057906
179210,P2,93.0,93.0,813.0,813.0,False,2.54,11.08,3089029141,30.6620189,104.0485007
185978,P2,93.0,93.0,813.0,813.0,False,0.23,8.0,1159519356,30.6477028,104.0725269
66423,P2,93.0,93.0,813.0,813.0,False,0.96,8.0,314623138,30.6373225,104.0640242
70340,P2,93.0,93.0,813.0,813.0,False,1.51,9.02,4695701790,30.6126513,104.0199458
150911,P2,94.0,94.0,814.0,814.0,False,2.63,11.26,1458578611,30.6830403,104.0954
153320,P2,94.0,94.0,814.0,814.0,False,2.22,10.44,3927877874,30.6766776,103.9867634
179524,P2,94.0,94.0,814.0,814.0,False,1.67,9.34,2560005550,30.6306077,104.0321554
1888,P2,94.0,94.0,814.0,814.0,False,1.45,8.9,4772463269,30.663461,104.0458275
5978,P2,94.0,94.0,814.0,814.0,False,1.45,8.9,3034040786,30.6998437,104.017522
62133,P2,94.0,94.0,814.0,814.0,False,2.22,10.44,3034029073,30.6833556,103.9875599
8112,P2,94.0,94.0,814.0,814.0,False,0.35,8.0,2662847704,30.6864409,103.9808631
147632,P2,95.0,95.0,815.0,815.0,False,0.34,8.0,4444112339,30.7189594,104.1017075
202964,P2,95.0,95.0,815.0,815.0,False,0.62,8.0,2119004926,30.695456,104.0230312
26627,P2,95.0,95.0,815.0,815.0,False,0.05,8.0,2712272989,30.65246,104.09555
52899,P2,95.0,95.0,815.0,815.0,False,0.97,8.0,3562004420,30.65406,104.03487
68567,P2,95.0,95.0,815.0,815.0,False,0.05,8.0,3033986301,30.6607829,104.0264952
76988,P2,95.0,95.0,815.0,815.0,False,1.46,8.92,628641729,30.715865,104.013997
93810,P2,95.0,95.0,815.0,815.0,False,1.63,9.26,1916524774,30.6136126,104.0056424
114488,P2,96.0,96.0,816.0,816.0,False,0.11,8.0,480012034,30.6199758,104.0694296
121927,P2,96.0,96.0,816.0,816.0,False,2.96,11.92,1958204341,30.66871,104.08885
126803,P2,96.0,96.0,816.0,816.0,False,1.15,8.3,3562110284,30.65462,104.08037
141838,P2,96.0,96.0,816.0,816.0,False,2.98,11.96,2564226634,30.6397415,104.0250984
143643,P2,96.0,96.0,816.0,816.0,False,2.96,11.92,465203734,30.7061876,104.1023805
150727,P2,96.0,96.0,816.0,816.0,False,0.95,8.0,3523298663,30.6429248,104.0448164
178207,P2,96.0,96.0,816.0,816.0,False,0.64,8.0,5213238455,30.6356461,104.0559934
188103,P2,96.0,96.0,816.0,816.0,False,0.94,8.0,3445813552,30.668554,104.07083
206611,P2,96.0,96.0,816.0,816.0,False,0.43,8.0,5141328837,30.6350368,104.0701445
291,P2,96.0,96.0,816.0,816.0,False,0.94,8.0,1159175447,30.6246772,104.0715928
52849,P2,96.0,96.0,816.0,816.0,False,2.98,11.96,5218240005,30.7020668,104.05384
61111,P2,96.0,96.0,816.0,816.0,False,0.94,8.0,2712421553,30.6357703,104.0573059
76496,P2,96.0,96.0,816.0,816.0,False,0.9,8.0,3562015379,30.6631522,104.0814488
110279,P2,97.0,97.0,817.0,817.0,False,0.22,8.0,4693609812,30.6347905,104.0685728
122114,P2,97.0,97.0,817.0,817.0,False,0.22,8.0,432442548,30.6983839,104.0085697
132503,P2,97.0,97.0,817.0,817.0,False,0.88,8.0,1815855093,30.6665658,103.9745613
144124,P2,97.0,97.0,817.0,817.0,False,0.68,8.0,314623107,30.6486102,104.0368163
152701,P2,97.0,97.0,817.0,817.0,False,1.27,8.54,5213238535,30.6610698,104.0747047
165355,P2,97.0,97.0,817.0,817.0,False,0.03,8.0,1159156114,30.651463,104.083786
168723,P2,97.0,97.0,817.0,817.0,False,0.88,8.0,4230611279,30.6538,104.06864
182232,P2,97.0,97.0,817.0,817.0,False,0.31,8.0,3445794965,30.6619843,104.0728022
188286,P2,97.0,97.0,817.0,817.0,False,2.2,10.4,5141458206,30.6320768,104.0772443
41400,P2,97.0,97.0,817.0,817.0,False,0.33,8.0,1159517082,30.6451341,104.0708323
43740,P2,97.0,97.0,817.0,817.0,False,2.35,10.7,1159169838,30.6340123,104.0870538
46996,P2,97.0,97.0,817.0,817.0,False,0.51,8.0,1819305110,30.635022,104.1047101
57945,P2,97.0,97.0,817.0,817.0,False,0.38,8.0,314614336,30.6416734,104.0527377
83457,P2,97.0,97.0,817.0,817.0,False,0.92,8.0,5213238547,30.6388162,104.0460927
90087,P2,97.0,97.0,817.0,817.0,False,1.57,9.14,3113656969,30.66506,104.05165
93165,P2,97.0,97.0,817.0,817.0,False,0.33,8.0,2041527417,30.6855559,104.0947533
113509,P2,98.0,98.0,818.0,818.0,False,1.39,8.78,2213049521,30.6190829,104.1093596
154335,P2,98.0,98.0,818.0,818.0,False,1.46,8.92,4967265402,30.65577,104.09438
163298,P2,98.0,98.0,818.0,818.0,False,0.09,8.0,276563872,30.6588324,104.0634268
176255,P2,98.0,98.0,818.0,818.0,False,0.53,8.0,1469157760,30.6422,104.10071
187446,P2,98.0,98.0,818.0,818.0,False,0.63,8.0,439751991,30.7147716,104.0275532
196791,P2,98.0,98.0,818.0,818.0,False,0.01,8.0,432429425,30.6350493,104.0320493
208507,P2,98.0,98.0,818.0,818.0,False,1.68,9.36,3516900123,30.67112,104.07516
38652,P2,98.0,98.0,818.0,818.0,False,2.23,10.46,1885342897,30.6785159,104.0974069
102799,P2,99.0,99.0,819.0,819.0,False,0.14,8.0,3266784227,30.6194413,104.0493543
118188,P2,99.0,99.0,819.0,819.0,False,0.53,8.0,1459011344,30.6528616,104.1117891
123590,P2,99.0,99.0,819.0,819.0,False,0.5,8.0,3780408673,30.630479,104.057504
131769,P2,99.0,99.0,819.0,819.0,False,1.57,9.14,1445515788,30.649938,104.0638246
146161,P2,99.0,99.0,819.0,819.0,False,0.08,8.0,4695700261,30.6164117,104.0176447
150391,P2,99.0,99.0,819.0,819.0,False,0.08,8.0,3436486420,30.6412447,104.0459499
15729,P2,99.0,99.0,819.0,819.0,False,0.14,8.0,1492582885,30.6212934,104.0645837
19951,P2,99.0,99.0,819.0,819.0,False,0.97,8.0,1159173118,30.6249926,104.072012
77520,P2,99.0,99.0,819.0,819.0,False,0.97,8.0,1311904456,30.645273,104.079601
7856,P2,99.0,99.0,819.0,819.0,False,1.57,9.14,4549992995,30.7032927,104.0361075
9457,P2,99.0,99.0,819.0,819.0,False,0.53,8.0,5436607068,30.6365773,104.0654456
98563,P2,99.0,99.0,819.0,819.0,False,0.51,8.0,5436627803,30.6971396,104.0705211
104607,P2,100.0,100.0,820.0,820.0,False,2.84,11.68,4699007122,30.6106663,104.0382725
134025,P2,100.0,100.0,820.0,820.0,False,0.75,8.0,5141468727,30.6350359,104.0959071
51159,P2,100.0,100.0,820.0,820.0,False,1.43,8.86,3582245793,30.7233609,103.9909702
12419,P2,101.0,101.0,821.0,821.0,False,0.19,8.0,3582245796,30.721409,103.99512
129812,P2,101.0,101.0,821.0,821.0,False,0.84,8.0,1492586175,30.6274052,104.064489
133253,P2,101.0,101.0,821.0,821.0,False,2.67,11.34,276560235,30.6111327,104.0638586
136591,P2,101.0,101.0,821.0,821.0,False,3.09,12.18,4106682189,30.6581077,103.9714269
139451,P2,101.0,101.0,821.0,821.0,False,1.57,9.14,3445813130,30.6721,104.07721
178010,P2,101.0,101.0,821.0,821.0,False,0.84,8.0,1159463804,30.6784941,104.0223553
203483,P2,101.0,101.0,821.0,821.0,False,3.68,13.36,4638105431,30.70801,104.06641
35199,P2,101.0,101.0,821.0,821.0,False,0.07,8.0,1819305436,30.62471,104.09094
35742,P2,101.0,101.0,821.0,821.0,False,0.98,8.0,4748173619,30.6227748,104.0183999
63199,P2,101.0,101.0,821.0,821.0,False,0.07,8.0,1493146459,30.6161906,104.0646181
75693,P2,101.0,101.0,821.0,821.0,False,1.76,9.52,432429376,30.6372473,104.0536809
83452,P2,101.0,101.0,821.0,821.0,False,2.06,10.12,4359391019,30.7260816,104.1121385
97799,P2,101.0,101.0,821.0,821.0,False,1.72,9.44,4748173614,30.6238434,104.0158981
102259,P2,102.0,102.0,822.0,822.0,False,1.22,8.44,4693610095,30.6341211,104.0718866
132863,P2,102.0,102.0,822.0,822.0,False,0.39,8.0,4900292716,30.6657138,104.0682592
145821,P2,102.0,102.0,822.0,822.0,False,3.12,12.24,3034409147,30.7128685,104.1067446
162737,P2,102.0,102.0,822.0,822.0,False,0.56,8.0,5375783935,30.6570878,103.9967591
180296,P2,102.0,102.0,822.0,822.0,False,2.78,11.56,3034409138,30.7174561,104.0903889
18637,P2,102.0,102.0,822.0,822.0,False,0.46,8.0,1159945480,30.6561806,104.0562205
22951,P2,102.0,102.0,822.0,822.0,False,1.17,8.34,432442858,30.67035,103.99606
43478,P2,102.0,102.0,822.0,822.0,False,0.94,8.0,2727022877,30.6196592,104.049492
4732,P2,102.0,102.0,822.0,822.0,False,1.32,8.64,4748173619,30.6227748,104.0183999
54481,P2,102.0,102.0,822.0,822.0,False,0.11,8.0,5141328739,30.6110513,104.0641877
57951,P2,102.0,102.0,822.0,822.0,False,0.95,8.0,963638438,30.7016,104.04514
66968,P2,102.0,102.0,822.0,822.0,False,0.56,8.0,1500638700,30.6853115,104.0794117
133115,P2,103.0,103.0,823.0,823.0,False,1.43,8.86,1492633091,30.6204,104.06457
168672,P2,103.0,103.0,823.0,823.0,False,2.49,10.98,5141328782,30.6157524,104.0629506
169819,P2,103.0,103.0,823.0,823.0,False,1.22,8.44,672287883,30.6605319,104.0531342
35471,P2,103.0,103.0,823.0,823.0,False,0.94,8.0,288416380,30.6846733,104.0806192
60212,P2,103.0,103.0,823.0,823.0,False,2.4,10.8,1339701417,30.7081706,104.0474
78051,P2,103.0,103.0,823.0,823.0,False,1.66,9.32,5254240664,30.6192811,103.9687413
127925,P2,104.0,104.0,824.0,824.0,False,1.06,8.12,2401092870,30.6891685,104.0973014
172143,P2,104.0,104.0,824.0,824.0,False,1.22,8.44,1339762127,30.71468,104.04504
19126,P2,104.0,104.0,824.0,824.0,False,0.94,8.0,5141458200,30.6324861,104.0709598
48615,P2,104.0,104.0,824.0,824.0,False,0.05,8.0,4903112583,30.657887,104.07879
72136,P2,104.0,104.0,824.0,824.0,False,0.83,8.0,4794944089,30.6451373,104.0707094
82369,P2,104.0,104.0,824.0,824.0,False,1.52,9.04,1459062227,30.6453906,104.1072952
83667,P2,104.0,104.0,824.0,824.0,False,0.12,8.0,3199773565,30.69787,104.11598
84810,P2,104.0,104.0,824.0,824.0,False,1.52,9.04,4548209325,30.6630577,104.0382741
90873,P2,104.0,104.0,824.0,824.0,False,1.52,9.04,1455098599,30.6960989,104.1053916
94551,P2,104.0,104.0,824.0,824.0,False,1.02,8.04,1159138407,30.664179,104.09691
108635,P2,105.0,105.0,825.0,825.0,False,2.14,10.28,1916386518,30.648125,104.06128
135380,P2,105.0,105.0,825.0,825.0,False,0.64,8.0,1459067165,30.6427328,104.1054592
141731,P2,105.0,105.0,825.0,825.0,False,0.27,8.0,4699007192,30.6107609,104.0321462
156838,P2,105.0,105.0,825.0,825.0,False,0.64,8.0,5102886097,30.701954,103.9805892
179611,P2,105.0,105.0,825.0,825.0,False,0.2,8.0,5283966124,30.64036,104.10197
188219,P2,105.0,105.0,825.0,825.0,False,0.57,8.0,4693609964,30.6299579,104.072038
207109,P2,105.0,105.0,825.0,825.0,False,0.47,8.0,4695640652,30.6119255,104.0251296
84611,P2,105.0,105.0,825.0,825.0,False,1.48,8.96,3516900110,30.66817,104.08438
86067,P2,105.0,105.0,825.0,825.0,False,0.2,8.0,1916386448,30.6299084,104.0171491
112776,P2,106.0,106.0,826.0,826.0,False,1.94,9.88,2327779714,30.6221802,104.1042959
131759,P2,106.0,106.0,826.0,826.0,False,1.47,8.94,4794944084,30.64549,104.05917
152442,P2,106.0,106.0,826.0,826.0,False,2.05,10.1,4695701805,30.6120169,104.0203408
15330,P2,106.0,106.0,826.0,826.0,False,0.04,8.0,3087817488,30.6615289,104.0103156
154793,P2,106.0,106.0,826.0,826.0,False,1.09,8.18,4106682094,30.6426409,103.9832551
158975,P2,106.0,106.0,826.0,826.0,False,1.74,9.48,1290303454,30.65706,104.0725
166072,P2,106.0,106.0,826.0,826.0,False,0.62,8.0,1492613673,30.6221089,104.0629493
181559,P2,106.0,106.0,826.0,826.0,False,0.72,8.0,3541376437,30.713713,104.05466
203431,P2,106.0,106.0,826.0,826.0,False,1.74,9.48,1492605032,30.6226036,104.0659757
33815,P2,106.0,106.0,826.0,826.0,False,1.94,9.88,1339762127,30.71499,104.04657
4259,P2,106.0,106.0,826.0,826.0,False,1.41,8.82,3613960005,30.6700377,104.0536038
46813,P2,106.0,106.0,826.0,826.0,False,1.93,9.86,4701464752,30.6148001,104.0579227
83107,P2,106.0,106.0,826.0,826.0,False,1.5,9.0,314635488,30.657421,104.07096
90975,P2,106.0,106.0,826.0,826.0,False,0.72,8.0,5375783792,30.6547874,103.9990065
101135,P2,107.0,107.0,827.0,827.0,False,0.6,8.0,5211337155,30.6359661,104.0040411
137948,P2,107.0,107.0,827.0,827.0,False,2.15,10.3,1815855081,30.6762251,103.9766378
150467,P2,107.0,107.0,827.0,827.0,False,1.45,8.9,1504190710,30.713003,104.0768
167279,P2,107.0,107.0,827.0,827.0,False,1.44,8.88,4963999613,30.7191388,104.0316629
193105,P2,107.0,107.0,827.0,827.0,False,0.39,8.0,465203714,30.7014308,104.1026237
44053,P2,107.0,107.0,827.0,827.0,False,1.98,9.96,2843294151,30.6975288,104.0482455
53594,P2,107.0,107.0,827.0,827.0,False,1.98,9.96,1964309339,30.6776321,104.1060754
75238,P2,107.0,107.0,827.0,827.0,False,1.98,9.96,1507266871,30.6992009,104.0788752
86988,P2,107.0,107.0,827.0,827.0,False,1.98,9.96,5247243491,30.7230832,104.0845197
107109,P2,108.0,108.0,828.0,828.0,False,1.84,9.68,4772430853,30.6773543,104.0068206
143539,P2,108.0,108.0,828.0,828.0,False,1.56,9.12,4106682089,30.6424464,103.9827084
152512,P2,108.0,108.0,828.0,828.0,False,2.76,11.52,5367317629,30.6625857,103.979658
156328,P2,108.0,108.0,828.0,828.0,False,1.18,8.36,4699007153,30.6122293,104.0355527
3323,P2,108.0,108.0,828.0,828.0,False,0.06,8.0,672360562,30.64242,104.08615
59498,P2,108.0,108.0,828.0,828.0,False,0.27,8.0,4963999594,30.7185975,104.0332279
95097,P2,108.0,108.0,828.0,828.0,False,1.69,9.38,4701400388,30.6113155,104.0545396
101391,P2,109.0,109.0,829.0,829.0,False,1.81,9.62,4548211443,30.67347,104.0687
164463,P2,109.0,109.0,829.0,829.0,False,0.84,8.0,432452891,30.61589,104.05508
174222,P2,109.0,109.0,829.0,829.0,False,0.84,8.0,4548259310,30.6761543,103.9766452
42263,P2,109.0,109.0,829.0,829.0,False,0.56,8.0,5261581864,30.6768045,104.0964039
73227,P2,109.0,109.0,829.0,829.0,False,0.56,8.0,1458705451,30.67799,104.09192
115434,P2,110.0,110.0,830.0,830.0,False,1.03,8.06,338247023,30.6113395,104.0650388
157384,P2,110.0,110.0,830.0,830.0,False,0.25,8.0,314635450,30.6340301,104.0373755
168972,P2,110.0,110.0,830.0,830.0,False,0.2,8.0,1159168936,30.6305337,104.0798236
171529,P2,110.0,110.0,830.0,830.0,False,1.05,8.1,4548209338,30.66478,104.019543
193676,P2,110.0,110.0,830.0,830.0,False,0.87,8.0,3199773905,30.7079799,104.1034492
23573,P2,110.0,110.0,830.0,830.0,False,1.06,8.12,4548259655,30.6541968,104.0385468
34914,P2,110.0,110.0,830.0,830.0,False,1.26,8.52,2560005515,30.6276597,104.0222558
41035,P2,110.0,110.0,830.0,830.0,False,1.03,8.06,2039528348,30.671307,104.10803
52734,P2,110.0,110.0,830.0,830.0,False,1.34,8.68,4548211332,30.6817227,104.0406246
92951,P2,110.0,110.0,830.0,830.0,False,1.26,8.52,3680078462,30.65387,104.0183
97859,P2,110.0,110.0,830.0,830.0,False,0.23,8.0,3087817471,30.635726,104.0123693
105607,P2,111.0,111.0,831.0,831.0,False,1.1,8.2,1159511641,30.65417,104.06555
124051,P2,111.0,111.0,831.0,831.0,False,1.5,9.0,2843289939,30.683306,104.06672
127987,P2,111.0,111.0,831.0,831.0,False,0.73,8.0,1958204231,30.668375,104.08212
14149,P2,111.0,111.0,831.0,831.0,False,2.18,10.36,4548259535,30.6999212,104.0451586
142044,P2,111.0,111.0,831.0,831.0,False,0.33,8.0,3034376764,30.6745274,104.0622918
157448,P2,111.0,111.0,831.0,831.0,False,0.62,8.0,4187237189,30.6816442,104.0094268
169091,P2,111.0,111.0,831.0,831.0,False,2.5,11.0,1493146458,30.6161989,104.0647223
18852,P2,111.0,111.0,831.0,831.0,False,0.43,8.0,3562117102,30.6479583,104.0555168
193065,P2,111.0,111.0,831.0,831.0,False,1.52,9.04,3562045370,30.7121906,104.043358
195283,P2,111.0,111.0,831.0,831.0,False,0.62,8.0,2651588758,30.66811,104.1001
204387,P2,111.0,111.0,831.0,831.0,False,1.72,9.44,2653570471,30.6673843,104.0936139
21014,P2,111.0,111.0,831.0,831.0,False,0.57,8.0,432442548,30.6983839,104.0085697
26478,P2,111.0,111.0,831.0,831.0,False,1.52,9.04,5213253134,30.6647737,104.110961
41119,P2,111.0,111.0,831.0,831.0,False,0.73,8.0,4294010427,30.7132668,104.078226
47127,P2,111.0,111.0,831.0,831.0,False,0.06,8.0,1159154995,30.65111,104.08462
61997,P2,111.0,111.0,831.0,831.0,False,0.58,8.0,4107377010,30.6310133,104.0017622
62836,P2,111.0,111.0,831.0,831.0,False,0.06,8.0,2472054566,30.705041,104.05123
69318,P2,111.0,111.0,831.0,831.0,False,2.18,10.36,1457868175,30.688221,104.0988914
74647,P2,111.0,111.0,831.0,831.0,False,0.04,8.0,432442863,30.672203,104.0015513
87586,P2,111.0,111.0,831.0,831.0,False,2.5,11.0,2329094595,30.7254157,104.0413492
97607,P2,111.0,111.0,831.0,831.0,False,0.16,8.0,3089029129,30.66158,104.0498
110577,P2,112.0,112.0,832.0,832.0,False,1.53,9.06,4695700258,30.6162053,104.0164091
138499,P2,112.0,112.0,832.0,832.0,False,1.1,8.2,5436607845,30.6362175,104.0642533
141294,P2,112.0,112.0,832.0,832.0,False,0.81,8.0,4549993299,30.6509591,103.9899829
155413,P2,112.0,112.0,832.0,832.0,False,2.36,10.72,4107376999,30.6101108,104.0046103
179708,P2,112.0,112.0,832.0,832.0,False,0.44,8.0,432442953,30.67889,104.0162685
185352,P2,112.0,112.0,832.0,832.0,False,0.61,8.0,5213238504,30.6522155,104.0935782
65498,P2,112.0,112.0,832.0,832.0,False,1.1,8.2,1458561799,30.6895814,104.0966979
105119,P2,113.0,113.0,833.0,833.0,False,1.83,9.66,314655092,30.6193901,104.0454194
114622,P2,113.0,113.0,833.0,833.0,False,0.23,8.0,4695640608,30.6119402,104.0259882
122799,P2,113.0,113.0,833.0,833.0,False,0.23,8.0,3579517900,30.66772,104.05641
145962,P2,113.0,113.0,833.0,833.0,False,1.59,9.18,2691023135,30.7178472,103.9866003
155368,P2,113.0,113.0,833.0,833.0,False,0.95,8.0,5141468655,30.6403814,104.0950548
178894,P2,113.0,113.0,833.0,833.0,False,1.96,9.92,2559969494,30.6280963,104.0376483
18683,P2,113.0,113.0,833.0,833.0,False,0.92,8.0,4106682236,30.68113,104.00175
187429,P2,113.0,113.0,833.0,833.0,False,0.07,8.0,2727024781,30.6169366,104.0506768
195918,P2,113.0,113.0,833.0,833.0,False,0.18,8.0,5283966219,30.701835,104.0995628
45763,P2,113.0,113.0,833.0,833.0,False,0.18,8.0,5256947476,30.67945,104.097
98467,P2,113.0,113.0,833.0,833.0,False,0.73,8.0,2039561233,30.68342,104.1122
111752,P2,114.0,114.0,834.0,834.0,False,2.84,11.68,838319887,30.6449947,104.1092735
13242,P2,114.0,114.0,834.0,834.0,False,0.25,8.0,5141328767,30.6118727,104.0621097
1368,P2,114.0,114.0,834.0,834.0,False,0.49,8.0,4107377015,30.6321849,104.0007438
25643,P2,114.0,114.0,834.0,834.0,False,1.27,8.54,4693647119,30.6339592,104.0724524
59357,P2,114.0,114.0,834.0,834.0,False,0.25,8.0,4230839433,30.6548297,104.0663005
80199,P2,114.0,114.0,834.0,834.0,False,1.53,9.06,4106682238,30.681912,104.0002333
99964,P2,114.0,114.0,834.0,834.0,False,0.87,8.0,3541376467,30.7178758,104.0551458
105927,P2,115.0,115.0,835.0,835.0,False,2.18,10.36,803150974,30.6811238,104.0939379
118483,P2,115.0,115.0,835.0,835.0,False,3.19,12.38,1159145485,30.6658784,104.0662596
147179,P2,115.0,115.0,835.0,835.0,False,2.18,10.36,1159174088,30.6320826,104.0738042
149855,P2,115.0,115.0,835.0,835.0,False,1.38,8.76,4549993311,30.69681,104.04819
167535,P2,115.0,115.0,835.0,835.0,False,2.18,10.36,3562047420,30.710836,104.06625
176863,P2,115.0,115.0,835.0,835.0,False,0.7,8.0,672287939,30.66562,104.05498
185175,P2,115.0,115.0,835.0,835.0,False,0.45,8.0,4548259557,30.6720042,104.02318
192045,P2,115.0,115.0,835.0,835.0,False,4.42,14.84,4548141029,30.6228164,104.072907
207687,P2,115.0,115.0,835.0,835.0,False,1.76,9.52,3034393456,30.673565,104.04668
52173,P2,115.0,115.0,835.0,835.0,False,3.19,12.38,803149473,30.6562878,104.0959133
95180,P2,115.0,115.0,835.0,835.0,False,2.18,10.36,1312615937,30.6491466,104.0574579
98280,P2,115.0,115.0,835.0,835.0,False,2.09,10.18,3034029048,30.6845106,103.9979889
109853,P2,116.0,116.0,836.0,836.0,False,0.37,8.0,5375783920,30.6571479,103.9965859
114623,P2,116.0,116.0,836.0,836.0,False,0.9,8.0,3034393458,30.68344,104.04431
121516,P2,116.0,116.0,836.0,836.0,False,0.96,8.0,4972899581,30.6336597,104.0486127
13871,P2,116.0,116.0,836.0,836.0,False,1.2,8.4,5141328779,30.6146574,104.0627682
146961,P2,116.0,116.0,836.0,836.0,False,0.9,8.0,5141458214,30.6347453,104.0817783
154071,P2,116.0,116.0,836.0,836.0,False,0.48,8.0,3979164218,30.67401,104.09055
154115,P2,116.0,116.0,836.0,836.0,False,1.06,8.12,1815855048,30.6764152,103.9825875
50369,P2,116.0,116.0,836.0,836.0,False,0.48,8.0,2439237551,30.6298597,104.0955236
61931,P2,116.0,116.0,836.0,836.0,False,1.06,8.12,1072704392,30.7217259,104.0564201
63080,P2,116.0,116.0,836.0,836.0,False,1.46,8.92,4582782984,30.6540919,104.0509498
91169,P2,116.0,116.0,836.0,836.0,False,0.34,8.0,4693610147,30.6353451,104.0677562
110610,P2,117.0,117.0,837.0,837.0,False,1.55,9.1,2852227691,30.6868525,104.0636487
136081,P2,117.0,117.0,837.0,837.0,False,0.56,8.0,5053143849,30.7261406,104.0006113
154729,P2,117.0,117.0,837.0,837.0,False,0.89,8.0,2823798122,30.6572364,104.0546464
37543,P2,117.0,117.0,837.0,837.0,False,2.09,10.18,5213253193,30.66638,104.1101
45199,P2,117.0,117.0,837.0,837.0,False,1.22,8.44,3069351967,30.6294731,103.9792085
61960,P2,117.0,117.0,837.0,837.0,False,1.55,9.1,4972893897,30.6095643,104.0488339
122481,P2,118.0,118.0,838.0,838.0,False,0.44,8.0,3582236100,30.7088106,103.971821
135821,P2,118.0,118.0,838.0,838.0,False,1.0,8.0,1159148358,30.663903,104.0750029
145939,P2,118.0,118.0,838.0,838.0,False,3.17,12.34,5141468694,30.6351947,104.0922324
167436,P2,118.0,118.0,838.0,838.0,False,0.84,8.0,1159136176,30.6595442,104.0888811
168382,P2,118.0,118.0,838.0,838.0,False,1.44,8.88,3691342430,30.6556362,104.0173347
172688,P2,118.0,118.0,838.0,838.0,False,0.44,8.0,1455005333,30.6962868,104.1054007
176225,P2,118.0,118.0,838.0,838.0,False,1.02,8.04,432442560,30.698394,104.0188014
86496,P2,118.0,118.0,838.0,838.0,False,3.17,12.34,4964134718,30.708881,104.0177896
141079,P2,119.0,119.0,839.0,839.0,False,0.32,8.0,3523298668,30.629993,104.0475149
166426,P2,119.0,119.0,839.0,839.0,False,1.29,8.58,3633018910,30.6645486,104.064824
185692,P2,119.0,119.0,839.0,839.0,False,0.36,8.0,4572410232,30.7120563,103.9900015
73090,P2,119.0,119.0,839.0,839.0,False,1.05,8.1,1455094508,30.696107,104.1054829
105934,P2,120.0,120.0,840.0,840.0,False,0.84,8.0,1159927552,30.6785207,103.9894692
123180,P2,120.0,120.0,840.0,840.0,False,1.46,8.92,504315294,30.6972162,104.1051994
141,P2,120.0,120.0,840.0,840.0,False,0.57,8.0,4548211607,30.6627744,104.0537359
141480,P2,120.0,120.0,840.0,840.0,False,0.35,8.0,2823785859,30.6789416,104.0764736
156263,P2,120.0,120.0,840.0,840.0,False,1.28,8.56,2712421556,30.6345665,104.0589201
156595,P2,120.0,120.0,840.0,840.0,False,3.1,12.2,432441915,30.6285016,104.026985
181720,P2,120.0,120.0,840.0,840.0,False,0.04,8.0,4695601318,30.6115778,104.0293964
197075,P2,120.0,120.0,840.0,840.0,False,1.46,8.92,4219896930,30.621609,104.04066
21025,P2,120.0,120.0,840.0,840.0,False,1.23,8.46,2080646276,30.6173335,104.1032799
87714,P2,120.0,120.0,840.0,840.0,False,0.57,8.0,1313998800,30.6379687,104.0890481
93386,P2,120.0,120.0,840.0,840.0,False,0.42,8.0,4740867225,30.613173,104.0922027
1023,P2,121.0,121.0,841.0,841.0,False,0.72,8.0,465203748,30.7065487,104.1011808
149579,P2,121.0,121.0,841.0,841.0,False,3.21,12.42,2852215057,30.71527,104.11254
174830,P2,121.0,121.0,841.0,841.0,False,0.56,8.0,3683788278,30.6096084,104.0847674
183387,P2,121.0,121.0,841.0,841.0,False,1.59,9.18,4903105811,30.655449,104.08353
200512,P2,121.0,121.0,841.0,841.0,False,2.39,10.78,3562047402,30.7140719,104.0379946
202683,P2,121.0,121.0,841.0,841.0,False,1.57,9.14,4572410239,30.69474,104.06984
24368,P2,121.0,121.0,841.0,841.0,False,2.49,10.98,3582961924,30.6396378,104.0411616
53475,P2,121.0,121.0,841.0,841.0,False,2.1,10.2,3071355054,30.627663,104.11388
56298,P2,121.0,121.0,841.0,841.0,False,1.85,9.7,5218240019,30.7002164,104.048641
72083,P2,121.0,121.0,841.0,841.0,False,1.23,8.46,1458995150,30.6597666,104.0982723
88970,P2,121.0,121.0,841.0,841.0,False,0.88,8.0,4549993433,30.6483772,103.9792516
89244,P2,121.0,121.0,841.0,841.0,False,1.43,8.86,1458561798,30.689514,104.0966765
125387,P2,122.0,122.0,842.0,842.0,False,1.82,9.64,1156126883,30.66788,104.07516
136975,P2,122.0,122.0,842.0,842.0,False,0.9,8.0,1861145344,30.67009,104.111948
140950,P2,122.0,122.0,842.0,842.0,False,0.15,8.0,2041527437,30.6922956,104.0955016
169358,P2,122.0,122.0,842.0,842.0,False,0.13,8.0,4700724418,30.6273867,104.0436214
186933,P2,122.0,122.0,842.0,842.0,False,1.41,8.82,1159176576,30.6273008,104.0583112
187705,P2,122.0,122.0,842.0,842.0,False,0.15,8.0,1916530938,30.6467011,103.9731141
40490,P2,122.0,122.0,842.0,842.0,False,1.56,9.12,4548141057,30.6220521,104.0809388
40525,P2,122.0,122.0,842.0,842.0,False,1.56,9.12,2722829587,30.7026297,104.0681699
42078,P2,122.0,122.0,842.0,842.0,False,1.0,8.0,4773199728,30.6676926,104.0124254
4235,P2,122.0,122.0,842.0,842.0,False,0.48,8.0,3331334418,30.61216,104.08445
58581,P2,122.0,122.0,842.0,842.0,False,0.48,8.0,432432585,30.6593166,104.0346479
64248,P2,122.0,122.0,842.0,842.0,False,0.13,8.0,5213238496,30.6402486,104.0431373
81479,P2,122.0,122.0,842.0,842.0,False,0.9,8.0,2039561237,30.67999,104.10513
95652,P2,122.0,122.0,842.0,842.0,False,1.0,8.0,2717786564,30.6251659,104.0814952
96066,P2,122.0,122.0,842.0,842.0,False,1.82,9.64,504315393,30.694376,104.1087596
108165,P2,123.0,123.0,843.0,843.0,False,0.25,8.0,1159160249,30.6101458,104.0964844
11952,P2,123.0,123.0,843.0,843.0,False,0.0,8.0,4987536553,30.6404953,103.9914348
122317,P2,123.0,123.0,843.0,843.0,False,0.82,8.0,5375784049,30.654679,103.9956593
128914,P2,123.0,123.0,843.0,843.0,False,0.82,8.0,3597608244,30.7228407,104.027452
132419,P2,123.0,123.0,843.0,843.0,False,1.75,9.5,5375783424,30.62574,104.0023166
139811,P2,123.0,123.0,843.0,843.0,False,2.92,11.84,3541427578,30.71701,104.04407
142035,P2,123.0,123.0,843.0,843.0,False,2.83,11.66,1159131824,30.6629322,104.0791972
143726,P2,123.0,123.0,843.0,843.0,False,0.54,8.0,1506537735,30.7166217,104.0720665
149155,P2,123.0,123.0,843.0,843.0,False,1.16,8.32,1947583808,30.69388,104.0794
172987,P2,123.0,123.0,843.0,843.0,False,0.99,8.0,1157121784,30.66402,104.00776
23306,P2,123.0,123.0,843.0,843.0,False,1.49,8.98,1492614624,30.6231913,104.0645757
72933,P2,123.0,123.0,843.0,843.0,False,0.28,8.0,314623102,30.6434755,104.0267045
92687,P2,123.0,123.0,843.0,843.0,False,1.9,9.8,1159155247,30.647257,104.09247
125615,P2,124.0,124.0,844.0,844.0,False,2.93,11.86,5141326917,30.6102598,104.0592811
136445,P2,124.0,124.0,844.0,844.0,False,0.71,8.0,465203743,30.7062979,104.1024445
3079,P2,124.0,124.0,844.0,844.0,False,1.2,8.4,1072704325,30.71322,104.05975
33004,P2,124.0,124.0,844.0,844.0,False,0.31,8.0,4964134711,30.7075479,104.0135389
74879,P2,124.0,124.0,844.0,844.0,False,1.95,9.9,4102465470,30.68175,104.04731
88178,P2,124.0,124.0,844.0,844.0,False,1.55,9.1,4586532063,30.6893244,104.0206776
88519,P2,124.0,124.0,844.0,844.0,False,1.55,9.1,432442955,30.67762,104.01924
93420,P2,124.0,124.0,844.0,844.0,False,1.97,9.94,2472036427,30.6639486,104.0626497
111011,P2,125.0,125.0,845.0,845.0,False,0.04,8.0,4934383638,30.6138388,104.1152966
11532,P2,125.0,125.0,845.0,845.0,False,0.7,8.0,3742070458,30.649269,104.0879116
134936,P2,125.0,125.0,845.0,845.0,False,0.22,8.0,2908412242,30.6478073,104.0837688
144106,P2,125.0,125.0,845.0,845.0,False,1.3,8.6,1819305451,30.622593,104.0690263
169815,P2,125.0,125.0,845.0,845.0,False,0.11,8.0,3724269696,30.6265975,104.1007529
17378,P2,125.0,125.0,845.0,845.0,False,0.22,8.0,4779165730,30.630515,104.027462
177265,P2,125.0,125.0,845.0,845.0,False,1.24,8.48,276558558,30.6424862,104.0252927
48150,P2,125.0,125.0,845.0,845.0,False,1.22,8.44,3691362657,30.6406983,104.0471504
84460,P2,125.0,125.0,845.0,845.0,False,0.35,8.0,1159169838,30.6340123,104.0870538
84846,P2,125.0,125.0,845.0,845.0,False,2.15,10.3,4963999553,30.7146561,104.0339506
103233,P2,126.0,126.0,846.0,846.0,False,3.09,12.18,1459000906,30.6565218,104.0959652
134137,P2,126.0,126.0,846.0,846.0,False,1.14,8.28,4585443318,30.6632784,104.0501348
139655,P2,126.0,126.0,846.0,846.0,False,2.9,11.8,3633008400,30.66674,104.04077
140130,P2,126.0,126.0,846.0,846.0,False,3.09,12.18,1159502916,30.6897875,104.0318126
161009,P2,126.0,126.0,846.0,846.0,False,1.38,8.76,1916530842,30.6485722,103.9805666
170992,P2,126.0,126.0,846.0,846.0,False,3.09,12.18,803147944,30.6393689,104.0804565
193946,P2,126.0,126.0,846.0,846.0,False,2.14,10.28,1153895612,30.6855946,104.0437265
46844,P2,126.0,126.0,846.0,846.0,False,2.9,11.8,4580811894,30.6477803,104.0565985
63023,P2,126.0,126.0,846.0,846.0,False,1.16,8.32,5055908307,30.705414,104.113
81851,P2,126.0,126.0,846.0,846.0,False,1.14,8.28,5283966198,30.7016693,104.1043698
10183,P2,127.0,127.0,847.0,847.0,False,0.75,8.0,1159945489,30.6592,104.05196
122468,P2,127.0,127.0,847.0,847.0,False,0.79,8.0,4695640673,30.6170269,104.0270043
142688,P2,127.0,127.0,847.0,847.0,False,1.12,8.24,1159224808,30.6964918,104.0361089
151441,P2,127.0,127.0,847.0,847.0,False,0.43,8.0,1815855029,30.6763314,103.9861255
157131,P2,127.0,127.0,847.0,847.0,False,1.8,9.6,1159155382,30.644464,104.09606
163961,P2,127.0,127.0,847.0,847.0,False,0.6,8.0,3562045370,30.7121906,104.043358
192038,P2,127.0,127.0,847.0,847.0,False,2.63,11.26,3562004394,30.6565813,104.0309769
193551,P2,127.0,127.0,847.0,847.0,False,1.29,8.58,3541422909,30.70927,104.06655
31231,P2,127.0,127.0,847.0,847.0,False,0.21,8.0,1312615955,30.639853,104.0801604
5146,P2,127.0,127.0,847.0,847.0,False,2.63,11.26,432442981,30.6755493,104.0151322
62047,P2,127.0,127.0,847.0,847.0,False,1.1,8.2,4799195775,30.6136924,103.996444
78321,P2,127.0,127.0,847.0,847.0,False,0.93,8.0,5218046221,30.6127824,104.1100981
15480,P2,128.0,128.0,848.0,848.0,False,0.85,8.0,2712314632,30.7064434,104.0356675
158665,P2,128.0,128.0,848.0,848.0,False,1.37,8.74,3562045369,30.7155573,104.0721401
170332,P2,128.0,128.0,848.0,848.0,False,1.41,8.82,4548317440,30.6182658,104.0961583
182892,P2,128.0,128.0,848.0,848.0,False,0.58,8.0,432442902,30.6713968,104.0275025
183159,P2,128.0,128.0,848.0,848.0,False,1.23,8.46,2118910074,30.70059,104.08938
206632,P2,128.0,128.0,848.0,848.0,False,1.34,8.68,2631867280,30.6873011,104.0881029
59343,P2,128.0,128.0,848.0,848.0,False,1.41,8.82,5283966329,30.70299,104.09153
77422,P2,128.0,128.0,848.0,848.0,False,2.56,11.12,2823813240,30.6694848,104.0657823
124875,P2,129.0,129.0,849.0,849.0,False,0.25,8.0,4072596600,30.6740422,104.0109011
156347,P2,129.0,129.0,849.0,849.0,False,0.3,8.0,3680078429,30.658221,104.0138533
45891,P2,129.0,129.0,849.0,849.0,False,0.04,8.0,2131996474,30.6234285,104.1050717
77238,P2,129.0,129.0,849.0,849.0,False,0.19,8.0,1916386425,30.6432891,104.0086412
96239,P2,129.0,129.0,849.0,849.0,False,0.46,8.0,4548211259,30.6691814,104.0381505
120026,P2,130.0,130.0,850.0,850.0,False,0.02,8.0,2118909749,30.7128003,104.0867421
148687,P2,130.0,130.0,850.0,850.0,False,0.39,8.0,5053143842,30.72037,104.00714
150146,P2,130.0,130.0,850.0,850.0,False,2.44,10.88,3069351956,30.6280116,103.9877324
164671,P2,130.0,130.0,850.0,850.0,False,0.58,8.0,4550764070,30.64763,104.11289
177285,P2,130.0,130.0,850.0,850.0,False,1.92,9.84,1159226747,30.7017413,104.054964
27329,P2,130.0,130.0,850.0,850.0,False,2.44,10.88,4992013263,30.6110282,104.0743086
74837,P2,130.0,130.0,850.0,850.0,False,0.02,8.0,2933855169,30.6099738,103.982876
101246,P2,131.0,131.0,851.0,851.0,False,0.01,8.0,4548259659,30.670601,104.0316948
183555,P2,131.0,131.0,851.0,851.0,False,0.75,8.0,672406288,30.6511704,104.0686696
198499,P2,131.0,131.0,851.0,851.0,False,0.01,8.0,3541376561,30.7247608,104.0558022
23273,P2,131.0,131.0,851.0,851.0,False,1.34,8.68,2472030046,30.6618366,104.0628434
83150,P2,131.0,131.0,851.0,851.0,False,1.2,8.4,1159504053,30.6974065,104.0212036
91673,P2,131.0,131.0,851.0,851.0,False,2.25,10.5,4444112359,30.7258416,104.1047748
9527,P2,131.0,131.0,851.0,851.0,False,0.84,8.0,1964388817,30.669052,104.10293
139728,P2,132.0,132.0,852.0,852.0,False,1.41,8.82,2217746798,30.6608141,104.0601502
144732,P2,132.0,132.0,852.0,852.0,False,1.39,8.78,5141468798,30.6300913,104.1021875
145695,P2,132.0,132.0,852.0,852.0,False,1.39,8.78,2997203345,30.6978698,104.0672624
41525,P2,132.0,132.0,852.0,852.0,False,1.83,9.66,4069514823,30.7267124,103.9745137
66457,P2,132.0,132.0,852.0,852.0,False,2.24,10.48,4987534934,30.624874,104.0129641
104117,P2,133.0,133.0,853.0,853.0,False,1.53,9.06,432429383,30.6392966,104.0528762
139597,P2,133.0,133.0,853.0,853.0,False,0.54,8.0,4695601589,30.6114065,104.0337272
164900,P2,133.0,133.0,853.0,853.0,False,0.99,8.0,4695601329,30.6104205,104.0290549
191073,P2,133.0,133.0,853.0,853.0,False,2.43,10.86,4548211467,30.6309116,104.022645
32155,P2,133.0,133.0,853.0,853.0,False,1.37,8.74,3034393462,30.6827,104.04865
53659,P2,133.0,133.0,853.0,853.0,False,0.99,8.0,5102886097,30.704426,103.98158
98463,P2,133.0,133.0,853.0,853.0,False,1.37,8.74,4695700261,30.6164117,104.0176447
102867,P2,134.0,134.0,854.0,854.0,False,0.84,8.0,1339701419,30.697239,104.04457
104074,P2,134.0,134.0,854.0,854.0,False,1.67,9.34,3582243028,30.7210394,104.0099795
121103,P2,134.0,134.0,854.0,854.0,False,2.41,10.82,1295783638,30.63917,104.07841
124634,P2,134.0,134.0,854.0,854.0,False,2.81,11.62,2785841183,30.6872474,104.0209921
147696,P2,134.0,134.0,854.0,854.0,False,2.17,10.34,4505485126,30.6351228,104.0839511
150331,P2,134.0,134.0,854.0,854.0,False,2.17,10.34,432442847,30.6692858,103.9955816
1655,P2,134.0,134.0,854.0,854.0,False,1.67,9.34,3541401921,30.6906986,104.0112456
178313,P2,134.0,134.0,854.0,854.0,False,0.34,8.0,1459075946,30.6462151,104.1075614
191578,P2,134.0,134.0,854.0,854.0,False,1.05,8.1,5211337159,30.6342088,104.0011536
198277,P2,134.0,134.0,854.0,854.0,False,2.83,11.66,3693431549,30.6475686,104.0349116
200099,P2,134.0,134.0,854.0,854.0,False,0.39,8.0,432432535,30.65521,104.04214
36031,P2,134.0,134.0,854.0,854.0,False,1.15,8.3,3541376587,30.72281,104.0599
41867,P2,134.0,134.0,854.0,854.0,False,2.41,10.82,4505485126,30.6351228,104.0839511
6944,P2,134.0,134.0,854.0,854.0,False,1.15,8.3,5375783428,30.6250476,104.0019733
100677,P2,135.0,135.0,855.0,855.0,False,2.22,10.44,2039550421,30.6741332,104.1149928
121674,P2,135.0,135.0,855.0,855.0,False,1.62,9.24,3599790537,30.701641,104.1058871
172454,P2,135.0,135.0,855.0,855.0,False,2.15,10.3,1458911919,30.6726888,104.0874147
182208,P2,135.0,135.0,855.0,855.0,False,0.77,8.0,2956775863,30.7189106,104.0429193
24852,P2,135.0,135.0,855.0,855.0,False,1.04,8.08,4106682177,30.6552098,103.9774566
8299,P2,135.0,135.0,855.0,855.0,False,0.26,8.0,2712338425,30.7077407,104.0383055
87493,P2,135.0,135.0,855.0,855.0,False,2.22,10.44,1458751453,30.6779748,104.0936828
104448,P2,136.0,136.0,856.0,856.0,False,0.26,8.0,3541401904,30.6999243,104.0012048
106074,P2,136.0,136.0,856.0,856.0,False,0.91,8.0,1861145360,30.6698486,104.1111072
11507,P2,136.0,136.0,856.0,856.0,False,0.91,8.0,5213238475,30.6408195,104.0325217
131647,P2,136.0,136.0,856.0,856.0,False,1.54,9.08,4548211488,30.6626513,104.0580698
152706,P2,136.0,136.0,856.0,856.0,False,0.26,8.0,1469155000,30.6317063,104.1151237
179511,P2,136.0,136.0,856.0,856.0,False,2.81,11.62,1916386446,30.6315225,104.0156955
197979,P2,136.0,136.0,856.0,856.0,False,1.45,8.9,4548259362,30.654276,104.015725
198483,P2,136.0,136.0,856.0,856.0,False,0.49,8.0,4989782374,30.6838942,104.0603392
39347,P2,136.0,136.0,856.0,856.0,False,2.81,11.62,4903112572,30.6532597,104.074705
72286,P2,136.0,136.0,856.0,856.0,False,1.86,9.72,3691342450,30.6587,104.0171431
89043,P2,136.0,136.0,856.0,856.0,False,1.05,8.1,5141328426,30.60957,104.06051
105003,P2,137.0,137.0,857.0,857.0,False,0.3,8.0,1301933028,30.64937,104.08124
141478,P2,137.0,137.0,857.0,857.0,False,3.13,12.26,338246968,30.6106384,104.0650625
148571,P2,137.0,137.0,857.0,857.0,False,1.37,8.74,4102465473,30.68605,104.04284
160294,P2,137.0,137.0,857.0,857.0,False,2.51,11.02,2217746798,30.6608141,104.0601502
161738,P2,137.0,137.0,857.0,857.0,False,0.98,8.0,3445794968,30.663383,104.0738577
188123,P2,137.0,137.0,857.0,857.0,False,0.88,8.0,1339762127,30.71512,104.04672
19517,P2,137.0,137.0,857.0,857.0,False,1.61,9.22,2981056908,30.629219,104.0766189
29173,P2,137.0,137.0,857.0,857.0,False,0.98,8.0,2217714926,30.6609975,104.0718879
32791,P2,137.0,137.0,857.0,857.0,False,0.3,8.0,4773199416,30.6696427,104.0113671
58828,P2,137.0,137.0,857.0,857.0,False,0.3,8.0,872832450,30.657889,104.0683451
81906,P2,137.0,137.0,857.0,857.0,False,0.74,8.0,5213238523,30.6482973,104.0388537
120283,P2,138.0,138.0,858.0,858.0,False,0.67,8.0,4230611281,30.654524,104.066185
136837,P2,138.0,138.0,858.0,858.0,False,0.78,8.0,2213048013,30.6106275,104.104888
143002,P2,138.0,138.0,858.0,858.0,False,0.47,8.0,1312615950,30.6377977,104.0814396
146171,P2,138.0,138.0,858.0,858.0,False,0.85,8.0,4773916454,30.6570517,104.0016589
150335,P2,138.0,138.0,858.0,858.0,False,2.26,10.52,1159941208,30.6697719,104.0225964
178944,P2,138.0,138.0,858.0,858.0,False,0.36,8.0,2041314666,30.6792958,104.1007694
25793,P2,138.0,138.0,858.0,858.0,False,3.06,12.12,1305816752,30.6646194,104.068146
37995,P2,138.0,138.0,858.0,858.0,False,2.72,11.44,5375783870,30.65386,103.9909842
59039,P2,138.0,138.0,858.0,858.0,False,1.28,8.56,1916401375,30.6119248,104.0250889
8383,P2,138.0,138.0,858.0,858.0,False,1.06,8.12,3562047420,30.7112709,104.0656032
94840,P2,138.0,138.0,858.0,858.0,False,2.26,10.52,5283966217,30.705777,104.0986108
117410,P2,139.0,139.0,859.0,859.0,False,0.48,8.0,4963999613,30.7191388,104.0316629
154767,P2,139.0,139.0,859.0,859.0,False,2.1,10.2,1458981267,30.66205,104.09662
157558,P2,139.0,139.0,859.0,859.0,False,0.27,8.0,1192818270,30.6633416,104.0903889
160299,P2,139.0,139.0,859.0,859.0,False,0.39,8.0,1159230555,30.68442,104.092
205987,P2,139.0,139.0,859.0,859.0,False,1.29,8.58,4550018682,30.64702,104.01826
46156,P2,139.0,139.0,859.0,859.0,False,0.32,8.0,2217790316,30.6622591,104.0581724
5299,P2,139.0,139.0,859.0,859.0,False,1.3,8.6,4521050320,30.6523396,104.0842433
5820,P2,139.0,139.0,859.0,859.0,False,1.04,8.08,3562047420,30.7112709,104.0656032
68881,P2,139.0,139.0,859.0,859.0,False,0.32,8.0,4106681985,30.642215,103.9863635
88412,P2,139.0,139.0,859.0,859.0,False,0.48,8.0,2118910078,30.70893,104.0898666
94492,P2,139.0,139.0,859.0,859.0,False,1.79,9.58,1305816747,30.6436968,104.0831923
98947,P2,139.0,139.0,859.0,859.0,False,0.66,8.0,1908261346,30.6267,104.10332
137869,P2,140.0,140.0,860.0,860.0,False,0.26,8.0,1388412853,30.6847641,104.0700667
154835,P2,140.0,140.0,860.0,860.0,False,0.32,8.0,4693609960,30.6287686,104.0731289
191233,P2,140.0,140.0,860.0,860.0,False,0.52,8.0,5141328731,30.6115807,104.0639168
42087,P2,140.0,140.0,860.0,860.0,False,0.64,8.0,2981319501,30.7148915,104.0115645
44143,P2,140.0,140.0,860.0,860.0,False,0.36,8.0,4772216926,30.678258,104.0076111
88595,P2,140.0,140.0,860.0,860.0,False,1.75,9.5,1918491728,30.6419112,103.9986259
126683,P2,141.0,141.0,861.0,861.0,False,0.33,8.0,3034393462,30.6832,104.04642
149352,P2,141.0,141.0,861.0,861.0,False,1.42,8.84,5367321402,30.6637952,103.9994759
20790,P2,141.0,141.0,861.0,861.0,False,0.33,8.0,4548211437,30.6750514,104.0655308
38044,P2,141.0,141.0,861.0,861.0,False,0.94,8.0,3562028087,30.6847057,104.1160378
39561,P2,141.0,141.0,861.0,861.0,False,1.87,9.74,337539164,30.6284597,104.0309081
46119,P2,141.0,141.0,861.0,861.0,False,1.31,8.62,5436607838,30.6359784,104.0640423
86840,P2,141.0,141.0,861.0,861.0,False,0.25,8.0,5218133312,30.6420842,104.1102575
116591,P2,142.0,142.0,862.0,862.0,False,1.44,8.88,504315289,30.69934,104.10184
141125,P2,142.0,142.0,862.0,862.0,False,0.54,8.0,3582243028,30.7210394,104.0099795
161557,P2,142.0,142.0,862.0,862.0,False,1.3,8.6,1987226861,30.663292,104.0523509
173916,P2,142.0,142.0,862.0,862.0,False,1.72,9.44,5141328629,30.6120574,104.0588267
185588,P2,142.0,142.0,862.0,862.0,False,0.21,8.0,3390819399,30.6426634,104.0446584
186772,P2,142.0,142.0,862.0,862.0,False,0.39,8.0,4987536553,30.6404953,103.9914348
187667,P2,142.0,142.0,862.0,862.0,False,0.39,8.0,5312164201,30.66744,104.10033
48207,P2,142.0,142.0,862.0,862.0,False,1.3,8.6,1159945476,30.65482,104.0571
78526,P2,142.0,142.0,862.0,862.0,False,1.66,9.32,4695640612,30.6115694,104.0256068
101075,P2,143.0,143.0,863.0,863.0,False,1.57,9.14,2843289945,30.69982,104.05754
186986,P2,143.0,143.0,863.0,863.0,False,1.7,9.4,1918491730,30.6478147,103.9970936
26476,P2,143.0,143.0,863.0,863.0,False,1.7,9.4,1947583836,30.6884794,104.0867893
72233,P2,143.0,143.0,863.0,863.0,False,1.63,9.26,5382831173,30.6762827,104.0989509
88816,P2,143.0,143.0,863.0,863.0,False,1.04,8.08,4748166145,30.6150412,104.0211609
90116,P2,143.0,143.0,863.0,863.0,False,1.89,9.78,314622903,30.648648,104.0388316
106163,P2,144.0,144.0,864.0,864.0,False,0.11,8.0,1159155007,30.65193,104.08635
114171,P2,144.0,144.0,864.0,864.0,False,0.84,8.0,1964394666,30.6695595,104.1061678
125971,P2,144.0,144.0,864.0,864.0,False,0.84,8.0,4701577750,30.6225999,104.0812573
13332,P2,144.0,144.0,864.0,864.0,False,0.6,8.0,5436607864,30.6448155,104.0729733
1445,P2,144.0,144.0,864.0,864.0,False,1.85,9.7,2733352548,30.6168435,104.0797026
147447,P2,144.0,144.0,864.0,864.0,False,0.11,8.0,3562004421,30.6356966,104.0473078
157827,P2,144.0,144.0,864.0,864.0,False,0.75,8.0,4548259317,30.7236111,104.0453947
172315,P2,144.0,144.0,864.0,864.0,False,0.75,8.0,3034330078,30.6618,104.08728
177255,P2,144.0,144.0,864.0,864.0,False,1.61,9.22,480012064,30.6187436,104.0674895
30777,P2,144.0,144.0,864.0,864.0,False,0.17,8.0,432452884,30.618444,104.0550056
33319,P2,144.0,144.0,864.0,864.0,False,1.21,8.42,1918491764,30.6509854,103.980506
62907,P2,144.0,144.0,864.0,864.0,False,1.02,8.04,314622970,30.6427007,104.0350765
70338,P2,144.0,144.0,864.0,864.0,False,2.03,10.06,2135942424,30.6114113,104.0230496
88429,P2,144.0,144.0,864.0,864.0,False,0.71,8.0,4967265404,30.6524273,104.0933977
134399,P2,145.0,145.0,865.0,865.0,False,1.03,8.06,1947584056,30.682386,104.08439
145375,P2,145.0,145.0,865.0,865.0,False,1.88,9.76,4548259673,30.67842,104.055
148170,P2,145.0,145.0,865.0,865.0,False,0.72,8.0,2134778555,30.6317029,103.9960887
32302,P2,145.0,145.0,865.0,865.0,False,1.67,9.34,2785843772,30.6893868,104.0104448
33240,P2,145.0,145.0,865.0,865.0,False,1.88,9.76,4695640554,30.6129866,104.027866
69843,P2,145.0,145.0,865.0,865.0,False,0.64,8.0,3562028076,30.661049,104.09337
110170,P2,146.0,146.0,866.0,866.0,False,1.26,8.52,963638438,30.7016771,104.0441046
12765,P2,146.0,146.0,866.0,866.0,False,2.44,10.88,2331442712,30.6399856,103.991066
57838,P2,146.0,146.0,866.0,866.0,False,0.77,8.0,4294975863,30.6375611,103.9964656
95017,P2,146.0,146.0,866.0,866.0,False,1.93,9.86,4773199417,30.6698554,104.0112435
127795,P2,147.0,147.0,867.0,867.0,False,0.61,8.0,432429423,30.6374689,104.0326523
150079,P2,147.0,147.0,867.0,867.0,False,1.5,9.0,432442544,30.697302,104.01379
195587,P2,147.0,147.0,867.0,867.0,False,0.75,8.0,432432531,30.65352,104.04533
32899,P2,147.0,147.0,867.0,867.0,False,0.02,8.0,1458588156,30.68038,104.09487
37043,P2,147.0,147.0,867.0,867.0,False,0.87,8.0,4750955766,30.71119,104.11419
49355,P2,147.0,147.0,867.0,867.0,False,0.61,8.0,4601260486,30.6369642,104.0653171
87283,P2,147.0,147.0,867.0,867.0,False,0.11,8.0,1159228848,30.68473,104.10834
89060,P2,147.0,147.0,867.0,867.0,False,0.02,8.0,4695640684,30.6164102,104.0307001
159011,P2,148.0,148.0,868.0,868.0,False,0.39,8.0,1964394670,30.6704837,104.1056727
193568,P2,148.0,148.0,868.0,868.0,False,2.38,10.76,2134792091,30.6500747,103.9831695
196502,P2,148.0,148.0,868.0,868.0,False,1.03,8.06,4773916459,30.6579268,104.0016249
198478,P2,148.0,148.0,868.0,868.0,False,1.31,8.62,3034409146,30.7152891,104.1071116
4645,P2,148.0,148.0,868.0,868.0,False,1.59,9.18,3614070498,30.6725382,104.0591759
81740,P2,148.0,148.0,868.0,868.0,False,0.06,8.0,465203758,30.7062319,104.101097
90143,P2,148.0,148.0,868.0,868.0,False,0.39,8.0,1159935124,30.6725391,103.9979531
153519,P2,149.0,149.0,869.0,869.0,False,0.23,8.0,4679104229,30.66454,104.11251
192297,P2,149.0,149.0,869.0,869.0,False,0.26,8.0,432442636,30.6855883,104.0193808
196540,P2,149.0,149.0,869.0,869.0,False,0.36,8.0,1301933013,30.638015,104.0744565
202504,P2,149.0,149.0,869.0,869.0,False,1.32,8.64,1459062227,30.6453906,104.1072952
36595,P2,149.0,149.0,869.0,869.0,False,0.93,8.0,838319867,30.6548512,104.1122337
40079,P2,149.0,149.0,869.0,869.0,False,1.65,9.3,5375784230,30.6326764,104.0085178
86829,P2,149.0,149.0,869.0,869.0,False,0.62,8.0,1492609349,30.6226957,104.0643849
110020,P2,150.0,150.0,870.0,870.0,False,0.28,8.0,4549759292,30.6672728,104.0578932
110087,P2,150.0,150.0,870.0,870.0,False,1.22,8.44,3562047401,30.72072,104.0597
139356,P2,150.0,150.0,870.0,870.0,False,0.28,8.0,2180630938,30.6985888,104.0524452
162835,P2,150.0,150.0,870.0,870.0,False,2.49,10.98,3516900120,30.671877,104.08288
208027,P2,150.0,150.0,870.0,870.0,False,0.28,8.0,3742070456,30.648038,104.0907351
2131,P2,150.0,150.0,870.0,870.0,False,0.16,8.0,5213238528,30.6393541,104.0448795
57395,P2,150.0,150.0,870.0,870.0,False,0.16,8.0,2712189997,30.6999163,104.0773673
92626,P2,150.0,150.0,870.0,870.0,False,1.22,8.44,4118527278,30.6827165,104.0562666
9695,P2,150.0,150.0,870.0,870.0,False,0.27,8.0,2956775838,30.716623,104.04691
12308,P2,151.0,151.0,871.0,871.0,False,1.76,9.52,4693609988,30.6282892,104.0710608
143067,P2,151.0,151.0,871.0,871.0,False,0.78,8.0,1964427886,30.66934,104.1042
145112,P2,151.0,151.0,871.0,871.0,False,0.82,8.0,432442881,30.6852111,103.9833107
151900,P2,151.0,151.0,871.0,871.0,False,1.76,9.52,4772463260,30.6634581,104.044262
1715,P2,151.0,151.0,871.0,871.0,False,0.2,8.0,3034409141,30.717375,104.111305
191897,P2,151.0,151.0,871.0,871.0,False,0.66,8.0,3693248902,30.6644036,104.0323616
25943,P2,151.0,151.0,871.0,871.0,False,0.19,8.0,1956538080,30.68163,104.11058
38861,P2,151.0,151.0,871.0,871.0,False,1.76,9.52,3069351790,30.6338674,103.988757
49278,P2,151.0,151.0,871.0,871.0,False,0.66,8.0,2908404376,30.6438577,104.0951169
56308,P2,151.0,151.0,871.0,871.0,False,0.68,8.0,628641734,30.6905232,104.0489147
6432,P2,151.0,151.0,871.0,871.0,False,0.2,8.0,4217844071,30.627538,104.0441152
9555,P2,151.0,151.0,871.0,871.0,False,0.08,8.0,1159169335,30.63914,104.08472
127876,P2,152.0,152.0,872.0,872.0,False,2.21,10.42,4078817952,30.7020856,104.0813019
128271,P2,152.0,152.0,872.0,872.0,False,0.76,8.0,3579529393,30.6206579,104.025361
130218,P2,152.0,152.0,872.0,872.0,False,0.77,8.0,4772463265,30.6632231,104.0456704
130675,P2,152.0,152.0,872.0,872.0,False,0.46,8.0,3582243021,30.71385,103.99626
180727,P2,152.0,152.0,872.0,872.0,False,0.33,8.0,3742070429,30.65504,104.0733
193593,P2,152.0,152.0,872.0,872.0,False,1.77,9.54,4550018782,30.6486413,104.0724094
27998,P2,152.0,152.0,872.0,872.0,False,0.46,8.0,1159462571,30.678974,104.0218385
40911,P2,152.0,152.0,872.0,872.0,False,0.56,8.0,2039561233,30.68515,104.11092
97995,P2,152.0,152.0,872.0,872.0,False,0.73,8.0,4548259642,30.668934,104.00515
105838,P2,153.0,153.0,873.0,873.0,False,2.75,11.5,1918491720,30.6498474,103.9800004
140656,P2,153.0,153.0,873.0,873.0,False,1.27,8.54,3033986326,30.6552629,104.0222686
189467,P2,153.0,153.0,873.0,873.0,False,0.66,8.0,4772463290,30.6611907,104.0439786
41076,P2,153.0,153.0,873.0,873.0,False,2.79,11.58,2039563302,30.6914788,104.105044
77945,P2,153.0,153.0,873.0,873.0,False,0.84,8.0,4548211641,30.6714606,104.0628898
78837,P2,153.0,153.0,873.0,873.0,False,0.28,8.0,4230611279,30.653731,104.0679102
82679,P2,153.0,153.0,873.0,873.0,False,0.54,8.0,1815729252,30.71225,104.06707
105564,P2,154.0,154.0,874.0,874.0,False,1.96,9.92,2134778564,30.636105,103.9935358
130030,P2,154.0,154.0,874.0,874.0,False,0.85,8.0,5141458193,30.6331996,104.0710557
160311,P2,154.0,154.0,874.0,874.0,False,2.62,11.24,4449099864,30.651068,104.10719
26197,P2,154.0,154.0,874.0,874.0,False,0.56,8.0,4106682176,30.6530592,103.981115
92615,P2,154.0,154.0,874.0,874.0,False,0.59,8.0,3562047420,30.7112709,104.0656032
39503,P2,155.0,155.0,875.0,875.0,False,1.64,9.28,432432527,30.65561,104.05058
4480,P2,155.0,155.0,875.0,875.0,False,1.91,9.82,2214043177,30.6285325,104.0894399
62503,P2,155.0,155.0,875.0,875.0,False,0.84,8.0,5375783911,30.6582347,103.9964534
142640,P2,156.0,156.0,876.0,876.0,False,1.34,8.68,5375783832,30.6488797,104.0008405
181868,P2,156.0,156.0,876.0,876.0,False,1.34,8.68,4773199402,30.6720348,104.0149722
191319,P2,156.0,156.0,876.0,876.0,False,1.46,8.92,3034029058,30.68398,104.00165
30341,P2,156.0,156.0,876.0,876.0,False,1.46,8.92,1902099081,30.7231748,104.0661476
69700,P2,156.0,156.0,876.0,876.0,False,0.45,8.0,1507358678,30.6966184,104.0814848
7544,P2,156.0,156.0,876.0,876.0,False,2.07,10.14,1916524814,30.616715,103.9878757
99820,P2,156.0,156.0,876.0,876.0,False,0.42,8.0,1918491764,30.6509854,103.980506
109336,P2,157.0,157.0,877.0,877.0,False,2.08,10.16,4701577720,30.6128944,104.072294
129717,P2,157.0,157.0,877.0,877.0,False,1.69,9.38,4915830835,30.6761062,104.0713357
135447,P2,157.0,157.0,877.0,877.0,False,1.74,9.48,432442576,30.6845446,104.0280711
199897,P2,157.0,157.0,877.0,877.0,False,0.44,8.0,1305816684,30.6676822,104.0696328
56154,P2,157.0,157.0,877.0,877.0,False,3.12,12.24,5213238436,30.660691,104.0595706
70876,P2,157.0,157.0,877.0,877.0,False,0.34,8.0,3436489822,30.6409116,104.0452684
127262,P2,158.0,158.0,878.0,878.0,False,0.02,8.0,4444112359,30.7258416,104.1047748
132672,P2,158.0,158.0,878.0,878.0,False,1.33,8.66,4078817932,30.7044827,104.0812617
140947,P2,158.0,158.0,878.0,878.0,False,1.48,8.96,4547074337,30.6110262,104.0748027
154952,P2,158.0,158.0,878.0,878.0,False,1.71,9.42,432452907,30.6109222,104.0696791
163993,P2,158.0,158.0,878.0,878.0,False,0.17,8.0,2080643555,30.6216724,104.0996009
172439,P2,158.0,158.0,878.0,878.0,False,1.04,8.08,4693646378,30.631285,104.0671
194973,P2,158.0,158.0,878.0,878.0,False,1.48,8.96,1459025591,30.6452206,104.1080647
61184,P2,158.0,158.0,878.0,878.0,False,0.41,8.0,432442519,30.683134,104.0127396
74020,P2,158.0,158.0,878.0,878.0,False,1.04,8.08,432429427,30.6224053,104.0403924
106427,P2,159.0,159.0,879.0,879.0,False,1.35,8.7,432452903,30.6143936,104.0696007
35707,P2,159.0,159.0,879.0,879.0,False,0.42,8.0,432442912,30.670519,104.02118
63683,P2,159.0,159.0,879.0,879.0,False,2.07,10.14,4695601637,30.6132021,104.0348973
70188,P2,159.0,159.0,879.0,879.0,False,1.29,8.58,3562047401,30.7213669,104.0617703
82494,P2,159.0,159.0,879.0,879.0,False,0.19,8.0,1159504060,30.7002157,104.0250672
102102,P2,160.0,160.0,880.0,880.0,False,2.24,10.48,337539262,30.6386619,104.0405524
125159,P2,160.0,160.0,880.0,880.0,False,0.28,8.0,314635488,30.65728,104.07122
135157,P2,160.0,160.0,880.0,880.0,False,0.98,8.0,2564226604,30.6182706,104.0197563
164411,P2,160.0,160.0,880.0,880.0,False,0.66,8.0,1457862052,30.688446,104.10105
181162,P2,160.0,160.0,880.0,880.0,False,1.17,8.34,4772430862,30.6783348,104.0057852
46127,P2,160.0,160.0,880.0,880.0,False,1.06,8.12,4295768604,30.69021,104.08046
74505,P2,160.0,160.0,880.0,880.0,False,0.28,8.0,2852215057,30.7146643,104.1119325
120587,P2,161.0,161.0,881.0,881.0,False,1.12,8.24,3613960005,30.66994,104.05201
131558,P2,161.0,161.0,881.0,881.0,False,2.09,10.18,5375783867,30.6616793,103.9966035
197094,P2,161.0,161.0,881.0,881.0,False,1.05,8.1,1916386465,30.6107309,104.0781483
206725,P2,161.0,161.0,881.0,881.0,False,1.33,8.66,671600440,30.6639302,104.0475646
50521,P2,161.0,161.0,881.0,881.0,False,2.09,10.18,1507363096,30.6969953,104.0801864
66459,P2,161.0,161.0,881.0,881.0,False,1.09,8.18,5375783894,30.6558234,103.9917165
99049,P2,161.0,161.0,881.0,881.0,False,1.33,8.66,4978440956,30.6800833,104.0774986
142983,P2,162.0,162.0,882.0,882.0,False,0.44,8.0,288416379,30.68941,104.0844
171591,P2,162.0,162.0,882.0,882.0,False,0.18,8.0,3034409010,30.7075669,104.0916811
188675,P2,162.0,162.0,882.0,882.0,False,1.4,8.8,1159168936,30.6305337,104.0798236
30000,P2,162.0,162.0,882.0,882.0,False,0.13,8.0,1918491711,30.6486406,103.980874
53028,P2,162.0,162.0,882.0,882.0,False,1.74,9.48,5213238581,30.6420484,104.1151796
68807,P2,162.0,162.0,882.0,882.0,False,2.05,10.1,1159143438,30.66489,104.10122
94606,P2,162.0,162.0,882.0,882.0,False,0.2,8.0,2662847699,30.6755101,104.003328
95927,P2,162.0,162.0,882.0,882.0,False,1.28,8.56,1301933017,30.6412529,104.0779618
128138,P2,163.0,163.0,883.0,883.0,False,0.68,8.0,3034029073,30.6833556,103.9875599
16902,P2,163.0,163.0,883.0,883.0,False,0.12,8.0,4693610131,30.6356064,104.0708498
169731,P2,163.0,163.0,883.0,883.0,False,1.98,9.96,4549993409,30.6951522,104.0408396
190618,P2,163.0,163.0,883.0,883.0,False,2.68,11.36,504315475,30.6849404,104.1018095
194788,P2,163.0,163.0,883.0,883.0,False,1.06,8.12,4548211249,30.6771193,104.0577876
197255,P2,163.0,163.0,883.0,883.0,False,0.12,8.0,1916386562,30.64415,104.05863
200233,P2,163.0,163.0,883.0,883.0,False,0.97,8.0,4772463293,30.6611276,104.0433954
205495,P2,163.0,163.0,883.0,883.0,False,0.23,8.0,5141328661,30.6133589,104.0634538
55563,P2,163.0,163.0,883.0,883.0,False,2.12,10.24,4106682215,30.66758,103.99494
87049,P2,163.0,163.0,883.0,883.0,False,0.22,8.0,504315317,30.6972544,104.1052658
102091,P2,164.0,164.0,884.0,884.0,False,0.62,8.0,1159488308,30.689959,104.07411
111990,P2,164.0,164.0,884.0,884.0,False,1.95,9.9,5211337146,30.6509466,103.9898866
13161,P2,164.0,164.0,884.0,884.0,False,0.82,8.0,4548211407,30.6636395,104.058178
147751,P2,164.0,164.0,884.0,884.0,False,0.3,8.0,4106682178,30.6564551,103.9754175
155676,P2,164.0,164.0,884.0,884.0,False,2.18,10.36,5283966217,30.705777,104.0986108
19978,P2,164.0,164.0,884.0,884.0,False,0.59,8.0,3196147285,30.7080823,104.0153959
56989,P2,164.0,164.0,884.0,884.0,False,1.19,8.38,5141468775,30.6305071,104.0919439
105614,P2,165.0,165.0,885.0,885.0,False,3.27,12.54,3541427562,30.7068456,104.0316989
16999,P2,165.0,165.0,885.0,885.0,False,1.13,8.26,2823785848,30.67691,104.07349
170902,P2,165.0,165.0,885.0,885.0,False,1.18,8.36,2532969464,30.7039148,104.0930384
17757,P2,165.0,165.0,885.0,885.0,False,1.21,8.42,4242373753,30.6869936,104.0220627
20371,P2,165.0,165.0,885.0,885.0,False,1.77,9.54,1072698472,30.71923,104.06853
40755,P2,165.0,165.0,885.0,885.0,False,0.11,8.0,4548211281,30.6786397,104.0577914
56167,P2,165.0,165.0,885.0,885.0,False,0.21,8.0,3562110262,30.6483164,104.0223891
62073,P2,165.0,165.0,885.0,885.0,False,0.66,8.0,1159228699,30.6737826,104.0929692
71691,P2,165.0,165.0,885.0,885.0,False,1.18,8.36,3541404998,30.68433,104.05238
104486,P2,166.0,166.0,886.0,886.0,False,1.68,9.36,4992013276,30.6219523,104.0745864
108786,P2,166.0,166.0,886.0,886.0,False,0.56,8.0,4572363406,30.673959,104.0578686
111722,P2,166.0,166.0,886.0,886.0,False,0.71,8.0,4782097004,30.6252518,104.0233075
13483,P2,166.0,166.0,886.0,886.0,False,1.54,9.08,963638438,30.702173,104.04601
166735,P2,166.0,166.0,886.0,886.0,False,0.76,8.0,2081197489,30.6231996,104.1052598
179510,P2,166.0,166.0,886.0,886.0,False,1.73,9.46,3979164236,30.6790215,104.1104619
105469,P2,167.0,167.0,887.0,887.0,False,2.15,10.3,1492633099,30.6218826,104.0646505
105719,P2,167.0,167.0,887.0,887.0,False,0.91,8.0,4359391023,30.7264217,104.1107917
113399,P2,167.0,167.0,887.0,887.0,False,0.22,8.0,4217844074,30.6278818,104.04359
137770,P2,167.0,167.0,887.0,887.0,False,1.17,8.34,2696407816,30.6204241,104.1130503
141570,P2,167.0,167.0,887.0,887.0,False,1.11,8.22,3680412785,30.6577776,104.0162518
150078,P2,167.0,167.0,887.0,887.0,False,2.28,10.56,1885342903,30.6793607,104.0988533
160039,P2,167.0,167.0,887.0,887.0,False,2.01,10.02,3034393458,30.683414,104.04427
160432,P2,167.0,167.0,887.0,887.0,False,0.91,8.0,1460300831,30.6518887,104.111184
178095,P2,167.0,167.0,887.0,887.0,False,2.28,10.56,2847758682,30.6669625,104.1117503
203847,P2,167.0,167.0,887.0,887.0,False,1.11,8.22,1445511809,30.6498056,104.0641589
31323,P2,167.0,167.0,887.0,887.0,False,0.83,8.0,4106682112,30.6439237,103.9802707
33709,P2,167.0,167.0,887.0,887.0,False,0.09,8.0,4547074369,30.6098637,104.0806211
45103,P2,167.0,167.0,887.0,887.0,False,1.02,8.04,1156119116,30.66535,104.06411
51014,P2,167.0,167.0,887.0,887.0,False,0.91,8.0,4695640672,30.6178241,104.0260072
71859,P2,167.0,167.0,887.0,887.0,False,0.83,8.0,314655436,30.713408,104.103546
80313,P2,167.0,167.0,887.0,887.0,False,0.83,8.0,2456925104,30.6390252,104.1033844
12487,P2,168.0,168.0,888.0,888.0,False,0.4,8.0,1458575270,30.68728,104.09875
130415,P2,168.0,168.0,888.0,888.0,False,0.13,8.0,4548259490,30.68674,104.0517
150035,P2,168.0,168.0,888.0,888.0,False,1.82,9.64,5218133609,30.6385827,104.1071122
153321,P2,168.0,168.0,888.0,888.0,False,0.14,8.0,3541393460,30.6932629,104.0104212
168406,P2,168.0,168.0,888.0,888.0,False,0.33,8.0,2843286556,30.6884143,104.0574989
19287,P2,168.0,168.0,888.0,888.0,False,1.38,8.76,432442534,30.697556,104.015976
202133,P2,168.0,168.0,888.0,888.0,False,1.14,8.28,4695640578,30.61196,104.0268747
209011,P2,168.0,168.0,888.0,888.0,False,2.99,11.98,1459059550,30.6453922,104.1072005
21956,P2,168.0,168.0,888.0,888.0,False,0.44,8.0,5141468783,30.6300364,104.0941417
57043,P2,168.0,168.0,888.0,888.0,False,1.24,8.48,4550018884,30.6555416,104.0603353
70400,P2,168.0,168.0,888.0,888.0,False,1.24,8.48,3034330086,30.6666717,104.0791921
109905,P2,169.0,169.0,889.0,889.0,False,0.76,8.0,1918505703,30.6108104,104.0067635
115391,P2,169.0,169.0,889.0,889.0,False,1.31,8.62,1964427886,30.66919,104.10361
118043,P2,169.0,169.0,889.0,889.0,False,1.36,8.72,4701577738,30.6486566,104.0721736
125019,P2,169.0,169.0,889.0,889.0,False,1.4,8.8,2847752856,30.65438,104.10457
199735,P2,169.0,169.0,889.0,889.0,False,1.59,9.18,3034040769,30.69379,104.02612
69189,P2,169.0,169.0,889.0,889.0,False,0.9,8.0,1458998780,30.6616163,104.0993725
70070,P2,169.0,169.0,889.0,889.0,False,1.31,8.62,4218012712,30.6291281,104.0410267
80968,P2,169.0,169.0,889.0,889.0,False,1.31,8.62,4698894061,30.6099128,104.0357434
107694,P2,170.0,170.0,890.0,890.0,False,1.31,8.62,2912291165,30.6410523,104.1040394
135881,P2,170.0,170.0,890.0,890.0,False,0.83,8.0,4359390978,30.723514,104.0587727
180546,P2,170.0,170.0,890.0,890.0,False,0.36,8.0,2366952977,30.6478698,104.1091083
186589,P2,170.0,170.0,890.0,890.0,False,0.44,8.0,2366951323,30.6480711,104.1134414
51651,P2,170.0,170.0,890.0,890.0,False,0.83,8.0,1458981267,30.661474,104.09635
59919,P2,170.0,170.0,890.0,890.0,False,0.89,8.0,5013455445,30.61389,104.05759
119723,P2,171.0,171.0,891.0,891.0,False,0.13,8.0,432453024,30.64787,104.10345
128547,P2,171.0,171.0,891.0,891.0,False,1.45,8.9,5367321402,30.6637952,103.9994759
137670,P2,171.0,171.0,891.0,891.0,False,0.75,8.0,2956775230,30.7119064,104.0361808
147644,P2,171.0,171.0,891.0,891.0,False,0.43,8.0,4773916465,30.6568434,104.002173
207023,P2,171.0,171.0,891.0,891.0,False,0.09,8.0,4967265745,30.7001,104.0077
25822,P2,171.0,171.0,891.0,891.0,False,0.75,8.0,4934383695,30.6133222,104.1123815
3726,P2,171.0,171.0,891.0,891.0,False,0.29,8.0,4972893912,30.6129315,104.0465191
46451,P2,171.0,171.0,891.0,891.0,False,0.53,8.0,3541427586,30.71861,104.04226
88567,P2,171.0,171.0,891.0,891.0,False,1.55,9.1,4799100435,30.646296,104.0311109
170919,P2,172.0,172.0,892.0,892.0,False,1.17,8.34,1458975864,30.6628309,104.0918029
182920,P2,172.0,172.0,892.0,892.0,False,1.63,9.26,4136052220,30.6097219,104.0482176
184650,P2,172.0,172.0,892.0,892.0,False,0.24,8.0,4748166140,30.6148417,104.0221795
187488,P2,172.0,172.0,892.0,892.0,False,0.6,8.0,5382831202,30.6774918,104.0944491
198965,P2,172.0,172.0,892.0,892.0,False,2.28,10.56,1301933011,30.6427095,104.0789494
53805,P2,172.0,172.0,892.0,892.0,False,0.15,8.0,3541427561,30.7068375,104.043257
97745,P2,172.0,172.0,892.0,892.0,False,0.59,8.0,1159227850,30.6913669,104.0523676
100358,P2,173.0,173.0,893.0,893.0,False,1.03,8.06,1159160253,30.6161619,104.0965517
12172,P2,173.0,173.0,893.0,893.0,False,0.6,8.0,4521050320,30.6523396,104.0842433
16142,P2,173.0,173.0,893.0,893.0,False,0.6,8.0,2917213942,30.6508894,104.0898589
183498,P2,173.0,173.0,893.0,893.0,False,1.03,8.06,4967265743,30.703265,104.0045977
18385,P2,173.0,173.0,893.0,893.0,False,1.03,8.06,5367321408,30.6639201,103.9890214
4391,P2,173.0,173.0,893.0,893.0,False,1.11,8.22,3445813122,30.66273,104.080376
476,P2,173.0,173.0,893.0,893.0,False,1.39,8.78,4548211661,30.6741327,104.0577152
112523,P2,174.0,174.0,894.0,894.0,False,0.33,8.0,4549993430,30.695966,104.0417285
123639,P2,174.0,174.0,894.0,894.0,False,1.0,8.0,3562110257,30.6443831,104.0188124
130903,P2,174.0,174.0,894.0,894.0,False,1.46,8.92,5436607841,30.6358327,104.0642721
142969,P2,174.0,174.0,894.0,894.0,False,1.0,8.0,3582243027,30.7209293,104.0097864
159701,P2,174.0,174.0,894.0,894.0,False,1.3,8.6,1492633091,30.6201406,104.0646114
16350,P2,174.0,174.0,894.0,894.0,False,1.0,8.0,1902099081,30.7231748,104.0661476
208567,P2,174.0,174.0,894.0,894.0,False,2.05,10.1,2214043188,30.6285026,104.0896036
36639,P2,174.0,174.0,894.0,894.0,False,0.42,8.0,3176012314,30.699713,104.07069
4200,P2,174.0,174.0,894.0,894.0,False,1.0,8.0,3034029063,30.6804606,104.0132324
119547,P2,175.0,175.0,895.0,895.0,False,1.69,9.38,1506537730,30.715389,104.0720119
135584,P2,175.0,175.0,895.0,895.0,False,1.73,9.46,1302807417,30.6427652,104.0877375
136882,P2,175.0,175.0,895.0,895.0,False,0.41,8.0,3199773570,30.7002061,104.1134026
143244,P2,175.0,175.0,895.0,895.0,False,0.5,8.0,3071355054,30.6279334,104.1131365
148641,P2,175.0,175.0,895.0,895.0,False,3.24,12.48,4393165156,30.6224558,104.0637896
154474,P2,175.0,175.0,895.0,895.0,False,0.86,8.0,3562033468,30.7085475,104.0749813
155757,P2,175.0,175.0,895.0,895.0,False,1.0,8.0,2691023148,30.7208695,103.9825138
167893,P2,175.0,175.0,895.0,895.0,False,1.8,9.6,4981594485,30.6299603,103.9918807
196263,P2,175.0,175.0,895.0,895.0,False,0.86,8.0,432429409,30.6357304,104.0537541
199303,P2,175.0,175.0,895.0,895.0,False,1.69,9.38,3541393460,30.6932629,104.0104212
22891,P2,175.0,175.0,895.0,895.0,False,1.68,9.36,4794944069,30.6791522,104.0583878
27949,P2,175.0,175.0,895.0,895.0,False,1.67,9.34,2956775225,30.7134022,104.0478404
37005,P2,175.0,175.0,895.0,895.0,False,3.24,12.48,4217837089,30.6259504,104.0427805
57362,P2,175.0,175.0,895.0,895.0,False,0.44,8.0,1159134919,30.6627522,104.0917496
9387,P2,175.0,175.0,895.0,895.0,False,0.05,8.0,314622901,30.644379,104.0389705
95012,P2,175.0,175.0,895.0,895.0,False,1.35,8.7,432442854,30.6661921,103.9916253
121423,P2,176.0,176.0,896.0,896.0,False,1.23,8.46,432442926,30.66418,104.02137
149154,P2,176.0,176.0,896.0,896.0,False,0.83,8.0,3541404997,30.6879967,104.0546328
158061,P2,176.0,176.0,896.0,896.0,False,0.86,8.0,314623115,30.6497781,104.0331547
174183,P2,176.0,176.0,896.0,896.0,False,2.29,10.58,3034330074,30.66061,104.07946
191530,P2,176.0,176.0,896.0,896.0,False,0.54,8.0,1507357789,30.697117,104.0787323
192855,P2,176.0,176.0,896.0,896.0,False,0.71,8.0,1159225730,30.6980105,104.0516672
205010,P2,176.0,176.0,896.0,896.0,False,1.67,9.34,2564226633,30.641217,104.0236026
23587,P2,176.0,176.0,896.0,896.0,False,0.03,8.0,3034409146,30.71602,104.10716
29470,P2,176.0,176.0,896.0,896.0,False,0.45,8.0,2360396949,30.6673135,104.1129469
41007,P2,176.0,176.0,896.0,896.0,False,0.04,8.0,5053143857,30.7080048,104.0028033
70579,P2,176.0,176.0,896.0,896.0,False,0.54,8.0,3523294438,30.645903,104.05203
105675,P2,177.0,177.0,897.0,897.0,False,1.49,8.98,432429393,30.639212,104.05502
14741,P2,177.0,177.0,897.0,897.0,False,1.19,8.38,4693609930,30.6317764,104.0720482
165907,P2,177.0,177.0,897.0,897.0,False,0.77,8.0,2843289930,30.6819198,104.0695248
201003,P2,177.0,177.0,897.0,897.0,False,0.54,8.0,1492604722,30.6224104,104.064625
28715,P2,177.0,177.0,897.0,897.0,False,0.33,8.0,5312164196,30.6687984,104.1051817
29854,P2,177.0,177.0,897.0,897.0,False,1.81,9.62,3541429493,30.7118849,104.0507009
34545,P2,177.0,177.0,897.0,897.0,False,0.66,8.0,803150974,30.6811238,104.0939379
62936,P2,177.0,177.0,897.0,897.0,False,1.49,8.98,2472054564,30.7047077,104.050665
93031,P2,177.0,177.0,897.0,897.0,False,0.75,8.0,4548211362,30.67759,104.05393
144540,P2,178.0,178.0,898.0,898.0,False,2.23,10.46,4296641707,30.6483298,104.091056
159407,P2,178.0,178.0,898.0,898.0,False,1.31,8.62,1159229836,30.673944,104.08503
168342,P2,178.0,178.0,898.0,898.0,False,1.76,9.52,5213238455,30.6356461,104.0559934
169334,P2,178.0,178.0,898.0,898.0,False,2.3,10.6,4585624085,30.6801395,104.0231442
170360,P2,178.0,178.0,898.0,898.0,False,0.57,8.0,3979164235,30.678018,104.1072365
206095,P2,178.0,178.0,898.0,898.0,False,3.22,12.44,2118910074,30.70047,104.0875
29501,P2,178.0,178.0,898.0,898.0,False,0.41,8.0,4695640582,30.6128068,104.0270076
73143,P2,178.0,178.0,898.0,898.0,False,0.44,8.0,2917213940,30.65031,104.08893
7649,P2,178.0,178.0,898.0,898.0,False,0.44,8.0,4550018840,30.6461186,104.0558587
83152,P2,178.0,178.0,898.0,898.0,False,2.56,11.12,4693674679,30.6223992,104.0643965
90399,P2,178.0,178.0,898.0,898.0,False,0.65,8.0,3562045362,30.72305,104.062
98699,P2,178.0,178.0,898.0,898.0,False,0.18,8.0,1916386446,30.632017,104.0166
125341,P2,179.0,179.0,899.0,899.0,False,0.49,8.0,4723840162,30.6505154,104.072176
131731,P2,179.0,179.0,899.0,899.0,False,0.18,8.0,4987535050,30.6310897,104.0088361
151754,P2,179.0,179.0,899.0,899.0,False,0.22,8.0,432432560,30.648601,104.0404737
156146,P2,179.0,179.0,899.0,899.0,False,0.95,8.0,432442576,30.6845446,104.0280711
164139,P2,179.0,179.0,899.0,899.0,False,2.0,10.0,3087817489,30.66505,104.00789
188355,P2,179.0,179.0,899.0,899.0,False,0.95,8.0,5256947476,30.67956,104.09731
200174,P2,179.0,179.0,899.0,899.0,False,1.35,8.7,1469172045,30.6319422,104.0923756
34703,P2,179.0,179.0,899.0,899.0,False,1.98,9.96,5141328652,30.6135716,104.062052
37674,P2,179.0,179.0,899.0,899.0,False,0.28,8.0,432442887,30.6941255,103.9762069
37923,P2,179.0,179.0,899.0,899.0,False,0.46,8.0,4934383684,30.616535,104.1164446
46461,P2,179.0,179.0,899.0,899.0,False,2.24,10.48,4779165786,30.633853,104.0737251
88035,P2,179.0,179.0,899.0,899.0,False,2.0,10.0,4572409834,30.7143848,103.9924799
124153,P2,180.0,180.0,900.0,900.0,False,0.32,8.0,3034029051,30.6761946,104.0028058
144441,P2,180.0,180.0,900.0,900.0,False,0.32,8.0,3034409010,30.7075669,104.0916811
25276,P2,180.0,180.0,900.0,900.0,False,1.28,8.56,4505485126,30.6351228,104.0839511
2851,P2,180.0,180.0,900.0,900.0,False,2.21,10.42,5141468735,30.63614,104.09488
103247,P2,181.0,181.0,901.0,901.0,False,1.02,8.04,3176012317,30.70502,104.07215
142568,P2,181.0,181.0,901.0,901.0,False,2.6,11.2,3742070458,30.649269,104.0879116
152804,P2,181.0,181.0,901.0,901.0,False,0.66,8.0,1159226738,30.6977096,104.0570837
163211,P2,181.0,181.0,901.0,901.0,False,1.48,8.96,2041527398,30.691988,104.09731
172436,P2,181.0,181.0,901.0,901.0,False,0.62,8.0,1159945485,30.6576241,104.0550308
189347,P2,181.0,181.0,901.0,901.0,False,0.6,8.0,3780408667,30.63244,104.05957
39775,P2,181.0,181.0,901.0,901.0,False,3.0,12.0,5257005057,30.67591,104.09445
609,P2,181.0,181.0,901.0,901.0,False,1.68,9.36,1916386576,30.6349922,104.0127817
65715,P2,181.0,181.0,901.0,901.0,False,0.66,8.0,4550701360,30.6159288,103.9790621
110440,P2,182.0,182.0,902.0,902.0,False,0.34,8.0,4550764002,30.6221814,104.1126046
128527,P2,182.0,182.0,902.0,902.0,False,0.34,8.0,432442534,30.69674,104.01629
129289,P2,182.0,182.0,902.0,902.0,False,1.91,9.82,4217837097,30.6262553,104.0466306
175627,P2,182.0,182.0,902.0,902.0,False,0.36,8.0,4695640524,30.6139204,104.0253742
1971,P2,182.0,182.0,902.0,902.0,False,0.23,8.0,3562045366,30.702291,104.041435
25020,P2,182.0,182.0,902.0,902.0,False,1.93,9.86,3927876951,30.676205,103.9921458
7482,P2,182.0,182.0,902.0,902.0,False,0.48,8.0,4550018702,30.6474191,104.019815
105572,P2,183.0,183.0,903.0,903.0,False,1.47,8.94,671581609,30.6111745,104.0604638
10715,P2,183.0,183.0,903.0,903.0,False,1.81,9.62,1159143853,30.67744,104.08737
123244,P2,183.0,183.0,903.0,903.0,False,2.26,10.52,4449099823,30.6421598,104.1053339
130003,P2,183.0,183.0,903.0,903.0,False,2.61,11.22,4772463265,30.6632231,104.0456704
146441,P2,183.0,183.0,903.0,903.0,False,2.61,11.22,4695601609,30.6105144,104.0371307
155571,P2,183.0,183.0,903.0,903.0,False,2.14,10.28,3562099599,30.6520884,104.0197281
180610,P2,183.0,183.0,903.0,903.0,False,0.49,8.0,4964137434,30.7096924,104.0194006
48047,P2,183.0,183.0,903.0,903.0,False,2.26,10.52,2039561238,30.6889265,104.111324
60998,P2,183.0,183.0,903.0,903.0,False,2.16,10.32,4973209503,30.614432,104.0433815
83687,P2,183.0,183.0,903.0,903.0,False,2.16,10.32,3562055475,30.7182686,104.0360586
97787,P2,183.0,183.0,903.0,903.0,False,1.51,9.02,4549759331,30.6912274,104.035818
11831,P2,184.0,184.0,904.0,904.0,False,0.51,8.0,3597689719,30.716953,103.98031
163117,P2,184.0,184.0,904.0,904.0,False,2.65,11.3,3034409010,30.7075669,104.0916811
183111,P2,184.0,184.0,904.0,904.0,False,0.78,8.0,2712272989,30.6528136,104.0938007
198981,P2,184.0,184.0,904.0,904.0,False,2.28,10.56,5213238513,30.6608611,104.0746718
207171,P2,184.0,184.0,904.0,904.0,False,1.6,9.2,4550018881,30.645334,104.0552418
21699,P2,184.0,184.0,904.0,904.0,False,2.54,11.08,3613960004,30.669374,104.05309
49834,P2,184.0,184.0,904.0,904.0,False,1.99,9.98,4695701791,30.6127692,104.0190401
92037,P2,184.0,184.0,904.0,904.0,False,2.28,10.56,4548211678,30.6290729,104.0969495
103896,P2,185.0,185.0,905.0,905.0,False,0.01,8.0,1301933031,30.6531743,104.0712379
114884,P2,185.0,185.0,905.0,905.0,False,0.13,8.0,1159481534,30.6728847,104.069903
125622,P2,185.0,185.0,905.0,905.0,False,2.56,11.12,1492368570,30.6571,104.0634553
142319,P2,185.0,185.0,905.0,905.0,False,2.48,10.96,4903105800,30.665276,104.08819
187254,P2,185.0,185.0,905.0,905.0,False,0.13,8.0,1159478537,30.6731068,104.0492536
198534,P2,185.0,185.0,905.0,905.0,False,0.24,8.0,5436607838,30.6359784,104.0640423
24592,P2,185.0,185.0,905.0,905.0,False,0.61,8.0,4547074331,30.610926,104.0724021
25687,P2,185.0,185.0,905.0,905.0,False,0.24,8.0,1964418552,30.667559,104.09825
35375,P2,185.0,185.0,905.0,905.0,False,0.77,8.0,3203414184,30.6359816,104.0411401
64851,P2,185.0,185.0,905.0,905.0,False,0.24,8.0,3113656970,30.666388,104.04713
92445,P2,185.0,185.0,905.0,905.0,False,1.0,8.0,3680455708,30.659392,104.0139298
117990,P2,186.0,186.0,906.0,906.0,False,2.73,11.46,2134778549,30.6320643,103.9968932
150833,P2,186.0,186.0,906.0,906.0,False,2.73,11.46,3680361113,30.6604914,104.0253217
163425,P2,186.0,186.0,906.0,906.0,False,0.25,8.0,2135944704,30.6161217,104.0165029
172031,P2,186.0,186.0,906.0,906.0,False,0.82,8.0,4548211322,30.6261544,104.0465852
198517,P2,186.0,186.0,906.0,906.0,False,3.75,13.5,1159231411,30.687617,104.08245
20204,P2,186.0,186.0,906.0,906.0,False,2.73,11.46,1885342901,30.6777248,104.0995149
37703,P2,186.0,186.0,906.0,906.0,False,0.49,8.0,2847752856,30.65462,104.10487
38475,P2,186.0,186.0,906.0,906.0,False,1.55,9.1,1458550332,30.682592,104.1030391
44260,P2,186.0,186.0,906.0,906.0,False,0.22,8.0,3680400072,30.6586156,104.0134178
59132,P2,186.0,186.0,906.0,906.0,False,0.74,8.0,432442531,30.6910081,104.0180084
61051,P2,186.0,186.0,906.0,906.0,False,0.49,8.0,1469157760,30.6426,104.0989
7755,P2,186.0,186.0,906.0,906.0,False,0.6,8.0,1912247134,30.6133435,104.0968211
86614,P2,186.0,186.0,906.0,906.0,False,0.24,8.0,4695640616,30.611004,104.027309
201171,P2,187.0,187.0,907.0,907.0,False,0.1,8.0,628641733,30.68866,104.04578
26273,P2,187.0,187.0,907.0,907.0,False,0.43,8.0,314655092,30.6193901,104.0454194
37172,P2,187.0,187.0,907.0,907.0,False,0.1,8.0,5359113188,30.677816,104.0120656
4248,P2,187.0,187.0,907.0,907.0,False,2.17,10.34,1159491568,30.6830528,104.0755012
82366,P2,187.0,187.0,907.0,907.0,False,2.23,10.46,4548259386,30.6812152,104.0533192
117015,P2,188.0,188.0,908.0,908.0,False,1.21,8.42,4695601311,30.6117932,104.0291579
133376,P2,188.0,188.0,908.0,908.0,False,1.06,8.12,5283966340,30.7029682,104.0883238
145979,P2,188.0,188.0,908.0,908.0,False,1.84,9.68,4118527460,30.69792,104.09943
20115,P2,188.0,188.0,908.0,908.0,False,0.04,8.0,2041527435,30.6919726,104.096199
28262,P2,188.0,188.0,908.0,908.0,False,2.0,10.0,337539075,30.6245189,104.0049732
43539,P2,188.0,188.0,908.0,908.0,False,1.54,9.08,4572407388,30.68974,104.06975
109016,P2,189.0,189.0,909.0,909.0,False,0.01,8.0,2039561237,30.6799627,104.1047094
141422,P2,189.0,189.0,909.0,909.0,False,0.02,8.0,4693610158,30.6337372,104.0679451
14938,P2,189.0,189.0,909.0,909.0,False,0.32,8.0,3523308831,30.6400444,104.0741595
153744,P2,189.0,189.0,909.0,909.0,False,0.01,8.0,4107377016,30.6339745,103.9956836
191362,P2,189.0,189.0,909.0,909.0,False,0.62,8.0,4444112349,30.7229196,104.103518
191445,P2,189.0,189.0,909.0,909.0,False,1.59,9.18,5257005062,30.6771626,104.0936109
195275,P2,189.0,189.0,909.0,909.0,False,1.51,9.02,3597608246,30.71825,104.03177
202879,P2,189.0,189.0,909.0,909.0,False,0.15,8.0,5359113186,30.6767228,104.0118173
5859,P2,189.0,189.0,909.0,909.0,False,0.76,8.0,1313998761,30.63879,104.087
72133,P2,189.0,189.0,909.0,909.0,False,0.65,8.0,1301932980,30.6535045,104.0727944
8397,P2,189.0,189.0,909.0,909.0,False,2.22,10.44,4693610112,30.6352034,104.0720644
99773,P2,189.0,189.0,909.0,909.0,False,0.44,8.0,5141468728,30.6366053,104.0962333
128931,P2,190.0,190.0,910.0,910.0,False,0.34,8.0,4978440954,30.67642,104.07853
136785,P2,190.0,190.0,910.0,910.0,False,2.24,10.48,1159224808,30.6964918,104.0361089
140120,P2,190.0,190.0,910.0,910.0,False,0.02,8.0,4550018997,30.6474632,103.9758156
156025,P2,190.0,190.0,910.0,910.0,False,0.34,8.0,5436607071,30.6375728,104.0649959
181363,P2,190.0,190.0,910.0,910.0,False,1.84,9.68,504315298,30.6964144,104.1055436
182985,P2,190.0,190.0,910.0,910.0,False,0.77,8.0,3034376764,30.6745274,104.0622918
54917,P2,190.0,190.0,910.0,910.0,False,1.21,8.42,5141468759,30.6300238,104.0954168
77171,P2,190.0,190.0,910.0,910.0,False,1.56,9.12,1458972939,30.66529,104.09074
81291,P2,190.0,190.0,910.0,910.0,False,0.91,8.0,432432546,30.66341,104.04065
8684,P2,190.0,190.0,910.0,910.0,False,0.55,8.0,4106681980,30.6419947,103.9803577
99340,P2,190.0,190.0,910.0,910.0,False,0.41,8.0,4989782356,30.6836681,104.0590065
104946,P2,191.0,191.0,911.0,911.0,False,0.15,8.0,4695601329,30.6104205,104.0290549
106815,P2,191.0,191.0,911.0,911.0,False,1.41,8.82,2399471758,30.6399946,104.1037572
1125,P2,191.0,191.0,911.0,911.0,False,0.12,8.0,4987534974,30.6199038,103.9980875
14077,P2,191.0,191.0,911.0,911.0,False,0.69,8.0,432432603,30.6590905,104.0350073
185385,P2,191.0,191.0,911.0,911.0,False,0.69,8.0,2564226602,30.618224,104.0204586
18747,P2,191.0,191.0,911.0,911.0,False,1.43,8.86,2135946742,30.6241056,104.0053515
196993,P2,191.0,191.0,911.0,911.0,False,1.33,8.66,4106682120,30.6442026,103.9718285
29975,P2,191.0,191.0,911.0,911.0,False,0.07,8.0,2472054565,30.7035,104.04971
63568,P2,191.0,191.0,911.0,911.0,False,1.33,8.66,1159463802,30.6759922,104.0215593
68515,P2,191.0,191.0,911.0,911.0,False,1.79,9.58,1159488324,30.692486,104.07398
8046,P2,191.0,191.0,911.0,911.0,False,0.69,8.0,4107376999,30.6101108,104.0046103
10369,P2,192.0,192.0,912.0,912.0,False,3.81,13.62,603415280,30.7059606,104.099774
129735,P2,192.0,192.0,912.0,912.0,False,1.75,9.5,5102886112,30.6879888,103.9903974
199935,P2,192.0,192.0,912.0,912.0,False,0.53,8.0,3436486411,30.641432,104.0482625
28678,P2,192.0,192.0,912.0,912.0,False,0.53,8.0,288416386,30.6798985,104.0690959
55842,P2,192.0,192.0,912.0,912.0,False,1.17,8.34,1902099198,30.720077,104.065936
73583,P2,192.0,192.0,912.0,912.0,False,1.59,9.18,4799195759,30.6279102,103.9947516
88739,P2,192.0,192.0,912.0,912.0,False,2.42,10.84,4064178177,30.6736199,103.9735875
94319,P2,192.0,192.0,912.0,912.0,False,1.2,8.4,2041314659,30.68145,104.097
99140,P2,192.0,192.0,912.0,912.0,False,0.53,8.0,5375783999,30.6527309,103.9924753
181465,P2,193.0,193.0,913.0,913.0,False,1.8,9.6,4699007263,30.6124149,104.0381858
204163,P2,193.0,193.0,913.0,913.0,False,0.65,8.0,2712272990,30.67396,104.09589
2656,P2,193.0,193.0,913.0,913.0,False,1.8,9.6,672349263,30.7254834,104.0736286
64822,P2,193.0,193.0,913.0,913.0,False,1.36,8.72,3176000073,30.7025996,104.0666415
119220,P2,194.0,194.0,914.0,914.0,False,1.06,8.12,2118910074,30.701761,104.087606
123457,P2,194.0,194.0,914.0,914.0,False,0.62,8.0,2729373178,30.6133087,104.0447277
131840,P2,194.0,194.0,914.0,914.0,False,1.15,8.3,2041337801,30.6836705,104.0959555
160789,P2,194.0,194.0,914.0,914.0,False,0.47,8.0,4701400718,30.6226227,104.0672305
168850,P2,194.0,194.0,914.0,914.0,False,1.03,8.06,1885342891,30.6778662,104.0979848
200573,P2,194.0,194.0,914.0,914.0,False,2.09,10.18,436486247,30.6343213,104.0011051
36441,P2,194.0,194.0,914.0,914.0,False,2.49,10.98,432442942,30.682359,104.0276313
42838,P2,194.0,194.0,914.0,914.0,False,1.07,8.14,5382831199,30.6750989,104.0965444
7722,P2,194.0,194.0,914.0,914.0,False,0.2,8.0,4773199408,30.6731865,104.013272
96564,P2,194.0,194.0,914.0,914.0,False,2.11,10.22,4548211437,30.6750514,104.0655308
145279,P2,195.0,195.0,915.0,915.0,False,0.61,8.0,3445813118,30.665964,104.07817
147953,P2,195.0,195.0,915.0,915.0,False,0.61,8.0,2981319491,30.7106141,104.0138978
168979,P2,195.0,195.0,915.0,915.0,False,0.61,8.0,4107377043,30.6437136,103.9939749
170547,P2,195.0,195.0,915.0,915.0,False,1.03,8.06,1312615937,30.6491466,104.0574579
192723,P2,195.0,195.0,915.0,915.0,False,4.61,15.22,5283966194,30.701812,104.1164124
198159,P2,195.0,195.0,915.0,915.0,False,1.83,9.66,1159474715,30.693552,104.04599
41674,P2,195.0,195.0,915.0,915.0,False,0.62,8.0,1458561795,30.6888779,104.0980978
97035,P2,195.0,195.0,915.0,915.0,False,1.31,8.62,3579530515,30.65066,104.11586
182490,P2,196.0,196.0,916.0,916.0,False,0.17,8.0,5375784000,30.6526715,103.9923924
194443,P2,196.0,196.0,916.0,916.0,False,0.42,8.0,4414330241,30.6626003,104.0893239
207128,P2,196.0,196.0,916.0,916.0,False,2.31,10.62,2214044357,30.6227483,104.0832674
44309,P2,196.0,196.0,916.0,916.0,False,0.84,8.0,3562110259,30.6489639,104.027633
70647,P2,196.0,196.0,916.0,916.0,False,1.04,8.08,2677723113,30.6342268,104.0795264
93693,P2,196.0,196.0,916.0,916.0,False,0.95,8.0,4548211614,30.6721921,104.0716447
95575,P2,196.0,196.0,916.0,916.0,False,0.72,8.0,2564226633,30.641217,104.0236026
143816,P2,197.0,197.0,917.0,917.0,False,0.95,8.0,3523294438,30.6485054,104.0518109
15544,P2,197.0,197.0,917.0,917.0,False,0.09,8.0,3927877888,30.6772887,103.9891181
194315,P2,197.0,197.0,917.0,917.0,False,0.76,8.0,5375784230,30.6326764,104.0085178
204155,P2,197.0,197.0,917.0,917.0,False,0.12,8.0,3562110262,30.64783,104.02261
206436,P2,197.0,197.0,917.0,917.0,False,0.13,8.0,4106682120,30.6442026,103.9718285
23908,P2,197.0,197.0,917.0,917.0,False,0.12,8.0,3445813549,30.6626423,104.0697759
5677,P2,197.0,197.0,917.0,917.0,False,1.25,8.5,5375783764,30.6322699,104.0113022
68805,P2,197.0,197.0,917.0,917.0,False,0.13,8.0,4585624085,30.6801395,104.0231442
105539,P2,198.0,198.0,918.0,918.0,False,1.39,8.78,4779165796,30.6358728,104.0737808
141391,P2,198.0,198.0,918.0,918.0,False,2.59,11.18,4217844073,30.627813,104.0435407
171631,P2,198.0,198.0,918.0,918.0,False,1.94,9.88,1458937197,30.676762,104.0950108
187101,P2,198.0,198.0,918.0,918.0,False,1.94,9.88,2559969425,30.6220613,104.0295577
197635,P2,198.0,198.0,918.0,918.0,False,1.36,8.72,4903105800,30.665504,104.08708
58775,P2,198.0,198.0,918.0,918.0,False,1.21,8.42,4069514798,30.717419,103.97672
98911,P2,198.0,198.0,918.0,918.0,False,1.28,8.56,480012034,30.62054,104.06968
104080,P2,199.0,199.0,919.0,919.0,False,1.36,8.72,3034409021,30.7191559,104.0931998
107390,P2,199.0,199.0,919.0,919.0,False,0.48,8.0,2441160949,30.632768,104.0342007
133946,P2,199.0,199.0,919.0,919.0,False,1.32,8.64,3927877898,30.6791243,103.9892573
146568,P2,199.0,199.0,919.0,919.0,False,3.39,12.78,1506487129,30.715398,104.0721394
33171,P2,199.0,199.0,919.0,919.0,False,0.75,8.0,2039561247,30.6857,104.1131
75258,P2,199.0,199.0,919.0,919.0,False,2.24,10.48,4549993260,30.6492,103.9823516
9391,P2,199.0,199.0,919.0,919.0,False,1.81,9.62,4548317901,30.64422,104.08443
155419,P2,200.0,200.0,920.0,920.0,False,0.57,8.0,1159160249,30.61148,104.09467
178475,P2,200.0,200.0,920.0,920.0,False,1.02,8.04,3680412792,30.6578669,104.016147
27779,P2,200.0,200.0,920.0,920.0,False,0.66,8.0,4896843831,30.628012,104.10382
31595,P2,200.0,200.0,920.0,920.0,False,2.02,10.04,4118527300,30.6838947,104.0602148
35796,P2,200.0,200.0,920.0,920.0,False,0.64,8.0,4703149484,30.6112772,104.0681401
42873,P2,200.0,200.0,920.0,920.0,False,2.88,11.76,5375784028,30.6585507,103.9891684
6675,P2,200.0,200.0,920.0,920.0,False,2.02,10.04,2041535225,30.66522,104.07963
84764,P2,200.0,200.0,920.0,920.0,False,2.02,10.04,5141328443,30.6117013,104.0558576
86046,P2,200.0,200.0,920.0,920.0,False,0.63,8.0,5141468727,30.6350359,104.0959071
89343,P2,200.0,200.0,920.0,920.0,False,0.15,8.0,1815741566,30.6883872,104.06055
108221,P2,201.0,201.0,921.0,921.0,False,1.37,8.74,1492613701,30.6225141,104.0630716
27425,P2,201.0,201.0,921.0,921.0,False,0.49,8.0,5141468696,30.6360241,104.0937883
72563,P2,201.0,201.0,921.0,921.0,False,1.37,8.74,1458751453,30.6779748,104.0936828
132917,P2,202.0,202.0,922.0,922.0,False,1.59,9.18,4695701797,30.6133356,104.0188084
133208,P2,202.0,202.0,922.0,922.0,False,2.07,10.14,1504198485,30.7059208,104.0996737
169422,P2,202.0,202.0,922.0,922.0,False,0.29,8.0,4230593034,30.6429415,104.0873305
177661,P2,202.0,202.0,922.0,922.0,False,0.49,8.0,4106682130,30.6458332,103.985872
192736,P2,202.0,202.0,922.0,922.0,False,0.49,8.0,5375783994,30.6537375,103.9904559
8314,P2,202.0,202.0,922.0,922.0,False,2.07,10.14,4701464751,30.615852,104.0596613
101831,P2,203.0,203.0,923.0,923.0,False,1.15,8.3,2651655877,30.66745,104.11238
114704,P2,203.0,203.0,923.0,923.0,False,0.03,8.0,4225497267,30.6465334,104.0444049
149958,P2,203.0,203.0,923.0,923.0,False,1.88,9.76,529949133,30.6971902,104.1050953
151717,P2,203.0,203.0,923.0,923.0,False,1.55,9.1,1492615689,30.6233246,104.064387
152739,P2,203.0,203.0,923.0,923.0,False,1.8,9.6,337539262,30.63894,104.038666
171698,P2,203.0,203.0,923.0,923.0,False,0.43,8.0,4748166163,30.6182961,104.0228551
174990,P2,203.0,203.0,923.0,923.0,False,0.47,8.0,4550701195,30.6234342,104.0347121
182091,P2,203.0,203.0,923.0,923.0,False,2.29,10.58,1159226736,30.6931254,104.0546776
199490,P2,203.0,203.0,923.0,923.0,False,1.05,8.1,2135942432,30.6108656,104.0240882
200323,P2,203.0,203.0,923.0,923.0,False,0.83,8.0,1156126861,30.6748,104.08207
204616,P2,203.0,203.0,923.0,923.0,False,0.47,8.0,2041527395,30.6929927,104.0960058
48564,P2,203.0,203.0,923.0,923.0,False,0.26,8.0,4548318064,30.6440185,104.0855758
74043,P2,203.0,203.0,923.0,923.0,False,1.15,8.3,1445485650,30.6359353,104.0631555
87794,P2,203.0,203.0,923.0,923.0,False,1.15,8.3,4695700264,30.6104115,104.0249407
115903,P2,204.0,204.0,924.0,924.0,False,1.92,9.84,432442926,30.663585,104.0216285
200538,P2,204.0,204.0,924.0,924.0,False,0.91,8.0,3742070457,30.6481855,104.0903968
39007,P2,204.0,204.0,924.0,924.0,False,0.37,8.0,3562110257,30.645336,104.0183
140478,P2,205.0,205.0,925.0,925.0,False,1.86,9.72,4444112358,30.7255006,104.1044632
148103,P2,205.0,205.0,925.0,925.0,False,0.12,8.0,3562028076,30.66067,104.09365
157463,P2,205.0,205.0,925.0,925.0,False,1.98,9.96,3562033456,30.70282,104.07364
206721,P2,205.0,205.0,925.0,925.0,False,1.42,8.84,4547074304,30.6107818,104.0749601
29208,P2,205.0,205.0,925.0,925.0,False,0.59,8.0,1916386566,30.6265294,104.0220629
30131,P2,205.0,205.0,925.0,925.0,False,1.13,8.26,4106681950,30.6285321,104.0031409
62672,P2,205.0,205.0,925.0,925.0,False,1.42,8.84,3087817510,30.665932,103.9951649
156231,P2,206.0,206.0,926.0,926.0,False,1.3,8.6,3034409141,30.717318,104.1123527
163940,P2,206.0,206.0,926.0,926.0,False,3.16,12.32,5310712301,30.6685361,104.1066773
182609,P2,206.0,206.0,926.0,926.0,False,2.35,10.7,4550018717,30.6530717,104.0602401
192735,P2,206.0,206.0,926.0,926.0,False,0.86,8.0,2112262743,30.6167012,104.1042136
22292,P2,206.0,206.0,926.0,926.0,False,0.18,8.0,4217844072,30.6276044,104.0441595
41700,P2,206.0,206.0,926.0,926.0,False,0.49,8.0,4695640573,30.6120091,104.0293296
48876,P2,206.0,206.0,926.0,926.0,False,0.49,8.0,4987536562,30.6568159,103.9834305
56735,P2,206.0,206.0,926.0,926.0,False,0.7,8.0,4582821484,30.6586993,104.0469268
67551,P2,206.0,206.0,926.0,926.0,False,0.16,8.0,4078817932,30.704159,104.08213
97902,P2,206.0,206.0,926.0,926.0,False,0.38,8.0,4695601460,30.6105198,104.028902
122813,P2,207.0,207.0,927.0,927.0,False,0.15,8.0,432432545,30.661347,104.0384566
12566,P2,207.0,207.0,927.0,927.0,False,0.39,8.0,4106682246,30.6847187,104.0060824
142013,P2,207.0,207.0,927.0,927.0,False,1.01,8.02,4896843835,30.6285612,104.1016481
142251,P2,207.0,207.0,927.0,927.0,False,0.37,8.0,4106682129,30.6454443,103.9713787
15619,P2,207.0,207.0,927.0,927.0,False,0.87,8.0,4592713497,30.6142159,104.0620289
179093,P2,207.0,207.0,927.0,927.0,False,0.15,8.0,1916520527,30.6265862,104.0067958
189310,P2,207.0,207.0,927.0,927.0,False,0.82,8.0,3087817494,30.6638981,103.9995346
23719,P2,207.0,207.0,927.0,927.0,False,1.69,9.38,1159131856,30.66721,104.07693
69425,P2,207.0,207.0,927.0,927.0,False,1.95,9.9,3331333441,30.6145094,104.0744243
93855,P2,207.0,207.0,927.0,927.0,False,0.39,8.0,2843289904,30.68737,104.0592
98045,P2,207.0,207.0,927.0,927.0,False,0.58,8.0,1459910105,30.6472178,104.1045086
102603,P2,208.0,208.0,928.0,928.0,False,0.32,8.0,3516900112,30.67257,104.0682
39570,P2,208.0,208.0,928.0,928.0,False,2.11,10.22,5213238604,30.6353619,104.0488733
102106,P2,209.0,209.0,929.0,929.0,False,0.84,8.0,5283966192,30.7032928,104.116391
158874,P2,209.0,209.0,929.0,929.0,False,0.76,8.0,4444112358,30.7255006,104.1044632
167543,P2,209.0,209.0,929.0,929.0,False,0.91,8.0,2726912095,30.67885,104.06938
178736,P2,209.0,209.0,929.0,929.0,False,0.83,8.0,4794944066,30.6792428,104.0581595
33220,P2,209.0,209.0,929.0,929.0,False,0.78,8.0,2923196175,30.7259467,104.0067958
42382,P2,209.0,209.0,929.0,929.0,False,0.07,8.0,5141468747,30.6322155,104.0954862
72179,P2,209.0,209.0,929.0,929.0,False,0.98,8.0,1459062227,30.6453906,104.1072952
9690,P2,209.0,209.0,929.0,929.0,False,0.96,8.0,4585469582,30.6570481,104.0605732
106788,P2,210.0,210.0,930.0,930.0,False,0.1,8.0,1458692386,30.6794016,104.0924529
112937,P2,210.0,210.0,930.0,930.0,False,1.48,8.96,4548211447,30.6661912,104.0682416
142195,P2,210.0,210.0,930.0,930.0,False,1.68,9.36,4693610140,30.6359724,104.0688022
14789,P2,210.0,210.0,930.0,930.0,False,1.55,9.1,2933855167,30.6126413,103.9864192
16027,P2,210.0,210.0,930.0,930.0,False,0.93,8.0,4154368798,30.67544,104.05979
179775,P2,210.0,210.0,930.0,930.0,False,2.29,10.58,2852228203,30.68735,104.06289
200824,P2,210.0,210.0,930.0,930.0,False,1.97,9.94,4550019045,30.6483897,104.0751154
201371,P2,210.0,210.0,930.0,930.0,False,2.32,10.64,4078817942,30.710714,104.0823324
125083,P2,211.0,211.0,931.0,931.0,False,1.03,8.06,2731947765,30.612214,104.0788693
140851,P2,211.0,211.0,931.0,931.0,False,0.79,8.0,1458981267,30.662292,104.09675
173073,P2,211.0,211.0,931.0,931.0,False,0.86,8.0,432442945,30.6797108,104.0256357
18028,P2,211.0,211.0,931.0,931.0,False,1.02,8.04,1918491740,30.6377601,104.008523
199398,P2,211.0,211.0,931.0,931.0,False,1.03,8.06,2852754455,30.6655251,104.1132533
20935,P2,211.0,211.0,931.0,931.0,False,1.53,9.06,4772463258,30.6643129,104.0449738
4053,P2,211.0,211.0,931.0,931.0,False,1.31,8.62,2722829525,30.6685817,104.0383319
43618,P2,211.0,211.0,931.0,931.0,False,0.65,8.0,441221468,30.6480511,104.0308527
46933,P2,211.0,211.0,931.0,931.0,False,0.43,8.0,1815855081,30.6762251,103.9766378
49466,P2,211.0,211.0,931.0,931.0,False,0.47,8.0,1159149345,30.6534575,104.0564051
74901,P2,211.0,211.0,931.0,931.0,False,1.09,8.18,2472030049,30.6608873,104.0637593
89829,P2,211.0,211.0,931.0,931.0,False,1.36,8.72,432442879,30.6828279,103.9884511
96439,P2,211.0,211.0,931.0,931.0,False,0.14,8.0,4414330454,30.65523,104.08859
102422,P2,212.0,212.0,932.0,932.0,False,0.47,8.0,1305816684,30.6676822,104.0696328
103698,P2,212.0,212.0,932.0,932.0,False,0.08,8.0,318083025,30.6726434,104.0190256
13549,P2,212.0,212.0,932.0,932.0,False,0.77,8.0,4548141062,30.6229357,104.0746056
14030,P2,212.0,212.0,932.0,932.0,False,0.93,8.0,2131996317,30.6221441,104.1060957
152144,P2,212.0,212.0,932.0,932.0,False,1.5,9.0,3496551179,30.6191305,104.0500068
168667,P2,212.0,212.0,932.0,932.0,False,2.03,10.06,2823785843,30.66277,104.05994
169986,P2,212.0,212.0,932.0,932.0,False,1.8,9.6,4547074309,30.6106663,104.0781508
171511,P2,212.0,212.0,932.0,932.0,False,0.64,8.0,504315289,30.69942,104.10336
17536,P2,212.0,212.0,932.0,932.0,False,0.92,8.0,2546074266,30.6859804,104.0297723
180251,P2,212.0,212.0,932.0,932.0,False,0.09,8.0,1159137575,30.65634,104.09302
65279,P2,212.0,212.0,932.0,932.0,False,1.55,9.1,5141328778,30.6146367,104.0620239
125322,P2,213.0,213.0,933.0,933.0,False,1.56,9.12,5436607851,30.6359757,104.0636458
144549,P2,213.0,213.0,933.0,933.0,False,0.6,8.0,1159483888,30.6800293,104.0739518
153259,P2,213.0,213.0,933.0,933.0,False,0.6,8.0,4106681964,30.631783,103.99331
173443,P2,213.0,213.0,933.0,933.0,False,0.13,8.0,4773916469,30.656163,104.0021928
183904,P2,213.0,213.0,933.0,933.0,False,0.08,8.0,4400595031,30.6754637,104.0757095
198290,P2,213.0,213.0,933.0,933.0,False,1.08,8.16,1459047527,30.6451948,104.1087318
207906,P2,213.0,213.0,933.0,933.0,False,0.39,8.0,4695640520,30.6117255,104.0378031
2199,P2,213.0,213.0,933.0,933.0,False,1.95,9.9,4548211488,30.6626513,104.0580698
40635,P2,213.0,213.0,933.0,933.0,False,3.17,12.34,4230611257,30.65082,104.07403
51951,P2,213.0,213.0,933.0,933.0,False,1.16,8.32,1500638702,30.6930249,104.0310219
80165,P2,213.0,213.0,933.0,933.0,False,0.08,8.0,2039517044,30.6775009,104.0967332
140019,P2,214.0,214.0,934.0,934.0,False,1.46,8.92,432442560,30.698394,104.0188014
147607,P2,214.0,214.0,934.0,934.0,False,0.49,8.0,5053143823,30.7137434,104.0089683
187694,P2,214.0,214.0,934.0,934.0,False,2.49,10.98,1305816678,30.6491402,104.0820003
24688,P2,214.0,214.0,934.0,934.0,False,1.5,9.0,436603384,30.6111426,104.0525048
96917,P2,214.0,214.0,934.0,934.0,False,0.12,8.0,4572410252,30.7209619,103.9986314
140787,P2,215.0,215.0,935.0,935.0,False,0.27,8.0,5323268684,30.7211388,104.0982553
145419,P2,215.0,215.0,935.0,935.0,False,1.62,9.24,4987534964,30.6227155,104.0071752
147349,P2,215.0,215.0,935.0,935.0,False,1.43,8.86,4549993119,30.7037498,104.0042119
16639,P2,215.0,215.0,935.0,935.0,False,0.27,8.0,2134792096,30.6488344,103.9840809
183031,P2,215.0,215.0,935.0,935.0,False,0.39,8.0,1460310224,30.6550805,104.1125545
183992,P2,215.0,215.0,935.0,935.0,False,1.82,9.64,288416399,30.6809746,104.0336018
27686,P2,215.0,215.0,935.0,935.0,False,1.62,9.24,3680400062,30.6591888,104.0162372
45231,P2,215.0,215.0,935.0,935.0,False,0.15,8.0,1305816735,30.667965,104.06794
52235,P2,215.0,215.0,935.0,935.0,False,1.43,8.86,3069351946,30.622736,103.98032
56450,P2,215.0,215.0,935.0,935.0,False,2.3,10.6,1500638636,30.7038047,104.093203
69879,P2,215.0,215.0,935.0,935.0,False,0.13,8.0,4779165767,30.636357,104.0742559
98880,P2,215.0,215.0,935.0,935.0,False,0.48,8.0,4878041005,30.6219621,104.0995531
112288,P2,216.0,216.0,936.0,936.0,False,0.26,8.0,2041527433,30.6906512,104.0970227
136590,P2,216.0,216.0,936.0,936.0,False,3.29,12.58,1459018259,30.6452301,104.1087541
159072,P2,216.0,216.0,936.0,936.0,False,1.41,8.82,1885342893,30.6780424,104.0985889
191081,P2,216.0,216.0,936.0,936.0,False,0.74,8.0,3654914807,30.7062194,104.0021576
26123,P2,216.0,216.0,936.0,936.0,False,0.32,8.0,2714528005,30.6277855,104.0555694
50045,P2,216.0,216.0,936.0,936.0,False,0.16,8.0,1159227850,30.6913669,104.0523676
60607,P2,216.0,216.0,936.0,936.0,False,0.07,8.0,5141326920,30.6109741,104.0587846
83947,P2,216.0,216.0,936.0,936.0,False,1.75,9.5,2039550426,30.67196,104.11132
139811,P2,217.0,217.0,937.0,937.0,False,1.47,8.94,2133188691,30.6174812,104.0935387
147209,P2,217.0,217.0,937.0,937.0,False,0.72,8.0,4693610144,30.6353523,104.0684007
185271,P2,217.0,217.0,937.0,937.0,False,2.43,10.86,672282785,30.65565,104.09929
22578,P2,217.0,217.0,937.0,937.0,False,0.15,8.0,2039550421,30.6741332,104.1149928
38917,P2,217.0,217.0,937.0,937.0,False,1.09,8.18,4548211425,30.6605728,104.0581527
85405,P2,217.0,217.0,937.0,937.0,False,2.43,10.86,4779165736,30.6248795,104.0390582
87406,P2,217.0,217.0,937.0,937.0,False,0.15,8.0,5141328741,30.6122128,104.0635145
103811,P2,218.0,218.0,938.0,938.0,False,0.94,8.0,4724343814,30.62969,104.06656
109234,P2,218.0,218.0,938.0,938.0,False,0.37,8.0,1492615752,30.6230288,104.0630108
134255,P2,218.0,218.0,938.0,938.0,False,0.06,8.0,1301932975,30.655886,104.07128
141255,P2,218.0,218.0,938.0,938.0,False,1.69,9.38,3614069301,30.6632756,104.0535045
179763,P2,218.0,218.0,938.0,938.0,False,0.08,8.0,4548259349,30.672085,104.0230173
20311,P2,218.0,218.0,938.0,938.0,False,2.81,11.62,4444112338,30.7189208,104.1017619
41654,P2,218.0,218.0,938.0,938.0,False,1.22,8.44,2315717688,30.629937,104.1001081
94786,P2,218.0,218.0,938.0,938.0,False,2.01,10.02,2564226624,30.6360192,104.0215647
10472,P2,219.0,219.0,939.0,939.0,False,1.47,8.94,1301932970,30.6484527,104.0800728
178431,P2,219.0,219.0,939.0,939.0,False,1.11,8.22,3541371613,30.66805,104.04974
191239,P2,219.0,219.0,939.0,939.0,False,1.54,9.08,1159504053,30.69704,104.02037
209275,P2,219.0,219.0,939.0,939.0,False,0.64,8.0,4548211285,30.6875514,104.0396181
50387,P2,219.0,219.0,939.0,939.0,False,0.0,8.0,337539045,30.6278988,104.019046
80435,P2,219.0,219.0,939.0,939.0,False,2.03,10.06,1458907151,30.68254,104.08858
89791,P2,219.0,219.0,939.0,939.0,False,1.32,8.64,3031031600,30.68095,104.10743
102242,P2,220.0,220.0,940.0,940.0,False,0.47,8.0,4217844072,30.6276044,104.0441595
178155,P2,220.0,220.0,940.0,940.0,False,1.05,8.1,4772463269,30.66374,104.04593
179915,P2,220.0,220.0,940.0,940.0,False,1.69,9.38,5213238546,30.654816,104.08526
193070,P2,220.0,220.0,940.0,940.0,False,1.74,9.48,2712338401,30.707193,104.038306
24975,P2,220.0,220.0,940.0,940.0,False,0.98,8.0,1159945489,30.6583,104.052
35240,P2,220.0,220.0,940.0,940.0,False,0.81,8.0,4987534962,30.622065,104.006195
38185,P2,220.0,220.0,940.0,940.0,False,2.53,11.06,432442926,30.663585,104.0216285
3836,P2,220.0,220.0,940.0,940.0,False,1.41,8.82,441221495,30.6503372,104.0222864
57606,P2,220.0,220.0,940.0,940.0,False,3.27,12.54,4701577694,30.6167123,104.0706989
80821,P2,220.0,220.0,940.0,940.0,False,0.75,8.0,3562047398,30.7176251,104.0653454
113929,P2,221.0,221.0,941.0,941.0,False,2.46,10.92,288416380,30.6846733,104.0806192
15748,P2,221.0,221.0,941.0,941.0,False,1.35,8.7,1492368558,30.6551233,104.0635802
157864,P2,221.0,221.0,941.0,941.0,False,3.64,13.28,4550018931,30.6531037,104.0603723
166831,P2,221.0,221.0,941.0,941.0,False,0.95,8.0,4548259341,30.6749354,104.0072019
184139,P2,221.0,221.0,941.0,941.0,False,0.52,8.0,1159155384,30.6400714,104.098946
190875,P2,221.0,221.0,941.0,941.0,False,2.45,10.9,3562045359,30.705051,104.04006
195019,P2,221.0,221.0,941.0,941.0,False,1.06,8.12,1159450026,30.67163,104.03292
59692,P2,221.0,221.0,941.0,941.0,False,1.06,8.12,2213049521,30.6190829,104.1093596
85125,P2,221.0,221.0,941.0,941.0,False,2.8,11.6,2559969494,30.6280963,104.0376483
85327,P2,221.0,221.0,941.0,941.0,False,2.8,11.6,3034393458,30.6834,104.0444
97907,P2,221.0,221.0,941.0,941.0,False,3.64,13.28,1815741542,30.68937,104.07675
12287,P2,222.0,222.0,942.0,942.0,False,2.09,10.18,3541404997,30.6891,104.05492
177294,P2,222.0,222.0,942.0,942.0,False,0.5,8.0,4703149483,30.611085,104.0681825
180885,P2,222.0,222.0,942.0,942.0,False,0.08,8.0,4572410201,30.668487,103.9744311
197293,P2,222.0,222.0,942.0,942.0,False,1.02,8.04,2712314632,30.7064434,104.0356675
65071,P2,222.0,222.0,942.0,942.0,False,0.5,8.0,4972899546,30.6133345,104.0499744
78124,P2,222.0,222.0,942.0,942.0,False,1.26,8.52,1305816711,30.6398407,104.0789439
138175,P2,223.0,223.0,943.0,943.0,False,1.47,8.94,2823798122,30.6572364,104.0546464
14619,P2,223.0,223.0,943.0,943.0,False,1.47,8.94,4779165711,30.6369783,104.0246201
150588,P2,223.0,223.0,943.0,943.0,False,1.3,8.6,3087817470,30.6369611,104.0146713
185990,P2,223.0,223.0,943.0,943.0,False,0.1,8.0,5382831217,30.6762108,104.0950442
57568,P2,223.0,223.0,943.0,943.0,False,0.66,8.0,4107389530,30.7230841,104.0083952
62303,P2,223.0,223.0,943.0,943.0,False,1.52,9.04,3034376760,30.66739,104.08786
83771,P2,223.0,223.0,943.0,943.0,False,0.15,8.0,2651588758,30.667942,104.099754
97745,P2,223.0,223.0,943.0,943.0,False,0.22,8.0,3034409137,30.7090468,104.0947926
114564,P2,224.0,224.0,944.0,944.0,False,1.45,8.9,1455132183,30.6950393,104.1079886
115117,P2,224.0,224.0,944.0,944.0,False,0.41,8.0,1159941176,30.6696638,104.0176074
129921,P2,224.0,224.0,944.0,944.0,False,0.53,8.0,4550701374,30.612035,103.9703056
140608,P2,224.0,224.0,944.0,944.0,False,1.28,8.56,432432532,30.6541967,104.0448916
145882,P2,224.0,224.0,944.0,944.0,False,0.73,8.0,1507266871,30.6992009,104.0788752
163827,P2,224.0,224.0,944.0,944.0,False,0.9,8.0,4549993409,30.69539,104.04044
205251,P2,224.0,224.0,944.0,944.0,False,2.37,10.74,2712314632,30.706854,104.0358
103796,P2,225.0,225.0,945.0,945.0,False,0.6,8.0,1815729252,30.7124346,104.0674139
113811,P2,225.0,225.0,945.0,945.0,False,0.59,8.0,4967265402,30.65494,104.09584
117917,P2,225.0,225.0,945.0,945.0,False,0.42,8.0,1493202240,30.6115156,104.0580196
134411,P2,225.0,225.0,945.0,945.0,False,0.54,8.0,1458911918,30.67132,104.08655
192555,P2,225.0,225.0,945.0,945.0,False,0.92,8.0,1159155247,30.6466194,104.0934495
19690,P2,225.0,225.0,945.0,945.0,False,0.92,8.0,337539952,30.6360056,104.0703808
20074,P2,225.0,225.0,945.0,945.0,False,0.42,8.0,4967265754,30.7040724,104.0057582
3980,P2,225.0,225.0,945.0,945.0,False,0.36,8.0,4585553612,30.6533973,104.0273931
48112,P2,225.0,225.0,945.0,945.0,False,0.42,8.0,5213238458,30.6353996,104.0522992
48778,P2,225.0,225.0,945.0,945.0,False,0.46,8.0,5254240664,30.6192811,103.9687413
5500,P2,225.0,225.0,945.0,945.0,False,0.92,8.0,4294771688,30.6190361,104.0351897
127766,P2,226.0,226.0,946.0,946.0,False,1.66,9.32,5261581873,30.6755356,104.0963607
25942,P2,226.0,226.0,946.0,946.0,False,1.43,8.86,1964394686,30.6701145,104.1060267
40977,P2,226.0,226.0,946.0,946.0,False,1.92,9.84,432432602,30.6592566,104.0347445
65594,P2,226.0,226.0,946.0,946.0,False,0.63,8.0,5375783424,30.62574,104.0023166
83367,P2,226.0,226.0,946.0,946.0,False,0.01,8.0,4874328126,30.61838,104.10393
83919,P2,226.0,226.0,946.0,946.0,False,1.73,9.46,3541427572,30.7090968,104.0356339
89040,P2,226.0,226.0,946.0,946.0,False,0.78,8.0,4550769312,30.6323208,104.0989276
115385,P2,227.0,227.0,947.0,947.0,False,0.57,8.0,4695640612,30.6115694,104.0256068
132703,P2,227.0,227.0,947.0,947.0,False,1.59,9.18,3069352141,30.63741,103.97577
18780,P2,227.0,227.0,947.0,947.0,False,0.63,8.0,1492615752,30.6230288,104.0630108
188931,P2,227.0,227.0,947.0,947.0,False,0.04,8.0,5375783430,30.6232331,104.0031144
191211,P2,227.0,227.0,947.0,947.0,False,0.63,8.0,2217790314,30.6616101,104.0583183
197891,P2,227.0,227.0,947.0,947.0,False,0.06,8.0,672282820,30.65652,104.10265
29655,P2,227.0,227.0,947.0,947.0,False,1.23,8.46,1507380412,30.6962632,104.0787688
42906,P2,227.0,227.0,947.0,947.0,False,2.96,11.92,314622992,30.6505147,103.9859147
76027,P2,227.0,227.0,947.0,947.0,False,0.04,8.0,5218240008,30.6985323,104.0537409
94599,P2,227.0,227.0,947.0,947.0,False,0.04,8.0,2784763755,30.6820043,104.0765705
101609,P2,228.0,228.0,948.0,948.0,False,2.74,11.48,4695640573,30.6120091,104.0293296
123168,P2,228.0,228.0,948.0,948.0,False,3.1,12.2,1159148556,30.6630951,104.0744606
6457,P2,228.0,228.0,948.0,948.0,False,0.04,8.0,4107389530,30.7230841,104.0083952
8934,P2,228.0,228.0,948.0,948.0,False,0.9,8.0,5211368067,30.6697225,103.9724207
101995,P2,229.0,229.0,949.0,949.0,False,0.72,8.0,1159148361,30.6629704,104.0769567
113131,P2,229.0,229.0,949.0,949.0,False,0.4,8.0,4230611269,30.6513517,104.0708654
169065,P2,229.0,229.0,949.0,949.0,False,0.72,8.0,3390819286,30.6413489,104.0482501
186197,P2,229.0,229.0,949.0,949.0,False,0.96,8.0,3979164236,30.6790215,104.1104619
196213,P2,229.0,229.0,949.0,949.0,False,0.72,8.0,2726869945,30.6784606,104.0389184
204608,P2,229.0,229.0,949.0,949.0,False,1.84,9.68,1459018266,30.6462712,104.1084821
59452,P2,229.0,229.0,949.0,949.0,False,1.84,9.68,465203743,30.7062979,104.1024445
64696,P2,229.0,229.0,949.0,949.0,False,0.27,8.0,4699007282,30.6137868,104.0350444
7047,P2,229.0,229.0,949.0,949.0,False,1.95,9.9,4794944078,30.6460463,104.0639338
79101,P2,229.0,229.0,949.0,949.0,False,1.21,8.42,1159172636,30.6229853,104.0775336
95635,P2,229.0,229.0,949.0,949.0,False,1.21,8.42,1159231828,30.69412,104.08481
192935,P2,230.0,230.0,950.0,950.0,False,1.18,8.36,1159139099,30.66412,104.10288
193805,P2,230.0,230.0,950.0,950.0,False,1.9,9.8,4981594491,30.6303768,103.9932471
201184,P2,230.0,230.0,950.0,950.0,False,0.5,8.0,3633008407,30.6716102,104.0178538
33189,P2,230.0,230.0,950.0,950.0,False,1.8,9.6,5100157873,30.6329753,104.0809311
3767,P2,230.0,230.0,950.0,950.0,False,0.3,8.0,1388442963,30.648073,104.0724
43420,P2,230.0,230.0,950.0,950.0,False,1.8,9.6,5100157860,30.633818,104.0806995
49531,P2,230.0,230.0,950.0,950.0,False,1.34,8.68,3034330077,30.66049,104.08647
114293,P2,231.0,231.0,951.0,951.0,False,0.31,8.0,4748166163,30.6182961,104.0228551
130548,P2,231.0,231.0,951.0,951.0,False,0.31,8.0,4548209370,30.6626701,104.0536965
136880,P2,231.0,231.0,951.0,951.0,False,1.2,8.4,1159231421,30.6921475,104.0786212
144931,P2,231.0,231.0,951.0,951.0,False,0.74,8.0,4695700255,30.6148213,104.0208085
145335,P2,231.0,231.0,951.0,951.0,False,0.55,8.0,1290303454,30.657085,104.07245
19025,P2,231.0,231.0,951.0,951.0,False,1.58,9.16,2727024781,30.6169366,104.0506768
202930,P2,231.0,231.0,951.0,951.0,False,0.55,8.0,4549993410,30.6885233,104.0986763
204486,P2,231.0,231.0,951.0,951.0,False,0.74,8.0,872833768,30.6589036,104.0669358
3266,P2,231.0,231.0,951.0,951.0,False,1.53,9.06,5375783426,30.6250323,104.0039095
111240,P2,232.0,232.0,952.0,952.0,False,2.24,10.48,4102465474,30.6874097,104.0398793
202436,P2,232.0,232.0,952.0,952.0,False,2.39,10.78,5213238558,30.639159,104.0308764
72499,P2,232.0,232.0,952.0,952.0,False,1.77,9.54,3943038365,30.644255,104.06458
85851,P2,232.0,232.0,952.0,952.0,False,2.24,10.48,4107377043,30.6437136,103.9939749
118628,P2,233.0,233.0,953.0,953.0,False,3.09,12.18,337539380,30.6107225,104.05127
142878,P2,233.0,233.0,953.0,953.0,False,2.13,10.26,4699007140,30.6094382,104.03841
189679,P2,233.0,233.0,953.0,953.0,False,3.83,13.66,3034376766,30.67716,104.06127
52554,P2,233.0,233.0,953.0,953.0,False,2.13,10.26,3633001071,30.6661508,104.0233502
55278,P2,233.0,233.0,953.0,953.0,False,0.18,8.0,4703149484,30.6112772,104.0681401
103983,P2,234.0,234.0,954.0,954.0,False,0.73,8.0,1153895612,30.686491,104.04323
13506,P2,234.0,234.0,954.0,954.0,False,0.48,8.0,4880318306,30.6979264,104.0672621
140695,P2,234.0,234.0,954.0,954.0,False,1.1,8.2,4585624086,30.675201,104.03226
144227,P2,234.0,234.0,954.0,954.0,False,0.98,8.0,1827955129,30.66337,104.05616
153415,P2,234.0,234.0,954.0,954.0,False,2.68,11.36,4547074369,30.6098637,104.0806211
25967,P2,234.0,234.0,954.0,954.0,False,1.1,8.2,1159477627,30.6751,104.05285
63765,P2,234.0,234.0,954.0,954.0,False,0.14,8.0,5213238351,30.6434127,104.1128764
83059,P2,234.0,234.0,954.0,954.0,False,0.14,8.0,2039550414,30.67695,104.1089
97949,P2,234.0,234.0,954.0,954.0,False,1.23,8.46,4106681900,30.6095268,103.9954435
106137,P2,235.0,235.0,955.0,955.0,False,1.76,9.52,4547074323,30.6107769,104.0748126
11265,P2,235.0,235.0,955.0,955.0,False,0.24,8.0,5436607066,30.6373183,104.066216
141547,P2,235.0,235.0,955.0,955.0,False,1.8,9.6,3034409142,30.71728,104.10377
166265,P2,235.0,235.0,955.0,955.0,False,0.24,8.0,4550018600,30.6488764,104.0724082
19041,P2,235.0,235.0,955.0,955.0,False,0.23,8.0,5436607068,30.6365773,104.0654456
19979,P2,235.0,235.0,955.0,955.0,False,1.75,9.5,3541404997,30.688988,104.0543
23468,P2,235.0,235.0,955.0,955.0,False,1.8,9.6,1159172636,30.6229853,104.0775336
61391,P2,235.0,235.0,955.0,955.0,False,1.75,9.5,432442952,30.6801568,104.0168907
104336,P2,236.0,236.0,956.0,956.0,False,1.5,9.0,2041527405,30.6904124,104.0951287
124302,P2,236.0,236.0,956.0,956.0,False,2.61,11.22,5375783808,30.6561972,104.0007448
180399,P2,236.0,236.0,956.0,956.0,False,1.45,8.9,2981056908,30.628304,104.07661
195131,P2,236.0,236.0,956.0,956.0,False,0.01,8.0,2112262743,30.6163,104.1037
204055,P2,236.0,236.0,956.0,956.0,False,0.03,8.0,4106682173,30.6510319,103.9782177
20931,P2,236.0,236.0,956.0,956.0,False,0.65,8.0,441159663,30.72135,104.10526
54089,P2,236.0,236.0,956.0,956.0,False,2.65,11.3,4505485116,30.6351107,104.0758277
80667,P2,236.0,236.0,956.0,956.0,False,1.35,8.7,1159483888,30.68117,104.072525
92745,P2,236.0,236.0,956.0,956.0,False,1.71,9.42,2041337982,30.6830604,104.0956174
96043,P2,236.0,236.0,956.0,956.0,False,2.61,11.22,1301932970,30.64913,104.07935
101995,P2,237.0,237.0,957.0,957.0,False,0.99,8.0,672282737,30.650318,104.097932
102372,P2,237.0,237.0,957.0,957.0,False,0.09,8.0,2309311958,30.694036,104.0878296
124219,P2,237.0,237.0,957.0,957.0,False,0.41,8.0,963638438,30.701826,104.04462
135895,P2,237.0,237.0,957.0,957.0,False,2.27,10.54,4548211249,30.67728,104.05762
142550,P2,237.0,237.0,957.0,957.0,False,0.44,8.0,4294975866,30.6480272,103.9928105
185185,P2,237.0,237.0,957.0,957.0,False,2.27,10.54,3523308819,30.6418678,104.0831107
186168,P2,237.0,237.0,957.0,957.0,False,2.27,10.54,2843289904,30.6882674,104.0585709
188676,P2,237.0,237.0,957.0,957.0,False,0.09,8.0,4294975855,30.6510741,103.990069
20735,P2,237.0,237.0,957.0,957.0,False,2.27,10.54,4187237189,30.6816442,104.0094268
38247,P2,237.0,237.0,957.0,957.0,False,2.1,10.2,276558558,30.643417,104.02519
60018,P2,237.0,237.0,957.0,957.0,False,0.09,8.0,4981594499,30.6324128,103.9966808
90468,P2,237.0,237.0,957.0,957.0,False,0.44,8.0,1504202388,30.7096074,104.0969943
123442,P2,238.0,238.0,958.0,958.0,False,2.44,10.88,3087817495,30.6650961,104.0001196
188780,P2,238.0,238.0,958.0,958.0,False,1.61,9.22,5436627803,30.6971396,104.0705211
2523,P2,238.0,238.0,958.0,958.0,False,0.66,8.0,1459039172,30.6456299,104.1075605
113618,P2,239.0,239.0,959.0,959.0,False,0.32,8.0,1918491742,30.6372668,103.9844582
127589,P2,239.0,239.0,959.0,959.0,False,0.77,8.0,1159160252,30.615529,104.0966132
150096,P2,239.0,239.0,959.0,959.0,False,1.06,8.12,4695601571,30.611,104.0326061
157133,P2,239.0,239.0,959.0,959.0,False,0.2,8.0,4449117681,30.6271071,104.0999559
166779,P2,239.0,239.0,959.0,959.0,False,0.38,8.0,4230593005,30.6328983,104.0923328
201661,P2,239.0,239.0,959.0,959.0,False,1.6,9.2,1492613701,30.6225141,104.0630716
78747,P2,239.0,239.0,959.0,959.0,False,0.21,8.0,2908404375,30.645714,104.092735
139803,P2,240.0,240.0,960.0,960.0,False,0.22,8.0,4772430867,30.6779795,104.0063048
159477,P2,240.0,240.0,960.0,960.0,False,0.23,8.0,4772463305,30.6631339,104.0454958
48789,P2,240.0,240.0,960.0,960.0,False,1.93,9.86,4548141029,30.6228164,104.072907
55336,P2,240.0,240.0,960.0,960.0,False,1.0,8.0,3541364359,30.6165148,104.0888383
73707,P2,240.0,240.0,960.0,960.0,False,1.97,9.94,3562045366,30.7028977,104.0406788
100691,P2,241.0,241.0,961.0,961.0,False,1.67,9.34,1159227850,30.6913669,104.0523676
118967,P2,241.0,241.0,961.0,961.0,False,1.13,8.26,2366951327,30.65328,104.11555
125093,P2,241.0,241.0,961.0,961.0,False,1.67,9.34,4972894322,30.6101299,104.0463128
130432,P2,241.0,241.0,961.0,961.0,False,1.67,9.34,3614070498,30.6725382,104.0591759
161151,P2,241.0,241.0,961.0,961.0,False,1.38,8.76,3516900115,30.6727655,104.0744432
188769,P2,241.0,241.0,961.0,961.0,False,1.38,8.76,1458459966,30.6852172,104.1017526
196891,P2,241.0,241.0,961.0,961.0,False,1.67,9.34,3633001078,30.6650952,104.0309679
203080,P2,241.0,241.0,961.0,961.0,False,2.55,11.1,4550770090,30.632084,104.1058371
3936,P2,241.0,241.0,961.0,961.0,False,1.67,9.34,1507225954,30.7131908,104.078101
49992,P2,241.0,241.0,961.0,961.0,False,1.97,9.94,702755669,30.6716476,103.9714375
56224,P2,241.0,241.0,961.0,961.0,False,0.85,8.0,1815741566,30.6883872,104.06055
135969,P2,242.0,242.0,962.0,962.0,False,1.14,8.28,5375783832,30.6488797,104.0008405
151101,P2,242.0,242.0,962.0,962.0,False,0.42,8.0,2912291130,30.6417061,104.0958749
197136,P2,242.0,242.0,962.0,962.0,False,2.05,10.1,5211393709,30.6641592,103.9823326
202490,P2,242.0,242.0,962.0,962.0,False,1.14,8.28,4773199368,30.6718599,104.0092109
20265,P2,242.0,242.0,962.0,962.0,False,1.97,9.94,4118527295,30.6837702,104.0601183
37279,P2,242.0,242.0,962.0,962.0,False,1.97,9.94,2956775225,30.71366,104.04904
80153,P2,242.0,242.0,962.0,962.0,False,1.14,8.28,4693610145,30.635339,104.0672745
91103,P2,242.0,242.0,962.0,962.0,False,2.11,10.22,1458981267,30.66163,104.09531
91419,P2,242.0,242.0,962.0,962.0,False,0.99,8.0,2329062707,30.70538,104.00582
146791,P2,243.0,243.0,963.0,963.0,False,1.89,9.78,4549993291,30.6501848,103.9847515
191013,P2,243.0,243.0,963.0,963.0,False,1.18,8.36,4106682095,30.6426954,103.9789174
23152,P2,243.0,243.0,963.0,963.0,False,1.1,8.2,4447921433,30.7228458,104.0498017
45903,P2,243.0,243.0,963.0,963.0,False,1.82,9.64,2217790314,30.66162,104.05864
54647,P2,243.0,243.0,963.0,963.0,False,0.19,8.0,4549759292,30.66701,104.05778
58733,P2,243.0,243.0,963.0,963.0,False,1.1,8.2,4695601774,30.609381,104.0329708
59032,P2,243.0,243.0,963.0,963.0,False,1.77,9.54,1313998779,30.6324772,104.0880906
66939,P2,243.0,243.0,963.0,963.0,False,2.8,11.6,3562047398,30.7176251,104.0653454
84590,P2,243.0,243.0,963.0,963.0,False,1.1,8.2,432442542,30.6921482,104.0120852
170139,P2,244.0,244.0,964.0,964.0,False,0.66,8.0,672405830,30.65764,104.07961
5322,P2,244.0,244.0,964.0,964.0,False,0.66,8.0,4693674679,30.6223992,104.0643965
98511,P2,244.0,244.0,964.0,964.0,False,0.99,8.0,5375784005,30.6558788,103.9937979
115624,P2,245.0,245.0,965.0,965.0,False,3.44,12.88,4549993261,30.6497435,103.9838356
141830,P2,245.0,245.0,965.0,965.0,False,1.52,9.04,1311904478,30.6432741,104.0773075
14443,P2,245.0,245.0,965.0,965.0,False,0.93,8.0,3562033456,30.70305,104.07459
159656,P2,245.0,245.0,965.0,965.0,False,0.42,8.0,2662847700,30.6784339,103.994226
173062,P2,245.0,245.0,965.0,965.0,False,1.37,8.74,3034393458,30.6821454,104.0442797
181623,P2,245.0,245.0,965.0,965.0,False,3.44,12.88,1459896462,30.6436,104.10514
189282,P2,245.0,245.0,965.0,965.0,False,2.17,10.34,2080646276,30.6173335,104.1032799
204060,P2,245.0,245.0,965.0,965.0,False,0.44,8.0,3028924410,30.6227169,104.0994285
60563,P2,245.0,245.0,965.0,965.0,False,1.37,8.74,2712189997,30.70073,104.076416
64785,P2,245.0,245.0,965.0,965.0,False,1.3,8.6,4548141024,30.6234589,104.0812529
95286,P2,245.0,245.0,965.0,965.0,False,2.08,10.16,5141468669,30.6379789,104.0921738
99535,P2,245.0,245.0,965.0,965.0,False,3.68,13.36,2039561247,30.6864597,104.1138505
111132,P2,246.0,246.0,966.0,966.0,False,1.42,8.84,2708961596,30.6205374,104.0806312
113443,P2,246.0,246.0,966.0,966.0,False,1.49,8.98,1159172253,30.614231,104.08227
120094,P2,246.0,246.0,966.0,966.0,False,0.69,8.0,432432620,30.6570026,104.0302594
122343,P2,246.0,246.0,966.0,966.0,False,0.3,8.0,4548211384,30.6729777,104.0699648
14708,P2,246.0,246.0,966.0,966.0,False,1.53,9.06,4772430857,30.6776575,104.0051013
179565,P2,246.0,246.0,966.0,966.0,False,1.22,8.44,3691210147,30.6494199,104.0179582
188639,P2,246.0,246.0,966.0,966.0,False,1.27,8.54,1460311248,30.6550785,104.1123548
35777,P2,246.0,246.0,966.0,966.0,False,1.46,8.92,2726912095,30.6798807,104.069223
4683,P2,246.0,246.0,966.0,966.0,False,1.36,8.72,5141468727,30.6350359,104.0959071
57912,P2,246.0,246.0,966.0,966.0,False,0.38,8.0,3087817503,30.668314,103.9895661
62375,P2,246.0,246.0,966.0,966.0,False,1.27,8.54,314623088,30.6534002,104.034735
77447,P2,246.0,246.0,966.0,966.0,False,1.79,9.58,3541376411,30.7250318,104.0469322
87034,P2,246.0,246.0,966.0,966.0,False,1.17,8.34,1159144966,30.6625746,104.0663991
132274,P2,247.0,247.0,967.0,967.0,False,0.74,8.0,4701577693,30.6166676,104.0695484
13686,P2,247.0,247.0,967.0,967.0,False,1.02,8.04,3034409137,30.7090468,104.0947926
168350,P2,247.0,247.0,967.0,967.0,False,1.14,8.28,4550764057,30.6253733,104.1024878
17351,P2,247.0,247.0,967.0,967.0,False,1.88,9.76,4225497272,30.6472772,104.0433876
191431,P2,247.0,247.0,967.0,967.0,False,1.02,8.04,5283966122,30.65038,104.09639
195858,P2,247.0,247.0,967.0,967.0,False,0.76,8.0,4444112343,30.7207719,104.1024516
196860,P2,247.0,247.0,967.0,967.0,False,1.32,8.64,1388412851,30.6811326,104.0694872
202985,P2,247.0,247.0,967.0,967.0,False,0.04,8.0,4772463297,30.6624297,104.0448484
208563,P2,247.0,247.0,967.0,967.0,False,0.1,8.0,1072704392,30.7217259,104.0564201
5869,P2,247.0,247.0,967.0,967.0,False,0.43,8.0,1916386509,30.6220137,104.0295696
103640,P2,248.0,248.0,968.0,968.0,False,2.22,10.44,3614070501,30.672366,104.0539944
125335,P2,248.0,248.0,968.0,968.0,False,2.02,10.04,3034409154,30.72028,104.07624
141614,P2,248.0,248.0,968.0,968.0,False,0.49,8.0,2908410482,30.6444211,104.0845908
158931,P2,248.0,248.0,968.0,968.0,False,1.34,8.68,432429426,30.63673,104.03109
170873,P2,248.0,248.0,968.0,968.0,False,1.09,8.18,4695601473,30.6094204,104.0304958
20968,P2,248.0,248.0,968.0,968.0,False,0.7,8.0,4548211639,30.6830457,104.0414194
8948,P2,248.0,248.0,968.0,968.0,False,0.05,8.0,1159451475,30.6718808,104.0387308
91531,P2,248.0,248.0,968.0,968.0,False,0.48,8.0,4903105799,30.664999,104.08675
49280,P2,249.0,249.0,969.0,969.0,False,0.15,8.0,5141326917,30.6102598,104.0592811
5015,P2,249.0,249.0,969.0,969.0,False,0.56,8.0,4967265402,30.6545808,104.0948913
73159,P2,249.0,249.0,969.0,969.0,False,0.49,8.0,3613960020,30.672136,104.04866
73690,P2,249.0,249.0,969.0,969.0,False,0.73,8.0,4548259553,30.7141368,104.034166
10869,P2,250.0,250.0,970.0,970.0,False,0.67,8.0,5141468625,30.6348357,104.0914317
113389,P2,250.0,250.0,970.0,970.0,False,4.74,15.48,4548259383,30.6592136,104.0384447
143601,P2,250.0,250.0,970.0,970.0,False,1.25,8.5,872833768,30.6589036,104.0669358
158842,P2,250.0,250.0,970.0,970.0,False,1.57,9.14,4601261200,30.660179,104.0765045
176406,P2,250.0,250.0,970.0,970.0,False,0.67,8.0,1304795065,30.6456424,104.0756163
202999,P2,250.0,250.0,970.0,970.0,False,4.74,15.48,1916386562,30.64394,104.05856
38859,P2,250.0,250.0,970.0,970.0,False,0.03,8.0,1506426847,30.70998,104.07113
40044,P2,250.0,250.0,970.0,970.0,False,0.76,8.0,3034029059,30.6827611,104.0065888
40937,P2,250.0,250.0,970.0,970.0,False,0.17,8.0,2259833248,30.6290034,104.0965908
44201,P2,250.0,250.0,970.0,970.0,False,0.59,8.0,4064178136,30.6589329,103.975293
66135,P2,250.0,250.0,970.0,970.0,False,1.57,9.14,3034409141,30.717318,104.1123527
14259,P2,251.0,251.0,971.0,971.0,False,1.24,8.48,2041314668,30.6811532,104.0961062
187859,P2,251.0,251.0,971.0,971.0,False,2.46,10.92,5002301680,30.6606129,104.0195851
208199,P2,251.0,251.0,971.0,971.0,False,2.89,11.78,4548317994,30.61451,104.09492
27420,P2,251.0,251.0,971.0,971.0,False,1.24,8.48,3541401904,30.6999243,104.0012048
49198,P2,251.0,251.0,971.0,971.0,False,2.04,10.08,1311904446,30.6417883,104.072733
122118,P2,252.0,252.0,972.0,972.0,False,2.91,11.82,4772214781,30.6797356,104.0054318
142183,P2,252.0,252.0,972.0,972.0,False,0.37,8.0,3632988773,30.664898,104.031555
161264,P2,252.0,252.0,972.0,972.0,False,0.39,8.0,3582230417,30.6362611,103.9767154
166575,P2,252.0,252.0,972.0,972.0,False,0.81,8.0,4242372867,30.6869342,104.0229302
168221,P2,252.0,252.0,972.0,972.0,False,0.26,8.0,1159157306,30.633998,104.0953469
192405,P2,252.0,252.0,972.0,972.0,False,2.91,11.82,2039522709,30.6759548,104.1002608
25824,P2,252.0,252.0,972.0,972.0,False,0.39,8.0,2041532105,30.6672991,104.0863933
41514,P2,252.0,252.0,972.0,972.0,False,2.14,10.28,432453006,30.6561027,104.0852452
45142,P2,252.0,252.0,972.0,972.0,False,0.39,8.0,4699007172,30.6108011,104.0340841
49161,P2,252.0,252.0,972.0,972.0,False,1.09,8.18,4580802314,30.6337973,104.0400349
90419,P2,252.0,252.0,972.0,972.0,False,0.49,8.0,1845199170,30.67953,104.0723
111454,P2,253.0,253.0,973.0,973.0,False,0.09,8.0,1458459967,30.6857621,104.1012902
112486,P2,253.0,253.0,973.0,973.0,False,1.51,9.02,672360553,30.6417782,104.0853349
14775,P2,253.0,253.0,973.0,973.0,False,2.99,11.98,5141326917,30.6102598,104.0592811
169006,P2,253.0,253.0,973.0,973.0,False,1.24,8.48,5375783959,30.6607426,104.0005678
190975,P2,253.0,253.0,973.0,973.0,False,0.09,8.0,2367361536,30.61886,104.06296
43612,P2,253.0,253.0,973.0,973.0,False,2.15,10.3,1313998761,30.6371041,104.0872309
65590,P2,253.0,253.0,973.0,973.0,False,2.99,11.98,4987536573,30.6428888,103.996593
70711,P2,253.0,253.0,973.0,973.0,False,0.44,8.0,1301933030,30.644821,104.07379
78591,P2,253.0,253.0,973.0,973.0,False,0.94,8.0,1916386555,30.6405831,104.0551372
86630,P2,253.0,253.0,973.0,973.0,False,1.24,8.48,5141468688,30.6378957,104.0924583
126566,P2,254.0,254.0,974.0,974.0,False,3.97,13.94,504315334,30.6863459,104.098279
137921,P2,254.0,254.0,974.0,974.0,False,0.43,8.0,1459011374,30.6551462,104.1082391
140663,P2,254.0,254.0,974.0,974.0,False,0.06,8.0,4794944071,30.661287,104.06909
166543,P2,254.0,254.0,974.0,974.0,False,1.97,9.94,1964325479,30.67263,104.095116
199915,P2,254.0,254.0,974.0,974.0,False,0.92,8.0,4230611275,30.65266,104.0692
44548,P2,254.0,254.0,974.0,974.0,False,0.37,8.0,4107377024,30.6370152,104.0021341
50201,P2,254.0,254.0,974.0,974.0,False,1.48,8.96,1072698537,30.7240964,104.0458601
91675,P2,254.0,254.0,974.0,974.0,False,0.62,8.0,5053143827,30.70627,103.99606
101325,P2,255.0,255.0,975.0,975.0,False,1.43,8.86,3034409135,30.7175517,104.0897053
132014,P2,255.0,255.0,975.0,975.0,False,0.4,8.0,4550018628,30.6522772,104.0555128
158987,P2,255.0,255.0,975.0,975.0,False,0.88,8.0,3516900122,30.669712,104.07417
193333,P2,255.0,255.0,975.0,975.0,False,1.56,9.12,1918491752,30.646118,103.9865814
198374,P2,255.0,255.0,975.0,975.0,False,1.94,9.88,1313065877,30.6296185,104.0872624
73429,P2,255.0,255.0,975.0,975.0,False,0.65,8.0,5367313165,30.6382535,103.9760274
82433,P2,255.0,255.0,975.0,975.0,False,0.23,8.0,1295783638,30.6397317,104.0788665
121773,P2,256.0,256.0,976.0,976.0,False,1.08,8.16,4548211614,30.6721921,104.0716447
146635,P2,256.0,256.0,976.0,976.0,False,2.5,11.0,2393636591,30.62122,104.11603
155733,P2,256.0,256.0,976.0,976.0,False,0.04,8.0,3436486420,30.6412447,104.0459499
195366,P2,256.0,256.0,976.0,976.0,False,0.27,8.0,4964134719,30.7086875,104.0185822
196455,P2,256.0,256.0,976.0,976.0,False,2.28,10.56,3680455697,30.6579432,104.013725
41703,P2,256.0,256.0,976.0,976.0,False,1.85,9.7,3614062279,30.6659633,104.0579463
44094,P2,256.0,256.0,976.0,976.0,False,2.24,10.48,2366951323,30.6480711,104.1134414
70791,P2,256.0,256.0,976.0,976.0,False,0.14,8.0,2917008731,30.6373305,104.1085397
7199,P2,256.0,256.0,976.0,976.0,False,1.44,8.88,3034029043,30.66805,104.00871
79819,P2,256.0,256.0,976.0,976.0,False,2.39,10.78,1159231421,30.69221,104.07908
91323,P2,256.0,256.0,976.0,976.0,False,1.32,8.64,1159169335,30.63838,104.08483
109000,P2,257.0,257.0,977.0,977.0,False,0.87,8.0,3562047414,30.7217508,104.0499616
145495,P2,257.0,257.0,977.0,977.0,False,1.39,8.78,4693610155,30.6346676,104.0671726
172463,P2,257.0,257.0,977.0,977.0,False,1.02,8.04,1159131046,30.66665,104.06084
204150,P2,257.0,257.0,977.0,977.0,False,1.24,8.48,3541376411,30.7250318,104.0469322
24976,P2,257.0,257.0,977.0,977.0,False,0.94,8.0,5141328767,30.6118727,104.0621097
66176,P2,257.0,257.0,977.0,977.0,False,1.39,8.78,5382831201,30.6807416,104.0982928
81308,P2,257.0,257.0,977.0,977.0,False,1.45,8.9,2315717691,30.6296245,104.0999343
81811,P2,257.0,257.0,977.0,977.0,False,1.42,8.84,671587238,30.638584,104.056625
113295,P2,258.0,258.0,978.0,978.0,False,0.71,8.0,3516892731,30.6662803,104.0579399
131376,P2,258.0,258.0,978.0,978.0,False,1.49,8.98,1504213677,30.7039892,104.101042
78179,P2,258.0,258.0,978.0,978.0,False,1.08,8.16,5213237274,30.66044,104.05963
82452,P2,258.0,258.0,978.0,978.0,False,1.69,9.38,5141468724,30.6353547,104.0937824
9388,P2,258.0,258.0,978.0,978.0,False,0.22,8.0,5213253322,30.722224,104.071879
109082,P2,259.0,259.0,979.0,979.0,False,2.58,11.16,1458570760,30.6933855,104.0887586
115215,P2,259.0,259.0,979.0,979.0,False,0.9,8.0,4230593015,30.6417114,104.088153
11904,P2,259.0,259.0,979.0,979.0,False,1.11,8.22,5283966121,30.6487165,104.0953678
139643,P2,259.0,259.0,979.0,979.0,False,1.28,8.56,3614070503,30.67479,104.06312
175120,P2,259.0,259.0,979.0,979.0,False,1.28,8.56,4903105800,30.6651235,104.08676
181115,P2,259.0,259.0,979.0,979.0,False,0.7,8.0,3158040415,30.644573,104.05003
36493,P2,259.0,259.0,979.0,979.0,False,0.37,8.0,1304795053,30.6427628,104.0731483
37599,P2,259.0,259.0,979.0,979.0,False,0.37,8.0,432432557,30.654354,104.04726
45382,P2,259.0,259.0,979.0,979.0,False,1.0,8.0,432432565,30.6597874,104.0385021
120271,P2,260.0,260.0,980.0,980.0,False,1.84,9.68,3034029052,30.6760811,104.0027193
140375,P2,260.0,260.0,980.0,980.0,False,1.16,8.32,1445519636,30.64529,104.06232
146146,P2,260.0,260.0,980.0,980.0,False,0.04,8.0,2217746791,30.6608671,104.0616731
155642,P2,260.0,260.0,980.0,980.0,False,1.47,8.94,4695640580,30.6121794,104.0253352
179649,P2,260.0,260.0,980.0,980.0,False,1.84,9.68,963638465,30.6937921,104.0484386
179881,P2,260.0,260.0,980.0,980.0,False,1.97,9.94,3034376767,30.679581,104.0630297
191224,P2,260.0,260.0,980.0,980.0,False,1.77,9.54,3579517899,30.6687104,104.0535653
197930,P2,260.0,260.0,980.0,980.0,False,1.09,8.18,2041337799,30.6836117,104.0960506
77853,P2,260.0,260.0,980.0,980.0,False,1.47,8.94,2956775232,30.7112033,104.0405831
78508,P2,260.0,260.0,980.0,980.0,False,2.0,10.0,4987535059,30.6305476,104.0142447
10156,P2,261.0,261.0,981.0,981.0,False,0.59,8.0,2131996318,30.6169428,104.1000903
123316,P2,261.0,261.0,981.0,981.0,False,0.4,8.0,1916516798,30.6552592,103.9818148
126189,P2,261.0,261.0,981.0,981.0,False,0.49,8.0,4772463257,30.6637516,104.0446532
135594,P2,261.0,261.0,981.0,981.0,False,1.54,9.08,4107377035,30.6421326,103.9950814
153679,P2,261.0,261.0,981.0,981.0,False,1.49,8.98,4772463291,30.661337,104.0435044
166510,P2,261.0,261.0,981.0,981.0,False,2.97,11.94,1507236191,30.7116085,104.078214
22174,P2,261.0,261.0,981.0,981.0,False,2.54,11.08,1493202240,30.6115156,104.0580196
41480,P2,261.0,261.0,981.0,981.0,False,2.57,11.14,4106682189,30.6581077,103.9714269
107487,P2,262.0,262.0,982.0,982.0,False,0.03,8.0,3445813552,30.66897,104.07157
114335,P2,262.0,262.0,982.0,982.0,False,0.75,8.0,2439237551,30.6298597,104.0955236
124875,P2,262.0,262.0,982.0,982.0,False,0.49,8.0,1159134910,30.66146,104.09191
168757,P2,262.0,262.0,982.0,982.0,False,1.28,8.56,3780408668,30.6307365,104.0597697
172335,P2,262.0,262.0,982.0,982.0,False,1.76,9.52,2823785809,30.65759,104.05357
188938,P2,262.0,262.0,982.0,982.0,False,0.75,8.0,4967265777,30.7070411,104.012388
190836,P2,262.0,262.0,982.0,982.0,False,1.04,8.08,4695640524,30.6139204,104.0253742
19307,P2,262.0,262.0,982.0,982.0,False,2.61,11.22,3541427589,30.70873,104.0452
30162,P2,262.0,262.0,982.0,982.0,False,2.61,11.22,4695701798,30.6127336,104.0193133
30321,P2,262.0,262.0,982.0,982.0,False,2.61,11.22,1958204086,30.6736133,104.0726127
34436,P2,262.0,262.0,982.0,982.0,False,0.75,8.0,4548258451,30.650178,104.0303138
35425,P2,262.0,262.0,982.0,982.0,False,1.97,9.94,2729373176,30.6166289,104.0457287
75364,P2,262.0,262.0,982.0,982.0,False,1.28,8.56,1159137566,30.6541927,104.0896027
128739,P2,263.0,263.0,983.0,983.0,False,0.19,8.0,504315329,30.6953326,104.1053691
167866,P2,263.0,263.0,983.0,983.0,False,1.82,9.64,4964134717,30.7093854,104.0176164
169423,P2,263.0,263.0,983.0,983.0,False,1.92,9.84,2981056908,30.6297,104.07638
173611,P2,263.0,263.0,983.0,983.0,False,1.0,8.0,4779165800,30.6358011,104.0735412
17739,P2,263.0,263.0,983.0,983.0,False,1.92,9.84,5213238434,30.6406894,104.0326418
190999,P2,263.0,263.0,983.0,983.0,False,0.19,8.0,2564226633,30.641217,104.0236026
27019,P2,263.0,263.0,983.0,983.0,False,0.36,8.0,4582821479,30.658703,104.05051
57101,P2,263.0,263.0,983.0,983.0,False,1.91,9.82,3541366766,30.6556229,104.0061546
62295,P2,263.0,263.0,983.0,983.0,False,1.91,9.82,3034330086,30.6666717,104.0791921
87901,P2,263.0,263.0,983.0,983.0,False,0.36,8.0,1457868178,30.6882249,104.099627
97523,P2,263.0,263.0,983.0,983.0,False,0.6,8.0,3516896165,30.66529,104.07214
204757,P2,264.0,264.0,984.0,984.0,False,1.62,9.24,2539837356,30.7062417,104.0926253
207223,P2,264.0,264.0,984.0,984.0,False,2.3,10.6,4548259598,30.6864249,104.0480012
35843,P2,264.0,264.0,984.0,984.0,False,1.18,8.36,3541422909,30.7091106,104.0668649
107332,P2,265.0,265.0,985.0,985.0,False,3.02,12.04,4701464752,30.6148001,104.0579227
130230,P2,265.0,265.0,985.0,985.0,False,0.58,8.0,3691342454,30.6559007,104.0161812
188518,P2,265.0,265.0,985.0,985.0,False,1.83,9.66,432442969,30.680532,104.0143704
41239,P2,265.0,265.0,985.0,985.0,False,0.17,8.0,4550764070,30.647745,104.11298
43919,P2,265.0,265.0,985.0,985.0,False,1.83,9.66,4750955762,30.711857,104.11651
56067,P2,265.0,265.0,985.0,985.0,False,0.58,8.0,5055908304,30.71259,104.11225
64396,P2,265.0,265.0,985.0,985.0,False,0.17,8.0,3541376467,30.7178758,104.0551458
118374,P2,266.0,266.0,986.0,986.0,False,2.62,11.24,5213238494,30.6460462,104.0431128
133264,P2,266.0,266.0,986.0,986.0,False,0.34,8.0,1455111118,30.6959242,104.1061696
178930,P2,266.0,266.0,986.0,986.0,False,0.3,8.0,4934383718,30.610447,104.1112777
24053,P2,266.0,266.0,986.0,986.0,False,0.66,8.0,3541401904,30.6999243,104.0012048
95560,P2,266.0,266.0,986.0,986.0,False,1.9,9.8,1458992383,30.6613008,104.0991586
107147,P2,267.0,267.0,987.0,987.0,False,0.02,8.0,3693209218,30.6645951,104.0308641
110845,P2,267.0,267.0,987.0,987.0,False,1.09,8.18,5002301693,30.6648392,104.0194244
114678,P2,267.0,267.0,987.0,987.0,False,0.02,8.0,4693610159,30.6337419,104.0686041
160107,P2,267.0,267.0,987.0,987.0,False,1.55,9.1,1159231828,30.69406,104.08433
181183,P2,267.0,267.0,987.0,987.0,False,0.7,8.0,3541401927,30.68858,104.01295
197699,P2,267.0,267.0,987.0,987.0,False,0.02,8.0,1458981267,30.66162,104.095
25436,P2,267.0,267.0,987.0,987.0,False,0.86,8.0,2690137358,30.7096802,104.0182155
33461,P2,267.0,267.0,987.0,987.0,False,0.73,8.0,1815741571,30.6873519,104.0732238
53316,P2,267.0,267.0,987.0,987.0,False,0.8,8.0,4967265745,30.6998298,104.0071361
94650,P2,267.0,267.0,987.0,987.0,False,0.73,8.0,3927876953,30.6762446,103.985108
107322,P2,268.0,268.0,988.0,988.0,False,1.48,8.96,4242369818,30.6878808,104.0215334
129851,P2,268.0,268.0,988.0,988.0,False,0.17,8.0,4106681902,30.6108041,104.0028994
141599,P2,268.0,268.0,988.0,988.0,False,0.5,8.0,3034393451,30.67026,104.04042
144891,P2,268.0,268.0,988.0,988.0,False,1.79,9.58,5367291465,30.6269762,104.0021941
179507,P2,268.0,268.0,988.0,988.0,False,2.33,10.66,1311904446,30.6417883,104.072733
187947,P2,268.0,268.0,988.0,988.0,False,0.41,8.0,4548211308,30.67258,104.05812
21369,P2,268.0,268.0,988.0,988.0,False,0.5,8.0,2722829585,30.7011424,104.0681748
31051,P2,268.0,268.0,988.0,988.0,False,0.74,8.0,4638105423,30.7093856,104.062371
31865,P2,268.0,268.0,988.0,988.0,False,1.91,9.82,2908412246,30.6489079,104.0851626
36856,P2,268.0,268.0,988.0,988.0,False,1.79,9.58,4548259609,30.6541406,104.0448914
47255,P2,268.0,268.0,988.0,988.0,False,1.91,9.82,3516900114,30.66804,104.07976
156380,P2,269.0,269.0,989.0,989.0,False,3.22,12.44,4548259509,30.6709259,104.0296032
202937,P2,269.0,269.0,989.0,989.0,False,2.02,10.04,1305816693,30.6621443,104.1062174
4799,P2,269.0,269.0,989.0,989.0,False,2.76,11.52,3614070503,30.6747592,104.0624488
89825,P2,269.0,269.0,989.0,989.0,False,0.61,8.0,1312615950,30.6377977,104.0814396
135531,P2,270.0,270.0,990.0,990.0,False,0.5,8.0,5283966194,30.701812,104.1164124
146451,P2,270.0,270.0,990.0,990.0,False,0.46,8.0,672360698,30.6502109,104.0726291
192349,P2,270.0,270.0,990.0,990.0,False,1.52,9.04,1388442962,30.6477004,104.0724143
197179,P2,270.0,270.0,990.0,990.0,False,2.86,11.72,5354813692,30.659876,104.06111
85734,P2,270.0,270.0,990.0,990.0,False,0.46,8.0,4136052210,30.6105356,104.0479173
193550,P2,271.0,271.0,991.0,991.0,False,0.63,8.0,2039517042,30.6782506,104.0993024
44949,P2,271.0,271.0,991.0,991.0,False,1.85,9.7,4779165769,30.6365283,104.0737457
57842,P2,271.0,271.0,991.0,991.0,False,3.21,12.42,4230593015,30.6417114,104.088153
144577,P2,272.0,272.0,992.0,992.0,False,1.81,9.62,2441172228,30.6763246,103.9931244
195815,P2,272.0,272.0,992.0,992.0,False,0.55,8.0,5141468736,30.632602,104.093576
200362,P2,272.0,272.0,992.0,992.0,False,0.6,8.0,5141328659,30.6141086,104.0640741
33016,P2,272.0,272.0,992.0,992.0,False,0.6,8.0,432442952,30.6801568,104.0168907
41747,P2,272.0,272.0,992.0,992.0,False,1.55,9.1,288416379,30.69016,104.08496
53508,P2,272.0,272.0,992.0,992.0,False,2.54,11.08,4772463283,30.6606806,104.0437551
118356,P2,273.0,273.0,993.0,993.0,False,2.43,10.86,5218240020,30.6980163,104.050505
124095,P2,273.0,273.0,993.0,993.0,False,1.29,8.58,1159131824,30.66329,104.07882
148835,P2,273.0,273.0,993.0,993.0,False,0.3,8.0,2690137361,30.709609,104.0180645
155858,P2,273.0,273.0,993.0,993.0,False,1.35,8.7,1916386454,30.6473557,104.0068671
163531,P2,273.0,273.0,993.0,993.0,False,1.38,8.76,2039550414,30.675756,104.10852
193136,P2,273.0,273.0,993.0,993.0,False,1.35,8.7,3541371613,30.6680667,104.0492802
72115,P2,273.0,273.0,993.0,993.0,False,2.38,10.76,4773916476,30.6567796,104.0026871
100632,P2,274.0,274.0,994.0,994.0,False,1.22,8.44,4505485126,30.6351228,104.0839511
136043,P2,274.0,274.0,994.0,994.0,False,0.44,8.0,3087817511,30.6658238,103.997649
196492,P2,274.0,274.0,994.0,994.0,False,0.64,8.0,2041314666,30.6792958,104.1007694
26172,P2,274.0,274.0,994.0,994.0,False,0.35,8.0,2039563302,30.6914788,104.105044
38763,P2,274.0,274.0,994.0,994.0,False,1.0,8.0,1506424273,30.71039,104.06807
80053,P2,274.0,274.0,994.0,994.0,False,0.35,8.0,3541364355,30.6155989,104.0893798
81581,P2,274.0,274.0,994.0,994.0,False,1.22,8.44,4934383665,30.6184231,104.1141593
102667,P2,275.0,275.0,995.0,995.0,False,2.26,10.52,4548141057,30.6220521,104.0809388
141711,P2,275.0,275.0,995.0,995.0,False,1.48,8.96,2847752856,30.656017,104.10427
159991,P2,275.0,275.0,995.0,995.0,False,0.01,8.0,4550769312,30.63253,104.09819
175163,P2,275.0,275.0,995.0,995.0,False,1.05,8.1,4548211641,30.6714606,104.0628898
19567,P2,275.0,275.0,995.0,995.0,False,1.72,9.44,4414330242,30.6635433,104.0873077
208383,P2,275.0,275.0,995.0,995.0,False,1.62,9.24,4880298882,30.6222069,104.1011411
37089,P2,275.0,275.0,995.0,995.0,False,1.4,8.8,3516890337,30.6806924,103.9859069
40707,P2,275.0,275.0,995.0,995.0,False,1.06,8.12,4695700263,30.6166728,104.0158739
104273,P2,276.0,276.0,996.0,996.0,False,1.51,9.02,3033986301,30.6607829,104.0264952
107343,P2,276.0,276.0,996.0,996.0,False,0.34,8.0,465203714,30.7014308,104.1026237
117144,P2,276.0,276.0,996.0,996.0,False,1.49,8.98,1493182899,30.6113159,104.0648904
137163,P2,276.0,276.0,996.0,996.0,False,1.49,8.98,4548259673,30.677607,104.05407
153755,P2,276.0,276.0,996.0,996.0,False,2.25,10.5,4118527513,30.70089,104.093414
172571,P2,276.0,276.0,996.0,996.0,False,2.01,10.02,628641733,30.69,104.04635
208973,P2,276.0,276.0,996.0,996.0,False,1.66,9.32,4679104230,30.6630472,104.1130222
4623,P2,276.0,276.0,996.0,996.0,False,0.22,8.0,4219934266,30.7148856,104.0150781
84229,P2,276.0,276.0,996.0,996.0,False,2.39,10.78,3680400071,30.6587536,104.0135099
96071,P2,276.0,276.0,996.0,996.0,False,0.04,8.0,4296641706,30.6481286,104.0907917
108482,P2,277.0,277.0,997.0,997.0,False,0.87,8.0,4118527451,30.7001145,104.0969195
111411,P2,277.0,277.0,997.0,997.0,False,1.69,9.38,4779165794,30.6368945,104.073728
139165,P2,277.0,277.0,997.0,997.0,False,1.24,8.48,1459924112,30.6397091,104.1059377
146471,P2,277.0,277.0,997.0,997.0,False,1.44,8.88,3541393465,30.69492,104.0078
148554,P2,277.0,277.0,997.0,997.0,False,0.87,8.0,4699007272,30.6153025,104.0359379
155248,P2,277.0,277.0,997.0,997.0,False,0.87,8.0,4695662942,30.6117038,104.0326833
157204,P2,277.0,277.0,997.0,997.0,False,1.44,8.88,3691342430,30.6556362,104.0173347
157881,P2,277.0,277.0,997.0,997.0,False,1.51,9.02,3979164227,30.6839901,104.0963479
193254,P2,277.0,277.0,997.0,997.0,False,0.57,8.0,4987535057,30.6348848,104.0106875
196781,P2,277.0,277.0,997.0,997.0,False,1.29,8.58,4550018719,30.6516916,104.0530604
4213,P2,277.0,277.0,997.0,997.0,False,0.87,8.0,4107377009,30.6310655,104.0041742
4963,P2,277.0,277.0,997.0,997.0,False,1.69,9.38,4703149495,30.61191,104.06669
65751,P2,277.0,277.0,997.0,997.0,False,0.4,8.0,1159148557,30.66382,104.07289
78907,P2,277.0,277.0,997.0,997.0,False,1.44,8.88,4400595031,30.6754637,104.0757095
106042,P2,278.0,278.0,998.0,998.0,False,1.82,9.64,1159156114,30.6512278,104.0836512
110651,P2,278.0,278.0,998.0,998.0,False,1.82,9.64,4701464356,30.6141202,104.0561229
119024,P2,278.0,278.0,998.0,998.0,False,1.01,8.02,4572409840,30.7258333,104.0068709
124524,P2,278.0,278.0,998.0,998.0,False,1.01,8.02,1947583845,30.6865865,104.084708
101062,P2,279.0,279.0,999.0,999.0,False,0.49,8.0,1460304817,30.6533999,104.1120963
152681,P2,279.0,279.0,999.0,999.0,False,2.6,11.2,3927877897,30.67889,103.9899584
196276,P2,279.0,279.0,999.0,999.0,False,0.23,8.0,1912247134,30.6133435,104.0968211
205631,P2,279.0,279.0,999.0,999.0,False,0.55,8.0,5283966328,30.70277,104.0939
41324,P2,279.0,279.0,999.0,999.0,False,0.08,8.0,4987536531,30.6263942,103.998697
47097,P2,279.0,279.0,999.0,999.0,False,0.22,8.0,4572409834,30.7143848,103.9924799
48217,P2,279.0,279.0,999.0,999.0,False,0.14,8.0,4505485126,30.6351228,104.0839511
53847,P2,279.0,279.0,999.0,999.0,False,0.49,8.0,4701577781,30.62363,104.07642
66955,P2,279.0,279.0,999.0,999.0,False,3.06,12.12,1458459967,30.6857621,104.1012902
111306,P2,280.0,280.0,1000.0,1000.0,False,0.06,8.0,4782097001,30.6270492,104.0245368
11615,P2,280.0,280.0,1000.0,1000.0,False,0.42,8.0,3034409146,30.71577,104.10852
136374,P2,280.0,280.0,1000.0,1000.0,False,1.34,8.68,3523298663,30.6429248,104.0448164
161250,P2,280.0,280.0,1000.0,1000.0,False,1.59,9.18,4693610102,30.6346241,104.0708792
190247,P2,280.0,280.0,1000.0,1000.0,False,1.07,8.14,4585624085,30.68112,104.02234
20717,P2,280.0,280.0,1000.0,1000.0,False,2.23,10.46,3089029133,30.6625833,104.0491137
57228,P2,280.0,280.0,1000.0,1000.0,False,0.73,8.0,314655016,30.6280128,104.0440266
59327,P2,280.0,280.0,1000.0,1000.0,False,0.1,8.0,4118527460,30.69948,104.09794
8359,P2,280.0,280.0,1000.0,1000.0,False,2.03,10.06,2372052925,30.63424,104.09894
117249,P2,281.0,281.0,1001.0,1001.0,False,1.28,8.56,1301933011,30.6427095,104.0789494
142357,P2,281.0,281.0,1001.0,1001.0,False,2.28,10.56,4695601588,30.6109278,104.0337037
49376,P2,281.0,281.0,1001.0,1001.0,False,0.53,8.0,1916386486,30.6474751,104.0160412
95027,P2,281.0,281.0,1001.0,1001.0,False,1.83,9.66,1156126797,30.67051,104.04472
97255,P2,281.0,281.0,1001.0,1001.0,False,0.06,8.0,2692990557,30.7047471,104.0919616
152606,P2,282.0,282.0,1002.0,1002.0,False,0.22,8.0,2213049521,30.6190829,104.1093596
161756,P2,282.0,282.0,1002.0,1002.0,False,1.93,9.86,314623107,30.6486102,104.0368163
164914,P2,282.0,282.0,1002.0,1002.0,False,0.09,8.0,5283966324,30.7062296,104.0994664
167793,P2,282.0,282.0,1002.0,1002.0,False,0.28,8.0,3562110275,30.672854,104.0640851
18360,P2,282.0,282.0,1002.0,1002.0,False,0.06,8.0,4549993309,30.6535278,103.9990735
196183,P2,282.0,282.0,1002.0,1002.0,False,1.11,8.22,5375783788,30.6547059,104.000337
205207,P2,282.0,282.0,1002.0,1002.0,False,0.86,8.0,1302807371,30.6424224,104.0874982
206515,P2,282.0,282.0,1002.0,1002.0,False,1.43,8.86,432441929,30.63145,104.02996
7872,P2,282.0,282.0,1002.0,1002.0,False,0.3,8.0,4548318053,30.6248061,104.0955574
146463,P2,283.0,283.0,1003.0,1003.0,False,1.99,9.98,4773916458,30.6577856,104.0019837
150015,P2,283.0,283.0,1003.0,1003.0,False,1.41,8.82,1159228848,30.68519,104.10755
163491,P2,283.0,283.0,1003.0,1003.0,False,1.51,9.02,3562086848,30.674774,104.05988
174112,P2,283.0,283.0,1003.0,1003.0,False,1.19,8.38,5283966126,30.6376499,104.0974186
32525,P2,283.0,283.0,1003.0,1003.0,False,1.41,8.82,1159176882,30.6280508,104.0509035
79477,P2,283.0,283.0,1003.0,1003.0,False,3.02,12.04,3780408672,30.6304794,104.0581853
105913,P2,284.0,284.0,1004.0,1004.0,False,0.56,8.0,4359391023,30.7264217,104.1107917
122115,P2,284.0,284.0,1004.0,1004.0,False,0.79,8.0,1819305409,30.6419823,104.110469
137635,P2,284.0,284.0,1004.0,1004.0,False,0.25,8.0,3034029068,30.6893886,103.996618
205816,P2,284.0,284.0,1004.0,1004.0,False,1.53,9.06,4701577732,30.6381638,104.0735076
38333,P2,284.0,284.0,1004.0,1004.0,False,0.39,8.0,5367321384,30.6635871,104.0054224
66986,P2,284.0,284.0,1004.0,1004.0,False,0.39,8.0,4695601599,30.612158,104.0342441
85252,P2,284.0,284.0,1004.0,1004.0,False,0.56,8.0,314635456,30.64085,104.0325602
121959,P2,285.0,285.0,1005.0,1005.0,False,1.71,9.42,432442901,30.6699141,104.0349944
145193,P2,285.0,285.0,1005.0,1005.0,False,0.6,8.0,3087817451,30.6468838,104.0031704
145487,P2,285.0,285.0,1005.0,1005.0,False,0.77,8.0,5375783895,30.6569771,103.9911425
154907,P2,285.0,285.0,1005.0,1005.0,False,0.44,8.0,314655436,30.7142235,104.1019833
177038,P2,285.0,285.0,1005.0,1005.0,False,1.72,9.44,3597689719,30.7196466,103.978108
201022,P2,285.0,285.0,1005.0,1005.0,False,0.6,8.0,1159143889,30.6750002,104.0805541
27135,P2,285.0,285.0,1005.0,1005.0,False,1.67,9.34,314623099,30.63964,104.03043
101127,P2,286.0,286.0,1006.0,1006.0,False,1.11,8.22,4230611275,30.652549,104.0694373
123055,P2,286.0,286.0,1006.0,1006.0,False,1.11,8.22,3089029129,30.66185,104.0496
131883,P2,286.0,286.0,1006.0,1006.0,False,0.81,8.0,1492619187,30.62279,104.06676
27413,P2,286.0,286.0,1006.0,1006.0,False,0.9,8.0,3087817471,30.635726,104.0123693
527,P2,286.0,286.0,1006.0,1006.0,False,0.5,8.0,1947583861,30.68678,104.08978
165613,P2,287.0,287.0,1007.0,1007.0,False,0.45,8.0,4217837089,30.6259504,104.0427805
174121,P2,287.0,287.0,1007.0,1007.0,False,1.83,9.66,1916530811,30.6625556,103.9750605
180545,P2,287.0,287.0,1007.0,1007.0,False,0.45,8.0,4549993196,30.7044116,104.0035518
195783,P2,287.0,287.0,1007.0,1007.0,False,1.8,9.6,4078817932,30.70644,104.08047
199643,P2,287.0,287.0,1007.0,1007.0,False,0.2,8.0,432442954,30.6773601,104.0155506
200358,P2,287.0,287.0,1007.0,1007.0,False,0.04,8.0,432432611,30.658052,104.0318143
20741,P2,287.0,287.0,1007.0,1007.0,False,1.13,8.26,5375783869,30.6540408,103.991111
62834,P2,287.0,287.0,1007.0,1007.0,False,1.62,9.24,1912247118,30.6148017,104.0966824
74042,P2,287.0,287.0,1007.0,1007.0,False,0.63,8.0,5375784028,30.6585507,103.9891684
827,P2,287.0,287.0,1007.0,1007.0,False,0.22,8.0,4794944069,30.6791522,104.0583878
87743,P2,287.0,287.0,1007.0,1007.0,False,0.45,8.0,1425996106,30.67056,104.10847
107887,P2,288.0,288.0,1008.0,1008.0,False,1.46,8.92,432432527,30.65561,104.05047
112915,P2,288.0,288.0,1008.0,1008.0,False,1.8,9.6,4220546259,30.65412,104.07513
187233,P2,288.0,288.0,1008.0,1008.0,False,2.99,11.98,1916517843,30.663993,103.9904418
33570,P2,288.0,288.0,1008.0,1008.0,False,0.87,8.0,4548259621,30.6801803,104.0548129
36455,P2,288.0,288.0,1008.0,1008.0,False,0.39,8.0,432432540,30.6576646,104.0385639
11773,P2,289.0,289.0,1009.0,1009.0,False,0.72,8.0,432442631,30.6840198,104.0189945
144564,P2,289.0,289.0,1009.0,1009.0,False,0.9,8.0,4550769314,30.653185,104.115036
181837,P2,289.0,289.0,1009.0,1009.0,False,1.24,8.48,5141468779,30.6303775,104.092209
197326,P2,289.0,289.0,1009.0,1009.0,False,0.9,8.0,2211339987,30.6310404,104.0937624
205411,P2,289.0,289.0,1009.0,1009.0,False,2.62,11.24,4782067637,30.6257234,104.0272821
34406,P2,289.0,289.0,1009.0,1009.0,False,1.54,9.08,3761409984,30.6301996,104.0710104
92249,P2,289.0,289.0,1009.0,1009.0,False,1.11,8.22,1918491716,30.6490086,103.9823371
117973,P2,290.0,290.0,1010.0,1010.0,False,1.43,8.86,480012052,30.6203158,104.0690124
198651,P2,290.0,290.0,1010.0,1010.0,False,1.6,9.2,2930487781,30.7216101,104.0997178
4624,P2,290.0,290.0,1010.0,1010.0,False,2.56,11.12,1506559770,30.7087416,104.0729111
125518,P2,291.0,291.0,1011.0,1011.0,False,3.52,13.04,4548142598,30.6199427,104.0747989
143432,P2,291.0,291.0,1011.0,1011.0,False,0.98,8.0,2726978405,30.611294,104.0523693
177660,P2,291.0,291.0,1011.0,1011.0,False,1.33,8.66,4549759341,30.692323,104.0358774
207754,P2,291.0,291.0,1011.0,1011.0,False,0.2,8.0,2696407816,30.6204241,104.1130503
113015,P2,292.0,292.0,1012.0,1012.0,False,0.06,8.0,4695700267,30.6101747,104.0247853
113027,P2,292.0,292.0,1012.0,1012.0,False,1.57,9.14,1156126797,30.6710227,104.0461687
114553,P2,292.0,292.0,1012.0,1012.0,False,1.99,9.98,4586532060,30.6797361,104.0128916
135778,P2,292.0,292.0,1012.0,1012.0,False,1.99,9.98,5213238420,30.6420291,104.0406927
150770,P2,292.0,292.0,1012.0,1012.0,False,1.9,9.8,5283966125,30.6380182,104.0966606
195041,P2,292.0,292.0,1012.0,1012.0,False,0.89,8.0,4548259565,30.6547851,104.0057018
198319,P2,292.0,292.0,1012.0,1012.0,False,1.42,8.84,4547074368,30.6108816,104.0710354
39139,P2,292.0,292.0,1012.0,1012.0,False,0.46,8.0,4107377006,30.63019,104.00058
54207,P2,292.0,292.0,1012.0,1012.0,False,2.09,10.18,672287939,30.6655,104.05523
62904,P2,292.0,292.0,1012.0,1012.0,False,1.99,9.98,4992013267,30.610782,104.0756427
73787,P2,292.0,292.0,1012.0,1012.0,False,0.29,8.0,3436489838,30.6408633,104.0458898
82758,P2,292.0,292.0,1012.0,1012.0,False,1.43,8.86,4972899546,30.6133345,104.0499744
120993,P2,293.0,293.0,1013.0,1013.0,False,1.8,9.6,2327780254,30.6191328,104.1029508
124989,P2,293.0,293.0,1013.0,1013.0,False,1.29,8.58,3069351961,30.6281566,103.9820995
125672,P2,293.0,293.0,1013.0,1013.0,False,1.06,8.12,3034040773,30.7015413,104.0123302
167234,P2,293.0,293.0,1013.0,1013.0,False,0.41,8.0,4548211362,30.6770164,104.051386
185457,P2,293.0,293.0,1013.0,1013.0,False,1.51,9.02,5375783957,30.661504,103.9979178
205346,P2,293.0,293.0,1013.0,1013.0,False,1.82,9.64,2472036427,30.6639486,104.0626497
112383,P2,294.0,294.0,1014.0,1014.0,False,0.96,8.0,4748166159,30.6149621,104.0244121
115319,P2,294.0,294.0,1014.0,1014.0,False,1.85,9.7,1159949281,30.6464,104.08272
52112,P2,294.0,294.0,1014.0,1014.0,False,1.74,9.48,4295768604,30.6908673,104.0812791
53278,P2,294.0,294.0,1014.0,1014.0,False,1.3,8.6,5375783869,30.6540408,103.991111
61415,P2,294.0,294.0,1014.0,1014.0,False,1.33,8.66,1301932988,30.6527,104.06667
62347,P2,294.0,294.0,1014.0,1014.0,False,1.74,9.48,4987536539,30.627694,104.0011409
84525,P2,294.0,294.0,1014.0,1014.0,False,0.24,8.0,4695601634,30.6128414,104.0361065
110995,P2,295.0,295.0,1015.0,1015.0,False,1.45,8.9,5141458202,30.6326136,104.076224
145417,P2,295.0,295.0,1015.0,1015.0,False,0.34,8.0,4106681923,30.6194249,103.9989196
204419,P2,295.0,295.0,1015.0,1015.0,False,2.78,11.56,1455005339,30.6972717,104.1036925
205994,P2,295.0,295.0,1015.0,1015.0,False,0.34,8.0,3541389061,30.6833039,104.0322131
154211,P2,296.0,296.0,1016.0,1016.0,False,0.39,8.0,4981594500,30.633124,103.9979585
37293,P2,296.0,296.0,1016.0,1016.0,False,0.06,8.0,3034409146,30.7152891,104.1071116
7581,P2,296.0,296.0,1016.0,1016.0,False,1.4,8.8,1492597858,30.6226931,104.0671256
92844,P2,296.0,296.0,1016.0,1016.0,False,0.2,8.0,1159465753,30.6779072,104.0242009
118311,P2,297.0,297.0,1017.0,1017.0,False,0.72,8.0,1159149121,30.65483,104.07331
135330,P2,297.0,297.0,1017.0,1017.0,False,0.75,8.0,1159232134,30.6865153,104.0761717
144807,P2,297.0,297.0,1017.0,1017.0,False,0.81,8.0,3516900118,30.6704563,104.0794895
148553,P2,297.0,297.0,1017.0,1017.0,False,0.81,8.0,432432574,30.6638273,104.0333013
155458,P2,297.0,297.0,1017.0,1017.0,False,0.77,8.0,3680078467,30.6567858,104.0263431
15884,P2,297.0,297.0,1017.0,1017.0,False,0.81,8.0,3034393448,30.6791288,104.0319296
183983,P2,297.0,297.0,1017.0,1017.0,False,1.07,8.14,5234592652,30.6721,104.00412
197171,P2,297.0,297.0,1017.0,1017.0,False,2.4,10.8,4773916471,30.6561758,104.0017825
42278,P2,297.0,297.0,1017.0,1017.0,False,2.4,10.8,4701577724,30.6131597,104.0696412
475,P2,297.0,297.0,1017.0,1017.0,False,1.39,8.78,1339701401,30.6991686,104.0458344
69488,P2,297.0,297.0,1017.0,1017.0,False,0.77,8.0,2082819545,30.61676,104.0965522
1168,P2,298.0,298.0,1018.0,1018.0,False,0.71,8.0,4548211323,30.6230845,104.0830984
132203,P2,298.0,298.0,1018.0,1018.0,False,1.04,8.08,3541371609,30.666676,104.05244
161285,P2,298.0,298.0,1018.0,1018.0,False,0.7,8.0,1305816736,30.640662,104.0795673
209179,P2,298.0,298.0,1018.0,1018.0,False,1.66,9.32,3445813123,30.67008,104.07101
54173,P2,298.0,298.0,1018.0,1018.0,False,0.02,8.0,2472030047,30.6608763,104.0628845
173395,P2,299.0,299.0,1019.0,1019.0,False,1.22,8.44,3034409149,30.719841,104.08002
184315,P2,299.0,299.0,1019.0,1019.0,False,0.92,8.0,1159227282,30.6875091,104.0526724
189822,P2,299.0,299.0,1019.0,1019.0,False,2.32,10.64,4106682112,30.6439237,103.9802707
201559,P2,299.0,299.0,1019.0,1019.0,False,0.46,8.0,1312616016,30.6437566,104.0425232
38242,P2,299.0,299.0,1019.0,1019.0,False,2.11,10.22,2118995449,30.6949772,104.0331321
54092,P2,299.0,299.0,1019.0,1019.0,False,2.79,11.58,1159232134,30.6865153,104.0761717
5787,P2,299.0,299.0,1019.0,1019.0,False,1.89,9.78,432442850,30.6703701,103.9917488
67797,P2,299.0,299.0,1019.0,1019.0,False,0.56,8.0,4548211453,30.6752746,104.0553758
84255,P2,299.0,299.0,1019.0,1019.0,False,0.56,8.0,3034409025,30.71363,104.0949
119034,P2,300.0,300.0,1020.0,1020.0,False,1.51,9.02,4549993260,30.6492,103.9823516
126059,P2,300.0,300.0,1020.0,1020.0,False,0.6,8.0,3516900112,30.67192,104.06927
139011,P2,300.0,300.0,1020.0,1020.0,False,2.16,10.32,4779165757,30.6259451,104.0307955
167947,P2,300.0,300.0,1020.0,1020.0,False,1.51,9.02,4118527343,30.6974385,104.0888202
194716,P2,300.0,300.0,1020.0,1020.0,False,2.16,10.32,1827955130,30.6645306,104.0543503
196402,P2,300.0,300.0,1020.0,1020.0,False,0.7,8.0,3445748151,30.6245276,104.064593
203830,P2,300.0,300.0,1020.0,1020.0,False,1.53,9.06,2852754445,30.665938,104.1107595
52257,P2,300.0,300.0,1020.0,1020.0,False,1.41,8.82,5375783796,30.6555511,103.999267
76127,P2,300.0,300.0,1020.0,1020.0,False,1.41,8.82,3633018387,30.665958,104.0634
102307,P2,301.0,301.0,1021.0,1021.0,False,0.2,8.0,1159173116,30.62509,104.06955
115482,P2,301.0,301.0,1021.0,1021.0,False,1.68,9.36,1916386555,30.6405831,104.0551372
133000,P2,301.0,301.0,1021.0,1021.0,False,1.63,9.26,3562047425,30.7020022,104.0719644
141338,P2,301.0,301.0,1021.0,1021.0,False,1.01,8.02,4548211639,30.6830457,104.0414194
175343,P2,301.0,301.0,1021.0,1021.0,False,1.63,9.26,439751915,30.6789847,103.9897613
199703,P2,301.0,301.0,1021.0,1021.0,False,1.68,9.36,5336411841,30.64536,104.0335
30022,P2,301.0,301.0,1021.0,1021.0,False,2.01,10.02,4695640525,30.6156659,104.0253032
39468,P2,301.0,301.0,1021.0,1021.0,False,0.2,8.0,1159450026,30.6706647,104.03171
57328,P2,301.0,301.0,1021.0,1021.0,False,2.02,10.04,4107377010,30.6310133,104.0017622
103655,P2,302.0,302.0,1022.0,1022.0,False,0.3,8.0,4972899547,30.6125557,104.0498962
129167,P2,302.0,302.0,1022.0,1022.0,False,1.71,9.42,3613960016,30.663805,104.052605
141849,P2,302.0,302.0,1022.0,1022.0,False,2.11,10.22,2923196175,30.7259467,104.0067958
190477,P2,302.0,302.0,1022.0,1022.0,False,2.11,10.22,4693609803,30.6343504,104.0685884
192399,P2,302.0,302.0,1022.0,1022.0,False,0.84,8.0,3034393453,30.67343,104.04367
195817,P2,302.0,302.0,1022.0,1022.0,False,0.98,8.0,4136052358,30.6133902,104.0484293
204559,P2,302.0,302.0,1022.0,1022.0,False,0.18,8.0,4102465470,30.68198,104.04761
207332,P2,302.0,302.0,1022.0,1022.0,False,2.21,10.42,5218240005,30.7020668,104.05384
30987,P2,302.0,302.0,1022.0,1022.0,False,1.53,9.06,1916386460,30.6131026,104.0420772
50450,P2,302.0,302.0,1022.0,1022.0,False,0.25,8.0,1072704381,30.7260321,104.0557868
60144,P2,302.0,302.0,1022.0,1022.0,False,1.09,8.18,1313998763,30.6345891,104.0887087
98402,P2,302.0,302.0,1022.0,1022.0,False,1.31,8.62,432432602,30.6592566,104.0347445
118317,P2,303.0,303.0,1023.0,1023.0,False,0.87,8.0,2441172197,30.6748274,104.0074372
131417,P2,303.0,303.0,1023.0,1023.0,False,1.17,8.34,1159461706,30.6741038,104.040131
173751,P2,303.0,303.0,1023.0,1023.0,False,1.63,9.26,2213048013,30.6106275,104.104888
186864,P2,303.0,303.0,1023.0,1023.0,False,0.23,8.0,1159176576,30.6273008,104.0583112
36441,P2,303.0,303.0,1023.0,1023.0,False,0.87,8.0,2912291130,30.6417061,104.0958749
4168,P2,303.0,303.0,1023.0,1023.0,False,2.62,11.24,2118898646,30.7130185,104.0843685
73656,P2,303.0,303.0,1023.0,1023.0,False,3.01,12.02,4693610145,30.635339,104.0672745
82081,P2,303.0,303.0,1023.0,1023.0,False,0.87,8.0,4106682193,30.6584169,103.9777891
8617,P2,303.0,303.0,1023.0,1023.0,False,1.63,9.26,432429427,30.6224053,104.0403924
100507,P2,304.0,304.0,1024.0,1024.0,False,2.3,10.6,4548211201,30.68099,104.06007
142659,P2,304.0,304.0,1024.0,1024.0,False,0.71,8.0,4550018996,30.6391536,103.9784557
36198,P2,304.0,304.0,1024.0,1024.0,False,0.72,8.0,4695640526,30.6150763,104.0247805
38868,P2,304.0,304.0,1024.0,1024.0,False,1.87,9.74,2729413203,30.6276078,104.0468427
51355,P2,304.0,304.0,1024.0,1024.0,False,1.04,8.08,963638438,30.702856,104.04361
54695,P2,304.0,304.0,1024.0,1024.0,False,1.28,8.56,4294771688,30.6190361,104.0351897
75404,P2,304.0,304.0,1024.0,1024.0,False,0.71,8.0,4294010428,30.7132945,104.0780989
88252,P2,304.0,304.0,1024.0,1024.0,False,0.72,8.0,3516892731,30.6662803,104.0579399
18227,P2,305.0,305.0,1025.0,1025.0,False,1.54,9.08,5141468625,30.6348357,104.0914317
50511,P2,305.0,305.0,1025.0,1025.0,False,0.21,8.0,603415283,30.707794,104.09463
111267,P2,306.0,306.0,1026.0,1026.0,False,1.48,8.96,3516900122,30.66968,104.07403
119546,P2,306.0,306.0,1026.0,1026.0,False,1.94,9.88,1458910132,30.681806,104.0946679
129057,P2,306.0,306.0,1026.0,1026.0,False,0.43,8.0,4548259351,30.6904084,104.0488301
189159,P2,306.0,306.0,1026.0,1026.0,False,0.19,8.0,2041527405,30.690693,104.09574
194255,P2,306.0,306.0,1026.0,1026.0,False,2.93,11.86,5055908306,30.70874,104.11351
196443,P2,306.0,306.0,1026.0,1026.0,False,0.54,8.0,1311904462,30.645613,104.07903
34871,P2,306.0,306.0,1026.0,1026.0,False,2.88,11.76,3516900117,30.6718171,104.0804158
45691,P2,306.0,306.0,1026.0,1026.0,False,0.54,8.0,4987534991,30.6218064,104.0048101
67795,P2,306.0,306.0,1026.0,1026.0,False,0.26,8.0,4548258444,30.6540971,104.0385522
121817,P2,307.0,307.0,1027.0,1027.0,False,0.78,8.0,432432572,30.6616054,104.0378236
161430,P2,307.0,307.0,1027.0,1027.0,False,0.47,8.0,4772216125,30.6779302,104.007631
173340,P2,307.0,307.0,1027.0,1027.0,False,1.18,8.36,4218012712,30.6291281,104.0410267
20504,P2,307.0,307.0,1027.0,1027.0,False,0.47,8.0,4548211466,30.6368072,104.0267682
22340,P2,307.0,307.0,1027.0,1027.0,False,1.43,8.86,3724269696,30.6265975,104.1007529
65228,P2,307.0,307.0,1027.0,1027.0,False,0.55,8.0,4695662941,30.6124329,104.0313215
83829,P2,307.0,307.0,1027.0,1027.0,False,1.85,9.7,4106682188,30.65808,103.9768986
104967,P2,308.0,308.0,1028.0,1028.0,False,1.84,9.68,3034376760,30.667496,104.0876
167930,P2,308.0,308.0,1028.0,1028.0,False,0.56,8.0,432429372,30.6319,104.0560707
197916,P2,308.0,308.0,1028.0,1028.0,False,0.47,8.0,2041527416,30.691367,104.095795
7320,P2,308.0,308.0,1028.0,1028.0,False,0.69,8.0,4695601443,30.611256,104.0278807
81338,P2,308.0,308.0,1028.0,1028.0,False,2.38,10.76,1459047523,30.6450532,104.1090139
93997,P2,308.0,308.0,1028.0,1028.0,False,1.12,8.24,4118527510,30.7016943,104.1009642
109894,P2,309.0,309.0,1029.0,1029.0,False,2.22,10.44,1339701406,30.7100912,104.0459688
112851,P2,309.0,309.0,1029.0,1029.0,False,0.21,8.0,2823785843,30.662342,104.06042
116019,P2,309.0,309.0,1029.0,1029.0,False,2.07,10.14,4550701367,30.6184605,103.9832886
140854,P2,309.0,309.0,1029.0,1029.0,False,0.37,8.0,4548318064,30.6440185,104.0855758
205703,P2,309.0,309.0,1029.0,1029.0,False,0.71,8.0,432442576,30.6845446,104.0280711
77400,P2,309.0,309.0,1029.0,1029.0,False,0.15,8.0,5211337169,30.6341297,104.0012202
114353,P2,310.0,310.0,1030.0,1030.0,False,0.11,8.0,1313998789,30.6349883,104.0875847
136218,P2,310.0,310.0,1030.0,1030.0,False,2.28,10.56,2823785861,30.6793921,104.0754163
181927,P2,310.0,310.0,1030.0,1030.0,False,0.72,8.0,4106682230,30.67608,104.00019
184351,P2,310.0,310.0,1030.0,1030.0,False,1.64,9.28,3780408667,30.632044,104.05986
60873,P2,310.0,310.0,1030.0,1030.0,False,1.64,9.28,3680400072,30.6586156,104.0134178
82573,P2,310.0,310.0,1030.0,1030.0,False,2.28,10.56,4981594489,30.6339847,104.0005611
109765,P2,311.0,311.0,1031.0,1031.0,False,1.03,8.06,2662847702,30.6829044,103.9885007
121347,P2,311.0,311.0,1031.0,1031.0,False,1.54,9.08,1845199172,30.678974,104.070564
122931,P2,311.0,311.0,1031.0,1031.0,False,0.12,8.0,2039561233,30.6837362,104.1110984
143450,P2,311.0,311.0,1031.0,1031.0,False,1.03,8.06,4772463281,30.660393,104.0443583
143701,P2,311.0,311.0,1031.0,1031.0,False,1.66,9.32,2843289904,30.6882674,104.0585709
15253,P2,311.0,311.0,1031.0,1031.0,False,1.85,9.7,1507263105,30.7120874,104.07183
174257,P2,311.0,311.0,1031.0,1031.0,False,1.03,8.06,4106682112,30.6439237,103.9802707
180224,P2,311.0,311.0,1031.0,1031.0,False,0.03,8.0,5257005062,30.6771626,104.0936109
18846,P2,311.0,311.0,1031.0,1031.0,False,1.05,8.1,5102886112,30.6879888,103.9903974
195149,P2,311.0,311.0,1031.0,1031.0,False,1.41,8.82,3582243005,30.7096292,104.007262
198154,P2,311.0,311.0,1031.0,1031.0,False,1.54,9.08,1492368570,30.6571,104.0634553
24478,P2,311.0,311.0,1031.0,1031.0,False,1.03,8.06,1457840980,30.6901806,104.1012743
33799,P2,311.0,311.0,1031.0,1031.0,False,1.73,9.46,3562047401,30.72075,104.05983
43662,P2,311.0,311.0,1031.0,1031.0,False,0.03,8.0,2080650542,30.6469992,104.0563483
50603,P2,311.0,311.0,1031.0,1031.0,False,1.26,8.52,3087817506,30.6662,103.9885
100622,P2,312.0,312.0,1032.0,1032.0,False,0.85,8.0,2039561244,30.6840697,104.1024574
114983,P2,312.0,312.0,1032.0,1032.0,False,2.52,11.04,672360528,30.6495659,104.0917898
174699,P2,312.0,312.0,1032.0,1032.0,False,0.76,8.0,2712189997,30.700296,104.07525
175455,P2,312.0,312.0,1032.0,1032.0,False,1.07,8.14,441187228,30.67021,104.06352
29626,P2,312.0,312.0,1032.0,1032.0,False,1.07,8.14,1305816742,30.6525224,104.0790089
95093,P2,312.0,312.0,1032.0,1032.0,False,2.52,11.04,1492582891,30.6261835,104.0643868
198719,P2,313.0,313.0,1033.0,1033.0,False,0.72,8.0,2956775225,30.71396,104.04934
66437,P2,313.0,313.0,1033.0,1033.0,False,1.73,9.46,3562033468,30.7085475,104.0749813
11833,P2,314.0,314.0,1034.0,1034.0,False,0.37,8.0,4638105426,30.7069848,104.0635135
130740,P2,314.0,314.0,1034.0,1034.0,False,1.56,9.12,5436627811,30.6971374,104.0706254
149592,P2,314.0,314.0,1034.0,1034.0,False,0.37,8.0,4693610128,30.636029,104.0718871
153899,P2,314.0,314.0,1034.0,1034.0,False,0.34,8.0,4550769795,30.6498745,104.1098212
171738,P2,314.0,314.0,1034.0,1034.0,False,0.11,8.0,4701577779,30.6234569,104.0792126
176518,P2,314.0,314.0,1034.0,1034.0,False,0.79,8.0,3680455710,30.6593521,104.0170666
191951,P2,314.0,314.0,1034.0,1034.0,False,0.82,8.0,1159229570,30.67171,104.10427
46362,P2,314.0,314.0,1034.0,1034.0,False,1.56,9.12,2843289913,30.6854891,104.0600785
72680,P2,314.0,314.0,1034.0,1034.0,False,0.04,8.0,5218239997,30.698366,104.0518934
92800,P2,314.0,314.0,1034.0,1034.0,False,0.11,8.0,1159154995,30.6507357,104.0847852
98310,P2,314.0,314.0,1034.0,1034.0,False,1.62,9.24,4072596600,30.6740422,104.0109011
108680,P2,315.0,315.0,1035.0,1035.0,False,1.09,8.18,5218239994,30.6982821,104.0524691
116928,P2,315.0,315.0,1035.0,1035.0,False,1.8,9.6,4987535019,30.6266765,104.0095289
15944,P2,315.0,315.0,1035.0,1035.0,False,0.78,8.0,4701464362,30.6141471,104.0569488
185967,P2,315.0,315.0,1035.0,1035.0,False,0.3,8.0,4773916794,30.66127,104.00472
207798,P2,315.0,315.0,1035.0,1035.0,False,1.47,8.94,2676903527,30.6791315,103.9927194
41906,P2,315.0,315.0,1035.0,1035.0,False,1.98,9.96,3979164235,30.678018,104.1072365
44566,P2,315.0,315.0,1035.0,1035.0,False,0.76,8.0,2709174919,30.6268579,104.0817617
86781,P2,315.0,315.0,1035.0,1035.0,False,1.47,8.94,432442517,30.6790649,104.0095531
132669,P2,316.0,316.0,1036.0,1036.0,False,0.59,8.0,5218133405,30.647212,104.1099806
159789,P2,316.0,316.0,1036.0,1036.0,False,0.84,8.0,4695700267,30.6101747,104.0247853
165129,P2,316.0,316.0,1036.0,1036.0,False,2.21,10.42,5213238547,30.6388162,104.0460927
168322,P2,316.0,316.0,1036.0,1036.0,False,1.27,8.54,4106681919,30.6173591,103.9963793
187058,P2,316.0,316.0,1036.0,1036.0,False,1.41,8.82,1192818270,30.6633416,104.0903889
18839,P2,316.0,316.0,1036.0,1036.0,False,0.94,8.0,3541393470,30.68728,104.02596
197579,P2,316.0,316.0,1036.0,1036.0,False,1.46,8.92,5211337163,30.63696,104.0094
30315,P2,316.0,316.0,1036.0,1036.0,False,0.92,8.0,1506395061,30.70533,104.0748
37715,P2,316.0,316.0,1036.0,1036.0,False,0.39,8.0,4447921433,30.7228458,104.0498017
63326,P2,316.0,316.0,1036.0,1036.0,False,0.86,8.0,4548211633,30.6568954,104.0680555
91224,P2,316.0,316.0,1036.0,1036.0,False,2.21,10.42,4693609810,30.6335641,104.0719028
9358,P2,316.0,316.0,1036.0,1036.0,False,0.9,8.0,4548211342,30.6708306,104.0578328
10141,P2,317.0,317.0,1037.0,1037.0,False,0.69,8.0,2852225599,30.6383419,104.0601673
121973,P2,317.0,317.0,1037.0,1037.0,False,0.69,8.0,4547074304,30.6107818,104.0749601
161893,P2,317.0,317.0,1037.0,1037.0,False,0.33,8.0,2331442712,30.6399856,103.991066
3946,P2,317.0,317.0,1037.0,1037.0,False,0.33,8.0,432452998,30.661139,104.0742788
95741,P2,317.0,317.0,1037.0,1037.0,False,0.33,8.0,3562004416,30.6377822,104.0480217
147023,P2,318.0,318.0,1038.0,1038.0,False,1.08,8.16,2472046174,30.6580365,104.0633586
155883,P2,318.0,318.0,1038.0,1038.0,False,0.61,8.0,3034040780,30.70477,104.01136
202899,P2,318.0,318.0,1038.0,1038.0,False,1.59,9.18,4699007416,30.6127652,104.0448773
203855,P2,318.0,318.0,1038.0,1038.0,False,0.1,8.0,1916520528,30.63329,104.00207
30215,P2,318.0,318.0,1038.0,1038.0,False,2.31,10.62,4723840159,30.65555,104.08529
31339,P2,318.0,318.0,1038.0,1038.0,False,1.81,9.62,3034376760,30.66719,104.08818
45561,P2,318.0,318.0,1038.0,1038.0,False,2.44,10.88,4218012692,30.6283062,104.0434778
56611,P2,318.0,318.0,1038.0,1038.0,False,1.81,9.62,432442620,30.6848778,104.015336
106221,P2,319.0,319.0,1039.0,1039.0,False,3.16,12.32,4772463281,30.660393,104.0443583
126825,P2,319.0,319.0,1039.0,1039.0,False,0.57,8.0,4987536576,30.6426473,103.9968231
163464,P2,319.0,319.0,1039.0,1039.0,False,1.37,8.74,5300465518,30.725,104.0748769
176519,P2,319.0,319.0,1039.0,1039.0,False,1.5,9.0,3034393462,30.68218,104.04899
191367,P2,319.0,319.0,1039.0,1039.0,False,1.19,8.38,3076737454,30.661903,104.05428
56047,P2,319.0,319.0,1039.0,1039.0,False,0.07,8.0,2691023119,30.71574,103.98925
66231,P2,319.0,319.0,1039.0,1039.0,False,0.77,8.0,1916386518,30.64773,104.06111
79290,P2,319.0,319.0,1039.0,1039.0,False,3.16,12.32,1827955130,30.6645306,104.0543503
87625,P2,319.0,319.0,1039.0,1039.0,False,1.19,8.38,432432572,30.6616054,104.0378236
91384,P2,319.0,319.0,1039.0,1039.0,False,1.38,8.76,4550018962,30.6280943,103.9819558
101759,P2,320.0,320.0,1040.0,1040.0,False,0.59,8.0,3541426298,30.70276,104.07235
104374,P2,320.0,320.0,1040.0,1040.0,False,0.91,8.0,1159497947,30.6902087,104.0420276
147936,P2,320.0,320.0,1040.0,1040.0,False,0.91,8.0,4118527532,30.7031657,104.0976678
26010,P2,320.0,320.0,1040.0,1040.0,False,2.08,10.16,1159134903,30.6594044,104.0891979
40593,P2,320.0,320.0,1040.0,1040.0,False,1.82,9.64,4693609876,30.6319966,104.0696843
83377,P2,320.0,320.0,1040.0,1040.0,False,1.28,8.56,4693610171,30.6340601,104.0703572
85283,P2,320.0,320.0,1040.0,1040.0,False,1.28,8.56,5283966195,30.7018488,104.1144818
103047,P2,321.0,321.0,1041.0,1041.0,False,0.21,8.0,4447921422,30.720467,104.05505
107227,P2,321.0,321.0,1041.0,1041.0,False,0.76,8.0,672349622,30.70043,104.07907
161518,P2,321.0,321.0,1041.0,1041.0,False,2.77,11.54,4693610128,30.636029,104.0718871
31292,P2,321.0,321.0,1041.0,1041.0,False,1.31,8.62,4106682235,30.6803444,103.9972241
129730,P2,322.0,322.0,1042.0,1042.0,False,0.82,8.0,3087817485,30.6643872,104.0141038
129945,P2,322.0,322.0,1042.0,1042.0,False,2.35,10.7,5375783431,30.623058,104.0027511
150347,P2,322.0,322.0,1042.0,1042.0,False,0.24,8.0,3316576100,30.62905,104.1103
155483,P2,322.0,322.0,1042.0,1042.0,False,0.17,8.0,4693610105,30.6349384,104.0721861
164660,P2,322.0,322.0,1042.0,1042.0,False,0.53,8.0,4638050371,30.703058,104.0614812
169185,P2,322.0,322.0,1042.0,1042.0,False,0.82,8.0,4106681985,30.642215,103.9863635
179212,P2,322.0,322.0,1042.0,1042.0,False,0.4,8.0,4548211488,30.6626513,104.0580698
27173,P2,322.0,322.0,1042.0,1042.0,False,0.82,8.0,4877924396,30.6456255,104.1023277
85818,P2,322.0,322.0,1042.0,1042.0,False,0.53,8.0,4106681977,30.6418401,103.9777605
110928,P2,323.0,323.0,1043.0,1043.0,False,1.55,9.1,4701577730,30.6130057,104.0747279
157411,P2,323.0,323.0,1043.0,1043.0,False,0.03,8.0,1459928823,30.6439063,104.1112637
162110,P2,323.0,323.0,1043.0,1043.0,False,0.5,8.0,1458037192,30.6868359,104.100863
176990,P2,323.0,323.0,1043.0,1043.0,False,1.27,8.54,1459047527,30.6451948,104.1087318
177514,P2,323.0,323.0,1043.0,1043.0,False,1.26,8.52,3523308807,30.6350645,104.0799302
50638,P2,323.0,323.0,1043.0,1043.0,False,0.35,8.0,4054919090,30.7025633,104.0640043
68548,P2,323.0,323.0,1043.0,1043.0,False,1.3,8.6,3582243005,30.7096292,104.007262
73163,P2,323.0,323.0,1043.0,1043.0,False,0.27,8.0,4102485559,30.6919154,104.0374748
88267,P2,323.0,323.0,1043.0,1043.0,False,0.56,8.0,1159137566,30.65393,104.09014
9531,P2,323.0,323.0,1043.0,1043.0,False,1.13,8.26,1819305291,30.6408383,104.1069709
138087,P2,324.0,324.0,1044.0,1044.0,False,0.33,8.0,1159148929,30.65817,104.07097
169054,P2,324.0,324.0,1044.0,1044.0,False,0.33,8.0,5218240014,30.7039362,104.0535263
198215,P2,324.0,324.0,1044.0,1044.0,False,1.72,9.44,2956775225,30.71396,104.04934
34382,P2,324.0,324.0,1044.0,1044.0,False,1.15,8.3,4972893897,30.6095643,104.0488339
81651,P2,324.0,324.0,1044.0,1044.0,False,0.83,8.0,4217844073,30.627813,104.0435407
8626,P2,324.0,324.0,1044.0,1044.0,False,1.17,8.34,3087817521,30.6761614,104.0116948
156003,P2,325.0,325.0,1045.0,1045.0,False,1.59,9.18,2039550419,30.63852,104.10942
19666,P2,325.0,325.0,1045.0,1045.0,False,1.68,9.36,1159517082,30.6451341,104.0708323
206053,P2,325.0,325.0,1045.0,1045.0,False,0.36,8.0,2118898662,30.7120925,104.0842262
25343,P2,325.0,325.0,1045.0,1045.0,False,1.34,8.68,4565541460,30.649093,103.9822942
57348,P2,325.0,325.0,1045.0,1045.0,False,0.36,8.0,4136052358,30.6133902,104.0484293
140003,P2,326.0,326.0,1046.0,1046.0,False,1.21,8.42,4550018719,30.6516916,104.0530604
156683,P2,326.0,326.0,1046.0,1046.0,False,2.14,10.28,2039550422,30.67824,104.115906
162343,P2,326.0,326.0,1046.0,1046.0,False,0.88,8.0,5218240010,30.7026,104.04778
187139,P2,326.0,326.0,1046.0,1046.0,False,2.15,10.3,4772451022,30.680834,104.0077624
202876,P2,326.0,326.0,1046.0,1046.0,False,0.23,8.0,5213238430,30.6608765,104.0718551
50248,P2,326.0,326.0,1046.0,1046.0,False,2.05,10.1,4695700247,30.6170552,104.0197036
53917,P2,326.0,326.0,1046.0,1046.0,False,1.83,9.66,5218240222,30.6992065,104.0510351
58624,P2,326.0,326.0,1046.0,1046.0,False,1.21,8.42,4136052210,30.6105356,104.0479173
99534,P2,326.0,326.0,1046.0,1046.0,False,0.23,8.0,3632996309,30.6629381,104.0221459
162093,P2,327.0,327.0,1047.0,1047.0,False,0.49,8.0,5213237281,30.6415821,104.0850141
137796,P2,328.0,328.0,1048.0,1048.0,False,2.19,10.38,3562110263,30.6490224,104.0244599
174454,P2,328.0,328.0,1048.0,1048.0,False,0.62,8.0,2041527475,30.6926646,104.0983555
37808,P2,328.0,328.0,1048.0,1048.0,False,0.62,8.0,4773199350,30.6731203,104.0086354
85564,P2,328.0,328.0,1048.0,1048.0,False,1.85,9.7,4638105431,30.7072888,104.0671505
117969,P2,329.0,329.0,1049.0,1049.0,False,0.7,8.0,432441923,30.6357488,104.0303136
187033,P2,329.0,329.0,1049.0,1049.0,False,0.24,8.0,1159519336,30.6486787,104.063615
50349,P2,329.0,329.0,1049.0,1049.0,False,0.24,8.0,4106682216,30.6693803,104.0011708
60281,P2,329.0,329.0,1049.0,1049.0,False,0.7,8.0,2823785856,30.6788256,104.0767495
85682,P2,329.0,329.0,1049.0,1049.0,False,2.36,10.72,5283966197,30.7003324,104.104573
103067,P2,330.0,330.0,1050.0,1050.0,False,0.38,8.0,1159143853,30.677097,104.0867398
124799,P2,330.0,330.0,1050.0,1050.0,False,0.1,8.0,4106681938,30.61989,103.99169
134763,P2,330.0,330.0,1050.0,1050.0,False,0.31,8.0,4794992619,30.63933,104.06626
137779,P2,330.0,330.0,1050.0,1050.0,False,0.38,8.0,4118527460,30.7001906,104.0983786
159408,P2,330.0,330.0,1050.0,1050.0,False,2.45,10.9,1159140553,30.6589102,104.0999026
17799,P2,330.0,330.0,1050.0,1050.0,False,1.35,8.7,2366951323,30.64692,104.11355
184475,P2,330.0,330.0,1050.0,1050.0,False,1.89,9.78,1458998774,30.6598935,104.0980119
203696,P2,330.0,330.0,1050.0,1050.0,False,1.24,8.48,3087817488,30.6615289,104.0103156
32003,P2,330.0,330.0,1050.0,1050.0,False,1.5,9.0,3979164236,30.6790215,104.1104619
36765,P2,330.0,330.0,1050.0,1050.0,False,0.38,8.0,4987535050,30.6310897,104.0088361
67046,P2,330.0,330.0,1050.0,1050.0,False,0.1,8.0,3541427565,30.7090109,104.0467738
82616,P2,330.0,330.0,1050.0,1050.0,False,2.15,10.3,2712338395,30.7074645,104.037849
85663,P2,330.0,330.0,1050.0,1050.0,False,1.5,9.0,1302807371,30.6424224,104.0874982
1035,P2,331.0,331.0,1051.0,1051.0,False,1.45,8.9,3445813130,30.671347,104.0768
117895,P2,331.0,331.0,1051.0,1051.0,False,0.91,8.0,1885342900,30.6765911,104.0999762
157353,P2,331.0,331.0,1051.0,1051.0,False,1.34,8.68,3582245806,30.7226642,104.0050797
190807,P2,331.0,331.0,1051.0,1051.0,False,0.91,8.0,1159134910,30.660152,104.09059
197710,P2,331.0,331.0,1051.0,1051.0,False,0.36,8.0,4106682102,30.6431731,103.981028
209155,P2,331.0,331.0,1051.0,1051.0,False,1.2,8.4,2041527384,30.6848815,104.0960616
36043,P2,331.0,331.0,1051.0,1051.0,False,0.1,8.0,1459050116,30.6468064,104.1054155
110467,P2,332.0,332.0,1052.0,1052.0,False,1.05,8.1,4118527468,30.7003199,104.0825418
15816,P2,332.0,332.0,1052.0,1052.0,False,0.2,8.0,2202826072,30.6138802,104.023297
173408,P2,332.0,332.0,1052.0,1052.0,False,0.48,8.0,1815855048,30.6764152,103.9825875
175655,P2,332.0,332.0,1052.0,1052.0,False,0.59,8.0,2366953316,30.64305,104.11644
205847,P2,332.0,332.0,1052.0,1052.0,False,0.64,8.0,4903112581,30.66148,104.08053
26591,P2,332.0,332.0,1052.0,1052.0,False,0.2,8.0,4217844077,30.6283031,104.0423255
60584,P2,332.0,332.0,1052.0,1052.0,False,0.94,8.0,314655110,30.6113659,104.0467283
79380,P2,332.0,332.0,1052.0,1052.0,False,0.71,8.0,1958204223,30.6680714,104.0845314
91565,P2,332.0,332.0,1052.0,1052.0,False,0.04,8.0,314623115,30.6497781,104.0331547
110091,P2,333.0,333.0,1053.0,1053.0,False,3.02,12.04,3176000070,30.704744,104.0661
12212,P2,333.0,333.0,1053.0,1053.0,False,0.82,8.0,3925309351,30.6910605,104.1080237
198716,P2,333.0,333.0,1053.0,1053.0,False,1.92,9.84,1756176880,30.6384692,104.0293032
208559,P2,333.0,333.0,1053.0,1053.0,False,1.37,8.74,1457843757,30.6880064,104.0998047
21229,P2,333.0,333.0,1053.0,1053.0,False,1.46,8.92,4695640671,30.6170006,104.0260356
31734,P2,333.0,333.0,1053.0,1053.0,False,1.24,8.48,439751949,30.7000954,104.0007721
37152,P2,333.0,333.0,1053.0,1053.0,False,1.24,8.48,3033986268,30.6609585,104.0314765
47162,P2,333.0,333.0,1053.0,1053.0,False,1.46,8.92,3445813119,30.6595065,104.079037
80689,P2,333.0,333.0,1053.0,1053.0,False,0.31,8.0,4548259649,30.676216,103.9825873
123827,P2,334.0,334.0,1054.0,1054.0,False,0.49,8.0,3562047422,30.712577,104.0659058
28175,P2,334.0,334.0,1054.0,1054.0,False,2.75,11.5,2653567536,30.6677296,104.0940999
121060,P2,335.0,335.0,1055.0,1055.0,False,2.57,11.14,3562099602,30.649725,104.0333002
135987,P2,335.0,335.0,1055.0,1055.0,False,0.97,8.0,2956775863,30.7189106,104.0429193
154110,P2,335.0,335.0,1055.0,1055.0,False,2.57,11.14,2956775231,30.7113968,104.0427369
154549,P2,335.0,335.0,1055.0,1055.0,False,2.13,10.26,5211368071,30.6756843,103.9677104
55950,P2,335.0,335.0,1055.0,1055.0,False,0.36,8.0,4987536537,30.6273855,104.0004538
58136,P2,335.0,335.0,1055.0,1055.0,False,2.33,10.66,2204171388,30.724718,104.0785156
63187,P2,335.0,335.0,1055.0,1055.0,False,2.58,11.16,4601261200,30.66011,104.0766
67011,P2,335.0,335.0,1055.0,1055.0,False,1.93,9.86,1159445869,30.682406,104.0313778
71823,P2,335.0,335.0,1055.0,1055.0,False,1.85,9.7,1159141115,30.659206,104.10264
83474,P2,335.0,335.0,1055.0,1055.0,False,1.93,9.86,3176000067,30.7050264,104.0689735
100134,P2,336.0,336.0,1056.0,1056.0,False,0.76,8.0,4106682223,30.6744327,103.9973653
127805,P2,336.0,336.0,1056.0,1056.0,False,0.85,8.0,1157121784,30.6634919,104.005674
146803,P2,336.0,336.0,1056.0,1056.0,False,0.76,8.0,5375783458,30.6223245,104.0078639
161151,P2,336.0,336.0,1056.0,1056.0,False,0.85,8.0,4695700253,30.6182648,104.0197066
185403,P2,336.0,336.0,1056.0,1056.0,False,1.68,9.36,4794944084,30.64613,104.05912
22632,P2,336.0,336.0,1056.0,1056.0,False,0.76,8.0,2709032708,30.6260167,104.0846827
36147,P2,336.0,336.0,1056.0,1056.0,False,1.31,8.62,441187385,30.68836,104.06306
40658,P2,336.0,336.0,1056.0,1056.0,False,0.82,8.0,1159519336,30.6486787,104.063615
8949,P2,336.0,336.0,1056.0,1056.0,False,1.55,9.1,1815857516,30.6714839,103.9673978
112500,P2,337.0,337.0,1057.0,1057.0,False,0.29,8.0,4695662940,30.6122541,104.0315197
179091,P2,337.0,337.0,1057.0,1057.0,False,2.16,10.32,4107377015,30.631622,103.99972
203863,P2,337.0,337.0,1057.0,1057.0,False,0.29,8.0,4772463281,30.660393,104.0443583
22099,P2,337.0,337.0,1057.0,1057.0,False,0.21,8.0,4550769368,30.6270543,104.0999103
30946,P2,337.0,337.0,1057.0,1057.0,False,2.11,10.22,3523298662,30.6298946,104.0558158
44236,P2,337.0,337.0,1057.0,1057.0,False,0.83,8.0,2118977295,30.6949563,104.0038868
93820,P2,337.0,337.0,1057.0,1057.0,False,0.67,8.0,672360797,30.6544246,104.0755567
143215,P2,338.0,338.0,1058.0,1058.0,False,0.69,8.0,3541427587,30.7086902,104.0430668
147709,P2,338.0,338.0,1058.0,1058.0,False,1.51,9.02,4586532061,30.6879114,104.0196271
181443,P2,338.0,338.0,1058.0,1058.0,False,1.33,8.66,1159461706,30.6734,104.04034
196522,P2,338.0,338.0,1058.0,1058.0,False,1.22,8.44,1459000906,30.6565218,104.0959652
54312,P2,338.0,338.0,1058.0,1058.0,False,0.28,8.0,3582230417,30.6362611,103.9767154
74001,P2,338.0,338.0,1058.0,1058.0,False,1.43,8.86,4695701791,30.6127692,104.0190401
129447,P2,339.0,339.0,1059.0,1059.0,False,1.14,8.28,1159490040,30.69082,104.06327
13421,P2,339.0,339.0,1059.0,1059.0,False,2.47,10.94,432429420,30.6358259,104.0359135
187751,P2,339.0,339.0,1059.0,1059.0,False,2.47,10.94,3633018391,30.6678065,104.0647205
19843,P2,339.0,339.0,1059.0,1059.0,False,1.14,8.28,1159131458,30.66925,104.06009
41201,P2,339.0,339.0,1059.0,1059.0,False,1.46,8.92,1159453941,30.6612497,104.0448629
77715,P2,339.0,339.0,1059.0,1059.0,False,0.25,8.0,5375783936,30.657277,103.9966464
114929,P2,340.0,340.0,1060.0,1060.0,False,0.06,8.0,4534007713,30.7056446,104.1103811
149549,P2,340.0,340.0,1060.0,1060.0,False,0.71,8.0,5359113218,30.6777224,104.0114833
170830,P2,340.0,340.0,1060.0,1060.0,False,2.56,11.12,1455111174,30.6973306,104.1037374
208091,P2,340.0,340.0,1060.0,1060.0,False,2.56,11.12,3331334418,30.61165,104.08384
43629,P2,340.0,340.0,1060.0,1060.0,False,2.61,11.22,4547074331,30.610926,104.0724021
52090,P2,340.0,340.0,1060.0,1060.0,False,2.61,11.22,1815728551,30.7160488,104.1005357
83669,P2,340.0,340.0,1060.0,1060.0,False,0.63,8.0,5211368067,30.6697225,103.9724207
92460,P2,340.0,340.0,1060.0,1060.0,False,0.13,8.0,5141328429,30.6102582,104.0594337
154414,P2,341.0,341.0,1061.0,1061.0,False,0.8,8.0,3541427571,30.7024392,104.0309304
199099,P2,341.0,341.0,1061.0,1061.0,False,0.74,8.0,1159169336,30.6379205,104.0828585
20488,P2,341.0,341.0,1061.0,1061.0,False,0.96,8.0,4549993430,30.695966,104.0417285
48173,P2,341.0,341.0,1061.0,1061.0,False,0.8,8.0,5213237290,30.6421039,104.1150506
10538,P2,342.0,342.0,1062.0,1062.0,False,0.16,8.0,2041527388,30.6821424,104.0940169
121488,P2,342.0,342.0,1062.0,1062.0,False,1.54,9.08,3034408997,30.7030464,104.0908574
138307,P2,342.0,342.0,1062.0,1062.0,False,2.12,10.24,2041337970,30.683136,104.0954882
184745,P2,342.0,342.0,1062.0,1062.0,False,0.79,8.0,432452905,30.6187725,104.0694879
206000,P2,342.0,342.0,1062.0,1062.0,False,0.43,8.0,1918491706,30.6304607,104.0082188
4710,P2,342.0,342.0,1062.0,1062.0,False,0.92,8.0,4779165706,30.634746,104.0244234
59875,P2,342.0,342.0,1062.0,1062.0,False,2.27,10.54,1964427886,30.66956,104.10437
64553,P2,342.0,342.0,1062.0,1062.0,False,0.79,8.0,4592713498,30.6215914,104.0643526
97339,P2,342.0,342.0,1062.0,1062.0,False,2.12,10.24,2039550419,30.6384474,104.1095985
154977,P2,343.0,343.0,1063.0,1063.0,False,0.53,8.0,5213238582,30.6358767,104.0631586
172218,P2,343.0,343.0,1063.0,1063.0,False,0.15,8.0,4699007172,30.6108011,104.0340841
184652,P2,343.0,343.0,1063.0,1063.0,False,1.55,9.1,1492416226,30.6273996,104.0642752
32787,P2,343.0,343.0,1063.0,1063.0,False,1.2,8.4,504315289,30.70007,104.10297
38556,P2,343.0,343.0,1063.0,1063.0,False,1.2,8.4,432442955,30.676432,104.0195962
47401,P2,343.0,343.0,1063.0,1063.0,False,0.87,8.0,4548211238,30.6705398,104.0380758
47579,P2,343.0,343.0,1063.0,1063.0,False,2.67,11.34,4699007255,30.6109899,104.0392998
56957,P2,343.0,343.0,1063.0,1063.0,False,0.08,8.0,2731947765,30.612214,104.0788693
69790,P2,343.0,343.0,1063.0,1063.0,False,1.77,9.54,1302807423,30.6433624,104.0871649
85190,P2,343.0,343.0,1063.0,1063.0,False,0.94,8.0,4695601779,30.6093612,104.0295695
86047,P2,343.0,343.0,1063.0,1063.0,False,2.34,10.68,1159477630,30.67405,104.05354
86155,P2,343.0,343.0,1063.0,1063.0,False,1.26,8.52,4693609804,30.63349,104.06898
91717,P2,343.0,343.0,1063.0,1063.0,False,2.98,11.96,1918491740,30.6377601,104.008523
93284,P2,343.0,343.0,1063.0,1063.0,False,1.25,8.5,3562110259,30.6489639,104.027633
98983,P2,343.0,343.0,1063.0,1063.0,False,0.33,8.0,3541389073,30.68141,104.0347
11155,P2,344.0,344.0,1064.0,1064.0,False,1.0,8.0,2847752856,30.65756,104.1061
3187,P2,344.0,344.0,1064.0,1064.0,False,0.78,8.0,2843286549,30.6908658,104.0605784
60291,P2,344.0,344.0,1064.0,1064.0,False,1.38,8.76,4695601628,30.6120246,104.0344772
78093,P2,344.0,344.0,1064.0,1064.0,False,0.99,8.0,1457834347,30.6947679,104.1084834
130974,P2,345.0,345.0,1065.0,1065.0,False,1.99,9.98,3069351793,30.6341013,103.977463
152225,P2,345.0,345.0,1065.0,1065.0,False,1.9,9.8,4548211432,30.678542,104.0387249
153716,P2,345.0,345.0,1065.0,1065.0,False,1.24,8.48,4967265758,30.7040894,104.0047192
167265,P2,345.0,345.0,1065.0,1065.0,False,1.9,9.8,5213253135,30.664583,104.0934462
167946,P2,345.0,345.0,1065.0,1065.0,False,1.01,8.02,4981598406,30.6359973,103.9941445
177375,P2,345.0,345.0,1065.0,1065.0,False,0.17,8.0,3562028089,30.65917,104.09179
179537,P2,345.0,345.0,1065.0,1065.0,False,2.5,11.0,4964134669,30.720329,104.0296511
195411,P2,345.0,345.0,1065.0,1065.0,False,1.01,8.02,1964388817,30.6686,104.10173
36733,P2,345.0,345.0,1065.0,1065.0,False,0.6,8.0,4548259328,30.6532886,104.0297813
54997,P2,345.0,345.0,1065.0,1065.0,False,2.01,10.02,5211393926,30.6694518,103.9823034
88890,P2,345.0,345.0,1065.0,1065.0,False,1.9,9.8,4701577743,30.6488808,104.0721412
93754,P2,345.0,345.0,1065.0,1065.0,False,1.76,9.52,1916386443,30.6353341,104.0032177
102667,P2,346.0,346.0,1066.0,1066.0,False,1.81,9.62,4779165766,30.6379987,104.0736822
126358,P2,346.0,346.0,1066.0,1066.0,False,0.24,8.0,1458550332,30.682592,104.1030391
11053,P2,347.0,347.0,1067.0,1067.0,False,0.63,8.0,5053143849,30.7261406,104.0006113
111866,P2,347.0,347.0,1067.0,1067.0,False,1.01,8.02,3523298668,30.629993,104.0475149
34092,P2,347.0,347.0,1067.0,1067.0,False,1.01,8.02,3943038369,30.6434266,104.0639589
36704,P2,347.0,347.0,1067.0,1067.0,False,2.23,10.46,4967265776,30.7076058,104.0142672
60003,P2,347.0,347.0,1067.0,1067.0,False,0.65,8.0,4572410203,30.7259172,104.0070453
123183,P2,348.0,348.0,1068.0,1068.0,False,0.06,8.0,2080650542,30.6469992,104.0563483
177658,P2,348.0,348.0,1068.0,1068.0,False,1.0,8.0,4695701800,30.6126987,104.0195821
193730,P2,348.0,348.0,1068.0,1068.0,False,0.89,8.0,2728372891,30.6269278,104.072644
51539,P2,348.0,348.0,1068.0,1068.0,False,1.97,9.94,4548259670,30.6542,104.0193926
91241,P2,348.0,348.0,1068.0,1068.0,False,0.04,8.0,4106681943,30.6243263,103.9943735
97578,P2,348.0,348.0,1068.0,1068.0,False,1.3,8.6,4779165769,30.6365283,104.0737457
137584,P2,349.0,349.0,1069.0,1069.0,False,0.26,8.0,1492574988,30.6217426,104.0643473
143344,P2,349.0,349.0,1069.0,1069.0,False,3.08,12.16,2907361696,30.6426299,104.0909818
159214,P2,349.0,349.0,1069.0,1069.0,False,0.17,8.0,4693609980,30.6288924,104.0691555
183843,P2,349.0,349.0,1069.0,1069.0,False,0.17,8.0,3742070458,30.649269,104.0879116
202299,P2,349.0,349.0,1069.0,1069.0,False,0.06,8.0,432442519,30.683134,104.0127396
33364,P2,349.0,349.0,1069.0,1069.0,False,0.27,8.0,2041527462,30.6926646,104.096671
72329,P2,349.0,349.0,1069.0,1069.0,False,1.6,9.2,1159502916,30.6897875,104.0318126
76057,P2,349.0,349.0,1069.0,1069.0,False,3.08,12.16,5283966198,30.7016693,104.1043698
110371,P2,350.0,350.0,1070.0,1070.0,False,0.08,8.0,3541404997,30.68799,104.05428
119358,P2,350.0,350.0,1070.0,1070.0,False,0.45,8.0,1159478537,30.6731068,104.0492536
169370,P2,350.0,350.0,1070.0,1070.0,False,1.31,8.62,1159230555,30.6836121,104.0910298
171652,P2,350.0,350.0,1070.0,1070.0,False,1.31,8.62,4548317899,30.6320768,104.0923232
187747,P2,350.0,350.0,1070.0,1070.0,False,0.08,8.0,4547074305,30.611027,104.0696888
193599,P2,350.0,350.0,1070.0,1070.0,False,0.18,8.0,3034029043,30.666857,104.00823
32989,P2,350.0,350.0,1070.0,1070.0,False,0.26,8.0,4548211255,30.6796797,104.0394063
56193,P2,350.0,350.0,1070.0,1070.0,False,1.1,8.2,3927877864,30.6765218,103.9906479
78831,P2,350.0,350.0,1070.0,1070.0,False,2.63,11.26,1159447628,30.6710271,104.029627
108151,P2,351.0,351.0,1071.0,1071.0,False,0.56,8.0,5141458199,30.6328301,104.071764
126988,P2,351.0,351.0,1071.0,1071.0,False,2.26,10.52,2217714926,30.6609975,104.0718879
146954,P2,351.0,351.0,1071.0,1071.0,False,1.3,8.6,5055911221,30.715579,104.1041139
164285,P2,351.0,351.0,1071.0,1071.0,False,0.11,8.0,4701577736,30.6485928,104.0727955
204750,P2,351.0,351.0,1071.0,1071.0,False,2.26,10.52,4773199345,30.6744417,104.0086339
73108,P2,351.0,351.0,1071.0,1071.0,False,1.39,8.78,1159160253,30.6161619,104.0965517
78583,P2,351.0,351.0,1071.0,1071.0,False,0.87,8.0,3445813112,30.662298,104.07585
79983,P2,351.0,351.0,1071.0,1071.0,False,1.26,8.52,4900292718,30.665125,104.067955
89926,P2,351.0,351.0,1071.0,1071.0,False,2.06,10.12,4549759292,30.6672728,104.0578932
176846,P2,352.0,352.0,1072.0,1072.0,False,1.05,8.1,1902099031,30.7263571,104.0673591
194862,P2,352.0,352.0,1072.0,1072.0,False,1.4,8.8,4548211472,30.6383459,104.0294391
204379,P2,352.0,352.0,1072.0,1072.0,False,1.29,8.58,2271614427,30.7165086,103.966667
61455,P2,352.0,352.0,1072.0,1072.0,False,0.29,8.0,1156119116,30.66534,104.063736
63950,P2,352.0,352.0,1072.0,1072.0,False,3.2,12.4,4693610102,30.6346241,104.0708792
68819,P2,352.0,352.0,1072.0,1072.0,False,1.05,8.1,2651588758,30.667906,104.09985
7087,P2,352.0,352.0,1072.0,1072.0,False,1.4,8.8,4773916454,30.65709,104.00107
150208,P2,353.0,353.0,1073.0,1073.0,False,0.25,8.0,4550770092,30.6305628,104.1012908
175983,P2,353.0,353.0,1073.0,1073.0,False,2.61,11.22,4548259535,30.70005,104.04599
187698,P2,353.0,353.0,1073.0,1073.0,False,2.61,11.22,1159223045,30.716274,104.0377074
23973,P2,353.0,353.0,1073.0,1073.0,False,2.39,10.78,4701400364,30.6111391,104.0334661
31805,P2,353.0,353.0,1073.0,1073.0,False,0.72,8.0,803149778,30.6795374,104.0924023
49780,P2,353.0,353.0,1073.0,1073.0,False,1.51,9.02,4547074354,30.6109199,104.0780946
66284,P2,353.0,353.0,1073.0,1073.0,False,0.34,8.0,3523294443,30.6601842,104.0431961
69855,P2,353.0,353.0,1073.0,1073.0,False,0.34,8.0,3579530515,30.650686,104.115906
74693,P2,353.0,353.0,1073.0,1073.0,False,0.13,8.0,1459039140,30.6441961,104.1063228
91362,P2,353.0,353.0,1073.0,1073.0,False,1.39,8.78,3523314192,30.6251237,104.0536782
100784,P2,354.0,354.0,1074.0,1074.0,False,1.18,8.36,4799195760,30.6252866,103.9963939
128672,P2,354.0,354.0,1074.0,1074.0,False,2.01,10.02,3562111926,30.6663335,104.0890229
130184,P2,354.0,354.0,1074.0,1074.0,False,2.12,10.24,5375783997,30.6534883,103.9914161
154032,P2,354.0,354.0,1074.0,1074.0,False,0.13,8.0,1159171635,30.6264052,104.0816035
156395,P2,354.0,354.0,1074.0,1074.0,False,1.36,8.72,314655017,30.6279823,104.0441076
166007,P2,354.0,354.0,1074.0,1074.0,False,1.21,8.42,4548211346,30.6785626,104.0578746
177541,P2,354.0,354.0,1074.0,1074.0,False,0.09,8.0,1159455179,30.6603304,104.0463317
182439,P2,354.0,354.0,1074.0,1074.0,False,1.31,8.62,3034409015,30.70798,104.0959
189916,P2,354.0,354.0,1074.0,1074.0,False,0.08,8.0,1815729257,30.7149532,104.0609822
27418,P2,354.0,354.0,1074.0,1074.0,False,1.58,9.16,3034409010,30.7075669,104.0916811
35236,P2,354.0,354.0,1074.0,1074.0,False,0.25,8.0,1885342904,30.6791715,104.0982216
56535,P2,354.0,354.0,1074.0,1074.0,False,0.08,8.0,2214043180,30.6285207,104.087315
57791,P2,354.0,354.0,1074.0,1074.0,False,0.99,8.0,2691023148,30.7208695,103.9825138
84496,P2,354.0,354.0,1074.0,1074.0,False,1.18,8.36,4934383662,30.6183255,104.1124386
109757,P2,355.0,355.0,1075.0,1075.0,False,0.9,8.0,5213238523,30.6482973,104.0388537
159469,P2,355.0,355.0,1075.0,1075.0,False,1.26,8.52,803147935,30.6415027,104.0850682
44123,P2,355.0,355.0,1075.0,1075.0,False,0.11,8.0,318090606,30.6600432,104.0136054
71865,P2,355.0,355.0,1075.0,1075.0,False,2.58,11.16,5002301703,30.6898323,104.0341507
79109,P2,355.0,355.0,1075.0,1075.0,False,2.57,11.14,4106682111,30.6438317,103.9798694
84760,P2,355.0,355.0,1075.0,1075.0,False,2.57,11.14,1301933030,30.6445203,104.0738433
112223,P2,356.0,356.0,1076.0,1076.0,False,1.02,8.04,4400595030,30.6724672,104.0789696
125864,P2,356.0,356.0,1076.0,1076.0,False,2.65,11.3,3562015381,30.6613172,104.0827296
198231,P2,356.0,356.0,1076.0,1076.0,False,0.23,8.0,432429393,30.6387705,104.0539813
203790,P2,356.0,356.0,1076.0,1076.0,False,1.6,9.2,4748183730,30.6265602,104.0182104
45561,P2,356.0,356.0,1076.0,1076.0,False,1.6,9.2,4695640656,30.6179593,104.0247902
62504,P2,356.0,356.0,1076.0,1076.0,False,0.59,8.0,4972893897,30.6095643,104.0488339
95738,P2,356.0,356.0,1076.0,1076.0,False,1.04,8.08,2731951966,30.6143063,104.0803072
118519,P2,357.0,357.0,1077.0,1077.0,False,0.12,8.0,3436486414,30.64434,104.04929
160815,P2,357.0,357.0,1077.0,1077.0,False,1.33,8.66,1964427886,30.66968,104.1043
168296,P2,357.0,357.0,1077.0,1077.0,False,2.26,10.52,4107377018,30.6349075,103.9976232
5907,P2,357.0,357.0,1077.0,1077.0,False,0.78,8.0,4693610126,30.6360193,104.0716609
9941,P2,357.0,357.0,1077.0,1077.0,False,1.96,9.92,4586532060,30.6797361,104.0128916
11923,P2,358.0,358.0,1078.0,1078.0,False,1.35,8.7,5375783765,30.6323951,104.0114961
133421,P2,358.0,358.0,1078.0,1078.0,False,2.38,10.76,1311904446,30.6417883,104.072733
135315,P2,358.0,358.0,1078.0,1078.0,False,1.22,8.44,4549993421,30.6940004,104.0390818
181255,P2,358.0,358.0,1078.0,1078.0,False,0.75,8.0,1956538080,30.6819793,104.1092987
19249,P2,358.0,358.0,1078.0,1078.0,False,1.58,9.16,5436607071,30.6375728,104.0649959
57551,P2,358.0,358.0,1078.0,1078.0,False,0.33,8.0,4964134669,30.72039,104.02989
62617,P2,358.0,358.0,1078.0,1078.0,False,1.43,8.86,318083034,30.6763161,103.987262
67867,P2,358.0,358.0,1078.0,1078.0,False,0.83,8.0,4107377020,30.636352,103.9966679
86461,P2,358.0,358.0,1078.0,1078.0,False,2.39,10.78,5367291465,30.6269762,104.0021941
130663,P2,359.0,359.0,1079.0,1079.0,False,1.22,8.44,1964323678,30.6733,104.1016
163035,P2,359.0,359.0,1079.0,1079.0,False,1.73,9.46,4721452999,30.704468,104.083115
200683,P2,359.0,359.0,1079.0,1079.0,False,1.62,9.24,1159224808,30.696377,104.0357
85278,P2,359.0,359.0,1079.0,1079.0,False,0.16,8.0,3613960013,30.6637239,104.0530348
99544,P2,359.0,359.0,1079.0,1079.0,False,0.23,8.0,441159820,30.7182622,104.1015038
184910,P2,360.0,360.0,1080.0,1080.0,False,0.32,8.0,5034131303,30.6513901,103.990594
33523,P2,360.0,360.0,1080.0,1080.0,False,0.64,8.0,5367321407,30.6640985,103.9835444
79635,P2,360.0,360.0,1080.0,1080.0,False,0.32,8.0,3034376764,30.67353,104.06188
85421,P2,360.0,360.0,1080.0,1080.0,False,0.82,8.0,3927876939,30.6750845,103.9870927
119683,P2,361.0,361.0,1081.0,1081.0,False,0.04,8.0,4693610153,30.63395,104.0667
14397,P2,361.0,361.0,1081.0,1081.0,False,1.75,9.5,3632988785,30.6637576,104.033236
166542,P2,361.0,361.0,1081.0,1081.0,False,1.75,9.5,1507238858,30.7082982,104.078071
45111,P2,361.0,361.0,1081.0,1081.0,False,2.24,10.48,5213253142,30.66507,104.10933
50044,P2,361.0,361.0,1081.0,1081.0,False,1.58,9.16,2956775230,30.7119064,104.0361808
93291,P2,361.0,361.0,1081.0,1081.0,False,1.58,9.16,3562099191,30.6525357,104.0741928
109166,P2,362.0,362.0,1082.0,1082.0,False,2.85,11.7,432442597,30.6864538,104.0252784
111366,P2,362.0,362.0,1082.0,1082.0,False,0.69,8.0,2080664445,30.6202083,104.098017
113364,P2,362.0,362.0,1082.0,1082.0,False,0.92,8.0,2956775838,30.7162346,104.0486586
153963,P2,362.0,362.0,1082.0,1082.0,False,2.85,11.7,314623121,30.6501468,104.0317615
166649,P2,362.0,362.0,1082.0,1082.0,False,0.86,8.0,4550701367,30.6184605,103.9832886
169755,P2,362.0,362.0,1082.0,1082.0,False,0.69,8.0,3562047422,30.713085,104.065346
178627,P2,362.0,362.0,1082.0,1082.0,False,1.11,8.22,4548259535,30.6999212,104.0451586
204239,P2,362.0,362.0,1082.0,1082.0,False,0.21,8.0,3562110274,30.6716,104.06648
208890,P2,362.0,362.0,1082.0,1082.0,False,0.69,8.0,4106682230,30.6772401,104.0002265
53462,P2,362.0,362.0,1082.0,1082.0,False,1.8,9.6,4548211618,30.6339961,104.0242876
67616,P2,362.0,362.0,1082.0,1082.0,False,1.75,9.5,1156126791,30.6874943,104.1001317
71359,P2,362.0,362.0,1082.0,1082.0,False,1.15,8.3,2823798122,30.6572364,104.0546464
143302,P2,363.0,363.0,1083.0,1083.0,False,1.67,9.34,2204171389,30.7236639,104.079988
159702,P2,363.0,363.0,1083.0,1083.0,False,0.95,8.0,1445481371,30.6588306,104.0635409
172880,P2,363.0,363.0,1083.0,1083.0,False,1.05,8.1,4548211662,30.6560954,104.0197676
176153,P2,363.0,363.0,1083.0,1083.0,False,0.45,8.0,2039561238,30.6889265,104.111324
197555,P2,363.0,363.0,1083.0,1083.0,False,1.05,8.1,2039561244,30.684113,104.103874
204335,P2,363.0,363.0,1083.0,1083.0,False,0.21,8.0,4748183722,30.6234372,104.0192515
24137,P2,363.0,363.0,1083.0,1083.0,False,0.21,8.0,2039561243,30.6915304,104.1023979
104294,P2,364.0,364.0,1084.0,1084.0,False,0.12,8.0,4548318064,30.6440185,104.0855758
115719,P2,364.0,364.0,1084.0,1084.0,False,1.65,9.3,1159227452,30.69447,104.05393
203199,P2,364.0,364.0,1084.0,1084.0,False,0.95,8.0,1819305189,30.63799,104.10742
98823,P2,364.0,364.0,1084.0,1084.0,False,1.26,8.52,5141468685,30.6375532,104.0942474
188215,P2,365.0,365.0,1085.0,1085.0,False,0.96,8.0,1819305154,30.6251347,104.0918688
199792,P2,365.0,365.0,1085.0,1085.0,False,0.47,8.0,4414330241,30.6626003,104.0893239
43872,P2,365.0,365.0,1085.0,1085.0,False,1.28,8.56,5055908307,30.7065733,104.1135254
13393,P2,366.0,366.0,1086.0,1086.0,False,0.36,8.0,4217844072,30.6276044,104.0441595
144274,P2,366.0,366.0,1086.0,1086.0,False,1.01,8.02,4550769148,30.6389567,104.0913082
187025,P2,366.0,366.0,1086.0,1086.0,False,0.59,8.0,1506537735,30.7166217,104.0720665
188523,P2,366.0,366.0,1086.0,1086.0,False,1.53,9.06,4548211437,30.6750514,104.0655308
5771,P2,366.0,366.0,1086.0,1086.0,False,0.13,8.0,4294975863,30.6375611,103.9964656
11183,P2,367.0,367.0,1087.0,1087.0,False,0.07,8.0,3199773741,30.7033011,104.1145094
132117,P2,367.0,367.0,1087.0,1087.0,False,0.07,8.0,2118977295,30.6949563,104.0038868
134038,P2,367.0,367.0,1087.0,1087.0,False,0.84,8.0,4964134720,30.709277,104.0174012
140804,P2,367.0,367.0,1087.0,1087.0,False,2.66,11.32,2041314679,30.6804953,104.0974006
160814,P2,367.0,367.0,1087.0,1087.0,False,1.37,8.74,4106681943,30.6243263,103.9943735
163283,P2,367.0,367.0,1087.0,1087.0,False,1.64,9.28,4220546257,30.6546878,104.0758999
179053,P2,367.0,367.0,1087.0,1087.0,False,1.64,9.28,1302807371,30.6424224,104.0874982
197303,P2,367.0,367.0,1087.0,1087.0,False,1.06,8.12,1301933046,30.65445,104.07022
74378,P2,367.0,367.0,1087.0,1087.0,False,1.06,8.12,1492619195,30.6230476,104.0660465
80596,P2,367.0,367.0,1087.0,1087.0,False,1.64,9.28,4548211199,30.6747842,104.0379887
81984,P2,367.0,367.0,1087.0,1087.0,False,2.66,11.32,4550018783,30.6520369,104.0594294
97243,P2,367.0,367.0,1087.0,1087.0,False,0.09,8.0,1159143355,30.661007,104.102325
101085,P2,368.0,368.0,1088.0,1088.0,False,0.02,8.0,4106682221,30.6724514,103.9988918
135769,P2,368.0,368.0,1088.0,1088.0,False,2.89,11.78,2329115963,30.6304362,104.0379343
153793,P2,368.0,368.0,1088.0,1088.0,False,0.34,8.0,5037045682,30.6331021,104.0879891
38505,P2,368.0,368.0,1088.0,1088.0,False,0.43,8.0,4548259373,30.6541163,104.0442485
76403,P2,368.0,368.0,1088.0,1088.0,False,0.97,8.0,3562086854,30.679193,104.04292
80526,P2,368.0,368.0,1088.0,1088.0,False,0.97,8.0,5211337145,30.6512391,103.9895957
91316,P2,368.0,368.0,1088.0,1088.0,False,1.13,8.26,1885342918,30.6768284,104.100802
92741,P2,368.0,368.0,1088.0,1088.0,False,2.73,11.46,4695640651,30.6110298,104.0253013
113802,P2,369.0,369.0,1089.0,1089.0,False,2.91,11.82,1819305189,30.6383429,104.1069867
166195,P2,369.0,369.0,1089.0,1089.0,False,0.98,8.0,2847752854,30.658926,104.10607
169955,P2,369.0,369.0,1089.0,1089.0,False,1.7,9.4,4548211308,30.672619,104.05729
187648,P2,369.0,369.0,1089.0,1089.0,False,2.91,11.82,432453024,30.6476681,104.1036283
198115,P2,369.0,369.0,1089.0,1089.0,False,1.21,8.42,3034040773,30.7015413,104.0123302
35271,P2,369.0,369.0,1089.0,1089.0,False,0.75,8.0,872833768,30.6589036,104.0669358
47956,P2,369.0,369.0,1089.0,1089.0,False,2.76,11.52,4550700992,30.6278825,104.098802
51779,P2,369.0,369.0,1089.0,1089.0,False,1.29,8.58,5211337155,30.6359661,104.0040411
149676,P2,370.0,370.0,1090.0,1090.0,False,0.63,8.0,3034409135,30.7175517,104.0897053
153781,P2,370.0,370.0,1090.0,1090.0,False,0.24,8.0,1305816684,30.6676822,104.0696328
198317,P2,370.0,370.0,1090.0,1090.0,False,3.31,12.62,2329066042,30.6546052,104.1124316
201193,P2,370.0,370.0,1090.0,1090.0,False,0.63,8.0,2692990557,30.7047471,104.0919616
26436,P2,370.0,370.0,1090.0,1090.0,False,0.48,8.0,1159224292,30.6965641,104.0475878
118536,P2,371.0,371.0,1091.0,1091.0,False,1.1,8.2,5213238547,30.6388162,104.0460927
122388,P2,371.0,371.0,1091.0,1091.0,False,0.49,8.0,2712338398,30.7073784,104.0390462
135035,P2,371.0,371.0,1091.0,1091.0,False,0.79,8.0,2981319500,30.7142472,104.0049102
177647,P2,371.0,371.0,1091.0,1091.0,False,0.93,8.0,288416384,30.6811455,104.0693596
179585,P2,371.0,371.0,1091.0,1091.0,False,2.0,10.0,4549993411,30.6925901,104.037526
186647,P2,371.0,371.0,1091.0,1091.0,False,1.1,8.2,1159143853,30.67733,104.08729
186921,P2,371.0,371.0,1091.0,1091.0,False,0.15,8.0,1916386495,30.6368784,104.0583902
21171,P2,371.0,371.0,1091.0,1091.0,False,1.19,8.38,4967265402,30.6545808,104.0948913
40232,P2,371.0,371.0,1091.0,1091.0,False,0.79,8.0,5013455445,30.6141617,104.0573633
53520,P2,371.0,371.0,1091.0,1091.0,False,0.38,8.0,529986156,30.7144955,103.9923426
138567,P2,372.0,372.0,1092.0,1092.0,False,0.85,8.0,1159143854,30.67737,104.08381
144971,P2,372.0,372.0,1092.0,1092.0,False,0.08,8.0,4978440957,30.68239,104.0727
159357,P2,372.0,372.0,1092.0,1092.0,False,0.36,8.0,4693610131,30.6356064,104.0708498
26936,P2,372.0,372.0,1092.0,1092.0,False,2.02,10.04,1908261346,30.6254216,104.1025401
45902,P2,372.0,372.0,1092.0,1092.0,False,0.79,8.0,4695640673,30.6170269,104.0270043
100508,P2,373.0,373.0,1093.0,1093.0,False,1.73,9.46,4550019067,30.6514584,104.0547788
118834,P2,373.0,373.0,1093.0,1093.0,False,1.87,9.74,4548209371,30.6627394,104.0535913
131053,P2,373.0,373.0,1093.0,1093.0,False,2.73,11.46,1815855060,30.676389,103.9893187
15939,P2,373.0,373.0,1093.0,1093.0,False,0.03,8.0,3199773570,30.7002061,104.1134026
163415,P2,373.0,373.0,1093.0,1093.0,False,1.3,8.6,1492633088,30.6201262,104.0645187
73202,P2,373.0,373.0,1093.0,1093.0,False,0.5,8.0,432442859,30.6727101,103.9961226
7383,P2,373.0,373.0,1093.0,1093.0,False,1.52,9.04,2726912095,30.67887,104.06948
10576,P2,374.0,374.0,1094.0,1094.0,False,0.08,8.0,2907352539,30.6440749,104.0899379
114579,P2,374.0,374.0,1094.0,1094.0,False,2.22,10.44,4585624086,30.67521,104.03356
162467,P2,374.0,374.0,1094.0,1094.0,False,0.88,8.0,2843289926,30.68175,104.06795
19305,P2,374.0,374.0,1094.0,1094.0,False,0.22,8.0,1159224292,30.6965641,104.0475878
197406,P2,374.0,374.0,1094.0,1094.0,False,0.12,8.0,672360506,30.6656659,104.0853876
42221,P2,374.0,374.0,1094.0,1094.0,False,0.88,8.0,4880298883,30.6217827,104.1011408
53935,P2,374.0,374.0,1094.0,1094.0,False,0.15,8.0,5375783806,30.6558811,104.0016809
56903,P2,374.0,374.0,1094.0,1094.0,False,0.34,8.0,2868588324,30.665045,104.08402
57895,P2,374.0,374.0,1094.0,1094.0,False,2.96,11.92,4878042023,30.6222534,104.1029333
108256,P2,375.0,375.0,1095.0,1095.0,False,0.01,8.0,5218239998,30.6983766,104.0523229
13222,P2,375.0,375.0,1095.0,1095.0,False,0.01,8.0,1504184877,30.7133046,104.0780528
135451,P2,375.0,375.0,1095.0,1095.0,False,0.92,8.0,2133188303,30.6200589,104.0962298
171107,P2,375.0,375.0,1095.0,1095.0,False,1.07,8.14,4220546259,30.654545,104.0744
201647,P2,375.0,375.0,1095.0,1095.0,False,2.71,11.42,2729373176,30.6166289,104.0457287
58073,P2,375.0,375.0,1095.0,1095.0,False,1.73,9.46,4695640580,30.6121794,104.0253352
66305,P2,375.0,375.0,1095.0,1095.0,False,1.07,8.14,4772430862,30.6783348,104.0057852
6833,P2,375.0,375.0,1095.0,1095.0,False,1.2,8.4,1815855081,30.6762251,103.9766378
89520,P2,375.0,375.0,1095.0,1095.0,False,2.18,10.36,4695640609,30.6111195,104.0260517
89605,P2,375.0,375.0,1095.0,1095.0,False,1.05,8.1,432441915,30.6285016,104.026985
93255,P2,375.0,375.0,1095.0,1095.0,False,0.03,8.0,5133238793,30.6292254,104.0739904
126367,P2,376.0,376.0,1096.0,1096.0,False,1.82,9.64,1312615989,30.659266,104.05681
141352,P2,376.0,376.0,1096.0,1096.0,False,1.32,8.64,3633001071,30.6661508,104.0233502
158431,P2,376.0,376.0,1096.0,1096.0,False,0.92,8.0,4078817932,30.70415,104.08226
181875,P2,376.0,376.0,1096.0,1096.0,False,1.57,9.14,4719831092,30.69309,104.01712
185405,P2,376.0,376.0,1096.0,1096.0,False,0.06,8.0,3034376774,30.6799462,104.0635538
26769,P2,376.0,376.0,1096.0,1096.0,False,0.92,8.0,1311904431,30.6418292,104.0732875
60629,P2,376.0,376.0,1096.0,1096.0,False,1.28,8.56,2912291165,30.6410523,104.1040394
76051,P2,376.0,376.0,1096.0,1096.0,False,2.67,11.34,3562045362,30.72307,104.06206
128611,P2,377.0,377.0,1097.0,1097.0,False,0.35,8.0,4548211231,30.6623306,104.058296
135311,P2,377.0,377.0,1097.0,1097.0,False,0.0,8.0,3562045387,30.7115826,104.042712
143195,P2,377.0,377.0,1097.0,1097.0,False,1.55,9.1,3034330085,30.6655,104.07809
197649,P2,377.0,377.0,1097.0,1097.0,False,2.99,11.98,5422574961,30.6883373,104.0671693
197881,P2,377.0,377.0,1097.0,1097.0,False,0.41,8.0,4779165710,30.6362246,104.0255253
38899,P2,377.0,377.0,1097.0,1097.0,False,0.51,8.0,2823813240,30.67039,104.0659
48878,P2,377.0,377.0,1097.0,1097.0,False,0.34,8.0,1916520514,30.6277481,104.0081905
56766,P2,377.0,377.0,1097.0,1097.0,False,2.6,11.2,432442636,30.6855883,104.0193808
69283,P2,377.0,377.0,1097.0,1097.0,False,0.0,8.0,3562117102,30.6479583,104.0555168
7377,P2,377.0,377.0,1097.0,1097.0,False,0.72,8.0,5141468779,30.6303775,104.092209
142529,P2,378.0,378.0,1098.0,1098.0,False,2.03,10.06,3523308825,30.6403223,104.0825652
207333,P2,378.0,378.0,1098.0,1098.0,False,0.48,8.0,3034409144,30.7156679,104.104129
23327,P2,378.0,378.0,1098.0,1098.0,False,2.49,10.98,2039561238,30.6889265,104.111324
79696,P2,378.0,378.0,1098.0,1098.0,False,0.38,8.0,4548141088,30.6188957,104.0747497
86507,P2,378.0,378.0,1098.0,1098.0,False,1.04,8.08,4693610147,30.6353451,104.0677562
16067,P2,379.0,379.0,1099.0,1099.0,False,0.73,8.0,4695640673,30.6170269,104.0270043
51753,P2,379.0,379.0,1099.0,1099.0,False,2.14,10.28,1459057462,30.6448957,104.1069577
57406,P2,379.0,379.0,1099.0,1099.0,False,1.47,8.94,432442971,30.6806612,104.0153467
119259,P2,380.0,380.0,1100.0,1100.0,False,1.41,8.82,4548259386,30.6812152,104.0533192
135931,P2,380.0,380.0,1100.0,1100.0,False,0.92,8.0,3069351956,30.6280116,103.9877324
141898,P2,380.0,380.0,1100.0,1100.0,False,2.98,11.96,4900292716,30.6657138,104.0682592
152459,P2,380.0,380.0,1100.0,1100.0,False,0.89,8.0,2868588324,30.66493,104.08435
154247,P2,380.0,380.0,1100.0,1100.0,False,2.52,11.04,2729373178,30.6133087,104.0447277
182220,P2,380.0,380.0,1100.0,1100.0,False,0.48,8.0,4106682180,30.6570925,103.9807985
18295,P2,380.0,380.0,1100.0,1100.0,False,2.54,11.08,432452905,30.6187725,104.0694879
195502,P2,380.0,380.0,1100.0,1100.0,False,0.92,8.0,1815855140,30.6778089,103.9685524
31133,P2,380.0,380.0,1100.0,1100.0,False,1.05,8.1,5141468681,30.6389126,104.0914005
58377,P2,380.0,380.0,1100.0,1100.0,False,0.92,8.0,1987226881,30.6663436,104.0488578
65551,P2,380.0,380.0,1100.0,1100.0,False,1.05,8.1,3516900120,30.67099,104.08192
74295,P2,380.0,380.0,1100.0,1100.0,False,0.6,8.0,432441924,30.63432,104.02916
96382,P2,380.0,380.0,1100.0,1100.0,False,1.83,9.66,4900292688,30.6694752,104.0643722
96833,P2,380.0,380.0,1100.0,1100.0,False,2.54,11.08,2560005515,30.6276597,104.0222558
122415,P2,381.0,381.0,1101.0,1101.0,False,3.63,13.26,4874328134,30.6260118,104.0998453
127352,P2,381.0,381.0,1101.0,1101.0,False,2.31,10.62,2785843772,30.6893868,104.0104448
131589,P2,381.0,381.0,1101.0,1101.0,False,2.31,10.62,3680455715,30.659544,104.0163177
141075,P2,381.0,381.0,1101.0,1101.0,False,0.37,8.0,2041535225,30.66391,104.0792
166124,P2,381.0,381.0,1101.0,1101.0,False,1.13,8.26,4107376998,30.6094154,104.0065025
169967,P2,381.0,381.0,1101.0,1101.0,False,1.51,9.02,3541427576,30.70518,104.03537
183567,P2,381.0,381.0,1101.0,1101.0,False,1.13,8.26,3445813126,30.67434,104.07768
203476,P2,381.0,381.0,1101.0,1101.0,False,2.71,11.42,1072704351,30.7248287,104.0557982
22374,P2,381.0,381.0,1101.0,1101.0,False,0.54,8.0,1159149349,30.6567378,104.0509692
31304,P2,381.0,381.0,1101.0,1101.0,False,0.75,8.0,504315473,30.6826152,104.1030924
34647,P2,381.0,381.0,1101.0,1101.0,False,2.71,11.42,4638050387,30.703648,104.05907
44047,P2,381.0,381.0,1101.0,1101.0,False,0.32,8.0,2843286555,30.69126,104.05717
76450,P2,381.0,381.0,1101.0,1101.0,False,1.13,8.26,1492390579,30.6606886,104.0583525
76757,P2,381.0,381.0,1101.0,1101.0,False,2.31,10.62,4550018602,30.6507017,104.0541435
106836,P2,382.0,382.0,1102.0,1102.0,False,1.16,8.32,5213253193,30.6664935,104.1103019
142867,P2,382.0,382.0,1102.0,1102.0,False,1.27,8.54,4548211346,30.6785626,104.0578746
158358,P2,382.0,382.0,1102.0,1102.0,False,0.74,8.0,4779165800,30.6358011,104.0735412
161075,P2,382.0,382.0,1102.0,1102.0,False,1.05,8.1,3089029129,30.661402,104.04952
207957,P2,382.0,382.0,1102.0,1102.0,False,1.45,8.9,1072698472,30.7188487,104.0683208
34881,P2,382.0,382.0,1102.0,1102.0,False,0.8,8.0,2653570473,30.6676255,104.0941546
59571,P2,382.0,382.0,1102.0,1102.0,False,1.16,8.32,1956554705,30.67572,104.11116
620,P2,382.0,382.0,1102.0,1102.0,False,1.32,8.64,5359113203,30.677847,104.0091123
81572,P2,382.0,382.0,1102.0,1102.0,False,0.16,8.0,2785841184,30.685551,104.0235703
114904,P2,383.0,383.0,1103.0,1103.0,False,0.66,8.0,5375783999,30.6527309,103.9924753
134513,P2,383.0,383.0,1103.0,1103.0,False,0.14,8.0,1159138261,30.6595403,104.1082716
29870,P2,383.0,383.0,1103.0,1103.0,False,2.36,10.72,5314457254,30.6929502,104.0546678
42514,P2,383.0,383.0,1103.0,1103.0,False,0.52,8.0,1305816733,30.6478458,104.0869212
74691,P2,383.0,383.0,1103.0,1103.0,False,1.36,8.72,5213238430,30.6608765,104.0718551
7894,P2,383.0,383.0,1103.0,1103.0,False,0.66,8.0,5100157860,30.633818,104.0806995
97852,P2,383.0,383.0,1103.0,1103.0,False,0.54,8.0,4782097009,30.6273549,104.0238794
130657,P2,384.0,384.0,1104.0,1104.0,False,2.08,10.16,1339701403,30.7000858,104.0525729
141563,P2,384.0,384.0,1104.0,1104.0,False,1.69,9.38,3516892731,30.6662803,104.0579399
146706,P2,384.0,384.0,1104.0,1104.0,False,0.8,8.0,3069351956,30.6280116,103.9877324
167522,P2,384.0,384.0,1104.0,1104.0,False,1.02,8.04,432452895,30.6185154,104.0577578
37322,P2,384.0,384.0,1104.0,1104.0,False,0.64,8.0,4695701796,30.6136103,104.018995
59180,P2,384.0,384.0,1104.0,1104.0,False,2.08,10.16,1459050116,30.6468064,104.1054155
82735,P2,384.0,384.0,1104.0,1104.0,False,0.27,8.0,5211337161,30.635819,104.0045626
85262,P2,384.0,384.0,1104.0,1104.0,False,1.69,9.38,3680078462,30.6543343,104.0173902
95267,P2,384.0,384.0,1104.0,1104.0,False,2.21,10.42,2080664445,30.62118,104.09836
98306,P2,384.0,384.0,1104.0,1104.0,False,1.77,9.54,2564226648,30.6338127,104.0274713
125948,P2,385.0,385.0,1105.0,1105.0,False,1.5,9.0,5367313167,30.635822,103.9693312
159025,P2,385.0,385.0,1105.0,1105.0,False,1.19,8.38,4546939439,30.6195278,104.1083009
168267,P2,385.0,385.0,1105.0,1105.0,False,0.08,8.0,2712272990,30.6746729,104.0958173
18877,P2,385.0,385.0,1105.0,1105.0,False,0.3,8.0,5375783865,30.6620769,103.9978798
38559,P2,385.0,385.0,1105.0,1105.0,False,1.19,8.38,4923124758,30.6109402,104.0683088
5063,P2,385.0,385.0,1105.0,1105.0,False,0.08,8.0,2631867278,30.68864,104.08928
90607,P2,385.0,385.0,1105.0,1105.0,False,0.67,8.0,2539837356,30.7062417,104.0926253
108241,P2,386.0,386.0,1106.0,1106.0,False,0.31,8.0,3562099602,30.649725,104.0333002
164340,P2,386.0,386.0,1106.0,1106.0,False,0.06,8.0,4991425468,30.6454057,103.9874058
165977,P2,386.0,386.0,1106.0,1106.0,False,0.01,8.0,2472036429,30.6639718,104.0639665
188800,P2,386.0,386.0,1106.0,1106.0,False,0.31,8.0,4695640652,30.6119255,104.0251296
36540,P2,386.0,386.0,1106.0,1106.0,False,1.12,8.24,4548211485,30.6844994,104.0422998
77823,P2,386.0,386.0,1106.0,1106.0,False,1.94,9.88,5436607860,30.6383731,104.0735855
118112,P2,387.0,387.0,1107.0,1107.0,False,1.37,8.74,4693610170,30.6340732,104.0708935
133051,P2,387.0,387.0,1107.0,1107.0,False,1.34,8.68,4967265402,30.65551,104.09492
158635,P2,387.0,387.0,1107.0,1107.0,False,0.81,8.0,4548259667,30.6904299,104.0489385
170287,P2,387.0,387.0,1107.0,1107.0,False,1.68,9.36,3541427561,30.70663,104.04239
179017,P2,387.0,387.0,1107.0,1107.0,False,0.58,8.0,4102485554,30.692245,104.0486634
194222,P2,387.0,387.0,1107.0,1107.0,False,2.72,11.44,1469155005,30.6321893,104.1142331
201161,P2,387.0,387.0,1107.0,1107.0,False,0.81,8.0,1159170055,30.6336168,104.081274
21370,P2,387.0,387.0,1107.0,1107.0,False,0.39,8.0,1457841605,30.6902973,104.1011128
27339,P2,387.0,387.0,1107.0,1107.0,False,0.81,8.0,2041527437,30.6922956,104.0955016
36218,P2,387.0,387.0,1107.0,1107.0,False,2.24,10.48,5213238496,30.6402486,104.0431373
54916,P2,387.0,387.0,1107.0,1107.0,False,0.58,8.0,5141328778,30.6146367,104.0620239
71464,P2,387.0,387.0,1107.0,1107.0,False,1.68,9.36,4548211285,30.6875514,104.0396181
79171,P2,387.0,387.0,1107.0,1107.0,False,0.39,8.0,1339701407,30.7097361,104.0429594
85255,P2,387.0,387.0,1107.0,1107.0,False,1.68,9.36,2564226648,30.63389,104.0285
97132,P2,387.0,387.0,1107.0,1107.0,False,0.15,8.0,2564226620,30.6340226,104.0241273
105641,P2,388.0,388.0,1108.0,1108.0,False,1.79,9.58,4695700246,30.6147478,104.0181972
110473,P2,388.0,388.0,1108.0,1108.0,False,0.94,8.0,4547074343,30.6109764,104.0714529
117695,P2,388.0,388.0,1108.0,1108.0,False,0.36,8.0,1492408885,30.64081,104.0616
12069,P2,388.0,388.0,1108.0,1108.0,False,0.94,8.0,3523298661,30.628226,104.0530737
139175,P2,388.0,388.0,1108.0,1108.0,False,1.14,8.28,1964326877,30.67066,104.09291
155576,P2,388.0,388.0,1108.0,1108.0,False,0.91,8.0,1159143889,30.6750002,104.0805541
177508,P2,388.0,388.0,1108.0,1108.0,False,0.2,8.0,4772463319,30.6635597,104.0450095
189739,P2,388.0,388.0,1108.0,1108.0,False,1.21,8.42,1964580173,30.660599,104.11453
27642,P2,388.0,388.0,1108.0,1108.0,False,2.44,10.88,1492416235,30.6320747,104.0640264
62551,P2,388.0,388.0,1108.0,1108.0,False,2.64,11.28,3927876946,30.6760235,103.988443
120233,P2,389.0,389.0,1109.0,1109.0,False,2.94,11.88,1305816745,30.6640973,104.1063372
12062,P2,389.0,389.0,1109.0,1109.0,False,2.1,10.2,1339701406,30.7100912,104.0459688
169223,P2,389.0,389.0,1109.0,1109.0,False,1.08,8.16,3541426298,30.70276,104.07235
181534,P2,389.0,389.0,1109.0,1109.0,False,0.63,8.0,3582236095,30.7193016,103.9917401
202879,P2,389.0,389.0,1109.0,1109.0,False,1.49,8.98,4414330244,30.6640162,104.0861765
124538,P2,390.0,390.0,1110.0,1110.0,False,0.81,8.0,1504174273,30.7177876,104.0699971
14685,P2,390.0,390.0,1110.0,1110.0,False,2.47,10.94,4547074368,30.6108816,104.0710354
69898,P2,390.0,390.0,1110.0,1110.0,False,0.67,8.0,1460291856,30.651437,104.1109436
89854,P2,390.0,390.0,1110.0,1110.0,False,2.47,10.94,4695601460,30.6105198,104.028902
189,P2,391.0,391.0,1111.0,1111.0,False,0.07,8.0,4695700260,30.6167425,104.0168865
190339,P2,391.0,391.0,1111.0,1111.0,False,0.79,8.0,3034040769,30.69352,104.02627
197747,P2,391.0,391.0,1111.0,1111.0,False,0.07,8.0,3445813123,30.670622,104.070885
40631,P2,391.0,391.0,1111.0,1111.0,False,0.71,8.0,4973209502,30.61445,104.04291
48435,P2,391.0,391.0,1111.0,1111.0,False,0.65,8.0,4546939439,30.61922,104.10736
67452,P2,391.0,391.0,1111.0,1111.0,False,0.44,8.0,4505485122,30.6374121,104.0785068
86472,P2,391.0,391.0,1111.0,1111.0,False,1.02,8.04,4695601300,30.6113139,104.0294033
10,P2,392.0,392.0,1112.0,1112.0,False,2.46,10.92,4699007267,30.6128935,104.0371765
116290,P2,392.0,392.0,1112.0,1112.0,False,0.45,8.0,3541371606,30.6648707,104.0579684
164851,P2,392.0,392.0,1112.0,1112.0,False,2.46,10.92,3087817450,30.65002,104.0039503
191236,P2,392.0,392.0,1112.0,1112.0,False,0.14,8.0,2213048013,30.6106275,104.104888
198265,P2,392.0,392.0,1112.0,1112.0,False,0.27,8.0,1507236191,30.7116085,104.078214
204419,P2,392.0,392.0,1112.0,1112.0,False,0.27,8.0,3680455714,30.6595421,104.016437
32001,P2,392.0,392.0,1112.0,1112.0,False,2.46,10.92,4695640681,30.6165318,104.0277399
33806,P2,392.0,392.0,1112.0,1112.0,False,0.47,8.0,1819305436,30.6250014,104.0903704
34991,P2,392.0,392.0,1112.0,1112.0,False,2.32,10.64,3333358462,30.70065,104.06401
119333,P2,393.0,393.0,1113.0,1113.0,False,1.7,9.4,3028924421,30.6398675,104.0517574
161802,P2,393.0,393.0,1113.0,1113.0,False,0.93,8.0,5218240014,30.7039362,104.0535263
196643,P2,393.0,393.0,1113.0,1113.0,False,0.2,8.0,2039563300,30.6926965,104.1058387
24823,P2,393.0,393.0,1113.0,1113.0,False,1.16,8.32,5053143827,30.707344,103.99322
66218,P2,393.0,393.0,1113.0,1113.0,False,0.91,8.0,1312615955,30.639853,104.0801604
70934,P2,393.0,393.0,1113.0,1113.0,False,1.07,8.14,2712338424,30.7079704,104.0380787
106879,P2,394.0,394.0,1114.0,1114.0,False,0.42,8.0,4903105811,30.657484,104.083824
132529,P2,394.0,394.0,1114.0,1114.0,False,1.93,9.86,5359113212,30.6773072,104.0111561
162803,P2,394.0,394.0,1114.0,1114.0,False,2.4,10.8,2847752854,30.65927,104.10613
178663,P2,394.0,394.0,1114.0,1114.0,False,3.33,12.66,1159149121,30.654213,104.07256
200935,P2,394.0,394.0,1114.0,1114.0,False,1.93,9.86,1964580173,30.660236,104.11455
31907,P2,394.0,394.0,1114.0,1114.0,False,1.31,8.62,529921382,30.6133318,104.0139415
63433,P2,394.0,394.0,1114.0,1114.0,False,0.04,8.0,3034376772,30.6802544,104.0634516
78537,P2,394.0,394.0,1114.0,1114.0,False,0.8,8.0,432452998,30.661139,104.0742788
78765,P2,394.0,394.0,1114.0,1114.0,False,0.55,8.0,432442965,30.679351,104.0147137
85515,P2,394.0,394.0,1114.0,1114.0,False,1.88,9.76,432442631,30.684793,104.01825
208405,P2,395.0,395.0,1115.0,1115.0,False,2.22,10.44,1918491752,30.646118,103.9865814
46727,P2,395.0,395.0,1115.0,1115.0,False,1.46,8.92,1311904431,30.6418292,104.0732875
69849,P2,395.0,395.0,1115.0,1115.0,False,1.85,9.7,4794944066,30.6792428,104.0581595
110835,P2,396.0,396.0,1116.0,1116.0,False,1.2,8.4,3562086854,30.67915,104.0432
111758,P2,396.0,396.0,1116.0,1116.0,False,0.34,8.0,1492639709,30.622166,104.0662143
116634,P2,396.0,396.0,1116.0,1116.0,False,0.34,8.0,3680412785,30.6577776,104.0162518
123010,P2,396.0,396.0,1116.0,1116.0,False,0.57,8.0,2910354673,30.6477888,104.0829634
140732,P2,396.0,396.0,1116.0,1116.0,False,1.45,8.9,4359391023,30.7264217,104.1107917
159908,P2,396.0,396.0,1116.0,1116.0,False,2.41,10.82,672287939,30.6651337,104.0543904
183702,P2,396.0,396.0,1116.0,1116.0,False,0.43,8.0,4695601645,30.6144441,104.0353952
24252,P2,396.0,396.0,1116.0,1116.0,False,1.18,8.36,3597608247,30.7202413,104.0295074
2896,P2,396.0,396.0,1116.0,1116.0,False,0.27,8.0,4695601637,30.6132021,104.0348973
38558,P2,396.0,396.0,1116.0,1116.0,False,2.5,11.0,1507337740,30.6969852,104.0774387
52050,P2,396.0,396.0,1116.0,1116.0,False,2.41,10.82,1459023389,30.6442939,104.1109403
78785,P2,396.0,396.0,1116.0,1116.0,False,2.41,10.82,2214043180,30.6285207,104.087315
102308,P2,397.0,397.0,1117.0,1117.0,False,0.27,8.0,1885342916,30.6808046,104.0983394
187655,P2,397.0,397.0,1117.0,1117.0,False,1.19,8.38,3562055478,30.71902,104.03813
190547,P2,397.0,397.0,1117.0,1117.0,False,1.0,8.0,1305816747,30.64362,104.08314
65215,P2,397.0,397.0,1117.0,1117.0,False,0.75,8.0,2956775230,30.7119064,104.0361808
112169,P2,398.0,398.0,1118.0,1118.0,False,0.14,8.0,4693609981,30.6289435,104.0710436
144915,P2,398.0,398.0,1118.0,1118.0,False,0.05,8.0,1885342911,30.679451,104.0967
161691,P2,398.0,398.0,1118.0,1118.0,False,1.45,8.9,2080646464,30.6268006,104.0954968
177056,P2,398.0,398.0,1118.0,1118.0,False,0.3,8.0,5375783430,30.6232331,104.0031144
188860,P2,398.0,398.0,1118.0,1118.0,False,0.14,8.0,3028924421,30.6398675,104.0517574
208108,P2,398.0,398.0,1118.0,1118.0,False,1.69,9.38,3069351826,30.6371455,103.9732584
76227,P2,398.0,398.0,1118.0,1118.0,False,0.13,8.0,2041527389,30.69565,104.09777
76698,P2,398.0,398.0,1118.0,1118.0,False,1.94,9.88,2727021133,30.6134771,104.0462834
94528,P2,398.0,398.0,1118.0,1118.0,False,0.16,8.0,5053143824,30.7148013,104.0116119
137592,P2,399.0,399.0,1119.0,1119.0,False,1.03,8.06,4717800179,30.6793346,104.0961325
157595,P2,399.0,399.0,1119.0,1119.0,False,0.76,8.0,2631867278,30.6888341,104.0891179
196658,P2,399.0,399.0,1119.0,1119.0,False,1.03,8.06,4294975861,30.6509153,103.9887188
201507,P2,399.0,399.0,1119.0,1119.0,False,0.8,8.0,5367317630,30.66097,103.97991
93751,P2,399.0,399.0,1119.0,1119.0,False,0.73,8.0,1815741555,30.68497,104.07578
10054,P2,400.0,400.0,1120.0,1120.0,False,0.6,8.0,3562047398,30.7176251,104.0653454
107957,P2,400.0,400.0,1120.0,1120.0,False,0.18,8.0,5162173344,30.6333539,104.0663287
120772,P2,400.0,400.0,1120.0,1120.0,False,0.48,8.0,4222812816,30.6449696,104.0225685
156262,P2,400.0,400.0,1120.0,1120.0,False,0.48,8.0,3069352162,30.6391434,103.9887089
171319,P2,400.0,400.0,1120.0,1120.0,False,2.3,10.6,1458992383,30.6613008,104.0991586
29065,P2,400.0,400.0,1120.0,1120.0,False,1.42,8.84,5359113188,30.677816,104.0120656
57874,P2,400.0,400.0,1120.0,1120.0,False,0.93,8.0,3333358469,30.7037607,104.0665976
63831,P2,400.0,400.0,1120.0,1120.0,False,1.42,8.84,4548318423,30.6298222,104.0916942
64082,P2,400.0,400.0,1120.0,1120.0,False,0.48,8.0,4547074368,30.6108816,104.0710354
6936,P2,400.0,400.0,1120.0,1120.0,False,1.73,9.46,1311904387,30.6428828,104.080559
77386,P2,400.0,400.0,1120.0,1120.0,False,1.59,9.18,5213253322,30.722224,104.071879
91123,P2,400.0,400.0,1120.0,1120.0,False,0.48,8.0,1312615989,30.659266,104.05681
131719,P2,401.0,401.0,1121.0,1121.0,False,0.67,8.0,4505485116,30.635155,104.0763
143730,P2,401.0,401.0,1121.0,1121.0,False,0.55,8.0,1457870148,30.6885403,104.0995117
199283,P2,401.0,401.0,1121.0,1121.0,False,2.88,11.76,5141328426,30.6100437,104.0612601
203060,P2,401.0,401.0,1121.0,1121.0,False,3.16,12.32,4548259375,30.6965629,104.0474365
207433,P2,401.0,401.0,1121.0,1121.0,False,1.93,9.86,3316576100,30.6298241,104.10894
40534,P2,401.0,401.0,1121.0,1121.0,False,0.74,8.0,702755669,30.6716476,103.9714375
65764,P2,401.0,401.0,1121.0,1121.0,False,0.1,8.0,4106681950,30.6285321,104.0031409
68750,P2,401.0,401.0,1121.0,1121.0,False,0.67,8.0,1304795053,30.6427628,104.0731483
83351,P2,401.0,401.0,1121.0,1121.0,False,0.31,8.0,2112262741,30.61744,104.10607
95909,P2,401.0,401.0,1121.0,1121.0,False,1.93,9.86,504315305,30.689825,104.1008426
96908,P2,401.0,401.0,1121.0,1121.0,False,3.16,12.32,3925309355,30.6915443,104.1097703
110601,P2,402.0,402.0,1122.0,1122.0,False,0.91,8.0,4550018885,30.6476329,104.0113992
1883,P2,402.0,402.0,1122.0,1122.0,False,0.64,8.0,432442526,30.689365,104.017746
28834,P2,402.0,402.0,1122.0,1122.0,False,3.63,13.26,3582245804,30.7209948,104.0016561
31447,P2,402.0,402.0,1122.0,1122.0,False,0.21,8.0,3614070503,30.67485,104.06303
67591,P2,402.0,402.0,1122.0,1122.0,False,1.28,8.56,5141458202,30.63312,104.07636
88786,P2,402.0,402.0,1122.0,1122.0,False,0.49,8.0,3496259320,30.6695351,104.0894725
94407,P2,402.0,402.0,1122.0,1122.0,False,1.66,9.32,4799100439,30.65094,104.02995
123347,P2,403.0,403.0,1123.0,1123.0,False,0.1,8.0,2933855169,30.6099738,103.982876
133899,P2,403.0,403.0,1123.0,1123.0,False,1.34,8.68,5257005112,30.6771145,104.0954087
140163,P2,403.0,403.0,1123.0,1123.0,False,2.15,10.3,3033986301,30.66238,104.02729
146157,P2,403.0,403.0,1123.0,1123.0,False,1.73,9.46,3693248903,30.664674,104.0311623
160110,P2,403.0,403.0,1123.0,1123.0,False,2.85,11.7,2564226632,30.642674,104.0221933
195499,P2,403.0,403.0,1123.0,1123.0,False,2.87,11.74,4693609988,30.6282892,104.0710608
201956,P2,403.0,403.0,1123.0,1123.0,False,1.17,8.34,2039550418,30.6387613,104.1120725
204897,P2,403.0,403.0,1123.0,1123.0,False,2.81,11.62,439751889,30.6649659,103.9832474
207729,P2,403.0,403.0,1123.0,1123.0,False,1.26,8.52,4294975859,30.6434116,103.9971676
91553,P2,403.0,403.0,1123.0,1123.0,False,2.87,11.74,4242372662,30.687755,104.0217668
27540,P2,404.0,404.0,1124.0,1124.0,False,0.39,8.0,4548259613,30.708376,104.0387369
35110,P2,404.0,404.0,1124.0,1124.0,False,1.29,8.58,5055911222,30.7145696,104.1119178
44791,P2,404.0,404.0,1124.0,1124.0,False,3.06,12.12,3613982152,30.6633081,104.0522299
65546,P2,404.0,404.0,1124.0,1124.0,False,0.24,8.0,432452904,30.614518,104.0746835
99879,P2,404.0,404.0,1124.0,1124.0,False,1.71,9.42,1159172511,30.6195441,104.074636
12271,P2,405.0,405.0,1125.0,1125.0,False,2.43,10.86,1455094498,30.6960259,104.1061202
129752,P2,405.0,405.0,1125.0,1125.0,False,0.08,8.0,4550769610,30.6373308,104.1108589
158140,P2,405.0,405.0,1125.0,1125.0,False,0.16,8.0,4782067663,30.6254565,104.0292764
16853,P2,405.0,405.0,1125.0,1125.0,False,0.57,8.0,1916520527,30.6265862,104.0067958
182067,P2,405.0,405.0,1125.0,1125.0,False,0.54,8.0,432432573,30.6641733,104.0335951
183705,P2,405.0,405.0,1125.0,1125.0,False,0.83,8.0,4695601645,30.6144441,104.0353952
185645,P2,405.0,405.0,1125.0,1125.0,False,0.83,8.0,3069351961,30.6281566,103.9820995
52205,P2,405.0,405.0,1125.0,1125.0,False,0.57,8.0,1458992381,30.6582235,104.0970132
74909,P2,405.0,405.0,1125.0,1125.0,False,0.62,8.0,3034376780,30.6790592,104.0654413
76582,P2,405.0,405.0,1125.0,1125.0,False,1.91,9.82,3034376760,30.66683,104.0876746
126182,P2,406.0,406.0,1126.0,1126.0,False,0.03,8.0,432452879,30.6133839,104.0485856
148323,P2,406.0,406.0,1126.0,1126.0,False,1.25,8.5,3445813552,30.668596,104.07095
154189,P2,406.0,406.0,1126.0,1126.0,False,0.8,8.0,4107377052,30.6471796,103.9893877
191985,P2,406.0,406.0,1126.0,1126.0,False,0.59,8.0,1492613150,30.622963,104.0628213
195243,P2,406.0,406.0,1126.0,1126.0,False,1.96,9.92,439751949,30.7000954,104.0007721
199311,P2,406.0,406.0,1126.0,1126.0,False,1.96,9.92,2823785850,30.67789,104.07047
32820,P2,406.0,406.0,1126.0,1126.0,False,1.89,9.78,4773199402,30.6720348,104.0149722
35375,P2,406.0,406.0,1126.0,1126.0,False,1.25,8.5,3089029138,30.6632578,104.0507561
41018,P2,406.0,406.0,1126.0,1126.0,False,2.89,11.78,5375783764,30.6322699,104.0113022
58115,P2,406.0,406.0,1126.0,1126.0,False,1.13,8.26,1916386443,30.6353341,104.0032177
97132,P2,406.0,406.0,1126.0,1126.0,False,0.59,8.0,3562045362,30.7246826,104.0624409
110992,P2,407.0,407.0,1127.0,1127.0,False,1.21,8.42,2956775862,30.7170364,104.0557895
118772,P2,407.0,407.0,1127.0,1127.0,False,0.57,8.0,4550018796,30.6157898,104.0365485
172755,P2,407.0,407.0,1127.0,1127.0,False,1.42,8.84,3034029048,30.6845106,103.9979889
27092,P2,407.0,407.0,1127.0,1127.0,False,1.21,8.42,2823785844,30.6681902,104.0598572
56389,P2,407.0,407.0,1127.0,1127.0,False,1.51,9.02,2133184343,30.6247848,104.0957056
60303,P2,407.0,407.0,1127.0,1127.0,False,1.88,9.76,1815855086,30.6763219,103.9909272
148317,P2,408.0,408.0,1128.0,1128.0,False,0.19,8.0,4438025580,30.6961,104.0786914
164903,P2,408.0,408.0,1128.0,1128.0,False,0.3,8.0,3562047422,30.712528,104.065926
65063,P2,408.0,408.0,1128.0,1128.0,False,1.0,8.0,1312615989,30.658953,104.05742
77728,P2,408.0,408.0,1128.0,1128.0,False,1.41,8.82,3089075663,30.6504118,104.054373
82292,P2,408.0,408.0,1128.0,1128.0,False,0.19,8.0,432452896,30.618552,104.060157
93128,P2,408.0,408.0,1128.0,1128.0,False,0.52,8.0,4217837089,30.6259504,104.0427805
128145,P2,409.0,409.0,1129.0,1129.0,False,1.48,8.96,4548211291,30.6784787,104.0578434
137403,P2,409.0,409.0,1129.0,1129.0,False,2.72,11.44,2331442713,30.7054731,104.0081906
28426,P2,409.0,409.0,1129.0,1129.0,False,0.07,8.0,1445523920,30.6494497,104.0656162
52911,P2,409.0,409.0,1129.0,1129.0,False,0.46,8.0,4695601319,30.6115803,104.0295385
119147,P2,410.0,410.0,1130.0,1130.0,False,0.82,8.0,3562015379,30.66385,104.08239
122190,P2,410.0,410.0,1130.0,1130.0,False,1.56,9.12,432452874,30.615053,104.053595
129059,P2,410.0,410.0,1130.0,1130.0,False,0.27,8.0,2039550426,30.67272,104.11274
148790,P2,410.0,410.0,1130.0,1130.0,False,0.63,8.0,1159496605,30.6884471,104.0417827
150907,P2,410.0,410.0,1130.0,1130.0,False,3.45,12.9,1159474715,30.694286,104.04633
159451,P2,410.0,410.0,1130.0,1130.0,False,1.05,8.1,3516900112,30.67145,104.069534
18334,P2,410.0,410.0,1130.0,1130.0,False,0.63,8.0,1159945476,30.6552583,104.0574386
186336,P2,410.0,410.0,1130.0,1130.0,False,0.03,8.0,5375783440,30.6195247,104.0063164
19020,P2,410.0,410.0,1130.0,1130.0,False,1.05,8.1,5218239997,30.698366,104.0518934
196531,P2,410.0,410.0,1130.0,1130.0,False,0.79,8.0,3034409021,30.7191559,104.0931998
2598,P2,410.0,410.0,1130.0,1130.0,False,0.03,8.0,4438083262,30.6968113,104.0780958
39076,P2,410.0,410.0,1130.0,1130.0,False,1.72,9.44,3034029074,30.6832722,103.9874927
62833,P2,410.0,410.0,1130.0,1130.0,False,3.45,12.9,4701464736,30.6164296,104.0624066
108975,P2,411.0,411.0,1131.0,1131.0,False,2.83,11.66,4106681977,30.6418401,103.9777605
117033,P2,411.0,411.0,1131.0,1131.0,False,2.83,11.66,4638105425,30.7070466,104.0635032
120368,P2,411.0,411.0,1131.0,1131.0,False,2.01,10.02,4695700258,30.6162053,104.0164091
174575,P2,411.0,411.0,1131.0,1131.0,False,0.49,8.0,3562028076,30.65941,104.09374
192200,P2,411.0,411.0,1131.0,1131.0,False,2.02,10.04,2041314680,30.6805811,104.0969216
192593,P2,411.0,411.0,1131.0,1131.0,False,2.6,11.2,2330199410,30.7196881,104.1127212
24906,P2,411.0,411.0,1131.0,1131.0,False,0.49,8.0,4414330243,30.6630248,104.0884294
38311,P2,411.0,411.0,1131.0,1131.0,False,1.17,8.34,1159148929,30.659159,104.07242
44007,P2,411.0,411.0,1131.0,1131.0,False,0.14,8.0,4877924396,30.64668,104.10088
5928,P2,411.0,411.0,1131.0,1131.0,False,1.25,8.5,5283966199,30.7016851,104.1026098
74762,P2,411.0,411.0,1131.0,1131.0,False,1.1,8.2,4547074323,30.6107769,104.0748126
87634,P2,411.0,411.0,1131.0,1131.0,False,0.44,8.0,1455094525,30.6963224,104.1056643
14228,P2,412.0,412.0,1132.0,1132.0,False,0.19,8.0,3028924419,30.6369133,104.0498441
159300,P2,412.0,412.0,1132.0,1132.0,False,0.92,8.0,3597689716,30.7131705,103.9810791
169,P2,412.0,412.0,1132.0,1132.0,False,1.71,9.42,4548211639,30.6830457,104.0414194
177734,P2,412.0,412.0,1132.0,1132.0,False,0.62,8.0,3691362657,30.6406983,104.0471504
186918,P2,412.0,412.0,1132.0,1132.0,False,1.76,9.52,2718635889,30.6735404,103.986942
202178,P2,412.0,412.0,1132.0,1132.0,False,0.54,8.0,2472030045,30.6624706,104.0649106
83047,P2,412.0,412.0,1132.0,1132.0,False,0.54,8.0,4549993218,30.6969299,104.0549221
1055,P2,413.0,413.0,1133.0,1133.0,False,2.97,11.94,2041527424,30.6916682,104.0967891
108910,P2,413.0,413.0,1133.0,1133.0,False,1.26,8.52,3562004394,30.6565813,104.0309769
110434,P2,413.0,413.0,1133.0,1133.0,False,1.8,9.6,4699007283,30.6149014,104.0327849
129508,P2,413.0,413.0,1133.0,1133.0,False,1.35,8.7,1159941208,30.6697719,104.0225964
134638,P2,413.0,413.0,1133.0,1133.0,False,1.38,8.76,3516887971,30.7188023,104.0334464
155259,P2,413.0,413.0,1133.0,1133.0,False,0.06,8.0,1159230079,30.6815,104.08185
176471,P2,413.0,413.0,1133.0,1133.0,False,0.21,8.0,4220546257,30.65423,104.07674
40215,P2,413.0,413.0,1133.0,1133.0,False,1.38,8.76,1159452250,30.673254,104.0376
90116,P2,413.0,413.0,1133.0,1133.0,False,0.48,8.0,439751999,30.7248504,104.0402564
141917,P2,414.0,414.0,1134.0,1134.0,False,2.06,10.12,3562099598,30.6520995,104.0178843
142833,P2,414.0,414.0,1134.0,1134.0,False,0.87,8.0,3445794963,30.6616976,104.0734766
161149,P2,414.0,414.0,1134.0,1134.0,False,1.32,8.64,4549993011,30.6970288,104.0471477
164479,P2,414.0,414.0,1134.0,1134.0,False,0.67,8.0,2204171432,30.7214787,104.0991562
201040,P2,414.0,414.0,1134.0,1134.0,False,2.24,10.48,1458937197,30.676762,104.0950108
26593,P2,414.0,414.0,1134.0,1134.0,False,2.06,10.12,2135946726,30.6161466,104.0156152
80543,P2,414.0,414.0,1134.0,1134.0,False,2.06,10.12,3034029059,30.6827611,104.0065888
94406,P2,414.0,414.0,1134.0,1134.0,False,2.04,10.08,1987271096,30.684564,104.0966775
205142,P2,415.0,415.0,1135.0,1135.0,False,0.65,8.0,5034783235,30.6258899,103.9692247
21828,P2,415.0,415.0,1135.0,1135.0,False,0.41,8.0,1159465753,30.6779072,104.0242009
50736,P2,415.0,415.0,1135.0,1135.0,False,2.27,10.54,4896843831,30.6284734,104.1022402
89893,P2,415.0,415.0,1135.0,1135.0,False,2.27,10.54,5367321408,30.6639201,103.9890214
118499,P2,416.0,416.0,1136.0,1136.0,False,0.62,8.0,2907361697,30.6435724,104.0925075
170878,P2,416.0,416.0,1136.0,1136.0,False,0.54,8.0,5283966123,30.6370674,104.100346
175591,P2,416.0,416.0,1136.0,1136.0,False,0.7,8.0,1912247274,30.6155268,104.0989612
178575,P2,416.0,416.0,1136.0,1136.0,False,2.57,11.14,2534025680,30.671888,104.06044
207347,P2,416.0,416.0,1136.0,1136.0,False,1.31,8.62,4693610143,30.6355715,104.0672545
39638,P2,416.0,416.0,1136.0,1136.0,False,0.73,8.0,2564226624,30.6360192,104.0215647
45378,P2,416.0,416.0,1136.0,1136.0,False,0.54,8.0,1159453941,30.6612497,104.0448629
8414,P2,416.0,416.0,1136.0,1136.0,False,0.43,8.0,4847126867,30.654891,103.9821151
102706,P2,417.0,417.0,1137.0,1137.0,False,1.09,8.18,432432565,30.6597874,104.0385021
124440,P2,417.0,417.0,1137.0,1137.0,False,2.13,10.26,4915834581,30.6969288,104.0708395
126930,P2,417.0,417.0,1137.0,1137.0,False,0.2,8.0,1459896462,30.6431175,104.1058752
140029,P2,417.0,417.0,1137.0,1137.0,False,1.71,9.42,4779165757,30.6259451,104.0307955
145257,P2,417.0,417.0,1137.0,1137.0,False,1.5,9.0,441159654,30.7212134,104.0993884
160919,P2,417.0,417.0,1137.0,1137.0,False,2.92,11.84,338246968,30.6106384,104.0650625
172171,P2,417.0,417.0,1137.0,1137.0,False,1.32,8.64,432442861,30.6682935,104.0011089
176542,P2,417.0,417.0,1137.0,1137.0,False,0.2,8.0,4547074369,30.6098637,104.0806211
194294,P2,417.0,417.0,1137.0,1137.0,False,1.45,8.9,432442859,30.6727101,103.9961226
194463,P2,417.0,417.0,1137.0,1137.0,False,1.71,9.42,4106682126,30.64508,103.9849352
208707,P2,417.0,417.0,1137.0,1137.0,False,1.5,9.0,2908404376,30.6438577,104.0951169
50125,P2,417.0,417.0,1137.0,1137.0,False,0.74,8.0,2133188693,30.6152364,104.0848677
56619,P2,417.0,417.0,1137.0,1137.0,False,0.74,8.0,4106681899,30.60951,103.99314
69595,P2,417.0,417.0,1137.0,1137.0,False,1.73,9.46,4779165787,30.6338618,104.0738243
83131,P2,417.0,417.0,1137.0,1137.0,False,0.93,8.0,4748166150,30.6138941,104.0240145
99334,P2,417.0,417.0,1137.0,1137.0,False,1.5,9.0,1492607693,30.6222158,104.0645623
118243,P2,418.0,418.0,1138.0,1138.0,False,0.31,8.0,3562047420,30.710415,104.066025
23261,P2,418.0,418.0,1138.0,1138.0,False,2.41,10.82,2041527471,30.6913485,104.0974473
32831,P2,418.0,418.0,1138.0,1138.0,False,0.31,8.0,1159232653,30.6947943,104.0775007
44911,P2,418.0,418.0,1138.0,1138.0,False,1.07,8.14,1159131822,30.66674,104.08114
58807,P2,418.0,418.0,1138.0,1138.0,False,1.33,8.66,3614070500,30.67436,104.06422
106462,P2,419.0,419.0,1139.0,1139.0,False,1.08,8.16,5141468752,30.6309104,104.0961179
169593,P2,419.0,419.0,1139.0,1139.0,False,0.34,8.0,2329097175,30.7033156,104.0048532
199803,P2,419.0,419.0,1139.0,1139.0,False,0.11,8.0,2135946728,30.6134597,104.0194917
42903,P2,419.0,419.0,1139.0,1139.0,False,0.34,8.0,2653330901,30.65668,104.11074
51478,P2,419.0,419.0,1139.0,1139.0,False,0.45,8.0,1815741573,30.688207,104.0671706
75782,P2,419.0,419.0,1139.0,1139.0,False,0.9,8.0,3541364362,30.6152585,104.0858755
96386,P2,419.0,419.0,1139.0,1139.0,False,0.25,8.0,4695662944,30.6118326,104.0324148
100615,P2,420.0,420.0,1140.0,1140.0,False,1.21,8.42,671587238,30.63819,104.05774
123093,P2,420.0,420.0,1140.0,1140.0,False,0.58,8.0,3445813549,30.6626423,104.0697759
129675,P2,420.0,420.0,1140.0,1140.0,False,0.88,8.0,3562047425,30.702148,104.07229
148325,P2,420.0,420.0,1140.0,1140.0,False,0.88,8.0,1457840985,30.6983669,104.1045435
198851,P2,420.0,420.0,1140.0,1140.0,False,1.81,9.62,963638438,30.70172,104.04534
113342,P2,421.0,421.0,1141.0,1141.0,False,2.59,11.18,672360629,30.6498706,104.0725875
115749,P2,421.0,421.0,1141.0,1141.0,False,2.08,10.16,3597689719,30.7196466,103.978108
120354,P2,421.0,421.0,1141.0,1141.0,False,1.44,8.88,432432564,30.6481238,104.0415155
146769,P2,421.0,421.0,1141.0,1141.0,False,1.85,9.7,4549992995,30.7032927,104.0361075
146915,P2,421.0,421.0,1141.0,1141.0,False,0.01,8.0,2456925113,30.6383672,104.1026732
165091,P2,421.0,421.0,1141.0,1141.0,False,0.01,8.0,3034409149,30.71994,104.07903
205331,P2,421.0,421.0,1141.0,1141.0,False,2.47,10.94,4548259330,30.6870249,104.0498714
25003,P2,421.0,421.0,1141.0,1141.0,False,2.47,10.94,3691210147,30.64964,104.01735
57074,P2,421.0,421.0,1141.0,1141.0,False,1.42,8.84,2472030046,30.6618366,104.0628434
6113,P2,421.0,421.0,1141.0,1141.0,False,0.11,8.0,1339701406,30.7100912,104.0459688
129451,P2,422.0,422.0,1142.0,1142.0,False,0.05,8.0,3496551179,30.6191305,104.0500068
145793,P2,422.0,422.0,1142.0,1142.0,False,2.68,11.36,314623104,30.6469959,104.0389359
157680,P2,422.0,422.0,1142.0,1142.0,False,1.31,8.62,1507363096,30.6969953,104.0801864
190712,P2,422.0,422.0,1142.0,1142.0,False,1.59,9.18,4547074331,30.610926,104.0724021
195519,P2,422.0,422.0,1142.0,1142.0,False,1.57,9.14,5213237318,30.6389243,104.0511465
196215,P2,422.0,422.0,1142.0,1142.0,False,0.39,8.0,432452903,30.6143936,104.0696007
3383,P2,422.0,422.0,1142.0,1142.0,False,1.57,9.14,4106682104,30.6432382,103.9795165
36575,P2,422.0,422.0,1142.0,1142.0,False,0.84,8.0,504315393,30.694376,104.1087596
41989,P2,422.0,422.0,1142.0,1142.0,False,0.24,8.0,1159941201,30.6696951,104.0191351
67424,P2,422.0,422.0,1142.0,1142.0,False,1.57,9.14,4782067643,30.6234752,104.0305219
7063,P2,422.0,422.0,1142.0,1142.0,False,0.39,8.0,2956775226,30.71331,104.04519
94099,P2,422.0,422.0,1142.0,1142.0,False,0.39,8.0,1159454544,30.6593986,104.0436513
156107,P2,423.0,423.0,1143.0,1143.0,False,1.54,9.08,672360559,30.6425703,104.0857927
132579,P2,424.0,424.0,1144.0,1144.0,False,0.25,8.0,2923198522,30.7178089,104.0550117
208168,P2,424.0,424.0,1144.0,1144.0,False,0.94,8.0,1459039140,30.6441961,104.1063228
37606,P2,424.0,424.0,1144.0,1144.0,False,1.1,8.2,1301932975,30.6550718,104.0712822
68479,P2,424.0,424.0,1144.0,1144.0,False,0.94,8.0,2653330901,30.6564046,104.110549
79999,P2,424.0,424.0,1144.0,1144.0,False,0.37,8.0,4900292686,30.67074,104.0646
118501,P2,425.0,425.0,1145.0,1145.0,False,0.05,8.0,4701577774,30.6233758,104.0819005
129803,P2,425.0,425.0,1145.0,1145.0,False,2.44,10.88,2441172197,30.6748274,104.0074372
161096,P2,425.0,425.0,1145.0,1145.0,False,0.05,8.0,2041527434,30.6902989,104.0950073
71699,P2,425.0,425.0,1145.0,1145.0,False,0.45,8.0,1425996106,30.6692948,104.1093148
73323,P2,425.0,425.0,1145.0,1145.0,False,0.05,8.0,4903112584,30.66027,104.0811
143991,P2,426.0,426.0,1146.0,1146.0,False,0.06,8.0,1311904458,30.64352,104.07991
59354,P2,426.0,426.0,1146.0,1146.0,False,0.23,8.0,1507236193,30.7116123,104.0780802
110131,P2,427.0,427.0,1147.0,1147.0,False,1.12,8.24,4154368798,30.67544,104.05992
134383,P2,427.0,427.0,1147.0,1147.0,False,1.43,8.86,288416386,30.6798985,104.0690959
161135,P2,427.0,427.0,1147.0,1147.0,False,2.32,10.64,3815508518,30.6094335,104.0581403
86271,P2,427.0,427.0,1147.0,1147.0,False,2.6,11.2,4585469582,30.65787,104.06078
100224,P2,428.0,428.0,1148.0,1148.0,False,1.66,9.32,4695640525,30.6156659,104.0253032
112634,P2,428.0,428.0,1148.0,1148.0,False,1.66,9.32,4220530489,30.6862756,104.0762436
115550,P2,428.0,428.0,1148.0,1148.0,False,1.66,9.32,3541366766,30.6556229,104.0061546
150532,P2,428.0,428.0,1148.0,1148.0,False,0.63,8.0,2726912095,30.6798807,104.069223
25044,P2,428.0,428.0,1148.0,1148.0,False,1.74,9.48,4695601590,30.6143406,104.0356097
73836,P2,428.0,428.0,1148.0,1148.0,False,0.18,8.0,3028924422,30.6416096,104.0528757
87375,P2,428.0,428.0,1148.0,1148.0,False,0.9,8.0,4972899562,30.62249,104.05245
111056,P2,429.0,429.0,1149.0,1149.0,False,1.07,8.14,5359113201,30.6776301,104.0091981
153393,P2,429.0,429.0,1149.0,1149.0,False,0.34,8.0,1492598619,30.6224754,104.0621445
28685,P2,429.0,429.0,1149.0,1149.0,False,0.96,8.0,5436607860,30.6383731,104.0735855
41695,P2,429.0,429.0,1149.0,1149.0,False,1.46,8.92,3445794972,30.66123,104.07836
134317,P2,430.0,430.0,1150.0,1150.0,False,0.98,8.0,3071355063,30.623621,104.11311
152996,P2,430.0,430.0,1150.0,1150.0,False,0.97,8.0,5141468671,30.6376413,104.0910206
154455,P2,430.0,430.0,1150.0,1150.0,False,0.56,8.0,4550018867,30.63145,104.0155525
163286,P2,430.0,430.0,1150.0,1150.0,False,1.76,9.52,4550770090,30.632084,104.1058371
170301,P2,430.0,430.0,1150.0,1150.0,False,1.62,9.24,4218012712,30.6291281,104.0410267
179945,P2,430.0,430.0,1150.0,1150.0,False,0.67,8.0,1339701407,30.7097361,104.0429594
24588,P2,430.0,430.0,1150.0,1150.0,False,0.51,8.0,1504207678,30.7116914,104.0982666
9903,P2,430.0,430.0,1150.0,1150.0,False,0.93,8.0,432442942,30.682926,104.02896
126024,P2,431.0,431.0,1151.0,1151.0,False,0.46,8.0,1493202240,30.6115156,104.0580196
165513,P2,431.0,431.0,1151.0,1151.0,False,0.26,8.0,672360556,30.6419382,104.0847927
169820,P2,431.0,431.0,1151.0,1151.0,False,2.38,10.76,4550769795,30.6498745,104.1098212
20974,P2,431.0,431.0,1151.0,1151.0,False,0.43,8.0,1458584025,30.6829716,104.0955477
42631,P2,431.0,431.0,1151.0,1151.0,False,1.4,8.8,1458570056,30.6944,104.09105
51839,P2,431.0,431.0,1151.0,1151.0,False,0.46,8.0,4549759333,30.6908734,104.035395
89227,P2,431.0,431.0,1151.0,1151.0,False,0.76,8.0,465203789,30.70096,104.10246
98212,P2,431.0,431.0,1151.0,1151.0,False,0.76,8.0,1159475863,30.6927926,104.0444649
152707,P2,432.0,432.0,1152.0,1152.0,False,0.82,8.0,1504189436,30.712477,104.0914
175926,P2,432.0,432.0,1152.0,1152.0,False,0.07,8.0,672349263,30.7254834,104.0736286
203813,P2,432.0,432.0,1152.0,1152.0,False,1.36,8.72,5354813690,30.6588923,104.0608135
207899,P2,432.0,432.0,1152.0,1152.0,False,2.09,10.18,4106682232,30.6785206,104.0010581
21411,P2,432.0,432.0,1152.0,1152.0,False,0.81,8.0,3680412785,30.6577776,104.0162518
4125,P2,432.0,432.0,1152.0,1152.0,False,3.23,12.46,5141468803,30.6285007,104.0978517
47539,P2,432.0,432.0,1152.0,1152.0,False,2.09,10.18,2823785848,30.676971,104.0726677
55760,P2,432.0,432.0,1152.0,1152.0,False,1.36,8.72,4550019018,30.6473326,104.0067414
75019,P2,432.0,432.0,1152.0,1152.0,False,0.81,8.0,432429422,30.6363058,104.0338325
17147,P2,433.0,433.0,1153.0,1153.0,False,2.0,10.0,1159518606,30.6480805,104.0676159
171543,P2,433.0,433.0,1153.0,1153.0,False,1.43,8.86,1159947333,30.656075,104.073524
202499,P2,433.0,433.0,1153.0,1153.0,False,1.88,9.76,3562055475,30.71891,104.0352
64548,P2,433.0,433.0,1153.0,1153.0,False,0.99,8.0,1469163940,30.6416937,104.0854173
65324,P2,433.0,433.0,1153.0,1153.0,False,2.48,10.96,529986156,30.7144955,103.9923426
97911,P2,433.0,433.0,1153.0,1153.0,False,0.01,8.0,439751778,30.7249453,104.0407654
103863,P2,434.0,434.0,1154.0,1154.0,False,1.04,8.08,1159230080,30.68063,104.07806
119691,P2,434.0,434.0,1154.0,1154.0,False,2.32,10.64,3742070435,30.6548298,104.0755967
1527,P2,434.0,434.0,1154.0,1154.0,False,0.61,8.0,4548211344,30.68366,104.06021
185118,P2,434.0,434.0,1154.0,1154.0,False,0.29,8.0,4695601610,30.6092985,104.0364877
112785,P2,435.0,435.0,1155.0,1155.0,False,0.98,8.0,4106682120,30.6442026,103.9718285
128319,P2,435.0,435.0,1155.0,1155.0,False,0.1,8.0,432442943,30.6832296,104.0265876
164071,P2,435.0,435.0,1155.0,1155.0,False,1.71,9.42,1159148967,30.65901,104.07084
193495,P2,435.0,435.0,1155.0,1155.0,False,2.32,10.64,2653567547,30.67059,104.09076
193711,P2,435.0,435.0,1155.0,1155.0,False,0.38,8.0,5312164202,30.667492,104.099464
51891,P2,435.0,435.0,1155.0,1155.0,False,0.54,8.0,5382831171,30.6756789,104.0993046
67051,P2,435.0,435.0,1155.0,1155.0,False,0.2,8.0,3087817462,30.6421599,104.0321951
70512,P2,435.0,435.0,1155.0,1155.0,False,1.37,8.74,5375784028,30.6585507,103.9891684
101688,P2,436.0,436.0,1156.0,1156.0,False,3.32,12.64,2564226627,30.6398379,104.0185183
174036,P2,436.0,436.0,1156.0,1156.0,False,0.41,8.0,4744814864,30.7231304,104.0843329
191995,P2,436.0,436.0,1156.0,1156.0,False,0.43,8.0,3680400057,30.6589107,104.0136654
197987,P2,436.0,436.0,1156.0,1156.0,False,0.59,8.0,3445813550,30.6661485,104.0697948
202601,P2,436.0,436.0,1156.0,1156.0,False,1.01,8.02,1159230080,30.6812421,104.0782844
45642,P2,436.0,436.0,1156.0,1156.0,False,0.59,8.0,4444112340,30.7201738,104.1024552
62681,P2,436.0,436.0,1156.0,1156.0,False,0.36,8.0,4438025578,30.6953342,104.0786646
66408,P2,436.0,436.0,1156.0,1156.0,False,3.32,12.64,504315331,30.6897815,104.1008858
69648,P2,436.0,436.0,1156.0,1156.0,False,0.96,8.0,4699007260,30.610022,104.0408881
76015,P2,436.0,436.0,1156.0,1156.0,False,1.5,9.0,5162173344,30.6333539,104.0663287
88955,P2,436.0,436.0,1156.0,1156.0,False,1.01,8.02,4505485119,30.637415,104.076
98535,P2,436.0,436.0,1156.0,1156.0,False,1.09,8.18,1493014671,30.62495,104.06476
99362,P2,436.0,436.0,1156.0,1156.0,False,0.95,8.0,2472054565,30.7039793,104.0495284
125605,P2,437.0,437.0,1157.0,1157.0,False,0.38,8.0,5375784056,30.6575124,104.0004981
140037,P2,437.0,437.0,1157.0,1157.0,False,2.09,10.18,4779165783,30.6357363,104.0735452
148266,P2,437.0,437.0,1157.0,1157.0,False,3.73,13.46,3562015382,30.6621508,104.0808192
177130,P2,437.0,437.0,1157.0,1157.0,False,0.38,8.0,4550019088,30.6349084,104.0126156
179089,P2,437.0,437.0,1157.0,1157.0,False,1.96,9.92,4242369819,30.687423,104.0223832
207682,P2,437.0,437.0,1157.0,1157.0,False,3.31,12.62,4695640642,30.6116592,104.0243512
34899,P2,437.0,437.0,1157.0,1157.0,False,1.4,8.8,3199773658,30.7016861,104.1031052
74695,P2,437.0,437.0,1157.0,1157.0,False,2.24,10.48,4695700261,30.6164117,104.0176447
86424,P2,437.0,437.0,1157.0,1157.0,False,2.09,10.18,3034029052,30.6760811,104.0027193
89414,P2,437.0,437.0,1157.0,1157.0,False,0.82,8.0,3633021144,30.6641265,104.0638364
96261,P2,437.0,437.0,1157.0,1157.0,False,0.38,8.0,1459065012,30.6456233,104.1079234
109911,P2,438.0,438.0,1158.0,1158.0,False,0.39,8.0,1958204265,30.67239,104.08376
129840,P2,438.0,438.0,1158.0,1158.0,False,2.16,10.32,4548211609,30.6261413,104.0474114
163225,P2,438.0,438.0,1158.0,1158.0,False,1.59,9.18,439751641,30.6784199,103.9896669
166891,P2,438.0,438.0,1158.0,1158.0,False,1.1,8.2,4773916458,30.6577856,104.0019837
195266,P2,438.0,438.0,1158.0,1158.0,False,1.75,9.5,1159148358,30.663903,104.0750029
47503,P2,438.0,438.0,1158.0,1158.0,False,2.68,11.36,3034393462,30.68359,104.04836
68836,P2,438.0,438.0,1158.0,1158.0,False,0.88,8.0,3034376780,30.6790592,104.0654413
853,P2,438.0,438.0,1158.0,1158.0,False,2.68,11.36,1455131234,30.695092,104.1080399
109270,P2,439.0,439.0,1159.0,1159.0,False,2.0,10.0,4548318070,30.6452307,104.0820694
140307,P2,439.0,439.0,1159.0,1159.0,False,0.47,8.0,1504213677,30.7039892,104.101042
165283,P2,439.0,439.0,1159.0,1159.0,False,0.35,8.0,1159174531,30.632147,104.06725
23067,P2,439.0,439.0,1159.0,1159.0,False,0.33,8.0,3087817482,30.6638318,104.0024922
28983,P2,439.0,439.0,1159.0,1159.0,False,1.4,8.8,3614062391,30.6737255,104.0495054
35760,P2,439.0,439.0,1159.0,1159.0,False,0.47,8.0,3034376775,30.6800987,104.0631079
40659,P2,439.0,439.0,1159.0,1159.0,False,2.0,10.0,1311904478,30.64366,104.07719
41445,P2,439.0,439.0,1159.0,1159.0,False,0.3,8.0,4967265420,30.7045843,104.0033762
79527,P2,439.0,439.0,1159.0,1159.0,False,1.57,9.14,3445813114,30.66121,104.07737
122019,P2,440.0,440.0,1160.0,1160.0,False,0.7,8.0,4549759293,30.6672498,104.0580772
157535,P2,440.0,440.0,1160.0,1160.0,False,2.24,10.48,4118527511,30.70103,104.09568
165708,P2,440.0,440.0,1160.0,1160.0,False,1.69,9.38,3633001074,30.6662267,104.0308175
192019,P2,440.0,440.0,1160.0,1160.0,False,1.69,9.38,4102465470,30.6815,104.04751
197559,P2,440.0,440.0,1160.0,1160.0,False,0.7,8.0,2653287869,30.685728,104.0777733
201332,P2,440.0,440.0,1160.0,1160.0,False,0.76,8.0,2259833248,30.6290034,104.0965908
206201,P2,440.0,440.0,1160.0,1160.0,False,1.69,9.38,5375783990,30.6527223,103.9902627
50280,P2,440.0,440.0,1160.0,1160.0,False,1.94,9.88,3562033455,30.7072833,104.0713174
51763,P2,440.0,440.0,1160.0,1160.0,False,1.94,9.88,4106681945,30.6251,103.98965
82211,P2,440.0,440.0,1160.0,1160.0,False,0.83,8.0,4549993434,30.6971678,104.0549296
107543,P2,441.0,441.0,1161.0,1161.0,False,0.78,8.0,1964337171,30.67405,104.10433
117811,P2,441.0,441.0,1161.0,1161.0,False,0.78,8.0,4874328128,30.6197553,104.1020939
134402,P2,441.0,441.0,1161.0,1161.0,False,0.4,8.0,288416376,30.7058711,104.0945895
135335,P2,441.0,441.0,1161.0,1161.0,False,0.4,8.0,4987534997,30.6209815,104.0055512
137587,P2,441.0,441.0,1161.0,1161.0,False,0.56,8.0,1072704325,30.71272,104.05479
76241,P2,441.0,441.0,1161.0,1161.0,False,0.85,8.0,4549993409,30.6951522,104.0408396
159779,P2,442.0,442.0,1162.0,1162.0,False,0.48,8.0,1159941201,30.67062,104.01953
176713,P2,442.0,442.0,1162.0,1162.0,False,1.17,8.34,3516900112,30.6717433,104.0682074
19457,P2,442.0,442.0,1162.0,1162.0,False,1.4,8.8,1506426847,30.7087169,104.0715419
199981,P2,442.0,442.0,1162.0,1162.0,False,1.17,8.34,1159131461,30.6677127,104.0598937
72079,P2,442.0,442.0,1162.0,1162.0,False,0.83,8.0,4992013260,30.6145225,104.0748491
203231,P2,443.0,443.0,1163.0,1163.0,False,0.44,8.0,5213252904,30.6777361,104.1060013
37794,P2,443.0,443.0,1163.0,1163.0,False,0.72,8.0,1459062204,30.6449174,104.1079486
44320,P2,443.0,443.0,1163.0,1163.0,False,1.05,8.1,4548259556,30.6647195,104.0190605
8796,P2,443.0,443.0,1163.0,1163.0,False,1.51,9.02,432442958,30.6822205,104.0160978
122808,P2,444.0,444.0,1164.0,1164.0,False,1.08,8.16,4106682183,30.6575352,103.9753483
135323,P2,444.0,444.0,1164.0,1164.0,False,0.02,8.0,672360797,30.653202,104.07645
138780,P2,444.0,444.0,1164.0,1164.0,False,0.19,8.0,4550769610,30.6373308,104.1108589
160629,P2,444.0,444.0,1164.0,1164.0,False,2.49,10.98,5283966199,30.7016851,104.1026098
167527,P2,444.0,444.0,1164.0,1164.0,False,0.88,8.0,432442912,30.67099,104.0236
175773,P2,444.0,444.0,1164.0,1164.0,False,1.36,8.72,1159176888,30.6301219,104.0535225
58871,P2,444.0,444.0,1164.0,1164.0,False,1.53,9.06,1827955130,30.66429,104.05471
61887,P2,444.0,444.0,1164.0,1164.0,False,0.19,8.0,4220546259,30.65446,104.07406
76035,P2,444.0,444.0,1164.0,1164.0,False,0.02,8.0,4699007414,30.6151936,104.0444383
104701,P2,445.0,445.0,1165.0,1165.0,False,1.11,8.22,2135944707,30.6168238,104.0156946
121943,P2,445.0,445.0,1165.0,1165.0,False,0.47,8.0,2112262741,30.61619,104.1062
76291,P2,445.0,445.0,1165.0,1165.0,False,2.22,10.44,2843286568,30.6926156,104.0570324
145738,P2,446.0,446.0,1166.0,1166.0,False,0.19,8.0,1507371735,30.6968505,104.0747738
154571,P2,446.0,446.0,1166.0,1166.0,False,0.64,8.0,5002301681,30.6606223,104.0198589
183307,P2,446.0,446.0,1166.0,1166.0,False,0.19,8.0,1459005274,30.65741,104.10384
26501,P2,446.0,446.0,1166.0,1166.0,False,1.06,8.12,4773916428,30.6574387,104.0023707
36045,P2,446.0,446.0,1166.0,1166.0,False,2.6,11.2,1159168936,30.6305337,104.0798236
3803,P2,446.0,446.0,1166.0,1166.0,False,2.6,11.2,5375783864,30.6624543,103.9978549
102,P2,447.0,447.0,1167.0,1167.0,False,2.15,10.3,4548211437,30.6750514,104.0655308
184041,P2,447.0,447.0,1167.0,1167.0,False,0.7,8.0,4359390978,30.723514,104.0587727
209310,P2,447.0,447.0,1167.0,1167.0,False,0.77,8.0,2729413203,30.6276078,104.0468427
40713,P2,447.0,447.0,1167.0,1167.0,False,0.7,8.0,1918491764,30.6509854,103.980506
91802,P2,447.0,447.0,1167.0,1167.0,False,1.15,8.3,3541420742,30.6927173,104.0671622
136061,P2,448.0,448.0,1168.0,1168.0,False,1.59,9.18,2204171434,30.7221189,104.0860256
27199,P2,448.0,448.0,1168.0,1168.0,False,1.68,9.36,2366951327,30.6529,104.11555
51104,P2,448.0,448.0,1168.0,1168.0,False,0.29,8.0,1458586317,30.6858946,104.0977932
134158,P2,449.0,449.0,1169.0,1169.0,False,0.82,8.0,5436607066,30.6373183,104.066216
16673,P2,449.0,449.0,1169.0,1169.0,False,1.41,8.82,432442950,30.6833924,104.0202498
50046,P2,449.0,449.0,1169.0,1169.0,False,2.16,10.32,1072704379,30.7033562,104.0770448
97993,P2,449.0,449.0,1169.0,1169.0,False,0.82,8.0,3562099187,30.6524163,104.0112641
122641,P2,450.0,450.0,1170.0,1170.0,False,1.2,8.4,5254240663,30.6182192,103.9665213
12355,P2,450.0,450.0,1170.0,1170.0,False,0.32,8.0,1159496654,30.690445,104.04018
149919,P2,450.0,450.0,1170.0,1170.0,False,0.41,8.0,1159138261,30.657824,104.1081
171722,P2,450.0,450.0,1170.0,1170.0,False,0.91,8.0,2956775229,30.7124387,104.0371229
30545,P2,450.0,450.0,1170.0,1170.0,False,0.91,8.0,5375783758,30.6322589,104.011485
32342,P2,450.0,450.0,1170.0,1170.0,False,1.19,8.38,4877924402,30.6470827,104.1032209
43025,P2,450.0,450.0,1170.0,1170.0,False,0.6,8.0,2847764705,30.6671699,104.111687
12270,P2,451.0,451.0,1171.0,1171.0,False,2.39,10.78,1500638719,30.7080075,104.0885952
147183,P2,451.0,451.0,1171.0,1171.0,False,0.29,8.0,432452989,30.627612,104.0740842
22418,P2,451.0,451.0,1171.0,1171.0,False,1.3,8.6,2329101951,30.6993189,104.007402
28089,P2,451.0,451.0,1171.0,1171.0,False,0.29,8.0,4548259317,30.7236111,104.0453947
43363,P2,451.0,451.0,1171.0,1171.0,False,1.35,8.7,3582242993,30.7257458,103.9990477
46643,P2,451.0,451.0,1171.0,1171.0,False,0.53,8.0,2722829538,30.70833,104.05094
53901,P2,451.0,451.0,1171.0,1171.0,False,1.3,8.6,4794975966,30.6469615,104.0564259
71243,P2,451.0,451.0,1171.0,1171.0,False,1.3,8.6,4549993157,30.703248,104.0289443
77885,P2,451.0,451.0,1171.0,1171.0,False,0.29,8.0,4701577774,30.6233758,104.0819005
86363,P2,451.0,451.0,1171.0,1171.0,False,1.47,8.94,2559969429,30.6274906,104.0263199
97442,P2,451.0,451.0,1171.0,1171.0,False,2.22,10.44,4548318082,30.6258223,104.0947612
124974,P2,452.0,452.0,1172.0,1172.0,False,1.78,9.56,5375783858,30.6529924,103.9970617
163998,P2,452.0,452.0,1172.0,1172.0,False,2.12,10.24,4987535027,30.6370424,104.0115141
171849,P2,452.0,452.0,1172.0,1172.0,False,1.05,8.1,5213238569,30.6486479,104.0387214
177587,P2,452.0,452.0,1172.0,1172.0,False,2.25,10.5,2309311911,30.6295001,104.0973287
201380,P2,452.0,452.0,1172.0,1172.0,False,2.27,10.54,5375783871,30.6541852,103.9912122
29184,P2,452.0,452.0,1172.0,1172.0,False,0.81,8.0,4585553612,30.6533973,104.0273931
64159,P2,452.0,452.0,1172.0,1172.0,False,1.38,8.76,4548211257,30.6778598,104.0592296
114173,P2,453.0,453.0,1173.0,1173.0,False,0.37,8.0,441159367,30.7225522,104.0853578
186542,P2,453.0,453.0,1173.0,1173.0,False,1.05,8.1,4987535053,30.6309698,104.0089845
20185,P2,453.0,453.0,1173.0,1173.0,False,2.33,10.66,4695640577,30.6129163,104.0293082
31096,P2,453.0,453.0,1173.0,1173.0,False,2.33,10.66,3034408998,30.7023527,104.0922144
40194,P2,453.0,453.0,1173.0,1173.0,False,1.62,9.24,5436607071,30.6375728,104.0649959
63026,P2,453.0,453.0,1173.0,1173.0,False,2.66,11.32,2727024784,30.6161332,104.0518355
71241,P2,453.0,453.0,1173.0,1173.0,False,1.62,9.24,4550019081,30.6488218,104.0727666
159248,P2,454.0,454.0,1174.0,1174.0,False,1.92,9.84,4699007193,30.6098684,104.0319442
6581,P2,454.0,454.0,1174.0,1174.0,False,0.19,8.0,5218133309,30.638398,104.1069014
76708,P2,454.0,454.0,1174.0,1174.0,False,0.34,8.0,4773916476,30.6567796,104.0026871
1331,P2,455.0,455.0,1175.0,1175.0,False,0.38,8.0,1301932975,30.65551,104.07214
159351,P2,455.0,455.0,1175.0,1175.0,False,0.38,8.0,4549993097,30.6494605,103.9838758
45243,P2,455.0,455.0,1175.0,1175.0,False,0.45,8.0,4230593034,30.6429415,104.0873305
49539,P2,455.0,455.0,1175.0,1175.0,False,1.05,8.1,1072698538,30.717676,104.0701695
56047,P2,455.0,455.0,1175.0,1175.0,False,2.46,10.92,2344329082,30.6538005,104.0525255
92979,P2,455.0,455.0,1175.0,1175.0,False,0.07,8.0,4721452999,30.705019,104.08328
17242,P2,456.0,456.0,1176.0,1176.0,False,1.97,9.94,3541401912,30.6891082,104.0140594
176939,P2,456.0,456.0,1176.0,1176.0,False,0.63,8.0,432442540,30.694365,104.01233
181747,P2,456.0,456.0,1176.0,1176.0,False,1.43,8.86,1339762127,30.715986,104.04439
183582,P2,456.0,456.0,1176.0,1176.0,False,0.81,8.0,1459074857,30.6467491,104.1079732
38536,P2,456.0,456.0,1176.0,1176.0,False,1.97,9.94,4794975972,30.6456471,104.0567283
54837,P2,456.0,456.0,1176.0,1176.0,False,2.99,11.98,5375783432,30.6235104,104.0036899
66171,P2,456.0,456.0,1176.0,1176.0,False,1.21,8.42,432442560,30.697556,104.01874
74234,P2,456.0,456.0,1176.0,1176.0,False,1.43,8.86,5053143822,30.7124187,104.0054782
76463,P2,456.0,456.0,1176.0,1176.0,False,1.97,9.94,3562047425,30.7020022,104.0719644
85498,P2,456.0,456.0,1176.0,1176.0,False,0.81,8.0,5141328509,30.6112795,104.0574415
95823,P2,456.0,456.0,1176.0,1176.0,False,2.99,11.98,1504174273,30.7177876,104.0699971
101233,P2,457.0,457.0,1177.0,1177.0,False,1.36,8.72,2727024784,30.6161332,104.0518355
136122,P2,457.0,457.0,1177.0,1177.0,False,2.05,10.1,1458992383,30.6613008,104.0991586
208739,P2,457.0,457.0,1177.0,1177.0,False,0.87,8.0,1313998761,30.63781,104.08567
55718,P2,457.0,457.0,1177.0,1177.0,False,0.29,8.0,2720955521,30.7122383,104.0332875
59416,P2,457.0,457.0,1177.0,1177.0,False,2.2,10.4,4294975866,30.6480272,103.9928105
92215,P2,457.0,457.0,1177.0,1177.0,False,0.67,8.0,504315289,30.6999809,104.1034103
12361,P2,458.0,458.0,1178.0,1178.0,False,1.21,8.42,2651700257,30.695084,104.0787813
156874,P2,458.0,458.0,1178.0,1178.0,False,2.1,10.2,4695640657,30.6187306,104.0249403
201699,P2,458.0,458.0,1178.0,1178.0,False,0.42,8.0,4069514796,30.722898,103.978165
37450,P2,458.0,458.0,1178.0,1178.0,False,1.04,8.08,432442628,30.683863,104.0174281
54176,P2,458.0,458.0,1178.0,1178.0,False,0.23,8.0,4779165771,30.6383748,104.0735001
67822,P2,458.0,458.0,1178.0,1178.0,False,1.21,8.42,439751893,30.6654472,103.983427
6949,P2,458.0,458.0,1178.0,1178.0,False,0.23,8.0,1947584056,30.6834598,104.0834872
108803,P2,459.0,459.0,1179.0,1179.0,False,0.53,8.0,4903105811,30.656143,104.08238
108940,P2,459.0,459.0,1179.0,1179.0,False,0.82,8.0,1159131824,30.6629322,104.0791972
110592,P2,459.0,459.0,1179.0,1179.0,False,0.21,8.0,4699185731,30.6116138,104.054971
162018,P2,459.0,459.0,1179.0,1179.0,False,3.45,12.9,4695601599,30.612158,104.0342441
162283,P2,459.0,459.0,1179.0,1179.0,False,3.45,12.9,2564226602,30.618224,104.0204586
208256,P2,459.0,459.0,1179.0,1179.0,False,0.07,8.0,432442961,30.6781429,104.012142
36145,P2,459.0,459.0,1179.0,1179.0,False,0.63,8.0,3523298667,30.6334082,104.0476509
39802,P2,459.0,459.0,1179.0,1179.0,False,0.82,8.0,3780408668,30.6307365,104.0597697
58784,P2,459.0,459.0,1179.0,1179.0,False,0.3,8.0,1159132217,30.6622629,104.0833073
71870,P2,459.0,459.0,1179.0,1179.0,False,0.74,8.0,5055908307,30.7065733,104.1135254
98523,P2,459.0,459.0,1179.0,1179.0,False,0.46,8.0,4550700987,30.6183602,104.0380316
98643,P2,459.0,459.0,1179.0,1179.0,False,2.33,10.66,2908413739,30.6457966,104.0893531
115119,P2,460.0,460.0,1180.0,1180.0,False,0.2,8.0,3158040415,30.64468,104.04997
125221,P2,460.0,460.0,1180.0,1180.0,False,1.47,8.94,4695640608,30.6119402,104.0259882
128596,P2,460.0,460.0,1180.0,1180.0,False,1.27,8.54,4963999594,30.7185975,104.0332279
142672,P2,460.0,460.0,1180.0,1180.0,False,0.27,8.0,5053143846,30.7238487,104.0036091
170101,P2,460.0,460.0,1180.0,1180.0,False,1.86,9.72,1459023393,30.6449201,104.1095759
190898,P2,460.0,460.0,1180.0,1180.0,False,0.65,8.0,4393165158,30.6227099,104.0637625
198117,P2,460.0,460.0,1180.0,1180.0,False,1.86,9.72,1507337737,30.6969081,104.0743828
55115,P2,460.0,460.0,1180.0,1180.0,False,2.64,11.28,1159462960,30.675869,104.02313
91362,P2,460.0,460.0,1180.0,1180.0,False,2.64,11.28,4967265754,30.7040724,104.0057582
92446,P2,460.0,460.0,1180.0,1180.0,False,1.88,9.76,4799195761,30.6222623,103.99831
95961,P2,460.0,460.0,1180.0,1180.0,False,1.27,8.54,4695601345,30.6104245,104.029536
105108,P2,461.0,461.0,1181.0,1181.0,False,4.49,14.98,5213238535,30.6610698,104.0747047
149764,P2,461.0,461.0,1181.0,1181.0,False,0.11,8.0,4437994405,30.6900887,104.0958689
150910,P2,461.0,461.0,1181.0,1181.0,False,1.12,8.24,3034409151,30.7228115,104.0724011
181877,P2,461.0,461.0,1181.0,1181.0,False,0.71,8.0,480012029,30.6201496,104.0684115
33750,P2,461.0,461.0,1181.0,1181.0,False,0.11,8.0,314622896,30.6548869,104.0664771
44151,P2,461.0,461.0,1181.0,1181.0,False,1.45,8.9,5213253169,30.6646952,104.1109949
53979,P2,461.0,461.0,1181.0,1181.0,False,2.26,10.52,3613960004,30.6696875,104.0535936
59675,P2,461.0,461.0,1181.0,1181.0,False,0.91,8.0,4900292688,30.6694752,104.0643722
63595,P2,461.0,461.0,1181.0,1181.0,False,1.53,9.06,4565541460,30.649093,103.9822942
169755,P2,462.0,462.0,1182.0,1182.0,False,1.67,9.34,4118527280,30.68275,104.065346
37374,P2,462.0,462.0,1182.0,1182.0,False,0.29,8.0,3069352245,30.6429697,103.9882012
4115,P2,462.0,462.0,1182.0,1182.0,False,0.22,8.0,432429373,30.6357627,104.0559911
70863,P2,462.0,462.0,1182.0,1182.0,False,0.56,8.0,2823785843,30.66251,104.06055
75889,P2,462.0,462.0,1182.0,1182.0,False,1.67,9.34,4393165159,30.6227639,104.0671748
80651,P2,462.0,462.0,1182.0,1182.0,False,0.05,8.0,5141468772,30.6242651,104.0886295
104067,P2,463.0,463.0,1183.0,1183.0,False,1.66,9.32,1964326877,30.6706,104.09277
128887,P2,463.0,463.0,1183.0,1183.0,False,0.72,8.0,3943038380,30.643309,104.06177
15457,P2,463.0,463.0,1183.0,1183.0,False,1.84,9.68,3742070458,30.649269,104.0879116
171038,P2,463.0,463.0,1183.0,1183.0,False,0.72,8.0,5213238535,30.6610698,104.0747047
184406,P2,463.0,463.0,1183.0,1183.0,False,0.7,8.0,2119004935,30.6969457,104.0248742
189118,P2,463.0,463.0,1183.0,1183.0,False,0.45,8.0,1302807385,30.6436577,104.0865587
30485,P2,463.0,463.0,1183.0,1183.0,False,0.45,8.0,1885342898,30.6769671,104.0969535
60663,P2,463.0,463.0,1183.0,1183.0,False,0.7,8.0,672349622,30.70043,104.07907
109764,P2,464.0,464.0,1184.0,1184.0,False,1.31,8.62,4693610105,30.6349384,104.0721861
123418,P2,464.0,464.0,1184.0,1184.0,False,1.31,8.62,1458459967,30.6857621,104.1012902
138980,P2,464.0,464.0,1184.0,1184.0,False,0.66,8.0,5211337145,30.6512391,103.9895957
147795,P2,464.0,464.0,1184.0,1184.0,False,1.05,8.1,1301932985,30.65349,104.079834
201702,P2,464.0,464.0,1184.0,1184.0,False,1.31,8.62,1458786968,30.6793661,104.0923501
2063,P2,464.0,464.0,1184.0,1184.0,False,1.71,9.42,1159143853,30.67755,104.08744
31567,P2,464.0,464.0,1184.0,1184.0,False,0.28,8.0,4934383689,30.6160087,104.1156346
104703,P2,465.0,465.0,1185.0,1185.0,False,0.45,8.0,2119004926,30.695456,104.0230312
142247,P2,465.0,465.0,1185.0,1185.0,False,0.28,8.0,3538771899,30.65401,104.1154
168180,P2,465.0,465.0,1185.0,1185.0,False,1.56,9.12,3436486477,30.6416852,104.0460066
202243,P2,465.0,465.0,1185.0,1185.0,False,0.75,8.0,1159229836,30.67417,104.08519
38621,P2,465.0,465.0,1185.0,1185.0,False,1.56,9.12,2852225599,30.6383419,104.0601673
64570,P2,465.0,465.0,1185.0,1185.0,False,1.56,9.12,3614070503,30.6747592,104.0624488
94416,P2,465.0,465.0,1185.0,1185.0,False,1.53,9.06,3680361285,30.6550449,104.0223873
12535,P2,466.0,466.0,1186.0,1186.0,False,0.28,8.0,4220546243,30.6503084,104.0724947
157115,P2,466.0,466.0,1186.0,1186.0,False,0.76,8.0,3087817502,30.6694,103.98452
162422,P2,466.0,466.0,1186.0,1186.0,False,0.45,8.0,4118527468,30.7003199,104.0825418
26437,P2,466.0,466.0,1186.0,1186.0,False,1.3,8.6,4693609810,30.6335641,104.0719028
28622,P2,466.0,466.0,1186.0,1186.0,False,0.28,8.0,1918491744,30.6480503,103.991514
87330,P2,466.0,466.0,1186.0,1186.0,False,2.96,11.92,1492613150,30.622963,104.0628213
8925,P2,466.0,466.0,1186.0,1186.0,False,0.91,8.0,4078817942,30.710714,104.0823324
130635,P2,468.0,468.0,1188.0,1188.0,False,2.67,11.34,4550018682,30.64628,104.01836
161536,P2,468.0,468.0,1188.0,1188.0,False,0.08,8.0,5141328743,30.6119118,104.0643477
18307,P2,468.0,468.0,1188.0,1188.0,False,1.7,9.4,4748166166,30.6176603,104.0211913
184846,P2,468.0,468.0,1188.0,1188.0,False,1.3,8.6,1498677506,30.7263052,104.0717815
198553,P2,468.0,468.0,1188.0,1188.0,False,1.7,9.4,4294975855,30.6510741,103.990069
45408,P2,468.0,468.0,1188.0,1188.0,False,0.08,8.0,2041337982,30.6830604,104.0956174
45459,P2,468.0,468.0,1188.0,1188.0,False,2.04,10.08,1453882141,30.7013398,104.001948
97107,P2,468.0,468.0,1188.0,1188.0,False,0.01,8.0,432429372,30.6319,104.0560707
100362,P2,469.0,469.0,1189.0,1189.0,False,0.66,8.0,1458910132,30.681806,104.0946679
139316,P2,469.0,469.0,1189.0,1189.0,False,0.66,8.0,4724343815,30.6302412,104.06442
141993,P2,469.0,469.0,1189.0,1189.0,False,1.42,8.84,432442981,30.6755493,104.0151322
151825,P2,469.0,469.0,1189.0,1189.0,False,1.67,9.34,1156126791,30.6874943,104.1001317
170188,P2,469.0,469.0,1189.0,1189.0,False,0.99,8.0,5280629136,30.6675265,104.0059084
52020,P2,469.0,469.0,1189.0,1189.0,False,0.66,8.0,4877924396,30.6456255,104.1023277
946,P2,469.0,469.0,1189.0,1189.0,False,1.88,9.76,4087177084,30.6172715,104.0146167
105522,P2,470.0,470.0,1190.0,1190.0,False,0.05,8.0,1305816747,30.6436968,104.0831923
106507,P2,470.0,470.0,1190.0,1190.0,False,0.28,8.0,1507257626,30.7120905,104.0719313
150728,P2,470.0,470.0,1190.0,1190.0,False,0.15,8.0,2722829584,30.7009341,104.0661237
165516,P2,470.0,470.0,1190.0,1190.0,False,0.15,8.0,4773199362,30.6736884,104.0081134
185888,P2,470.0,470.0,1190.0,1190.0,False,0.66,8.0,4585553612,30.6533973,104.0273931
25343,P2,470.0,470.0,1190.0,1190.0,False,0.15,8.0,1492639723,30.6224571,104.0669434
75623,P2,470.0,470.0,1190.0,1190.0,False,1.05,8.1,432442523,30.6853485,104.0142524
107727,P2,471.0,471.0,1191.0,1191.0,False,1.08,8.16,5141328740,30.6120674,104.0643424
125108,P2,471.0,471.0,1191.0,1191.0,False,0.44,8.0,5213253137,30.7058123,104.0946474
150515,P2,471.0,471.0,1191.0,1191.0,False,0.55,8.0,4106682189,30.65719,103.969
142289,P2,472.0,472.0,1192.0,1192.0,False,0.23,8.0,4550019040,30.6206152,104.0287149
149547,P2,472.0,472.0,1192.0,1192.0,False,0.08,8.0,1425996106,30.67083,104.10953
208604,P2,472.0,472.0,1192.0,1192.0,False,1.41,8.82,439751784,30.7264748,104.0426474
74483,P2,472.0,472.0,1192.0,1192.0,False,0.32,8.0,3633008407,30.6716102,104.0178538
121452,P2,473.0,473.0,1193.0,1193.0,False,0.79,8.0,4772430856,30.6779194,104.0052314
170140,P2,473.0,473.0,1193.0,1193.0,False,0.63,8.0,4585443318,30.6632784,104.0501348
189963,P2,473.0,473.0,1193.0,1193.0,False,0.07,8.0,1445481371,30.6588306,104.0635409
36750,P2,473.0,473.0,1193.0,1193.0,False,1.29,8.58,4601260487,30.6369695,104.0662229
171419,P2,474.0,474.0,1194.0,1194.0,False,2.64,11.28,4978440957,30.6810723,104.0745271
18485,P2,474.0,474.0,1194.0,1194.0,False,1.43,8.86,4550019071,30.6525654,104.0537008
203966,P2,474.0,474.0,1194.0,1194.0,False,1.15,8.3,2081197481,30.6230266,104.1096315
75977,P2,474.0,474.0,1194.0,1194.0,False,0.38,8.0,5141468669,30.6379789,104.0921738
107968,P2,475.0,475.0,1195.0,1195.0,False,1.52,9.04,4750955767,30.7107216,104.1113785
109572,P2,475.0,475.0,1195.0,1195.0,False,1.06,8.12,1492405916,30.6362724,104.0642502
12989,P2,475.0,475.0,1195.0,1195.0,False,0.03,8.0,3069351956,30.6280116,103.9877324
145003,P2,475.0,475.0,1195.0,1195.0,False,1.59,9.18,872835364,30.6587458,104.0582087
149442,P2,475.0,475.0,1195.0,1195.0,False,2.17,10.34,1159941938,30.667213,104.0192048
184359,P2,475.0,475.0,1195.0,1195.0,False,1.06,8.12,4548211249,30.6771193,104.0577876
23823,P2,475.0,475.0,1195.0,1195.0,False,2.17,10.34,5141328646,30.61169,104.06088
2919,P2,475.0,475.0,1195.0,1195.0,False,0.69,8.0,1445535379,30.64995,104.06119
36899,P2,475.0,475.0,1195.0,1195.0,False,1.52,9.04,3069352245,30.6429697,103.9882012
49452,P2,475.0,475.0,1195.0,1195.0,False,0.58,8.0,3523298658,30.6333733,104.0474308
53723,P2,475.0,475.0,1195.0,1195.0,False,0.72,8.0,2472030043,30.66215,104.06254
67368,P2,475.0,475.0,1195.0,1195.0,False,0.25,8.0,5213237302,30.6592821,104.0787494
67964,P2,475.0,475.0,1195.0,1195.0,False,0.36,8.0,5213253151,30.6791,104.1104304
72407,P2,475.0,475.0,1195.0,1195.0,False,0.53,8.0,4693610153,30.633947,104.06699
77580,P2,475.0,475.0,1195.0,1195.0,False,1.59,9.18,4548209365,30.6230395,104.0837609
134572,P2,476.0,476.0,1196.0,1196.0,False,2.3,10.6,1459929556,30.6440896,104.1114646
182996,P2,476.0,476.0,1196.0,1196.0,False,2.3,10.6,4549993277,30.6496412,103.9838074
2545,P2,476.0,476.0,1196.0,1196.0,False,0.28,8.0,2118909751,30.7115761,104.0865805
62602,P2,476.0,476.0,1196.0,1196.0,False,1.17,8.34,4991425468,30.6454057,103.9874058
7427,P2,476.0,476.0,1196.0,1196.0,False,2.3,10.6,5213253153,30.6942778,104.0869612
108815,P2,477.0,477.0,1197.0,1197.0,False,1.32,8.64,2843286584,30.68562,104.05702
115307,P2,477.0,477.0,1197.0,1197.0,False,0.19,8.0,3034393462,30.6827,104.04865
122949,P2,477.0,477.0,1197.0,1197.0,False,0.52,8.0,432442961,30.6781429,104.012142
33911,P2,477.0,477.0,1197.0,1197.0,False,1.51,9.02,2041522384,30.667782,104.10727
39008,P2,477.0,477.0,1197.0,1197.0,False,0.0,8.0,4779165758,30.6261734,104.0308368
73072,P2,477.0,477.0,1197.0,1197.0,False,0.52,8.0,4548211210,30.6752271,104.055483
81985,P2,477.0,477.0,1197.0,1197.0,False,0.87,8.0,4695701805,30.6120169,104.0203408
96381,P2,477.0,477.0,1197.0,1197.0,False,0.89,8.0,441187199,30.6588009,104.0617679
10299,P2,478.0,478.0,1198.0,1198.0,False,0.96,8.0,5213238415,30.6443183,104.0390924
124033,P2,478.0,478.0,1198.0,1198.0,False,0.65,8.0,4549993293,30.6508421,103.9890791
150078,P2,478.0,478.0,1198.0,1198.0,False,0.23,8.0,2843289945,30.7007715,104.0576284
192827,P2,478.0,478.0,1198.0,1198.0,False,1.93,9.86,4414330454,30.65525,104.08854
53984,P2,478.0,478.0,1198.0,1198.0,False,0.02,8.0,1159229568,30.6704077,104.0975317
76995,P2,478.0,478.0,1198.0,1198.0,False,1.93,9.86,1159491568,30.6830528,104.0755012
122507,P2,479.0,479.0,1199.0,1199.0,False,0.15,8.0,432442942,30.682359,104.0276313
142717,P2,479.0,479.0,1199.0,1199.0,False,1.23,8.46,2843294153,30.6980881,104.0491784
1820,P2,479.0,479.0,1199.0,1199.0,False,1.29,8.58,4592713498,30.6215914,104.0643526
187459,P2,479.0,479.0,1199.0,1199.0,False,2.68,11.36,1388412850,30.6803736,104.0693389
208466,P2,479.0,479.0,1199.0,1199.0,False,2.61,11.22,432452896,30.618552,104.060157
41750,P2,479.0,479.0,1199.0,1199.0,False,1.44,8.88,432442597,30.6864538,104.0252784
93078,P2,479.0,479.0,1199.0,1199.0,False,2.43,10.86,1457843757,30.6880064,104.0998047
102150,P2,480.0,480.0,1200.0,1200.0,False,0.84,8.0,3069352162,30.6391434,103.9887089
108999,P2,480.0,480.0,1200.0,1200.0,False,0.39,8.0,4695601564,30.6116613,104.0322604
181413,P2,480.0,480.0,1200.0,1200.0,False,1.1,8.2,1159231828,30.6955532,104.0843135
191384,P2,480.0,480.0,1200.0,1200.0,False,1.82,9.64,4107377020,30.636352,103.9966679
208758,P2,480.0,480.0,1200.0,1200.0,False,1.98,9.96,5211393709,30.6641592,103.9823326
82010,P2,480.0,480.0,1200.0,1200.0,False,3.26,12.52,4106682130,30.6458332,103.985872
9590,P2,480.0,480.0,1200.0,1200.0,False,2.96,11.92,2726978405,30.611294,104.0523693
1211,P2,481.0,481.0,1201.0,1201.0,False,0.85,8.0,3516890331,30.6787788,103.9900198
17359,P2,481.0,481.0,1201.0,1201.0,False,1.0,8.0,603415287,30.711018,104.10243
18183,P2,481.0,481.0,1201.0,1201.0,False,0.1,8.0,4967265745,30.700155,104.00796
48655,P2,481.0,481.0,1201.0,1201.0,False,0.01,8.0,1305816705,30.665092,104.06578
52688,P2,481.0,481.0,1201.0,1201.0,False,0.6,8.0,314622889,30.6549977,104.0614315
63277,P2,481.0,481.0,1201.0,1201.0,False,0.85,8.0,1492615693,30.624497,104.0644663
97914,P2,481.0,481.0,1201.0,1201.0,False,1.47,8.94,2728372887,30.6269224,104.0741298
107603,P2,482.0,482.0,1202.0,1202.0,False,0.73,8.0,3582245796,30.7194804,103.9969478
180027,P2,482.0,482.0,1202.0,1202.0,False,0.06,8.0,314622896,30.65465,104.06752
189812,P2,482.0,482.0,1202.0,1202.0,False,1.42,8.84,5213238547,30.6388162,104.0460927
201719,P2,482.0,482.0,1202.0,1202.0,False,0.05,8.0,1290303466,30.659586,104.07549
47609,P2,482.0,482.0,1202.0,1202.0,False,0.31,8.0,5141468646,30.6335888,104.0928553
84903,P2,482.0,482.0,1202.0,1202.0,False,0.05,8.0,1313065650,30.6326198,104.0808098
10640,P2,483.0,483.0,1203.0,1203.0,False,0.02,8.0,5367321385,30.6638728,103.9975625
124811,P2,483.0,483.0,1203.0,1203.0,False,0.46,8.0,2080643555,30.6216724,104.0996009
130262,P2,483.0,483.0,1203.0,1203.0,False,0.01,8.0,4549993227,30.706241,104.0018387
183388,P2,483.0,483.0,1203.0,1203.0,False,1.41,8.82,4549993020,30.6968336,104.0443714
18432,P2,483.0,483.0,1203.0,1203.0,False,0.52,8.0,3034409135,30.7175517,104.0897053
203071,P2,483.0,483.0,1203.0,1203.0,False,0.47,8.0,1457834346,30.6927811,104.1034244
209127,P2,483.0,483.0,1203.0,1203.0,False,0.47,8.0,1159175700,30.6187925,104.0714431
47531,P2,483.0,483.0,1203.0,1203.0,False,2.27,10.54,5213238598,30.64754,104.10322
47573,P2,483.0,483.0,1203.0,1203.0,False,0.76,8.0,4546940798,30.6154989,104.0964994
72753,P2,483.0,483.0,1203.0,1203.0,False,0.12,8.0,2134826936,30.6722605,103.9859752
54423,P2,484.0,484.0,1204.0,1204.0,False,2.66,11.32,480012029,30.6201496,104.0684115
97603,P2,484.0,484.0,1204.0,1204.0,False,0.77,8.0,2559969433,30.6259262,104.0295188
154343,P2,485.0,485.0,1205.0,1205.0,False,1.66,9.32,4695640528,30.6151249,104.0271256
190252,P2,485.0,485.0,1205.0,1205.0,False,1.43,8.86,4548259523,30.7140417,104.0342378
191200,P2,485.0,485.0,1205.0,1205.0,False,1.03,8.06,3541427569,30.7107552,104.0321589
50083,P2,485.0,485.0,1205.0,1205.0,False,1.03,8.06,4572363406,30.67359,104.05845
54285,P2,485.0,485.0,1205.0,1205.0,False,1.25,8.5,5367321387,30.6637218,104.0024897
117167,P2,486.0,486.0,1206.0,1206.0,False,0.07,8.0,1958204318,30.670221,104.09063
156854,P2,486.0,486.0,1206.0,1206.0,False,1.9,9.8,4693609806,30.633016,104.0684419
24907,P2,486.0,486.0,1206.0,1206.0,False,1.53,9.06,2823798122,30.65731,104.05433
50823,P2,486.0,486.0,1206.0,1206.0,False,0.69,8.0,5102886113,30.6863806,103.9939947
71231,P2,486.0,486.0,1206.0,1206.0,False,1.04,8.08,432432546,30.66341,104.04065
78415,P2,486.0,486.0,1206.0,1206.0,False,1.9,9.8,4963999555,30.71285,104.03605
10022,P2,487.0,487.0,1207.0,1207.0,False,0.31,8.0,4550701397,30.6200923,103.982772
207919,P2,487.0,487.0,1207.0,1207.0,False,1.1,8.2,1072698509,30.696981,104.0637688
38503,P2,487.0,487.0,1207.0,1207.0,False,1.94,9.88,3562033455,30.7072833,104.0713174
72771,P2,487.0,487.0,1207.0,1207.0,False,0.32,8.0,2956775225,30.71366,104.04904
123205,P2,488.0,488.0,1208.0,1208.0,False,1.41,8.82,1311904456,30.645273,104.079601
139888,P2,488.0,488.0,1208.0,1208.0,False,1.67,9.34,3445794964,30.6623919,104.0718432
139935,P2,488.0,488.0,1208.0,1208.0,False,0.34,8.0,2838556821,30.6252506,104.1047108
145019,P2,488.0,488.0,1208.0,1208.0,False,0.15,8.0,2082811327,30.6282737,104.1069813
16248,P2,488.0,488.0,1208.0,1208.0,False,0.87,8.0,5141458205,30.6318208,104.0767349
168870,P2,488.0,488.0,1208.0,1208.0,False,0.76,8.0,5367321385,30.6638728,103.9975625
18933,P2,488.0,488.0,1208.0,1208.0,False,0.87,8.0,4107377035,30.6421326,103.9950814
39104,P2,488.0,488.0,1208.0,1208.0,False,0.34,8.0,4799195762,30.6127737,103.9863544
69565,P2,488.0,488.0,1208.0,1208.0,False,0.38,8.0,2135946732,30.6248361,104.004192
1239,P2,489.0,489.0,1209.0,1209.0,False,1.12,8.24,4106681976,30.6416864,103.9792544
164332,P2,489.0,489.0,1209.0,1209.0,False,1.28,8.56,5375783809,30.656241,104.0016326
170355,P2,489.0,489.0,1209.0,1209.0,False,1.07,8.14,1916530842,30.6485722,103.9805666
19366,P2,489.0,489.0,1209.0,1209.0,False,1.12,8.24,4106681906,30.6128716,103.9924123
206371,P2,489.0,489.0,1209.0,1209.0,False,1.54,9.08,432432545,30.661347,104.0384566
23126,P2,489.0,489.0,1209.0,1209.0,False,1.5,9.0,4903105800,30.6651235,104.08676
28199,P2,489.0,489.0,1209.0,1209.0,False,1.58,9.16,1159149361,30.64831,104.07572
34312,P2,489.0,489.0,1209.0,1209.0,False,1.07,8.14,5141326917,30.6102598,104.0592811
55218,P2,489.0,489.0,1209.0,1209.0,False,1.28,8.56,1388412848,30.6790803,104.0768185
94941,P2,489.0,489.0,1209.0,1209.0,False,1.13,8.26,2133188683,30.6157685,104.0845906
166897,P2,490.0,490.0,1210.0,1210.0,False,1.04,8.08,3034409150,30.7192989,104.0819162
174749,P2,490.0,490.0,1210.0,1210.0,False,1.24,8.48,4393223481,30.6264928,104.0461577
854,P2,490.0,490.0,1210.0,1210.0,False,0.11,8.0,4220546259,30.654465,104.0754705
117736,P2,491.0,491.0,1211.0,1211.0,False,0.58,8.0,1956565510,30.6772659,104.1132684
131703,P2,491.0,491.0,1211.0,1211.0,False,0.37,8.0,1312615956,30.6489116,104.0588362
144931,P2,491.0,491.0,1211.0,1211.0,False,1.65,9.3,2718635891,30.7054133,104.0075966
152391,P2,491.0,491.0,1211.0,1211.0,False,3.0,12.0,1159168931,30.636644,104.08299
42893,P2,491.0,491.0,1211.0,1211.0,False,0.17,8.0,4550018697,30.6528312,104.0601618
869,P2,491.0,491.0,1211.0,1211.0,False,0.65,8.0,2282013888,30.6210077,103.9722222
103262,P2,492.0,492.0,1212.0,1212.0,False,1.97,9.94,2662847701,30.6802941,103.9937633
115401,P2,492.0,492.0,1212.0,1212.0,False,0.93,8.0,1885342897,30.6785159,104.0974069
123454,P2,492.0,492.0,1212.0,1212.0,False,0.76,8.0,4903105808,30.6533895,104.0823842
152184,P2,492.0,492.0,1212.0,1212.0,False,1.47,8.94,3516900120,30.6710255,104.0821581
179104,P2,492.0,492.0,1212.0,1212.0,False,0.84,8.0,4695700262,30.6170371,104.0162441
76183,P2,492.0,492.0,1212.0,1212.0,False,0.67,8.0,1305816672,30.64863,104.0829
106307,P2,493.0,493.0,1213.0,1213.0,False,1.09,8.18,1916386580,30.6418601,104.0559219
116807,P2,493.0,493.0,1213.0,1213.0,False,0.96,8.0,4585443315,30.669552,104.04652
149712,P2,493.0,493.0,1213.0,1213.0,False,0.65,8.0,276556799,30.6495476,104.0636064
152884,P2,493.0,493.0,1213.0,1213.0,False,0.41,8.0,1159491545,30.6864438,104.0757988
153885,P2,493.0,493.0,1213.0,1213.0,False,1.61,9.22,1459025632,30.6454284,104.1078852
169680,P2,493.0,493.0,1213.0,1213.0,False,1.15,8.3,2202826072,30.6138802,104.023297
172306,P2,493.0,493.0,1213.0,1213.0,False,2.66,11.32,3582236099,30.7089011,103.971947
177949,P2,493.0,493.0,1213.0,1213.0,False,1.11,8.22,2532969464,30.7039148,104.0930384
178576,P2,493.0,493.0,1213.0,1213.0,False,0.41,8.0,5382831217,30.6762108,104.0950442
201182,P2,493.0,493.0,1213.0,1213.0,False,0.58,8.0,5375784234,30.633181,104.0093708
32555,P2,493.0,493.0,1213.0,1213.0,False,1.11,8.22,4106682225,30.6745183,103.9964567
88117,P2,493.0,493.0,1213.0,1213.0,False,1.5,9.0,3523298664,30.6318984,104.0466713
109377,P2,494.0,494.0,1214.0,1214.0,False,0.21,8.0,5141468792,30.630272,104.1010274
116535,P2,494.0,494.0,1214.0,1214.0,False,0.27,8.0,5141468786,30.630327,104.1044171
121701,P2,494.0,494.0,1214.0,1214.0,False,2.6,11.2,5218240019,30.7002164,104.048641
156320,P2,494.0,494.0,1214.0,1214.0,False,1.73,9.46,4549993159,30.7059566,104.002035
15939,P2,494.0,494.0,1214.0,1214.0,False,0.26,8.0,1815741566,30.688906,104.06002
27339,P2,494.0,494.0,1214.0,1214.0,False,1.73,9.46,3445794972,30.66075,104.07749
56921,P2,494.0,494.0,1214.0,1214.0,False,0.71,8.0,1492405916,30.6362724,104.0642502
111920,P2,495.0,495.0,1215.0,1215.0,False,0.55,8.0,4359390924,30.7206025,104.110448
144293,P2,495.0,495.0,1215.0,1215.0,False,2.12,10.24,2981319505,30.7224415,104.0007846
169260,P2,495.0,495.0,1215.0,1215.0,False,1.32,8.64,2135944707,30.6168238,104.0156946
208855,P2,495.0,495.0,1215.0,1215.0,False,1.53,9.06,603415283,30.70771,104.09579
67007,P2,495.0,495.0,1215.0,1215.0,False,2.32,10.64,2276187310,30.684618,104.08489
139169,P2,496.0,496.0,1216.0,1216.0,False,0.89,8.0,5213238415,30.6443183,104.0390924
142110,P2,496.0,496.0,1216.0,1216.0,False,0.89,8.0,4550018636,30.6160566,104.0360146
204299,P2,496.0,496.0,1216.0,1216.0,False,0.89,8.0,1964394675,30.67022,104.10729
100052,P2,497.0,497.0,1217.0,1217.0,False,0.37,8.0,3033986328,30.6539352,104.0223602
118446,P2,497.0,497.0,1217.0,1217.0,False,1.08,8.16,3445813123,30.6706637,104.0706051
138370,P2,497.0,497.0,1217.0,1217.0,False,1.27,8.54,1459915728,30.6475007,104.1037665
179967,P2,497.0,497.0,1217.0,1217.0,False,1.03,8.06,4106681976,30.6416864,103.9792544
191792,P2,497.0,497.0,1217.0,1217.0,False,1.55,9.1,1457834346,30.6927811,104.1034244
194797,P2,497.0,497.0,1217.0,1217.0,False,1.94,9.88,1918491750,30.633255,104.0053741
67960,P2,497.0,497.0,1217.0,1217.0,False,0.66,8.0,4217837169,30.6276127,104.0438765
122089,P2,498.0,498.0,1218.0,1218.0,False,1.05,8.1,1458579724,30.6826342,104.0950867
61064,P2,498.0,498.0,1218.0,1218.0,False,0.52,8.0,2134782156,30.6253497,104.004523
73383,P2,498.0,498.0,1218.0,1218.0,False,1.05,8.1,1159148361,30.6634,104.07661
12795,P2,499.0,499.0,1219.0,1219.0,False,0.68,8.0,4218012567,30.6276483,104.0428316
16199,P2,499.0,499.0,1219.0,1219.0,False,1.42,8.84,5218240014,30.7039362,104.0535263
186684,P2,499.0,499.0,1219.0,1219.0,False,1.42,8.84,2217714926,30.6609975,104.0718879
34714,P2,499.0,499.0,1219.0,1219.0,False,0.5,8.0,5211343344,30.6476004,104.0136879
45419,P2,499.0,499.0,1219.0,1219.0,False,0.8,8.0,1458975864,30.66332,104.09312
84487,P2,499.0,499.0,1219.0,1219.0,False,1.42,8.84,3034393457,30.667265,104.05227
101381,P2,500.0,500.0,1220.0,1220.0,False,2.11,10.22,2081197476,30.6220848,104.1125497
110900,P2,500.0,500.0,1220.0,1220.0,False,0.67,8.0,1445519247,30.6487037,104.0635151
206243,P2,500.0,500.0,1220.0,1220.0,False,0.39,8.0,3445794968,30.663383,104.0738577
55726,P2,500.0,500.0,1220.0,1220.0,False,2.11,10.22,4548211381,30.6503668,104.0194976
83539,P2,500.0,500.0,1220.0,1220.0,False,2.63,11.26,4220546259,30.65446,104.07406
133227,P2,501.0,501.0,1221.0,1221.0,False,1.09,8.18,4748166164,30.6186904,104.0214268
149739,P2,501.0,501.0,1221.0,1221.0,False,1.21,8.42,1159462960,30.6755838,104.0233904
151449,P2,501.0,501.0,1221.0,1221.0,False,0.41,8.0,2910354673,30.6477888,104.0829634
178732,P2,501.0,501.0,1221.0,1221.0,False,1.1,8.2,441159328,30.7214723,104.0992784
122687,P2,502.0,502.0,1222.0,1222.0,False,1.91,9.82,3562015379,30.662436,104.08183
131381,P2,502.0,502.0,1222.0,1222.0,False,1.14,8.28,3034029059,30.6827611,104.0065888
143774,P2,502.0,502.0,1222.0,1222.0,False,0.83,8.0,3562086841,30.6763615,104.0432669
25804,P2,502.0,502.0,1222.0,1222.0,False,1.55,9.1,4989152045,30.664,104.1146656
63306,P2,502.0,502.0,1222.0,1222.0,False,2.31,10.62,3633006579,30.6602556,104.0583621
89423,P2,502.0,502.0,1222.0,1222.0,False,1.14,8.28,4106682111,30.64503,103.97892
102472,P2,503.0,503.0,1223.0,1223.0,False,0.31,8.0,4701577705,30.6175321,104.0727403
10582,P2,503.0,503.0,1223.0,1223.0,False,0.53,8.0,5213238429,30.6502177,104.0978725
108241,P2,503.0,503.0,1223.0,1223.0,False,1.47,8.94,5141468651,30.6406092,104.0923305
205174,P2,503.0,503.0,1223.0,1223.0,False,2.86,11.72,4701464739,30.614716,104.0620243
95467,P2,503.0,503.0,1223.0,1223.0,False,1.47,8.94,3028924418,30.6308253,104.0459236
144244,P2,504.0,504.0,1224.0,1224.0,False,1.78,9.56,3632996309,30.6629381,104.0221459
162384,P2,504.0,504.0,1224.0,1224.0,False,1.41,8.82,4106681973,30.6405714,103.9752821
162520,P2,504.0,504.0,1224.0,1224.0,False,1.41,8.82,5367313639,30.6339083,103.9831687
185412,P2,504.0,504.0,1224.0,1224.0,False,2.67,11.34,4106682236,30.6808464,104.0025244
209339,P2,504.0,504.0,1224.0,1224.0,False,1.21,8.42,1159228699,30.6724,104.09168
26433,P2,504.0,504.0,1224.0,1224.0,False,1.38,8.76,5257005054,30.6762885,104.0950097
60270,P2,504.0,504.0,1224.0,1224.0,False,0.54,8.0,1964418551,30.667535,104.095439
116091,P2,505.0,505.0,1225.0,1225.0,False,0.13,8.0,2912287863,30.6347024,104.1000472
14800,P2,505.0,505.0,1225.0,1225.0,False,2.47,10.94,1072698509,30.696981,104.0637688
209243,P2,505.0,505.0,1225.0,1225.0,False,0.48,8.0,4773199407,30.6729877,104.0132292
4588,P2,505.0,505.0,1225.0,1225.0,False,1.25,8.5,1457868175,30.688221,104.0988914
94186,P2,505.0,505.0,1225.0,1225.0,False,1.92,9.84,4701400379,30.6118142,104.0552323
111382,P2,506.0,506.0,1226.0,1226.0,False,0.99,8.0,4773199361,30.6684784,104.0101576
144959,P2,506.0,506.0,1226.0,1226.0,False,0.52,8.0,2259835274,30.625347,104.1026569
148163,P2,506.0,506.0,1226.0,1226.0,False,1.17,8.34,2785841184,30.68538,104.0239
181773,P2,506.0,506.0,1226.0,1226.0,False,1.91,9.82,4106681906,30.6128716,103.9924123
183540,P2,506.0,506.0,1226.0,1226.0,False,1.91,9.82,5254240664,30.6192811,103.9687413
202839,P2,506.0,506.0,1226.0,1226.0,False,0.27,8.0,2039550422,30.6768,104.11299
23178,P2,506.0,506.0,1226.0,1226.0,False,1.78,9.56,2691023099,30.7095722,103.9980508
31013,P2,506.0,506.0,1226.0,1226.0,False,1.91,9.82,4550701195,30.6234342,104.0347121
44271,P2,506.0,506.0,1226.0,1226.0,False,0.58,8.0,4012382184,30.66173,104.07481
46641,P2,506.0,506.0,1226.0,1226.0,False,0.27,8.0,3541366766,30.6556229,104.0061546
51685,P2,506.0,506.0,1226.0,1226.0,False,1.17,8.34,5213238429,30.6502177,104.0978725
58677,P2,506.0,506.0,1226.0,1226.0,False,0.11,8.0,4222812831,30.6454508,104.0217781
60699,P2,506.0,506.0,1226.0,1226.0,False,0.3,8.0,3034393451,30.67026,104.04042
109432,P2,507.0,507.0,1227.0,1227.0,False,0.21,8.0,4695662943,30.6116347,104.0323155
168046,P2,507.0,507.0,1227.0,1227.0,False,0.16,8.0,1159172511,30.6195441,104.074636
42522,P2,507.0,507.0,1227.0,1227.0,False,2.37,10.74,1819305504,30.6322292,104.1058112
51734,P2,507.0,507.0,1227.0,1227.0,False,0.66,8.0,3266784226,30.6181292,104.0484686
120038,P2,508.0,508.0,1228.0,1228.0,False,1.17,8.34,5382831201,30.6807416,104.0982928
125607,P2,508.0,508.0,1228.0,1228.0,False,0.05,8.0,5310712645,30.6595574,104.1104204
12821,P2,508.0,508.0,1228.0,1228.0,False,0.02,8.0,2717970036,30.6294902,104.0613324
193079,P2,508.0,508.0,1228.0,1228.0,False,0.97,8.0,1339701407,30.7097361,104.0429594
58307,P2,508.0,508.0,1228.0,1228.0,False,0.02,8.0,672287883,30.6605319,104.0531342
63107,P2,508.0,508.0,1228.0,1228.0,False,1.93,9.86,4701464386,30.6173746,104.0632787
101188,P2,509.0,509.0,1229.0,1229.0,False,1.65,9.3,1445484327,30.6398761,104.0640846
150863,P2,509.0,509.0,1229.0,1229.0,False,2.99,11.98,672360527,30.65184,104.092705
182811,P2,509.0,509.0,1229.0,1229.0,False,0.14,8.0,5283966326,30.705864,104.09677
18561,P2,509.0,509.0,1229.0,1229.0,False,1.48,8.96,4699007153,30.6122293,104.0355527
24088,P2,509.0,509.0,1229.0,1229.0,False,1.36,8.72,1159475412,30.693789,104.0426517
54554,P2,509.0,509.0,1229.0,1229.0,False,0.62,8.0,4779165722,30.6386009,104.0240344
100998,P2,510.0,510.0,1230.0,1230.0,False,2.25,10.5,1311904456,30.645273,104.079601
126778,P2,510.0,510.0,1230.0,1230.0,False,2.25,10.5,5141468723,30.6350318,104.0941188
155863,P2,510.0,510.0,1230.0,1230.0,False,1.1,8.2,4548259565,30.6547851,104.0057018
167959,P2,510.0,510.0,1230.0,1230.0,False,0.79,8.0,4548141067,30.62519,104.0737
24644,P2,510.0,510.0,1230.0,1230.0,False,2.75,11.5,4773916428,30.6574387,104.0023707
39664,P2,510.0,510.0,1230.0,1230.0,False,0.13,8.0,1159138496,30.6646664,104.0934518
71775,P2,510.0,510.0,1230.0,1230.0,False,1.48,8.96,1458786995,30.679564,104.09098
73616,P2,510.0,510.0,1230.0,1230.0,False,0.96,8.0,671581756,30.6250493,104.0743017
78371,P2,510.0,510.0,1230.0,1230.0,False,2.14,10.28,432442953,30.67889,104.0162685
90843,P2,510.0,510.0,1230.0,1230.0,False,2.14,10.28,439751999,30.7248504,104.0402564
120972,P2,511.0,511.0,1231.0,1231.0,False,0.15,8.0,5283966127,30.6360019,104.105197
196126,P2,511.0,511.0,1231.0,1231.0,False,1.53,9.06,4701400364,30.6111391,104.0334661
8538,P2,511.0,511.0,1231.0,1231.0,False,0.66,8.0,1159941208,30.6697719,104.0225964
116317,P2,512.0,512.0,1232.0,1232.0,False,3.37,12.74,2930487776,30.7246179,104.0988442
148259,P2,512.0,512.0,1232.0,1232.0,False,0.11,8.0,963638438,30.70256,104.04396
153777,P2,512.0,512.0,1232.0,1232.0,False,0.72,8.0,702755669,30.6716476,103.9714375
164761,P2,512.0,512.0,1232.0,1232.0,False,1.28,8.56,2081197474,30.6288588,104.0970974
31523,P2,512.0,512.0,1232.0,1232.0,False,1.28,8.56,1987226891,30.670189,104.04817
53599,P2,512.0,512.0,1232.0,1232.0,False,3.37,12.74,1159445004,30.6876276,104.0352815
125435,P2,513.0,513.0,1233.0,1233.0,False,1.22,8.44,1819305441,30.6279064,104.0944812
128019,P2,513.0,513.0,1233.0,1233.0,False,0.11,8.0,4772463273,30.66021,104.0458
140949,P2,513.0,513.0,1233.0,1233.0,False,0.25,8.0,4548258487,30.6762249,103.9763893
172505,P2,513.0,513.0,1233.0,1233.0,False,0.67,8.0,3680455698,30.6581846,104.0132088
190718,P2,513.0,513.0,1233.0,1233.0,False,1.39,8.78,4548211190,30.6294211,104.0210117
157707,P2,514.0,514.0,1234.0,1234.0,False,0.84,8.0,1506449541,30.7045,104.06435
169353,P2,514.0,514.0,1234.0,1234.0,False,2.46,10.92,4779165787,30.6338618,104.0738243
174667,P2,514.0,514.0,1234.0,1234.0,False,0.73,8.0,1159148361,30.663155,104.07618
181871,P2,514.0,514.0,1234.0,1234.0,False,1.08,8.16,1492615689,30.6233246,104.064387
187750,P2,514.0,514.0,1234.0,1234.0,False,1.46,8.92,4972899582,30.632923,104.0486127
190615,P2,514.0,514.0,1234.0,1234.0,False,0.66,8.0,504315334,30.6863459,104.098279
196253,P2,514.0,514.0,1234.0,1234.0,False,0.84,8.0,504315393,30.694376,104.1087596
39899,P2,514.0,514.0,1234.0,1234.0,False,1.17,8.34,2631867280,30.68747,104.0884
54779,P2,514.0,514.0,1234.0,1234.0,False,2.15,10.3,3614062391,30.67417,104.0488
111136,P2,515.0,515.0,1235.0,1235.0,False,1.75,9.5,4550769468,30.6233807,104.1050183
162924,P2,515.0,515.0,1235.0,1235.0,False,0.33,8.0,1159154995,30.6507357,104.0847852
16776,P2,515.0,515.0,1235.0,1235.0,False,1.55,9.1,2039550419,30.6384474,104.1095985
28536,P2,515.0,515.0,1235.0,1235.0,False,1.44,8.88,4106681944,30.6247545,103.9881202
59394,P2,515.0,515.0,1235.0,1235.0,False,1.55,9.1,2213048013,30.6106275,104.104888
67203,P2,515.0,515.0,1235.0,1235.0,False,1.51,9.02,5213253219,30.7256417,104.0722196
114891,P2,516.0,516.0,1236.0,1236.0,False,0.84,8.0,2041527412,30.689194,104.09392
116237,P2,516.0,516.0,1236.0,1236.0,False,1.61,9.22,3034409149,30.7200862,104.0803675
125728,P2,516.0,516.0,1236.0,1236.0,False,2.89,11.78,439751903,30.6729112,103.9862177
142089,P2,516.0,516.0,1236.0,1236.0,False,0.84,8.0,4987536536,30.627223,104.0007015
157024,P2,516.0,516.0,1236.0,1236.0,False,2.89,11.78,5375784031,30.6561326,103.9898336
185183,P2,516.0,516.0,1236.0,1236.0,False,1.23,8.46,2039561238,30.690279,104.111046
205301,P2,516.0,516.0,1236.0,1236.0,False,2.59,11.18,4695700254,30.6133529,104.0205173
58896,P2,516.0,516.0,1236.0,1236.0,False,1.46,8.92,2539837356,30.7062417,104.0926253
153915,P2,517.0,517.0,1237.0,1237.0,False,0.26,8.0,4107376999,30.6101108,104.0046103
206016,P2,517.0,517.0,1237.0,1237.0,False,1.25,8.5,4695701806,30.6125688,104.0201588
48973,P2,517.0,517.0,1237.0,1237.0,False,1.25,8.5,5218133309,30.638398,104.1069014
94243,P2,517.0,517.0,1237.0,1237.0,False,1.4,8.8,432432542,30.655167,104.04088
94287,P2,517.0,517.0,1237.0,1237.0,False,0.44,8.0,2334060843,30.62136,104.07675
122560,P2,518.0,518.0,1238.0,1238.0,False,0.44,8.0,3071355063,30.623621,104.11311
158257,P2,518.0,518.0,1238.0,1238.0,False,1.16,8.32,4695640524,30.6139204,104.0253742
31428,P2,518.0,518.0,1238.0,1238.0,False,3.16,12.32,2118977299,30.6929671,104.0029595
12479,P2,519.0,519.0,1239.0,1239.0,False,1.76,9.52,441187240,30.67395,104.06515
138091,P2,519.0,519.0,1239.0,1239.0,False,0.33,8.0,5283966367,30.71102,104.09165
139037,P2,519.0,519.0,1239.0,1239.0,False,0.32,8.0,4548259555,30.6746826,104.0072773
185084,P2,519.0,519.0,1239.0,1239.0,False,1.58,9.16,432429422,30.6363058,104.0338325
65218,P2,519.0,519.0,1239.0,1239.0,False,1.76,9.52,4693610171,30.6340601,104.0703572
79541,P2,519.0,519.0,1239.0,1239.0,False,0.33,8.0,3691534107,30.6612076,104.0296226
13223,P2,520.0,520.0,1240.0,1240.0,False,0.61,8.0,3034409145,30.7179159,104.1075828
183213,P2,520.0,520.0,1240.0,1240.0,False,2.15,10.3,3597820283,30.701601,104.0233206
20259,P2,520.0,520.0,1240.0,1240.0,False,1.58,9.16,2722829585,30.7011424,104.0681748
53795,P2,520.0,520.0,1240.0,1240.0,False,1.75,9.5,2039561246,30.68641,104.10109
205424,P2,521.0,521.0,1241.0,1241.0,False,0.24,8.0,5254240663,30.6182192,103.9665213
207347,P2,521.0,521.0,1241.0,1241.0,False,1.16,8.32,1301932975,30.655659,104.07172
25511,P2,521.0,521.0,1241.0,1241.0,False,0.24,8.0,3034040783,30.6994514,104.016822
26647,P2,521.0,521.0,1241.0,1241.0,False,1.81,9.62,3087817502,30.66919,103.9844
78658,P2,521.0,521.0,1241.0,1241.0,False,1.13,8.26,5375783897,30.6565525,103.9919847
109186,P2,522.0,522.0,1242.0,1242.0,False,2.0,10.0,4106682105,30.643269,103.9814521
112,P2,522.0,522.0,1242.0,1242.0,False,0.49,8.0,3031031600,30.6818163,104.1089397
134781,P2,522.0,522.0,1242.0,1242.0,False,1.39,8.78,5436607068,30.6365773,104.0654456
135982,P2,522.0,522.0,1242.0,1242.0,False,0.79,8.0,2214044357,30.6227483,104.0832674
209018,P2,522.0,522.0,1242.0,1242.0,False,0.56,8.0,1156126861,30.6748679,104.0815632
50126,P2,522.0,522.0,1242.0,1242.0,False,0.56,8.0,4359391023,30.7264217,104.1107917
63979,P2,522.0,522.0,1242.0,1242.0,False,0.48,8.0,1458550333,30.6826429,104.1031569
8028,P2,522.0,522.0,1242.0,1242.0,False,1.49,8.98,4394309256,30.6310682,104.0370693
101320,P2,523.0,523.0,1243.0,1243.0,False,1.3,8.6,4695601330,30.6104287,104.030044
135528,P2,523.0,523.0,1243.0,1243.0,False,0.43,8.0,4701400382,30.613927,104.0551457
147063,P2,523.0,523.0,1243.0,1243.0,False,0.59,8.0,5141468666,30.6380439,104.0932194
15559,P2,523.0,523.0,1243.0,1243.0,False,3.48,12.96,1756193229,30.6398068,104.0277389
175841,P2,523.0,523.0,1243.0,1243.0,False,0.69,8.0,4701464738,30.6143439,104.0620225
25984,P2,523.0,523.0,1243.0,1243.0,False,0.81,8.0,3541364359,30.6165148,104.0888383
70352,P2,523.0,523.0,1243.0,1243.0,False,0.5,8.0,2080643551,30.6203798,104.0996653
107482,P2,524.0,524.0,1244.0,1244.0,False,0.21,8.0,1492615695,30.6244396,104.0643719
11167,P2,524.0,524.0,1244.0,1244.0,False,0.95,8.0,3742070457,30.64766,104.0891
118696,P2,524.0,524.0,1244.0,1244.0,False,2.02,10.04,1460291856,30.651437,104.1109436
119239,P2,524.0,524.0,1244.0,1244.0,False,1.6,9.2,1916386518,30.6483,104.06134
125434,P2,524.0,524.0,1244.0,1244.0,False,1.11,8.22,3582243021,30.7137606,103.9979999
147113,P2,524.0,524.0,1244.0,1244.0,False,1.52,9.04,1506449545,30.7051418,104.0637362
190183,P2,524.0,524.0,1244.0,1244.0,False,0.21,8.0,441187228,30.67035,104.06337
207488,P2,524.0,524.0,1244.0,1244.0,False,1.36,8.72,2041531475,30.6783679,104.0735689
8280,P2,524.0,524.0,1244.0,1244.0,False,1.26,8.52,2981319480,30.7065632,104.0099932
91639,P2,524.0,524.0,1244.0,1244.0,False,2.21,10.42,5382831196,30.67442,104.09741
96830,P2,524.0,524.0,1244.0,1244.0,False,1.86,9.72,1072698537,30.7240964,104.0458601
109387,P2,525.0,525.0,1245.0,1245.0,False,2.03,10.06,1947583851,30.6882477,104.0903482
128632,P2,525.0,525.0,1245.0,1245.0,False,1.21,8.42,2039528344,30.666975,104.1102303
201919,P2,525.0,525.0,1245.0,1245.0,False,1.33,8.66,1159511641,30.65416,104.06629
39812,P2,525.0,525.0,1245.0,1245.0,False,0.93,8.0,1313998737,30.6344134,104.085936
40434,P2,525.0,525.0,1245.0,1245.0,False,0.84,8.0,1916516774,30.6246858,104.0051368
64713,P2,525.0,525.0,1245.0,1245.0,False,1.04,8.08,432452989,30.627612,104.0740842
8435,P2,525.0,525.0,1245.0,1245.0,False,0.78,8.0,441221413,30.64672,104.02249
87897,P2,525.0,525.0,1245.0,1245.0,False,0.38,8.0,3691362657,30.6406983,104.0471504
119438,P2,526.0,526.0,1246.0,1246.0,False,0.56,8.0,1756176880,30.6384692,104.0293032
13862,P2,526.0,526.0,1246.0,1246.0,False,0.65,8.0,1301933007,30.6509494,104.0783712
157666,P2,526.0,526.0,1246.0,1246.0,False,1.92,9.84,4699007417,30.6124391,104.0449239
183757,P2,526.0,526.0,1246.0,1246.0,False,0.56,8.0,3614070501,30.672366,104.0539944
191467,P2,526.0,526.0,1246.0,1246.0,False,0.59,8.0,4987535034,30.63358,104.01551
42157,P2,526.0,526.0,1246.0,1246.0,False,0.47,8.0,2731951966,30.6143063,104.0803072
95524,P2,526.0,526.0,1246.0,1246.0,False,0.52,8.0,4695701803,30.6121302,104.0197721
102923,P2,527.0,527.0,1247.0,1247.0,False,0.49,8.0,4106682216,30.6693803,104.0011708
135920,P2,527.0,527.0,1247.0,1247.0,False,0.59,8.0,3579522897,30.6636727,104.0541981
152571,P2,527.0,527.0,1247.0,1247.0,False,0.34,8.0,1958204061,30.67645,104.07476
158893,P2,527.0,527.0,1247.0,1247.0,False,0.49,8.0,5213237296,30.6611226,104.074414
179158,P2,527.0,527.0,1247.0,1247.0,False,2.34,10.68,3034409010,30.7075669,104.0916811
182647,P2,527.0,527.0,1247.0,1247.0,False,0.85,8.0,441221454,30.64772,104.02587
183979,P2,527.0,527.0,1247.0,1247.0,False,0.49,8.0,1159225730,30.6980105,104.0516672
83665,P2,527.0,527.0,1247.0,1247.0,False,2.34,10.68,2717970033,30.6295411,104.0640997
90327,P2,527.0,527.0,1247.0,1247.0,False,1.13,8.26,3582245793,30.72247,103.9905
123828,P2,528.0,528.0,1248.0,1248.0,False,1.33,8.66,4548211201,30.6805297,104.0591852
128854,P2,528.0,528.0,1248.0,1248.0,False,0.54,8.0,1311904426,30.6475638,104.0752022
19164,P2,528.0,528.0,1248.0,1248.0,False,1.82,9.64,2956775846,30.7206809,104.0468228
34231,P2,528.0,528.0,1248.0,1248.0,False,0.98,8.0,3541404998,30.68383,104.04983
81889,P2,528.0,528.0,1248.0,1248.0,False,1.46,8.92,2726869945,30.6784606,104.0389184
104133,P2,529.0,529.0,1249.0,1249.0,False,2.64,11.28,4548259305,30.6634497,104.0055428
106543,P2,529.0,529.0,1249.0,1249.0,False,1.18,8.36,1290303454,30.65653,104.07103
172031,P2,529.0,529.0,1249.0,1249.0,False,0.25,8.0,672293777,30.6508303,104.0574513
191934,P2,529.0,529.0,1249.0,1249.0,False,1.69,9.38,2204171375,30.7253223,104.0765603
2907,P2,529.0,529.0,1249.0,1249.0,False,1.02,8.04,1159176619,30.629027,104.0582428
54947,P2,529.0,529.0,1249.0,1249.0,False,1.79,9.58,4987534932,30.6228186,104.0148388
58446,P2,529.0,529.0,1249.0,1249.0,False,1.5,9.0,3445813553,30.664565,104.0733284
72966,P2,529.0,529.0,1249.0,1249.0,False,0.25,8.0,3523298658,30.6333733,104.0474308
74702,P2,529.0,529.0,1249.0,1249.0,False,1.5,9.0,432441931,30.6302643,104.03195
92438,P2,529.0,529.0,1249.0,1249.0,False,1.19,8.38,4548211241,30.6843683,104.0609422
118308,P2,530.0,530.0,1250.0,1250.0,False,0.84,8.0,1159149361,30.6483997,104.0753447
120623,P2,530.0,530.0,1250.0,1250.0,False,0.56,8.0,432442906,30.6720808,104.0228395
135084,P2,530.0,530.0,1250.0,1250.0,False,1.23,8.46,1159157712,30.6347269,104.1004368
153048,P2,530.0,530.0,1250.0,1250.0,False,0.85,8.0,4972899566,30.6208285,104.0549477
184162,P2,530.0,530.0,1250.0,1250.0,False,0.53,8.0,5436607845,30.6362175,104.0642533
19747,P2,530.0,530.0,1250.0,1250.0,False,0.2,8.0,4106681965,30.6312635,103.9832108
4334,P2,530.0,530.0,1250.0,1250.0,False,1.39,8.78,4550769468,30.6233807,104.1050183
45063,P2,530.0,530.0,1250.0,1250.0,False,0.84,8.0,5382831202,30.677681,104.09435
72237,P2,530.0,530.0,1250.0,1250.0,False,0.96,8.0,4106682209,30.6642587,103.9807168
87979,P2,530.0,530.0,1250.0,1250.0,False,1.81,9.62,2709174916,30.6290032,104.0791633
88494,P2,530.0,530.0,1250.0,1250.0,False,1.35,8.7,4106682210,30.6643279,103.980014
9431,P2,530.0,530.0,1250.0,1250.0,False,0.71,8.0,5249392200,30.6458603,103.9702717
110263,P2,531.0,531.0,1251.0,1251.0,False,0.67,8.0,4772463256,30.6635342,104.0450568
144639,P2,531.0,531.0,1251.0,1251.0,False,0.21,8.0,1301932981,30.65083,104.08145
156207,P2,531.0,531.0,1251.0,1251.0,False,1.21,8.42,432432557,30.65465,104.04702
62596,P2,531.0,531.0,1251.0,1251.0,False,1.57,9.14,3541376548,30.716928,104.055664
64484,P2,531.0,531.0,1251.0,1251.0,False,2.34,10.68,3087817522,30.6743317,104.0112793
66376,P2,531.0,531.0,1251.0,1251.0,False,1.21,8.42,5213238558,30.639159,104.0308764
67956,P2,531.0,531.0,1251.0,1251.0,False,1.1,8.2,3927877888,30.6772887,103.9891181
127652,P2,532.0,532.0,1252.0,1252.0,False,1.96,9.92,4549993260,30.6492,103.9823516
167767,P2,532.0,532.0,1252.0,1252.0,False,3.12,12.24,4695640652,30.6119255,104.0251296
169079,P2,532.0,532.0,1252.0,1252.0,False,1.14,8.28,3034376766,30.67761,104.06158
173298,P2,532.0,532.0,1252.0,1252.0,False,1.88,9.76,1339701405,30.7020499,104.0530719
183352,P2,532.0,532.0,1252.0,1252.0,False,1.74,9.48,432452878,30.6133171,104.0504622
184655,P2,532.0,532.0,1252.0,1252.0,False,0.71,8.0,1301932975,30.65515,104.07071
158728,P2,533.0,533.0,1253.0,1253.0,False,1.04,8.08,2708961595,30.6204751,104.0823862
25651,P2,533.0,533.0,1253.0,1253.0,False,0.85,8.0,3436486421,30.64341,104.04615
72467,P2,533.0,533.0,1253.0,1253.0,False,1.04,8.08,432442864,30.6753706,104.0020183
82974,P2,533.0,533.0,1253.0,1253.0,False,0.36,8.0,1492613701,30.6225141,104.0630716
94815,P2,533.0,533.0,1253.0,1253.0,False,0.85,8.0,5218240222,30.6992065,104.0510351
161279,P2,534.0,534.0,1254.0,1254.0,False,1.48,8.96,672405830,30.65637,104.08209
162509,P2,534.0,534.0,1254.0,1254.0,False,0.42,8.0,4773199416,30.6696427,104.0113671
170099,P2,534.0,534.0,1254.0,1254.0,False,1.45,8.9,432452987,30.627314,104.059925
23802,P2,534.0,534.0,1254.0,1254.0,False,0.73,8.0,4964134715,30.7101028,104.0179797
89963,P2,534.0,534.0,1254.0,1254.0,False,0.45,8.0,5141328780,30.6149565,104.0621641
133697,P2,535.0,535.0,1255.0,1255.0,False,1.28,8.56,3780408673,30.630479,104.057504
139136,P2,535.0,535.0,1255.0,1255.0,False,0.38,8.0,3087817478,30.6534229,103.9991094
170571,P2,535.0,535.0,1255.0,1255.0,False,0.38,8.0,3562099596,30.65141,104.0241
176086,P2,535.0,535.0,1255.0,1255.0,False,1.12,8.24,4547074343,30.6109764,104.0714529
195926,P2,535.0,535.0,1255.0,1255.0,False,0.03,8.0,671600440,30.6639302,104.0475646
199449,P2,535.0,535.0,1255.0,1255.0,False,2.06,10.12,5367297686,30.6940304,104.0003521
21502,P2,535.0,535.0,1255.0,1255.0,False,0.32,8.0,1159149121,30.6544621,104.0723536
47996,P2,535.0,535.0,1255.0,1255.0,False,0.54,8.0,4437994410,30.6916211,104.092746
102428,P2,536.0,536.0,1256.0,1256.0,False,0.87,8.0,4695640520,30.6117255,104.0378031
122538,P2,536.0,536.0,1256.0,1256.0,False,1.53,9.06,4217844072,30.6276044,104.0441595
150619,P2,536.0,536.0,1256.0,1256.0,False,0.93,8.0,1964427885,30.66779,104.10586
28665,P2,536.0,536.0,1256.0,1256.0,False,0.35,8.0,1507371735,30.6968505,104.0747738
40662,P2,536.0,536.0,1256.0,1256.0,False,2.41,10.82,2344329074,30.6515335,104.0575182
43103,P2,536.0,536.0,1256.0,1256.0,False,0.87,8.0,1311904476,30.6442271,104.0796456
58507,P2,536.0,536.0,1256.0,1256.0,False,1.06,8.12,432442645,30.68507,104.01698
63312,P2,536.0,536.0,1256.0,1256.0,False,1.53,9.06,1916386526,30.6199829,104.0438585
80330,P2,536.0,536.0,1256.0,1256.0,False,1.54,9.08,3680400099,30.6589341,104.0170394
147959,P2,537.0,537.0,1257.0,1257.0,False,0.28,8.0,2981056910,30.6322883,104.0787406
175334,P2,537.0,537.0,1257.0,1257.0,False,0.86,8.0,4549993421,30.6940004,104.0390818
50435,P2,537.0,537.0,1257.0,1257.0,False,0.22,8.0,4447946462,30.6531707,104.1127403
89183,P2,537.0,537.0,1257.0,1257.0,False,1.08,8.16,3613983372,30.6661505,104.0535143
149692,P2,538.0,538.0,1258.0,1258.0,False,0.49,8.0,2726963385,30.6131967,104.0551866
16836,P2,538.0,538.0,1258.0,1258.0,False,0.14,8.0,4149734728,30.6432335,104.100908
176011,P2,538.0,538.0,1258.0,1258.0,False,3.33,12.66,2329101951,30.6993189,104.007402
65422,P2,538.0,538.0,1258.0,1258.0,False,0.65,8.0,4772430844,30.6773366,104.0073327
89389,P2,538.0,538.0,1258.0,1258.0,False,0.09,8.0,3541422908,30.7050927,104.0611388
11693,P2,539.0,539.0,1259.0,1259.0,False,0.82,8.0,5375783791,30.6549766,104.0002674
125330,P2,539.0,539.0,1259.0,1259.0,False,1.05,8.1,4772430866,30.6777595,104.0068035
171198,P2,539.0,539.0,1259.0,1259.0,False,1.79,9.58,3033986306,30.6563962,104.0263657
178179,P2,539.0,539.0,1259.0,1259.0,False,1.05,8.1,1947583861,30.68682,104.0898
187263,P2,539.0,539.0,1259.0,1259.0,False,3.11,12.22,1159231411,30.686867,104.082466
190026,P2,539.0,539.0,1259.0,1259.0,False,1.05,8.1,1815857509,30.6715442,103.971448
52389,P2,539.0,539.0,1259.0,1259.0,False,0.56,8.0,3579517902,30.670829,104.0497381
104113,P2,540.0,540.0,1260.0,1260.0,False,1.27,8.54,5141328629,30.6120574,104.0588267
110491,P2,540.0,540.0,1260.0,1260.0,False,0.26,8.0,5141328646,30.6119273,104.0611141
132798,P2,540.0,540.0,1260.0,1260.0,False,3.18,12.36,1159496594,30.6884286,104.0434886
18594,P2,540.0,540.0,1260.0,1260.0,False,1.91,9.82,4695601292,30.6117877,104.0289365
205981,P2,540.0,540.0,1260.0,1260.0,False,2.29,10.58,4701464752,30.6148001,104.0579227
52547,P2,540.0,540.0,1260.0,1260.0,False,1.54,9.08,3516896169,30.66346,104.07064
99,P2,540.0,540.0,1260.0,1260.0,False,0.26,8.0,4693610169,30.6337975,104.0702621
154546,P2,541.0,541.0,1261.0,1261.0,False,0.68,8.0,4106682108,30.6434754,103.9823642
155435,P2,541.0,541.0,1261.0,1261.0,False,0.48,8.0,3541401925,30.69632,104.00854
21323,P2,541.0,541.0,1261.0,1261.0,False,1.05,8.1,2560005532,30.6237275,104.0259961
106311,P2,542.0,542.0,1262.0,1262.0,False,2.15,10.3,2722829585,30.70014,104.06803
177974,P2,542.0,542.0,1262.0,1262.0,False,0.57,8.0,4548259386,30.6812152,104.0533192
18576,P2,542.0,542.0,1262.0,1262.0,False,0.86,8.0,4880298880,30.6220867,104.101142
191246,P2,542.0,542.0,1262.0,1262.0,False,1.18,8.36,2472030046,30.6618366,104.0628434
21734,P2,542.0,542.0,1262.0,1262.0,False,0.57,8.0,5367291466,30.6264731,104.001824
14530,P2,543.0,543.0,1263.0,1263.0,False,1.42,8.84,2709174918,30.6275585,104.0817552
145578,P2,543.0,543.0,1263.0,1263.0,False,1.18,8.36,1958204348,30.6687212,104.0873526
15255,P2,543.0,543.0,1263.0,1263.0,False,1.18,8.36,3541393458,30.6899386,104.0146226
171116,P2,543.0,543.0,1263.0,1263.0,False,0.75,8.0,4548259388,30.6463427,104.0312027
178936,P2,543.0,543.0,1263.0,1263.0,False,1.59,9.18,3541427582,30.7104282,104.0272539
26447,P2,543.0,543.0,1263.0,1263.0,False,1.59,9.18,3943038370,30.6435175,104.069155
66587,P2,543.0,543.0,1263.0,1263.0,False,1.42,8.84,2852227691,30.6875,104.06305
79423,P2,543.0,543.0,1263.0,1263.0,False,0.76,8.0,2039561237,30.68099,104.10331
115652,P2,544.0,544.0,1264.0,1264.0,False,0.93,8.0,2908404375,30.6459306,104.0928213
137615,P2,544.0,544.0,1264.0,1264.0,False,2.88,11.76,3445813130,30.6712099,104.0778022
14304,P2,544.0,544.0,1264.0,1264.0,False,2.2,10.4,1455094498,30.6960259,104.1061202
15815,P2,544.0,544.0,1264.0,1264.0,False,0.15,8.0,4934383654,30.6187999,104.1145451
159312,P2,544.0,544.0,1264.0,1264.0,False,0.93,8.0,4799195772,30.6174547,103.9839893
163527,P2,544.0,544.0,1264.0,1264.0,False,1.49,8.98,3523294437,30.651781,104.04631
166601,P2,544.0,544.0,1264.0,1264.0,False,0.58,8.0,1159156115,30.6516079,104.0828012
19278,P2,544.0,544.0,1264.0,1264.0,False,1.49,8.98,3541393462,30.6893606,104.0231184
201031,P2,544.0,544.0,1264.0,1264.0,False,0.38,8.0,2852228203,30.687548,104.06292
202029,P2,544.0,544.0,1264.0,1264.0,False,0.74,8.0,4393216985,30.6223709,104.0562627
44500,P2,544.0,544.0,1264.0,1264.0,False,0.74,8.0,1507338764,30.6968429,104.0755764
95226,P2,544.0,544.0,1264.0,1264.0,False,0.14,8.0,4106681949,30.6260866,104.0023914
98259,P2,544.0,544.0,1264.0,1264.0,False,0.14,8.0,5261581864,30.6768045,104.0964039
114949,P2,545.0,545.0,1265.0,1265.0,False,1.2,8.4,3715895541,30.7062142,104.0900337
123850,P2,545.0,545.0,1265.0,1265.0,False,0.94,8.0,4444112350,30.7229266,104.1034832
127741,P2,545.0,545.0,1265.0,1265.0,False,1.45,8.9,3680455710,30.6593521,104.0170666
142565,P2,545.0,545.0,1265.0,1265.0,False,0.4,8.0,1500638693,30.7116934,104.0221779
14907,P2,545.0,545.0,1265.0,1265.0,False,2.16,10.32,3562028086,30.68167,104.116
180911,P2,545.0,545.0,1265.0,1265.0,False,1.15,8.3,4548211351,30.66078,104.05478
193002,P2,545.0,545.0,1265.0,1265.0,False,0.83,8.0,3034330074,30.660656,104.0796383
196989,P2,545.0,545.0,1265.0,1265.0,False,0.83,8.0,1885342904,30.6791715,104.0982216
56316,P2,545.0,545.0,1265.0,1265.0,False,1.45,8.9,3538771899,30.6539362,104.1144174
60524,P2,545.0,545.0,1265.0,1265.0,False,1.84,9.68,4695662941,30.6124329,104.0313215
158541,P2,546.0,546.0,1266.0,1266.0,False,1.03,8.06,4534007624,30.7056471,104.1089477
185050,P2,546.0,546.0,1266.0,1266.0,False,1.23,8.46,1815741542,30.6903732,104.0774571
201752,P2,546.0,546.0,1266.0,1266.0,False,0.18,8.0,4693674679,30.6223992,104.0643965
52375,P2,546.0,546.0,1266.0,1266.0,False,0.54,8.0,5211393926,30.671083,103.98287
73943,P2,546.0,546.0,1266.0,1266.0,False,1.25,8.5,4549759293,30.66723,104.05906
86369,P2,546.0,546.0,1266.0,1266.0,False,0.74,8.0,1159131046,30.6660168,104.059994
106915,P2,547.0,547.0,1267.0,1267.0,False,1.82,9.64,672405808,30.656824,104.08162
126602,P2,547.0,547.0,1267.0,1267.0,False,0.61,8.0,4548259299,30.6805229,104.0545484
143428,P2,547.0,547.0,1267.0,1267.0,False,2.79,11.58,2213049521,30.6190829,104.1093596
3191,P2,547.0,547.0,1267.0,1267.0,False,2.53,11.06,1304795058,30.6441343,104.0749078
69611,P2,547.0,547.0,1267.0,1267.0,False,0.96,8.0,1504199880,30.71049,104.0965
89066,P2,547.0,547.0,1267.0,1267.0,False,0.03,8.0,3691268079,30.6285256,104.0422881
113481,P2,548.0,548.0,1268.0,1268.0,False,0.33,8.0,2981319486,30.7081174,104.0085289
118366,P2,548.0,548.0,1268.0,1268.0,False,2.99,11.98,1916520527,30.6265862,104.0067958
120199,P2,548.0,548.0,1268.0,1268.0,False,1.69,9.38,5102959117,30.6893464,104.0050216
12348,P2,548.0,548.0,1268.0,1268.0,False,2.12,10.24,432429423,30.6374689,104.0326523
147761,P2,548.0,548.0,1268.0,1268.0,False,0.76,8.0,3582243008,30.7124422,104.005283
178755,P2,548.0,548.0,1268.0,1268.0,False,0.76,8.0,5213238458,30.6353996,104.0522992
197019,P2,548.0,548.0,1268.0,1268.0,False,3.86,13.72,5375783920,30.6571479,103.9965859
395,P2,548.0,548.0,1268.0,1268.0,False,2.12,10.24,5436627812,30.69814,104.071625
125172,P2,549.0,549.0,1269.0,1269.0,False,1.41,8.82,5359113204,30.6778101,104.0089782
164099,P2,549.0,549.0,1269.0,1269.0,False,1.48,8.96,3034029049,30.68292,104.00083
168519,P2,549.0,549.0,1269.0,1269.0,False,0.91,8.0,3034393462,30.68331,104.04664
184302,P2,549.0,549.0,1269.0,1269.0,False,1.41,8.82,4695640520,30.6117255,104.0378031
192273,P2,549.0,549.0,1269.0,1269.0,False,0.85,8.0,441221468,30.6480511,104.0308527
205519,P2,549.0,549.0,1269.0,1269.0,False,0.85,8.0,1964427886,30.67057,104.10301
49073,P2,549.0,549.0,1269.0,1269.0,False,0.91,8.0,5283966127,30.6360019,104.105197
68274,P2,549.0,549.0,1269.0,1269.0,False,1.48,8.96,3445813123,30.6706637,104.0706051
116594,P2,550.0,550.0,1270.0,1270.0,False,0.82,8.0,4973209509,30.6136942,104.0420125
12218,P2,550.0,550.0,1270.0,1270.0,False,1.81,9.62,3436489822,30.6409116,104.0452684
130687,P2,550.0,550.0,1270.0,1270.0,False,0.02,8.0,3436486414,30.64434,104.04929
147399,P2,550.0,550.0,1270.0,1270.0,False,0.48,8.0,436603352,30.6179024,104.0374434
176947,P2,550.0,550.0,1270.0,1270.0,False,1.81,9.62,5002301692,30.662676,104.020035
46757,P2,550.0,550.0,1270.0,1270.0,False,0.81,8.0,5141328630,30.611602,104.0588268
58927,P2,550.0,550.0,1270.0,1270.0,False,0.81,8.0,5141328646,30.6119273,104.0611141
78052,P2,550.0,550.0,1270.0,1270.0,False,1.81,9.62,432442957,30.6813532,104.019252
119220,P2,551.0,551.0,1271.0,1271.0,False,1.45,8.9,2472030048,30.6618447,104.0637076
149819,P2,551.0,551.0,1271.0,1271.0,False,0.65,8.0,3633008407,30.67071,104.017204
163835,P2,551.0,551.0,1271.0,1271.0,False,0.9,8.0,2532969464,30.7039148,104.0930384
176367,P2,551.0,551.0,1271.0,1271.0,False,1.83,9.66,2823785860,30.6789881,104.076756
200548,P2,551.0,551.0,1271.0,1271.0,False,1.08,8.16,1159148967,30.6591583,104.0702933
49943,P2,551.0,551.0,1271.0,1271.0,False,1.16,8.32,4444112337,30.718907,104.101845
58661,P2,551.0,551.0,1271.0,1271.0,False,1.23,8.46,2135942432,30.6108656,104.0240882
102123,P2,552.0,552.0,1272.0,1272.0,False,1.59,9.18,4550701367,30.6184605,103.9832886
113737,P2,552.0,552.0,1272.0,1272.0,False,0.16,8.0,3089029125,30.6607572,104.0496751
152259,P2,552.0,552.0,1272.0,1272.0,False,1.89,9.78,2651588758,30.6687684,104.0997276
155270,P2,552.0,552.0,1272.0,1272.0,False,1.35,8.7,5213253145,30.664923,104.1108604
161077,P2,552.0,552.0,1272.0,1272.0,False,1.16,8.32,5100157872,30.6337197,104.08098
167050,P2,552.0,552.0,1272.0,1272.0,False,0.0,8.0,4695701807,30.6121075,104.0200827
1689,P2,552.0,552.0,1272.0,1272.0,False,2.36,10.72,4572410232,30.7120563,103.9900015
188773,P2,552.0,552.0,1272.0,1272.0,False,0.77,8.0,3562110262,30.6483164,104.0223891
190164,P2,552.0,552.0,1272.0,1272.0,False,0.7,8.0,4550018992,30.6468176,104.0031769
191150,P2,552.0,552.0,1272.0,1272.0,False,1.4,8.8,4703149488,30.6113444,104.0674823
47759,P2,552.0,552.0,1272.0,1272.0,False,2.6,11.2,5375783804,30.6552189,104.0001789
52817,P2,552.0,552.0,1272.0,1272.0,False,1.1,8.2,1159483883,30.6826665,104.0754098
65825,P2,552.0,552.0,1272.0,1272.0,False,2.36,10.72,5283966195,30.7018488,104.1144818
110903,P2,553.0,553.0,1273.0,1273.0,False,0.19,8.0,1305816694,30.66036,104.07772
12378,P2,553.0,553.0,1273.0,1273.0,False,0.7,8.0,1159454544,30.6593986,104.0436513
72039,P2,553.0,553.0,1273.0,1273.0,False,1.86,9.72,1885342917,30.68142,104.09896
89807,P2,553.0,553.0,1273.0,1273.0,False,0.38,8.0,4585469582,30.65717,104.06079
101995,P2,554.0,554.0,1274.0,1274.0,False,0.21,8.0,1507367048,30.6958994,104.0836976
114715,P2,554.0,554.0,1274.0,1274.0,False,0.71,8.0,4695601453,30.6105659,104.0279499
11815,P2,554.0,554.0,1274.0,1274.0,False,1.44,8.88,3034376764,30.675272,104.060776
12224,P2,554.0,554.0,1274.0,1274.0,False,0.91,8.0,2731947765,30.612214,104.0788693
182635,P2,554.0,554.0,1274.0,1274.0,False,0.92,8.0,5375784247,30.6334481,104.0078191
188792,P2,554.0,554.0,1274.0,1274.0,False,2.0,10.0,1458937190,30.6763981,104.0949609
197888,P2,554.0,554.0,1274.0,1274.0,False,0.34,8.0,1457840980,30.6901806,104.1012743
37366,P2,554.0,554.0,1274.0,1274.0,False,1.44,8.88,1458911516,30.6773932,104.0909244
73215,P2,554.0,554.0,1274.0,1274.0,False,2.2,10.4,1958204265,30.67392,104.08457
77957,P2,554.0,554.0,1274.0,1274.0,False,0.91,8.0,2360396949,30.6673135,104.1129469
98721,P2,554.0,554.0,1274.0,1274.0,False,0.92,8.0,4449099839,30.6444114,104.1095664
133557,P2,555.0,555.0,1275.0,1275.0,False,0.3,8.0,1159176228,30.6251747,104.0643543
143271,P2,555.0,555.0,1275.0,1275.0,False,1.68,9.36,4934383687,30.6157501,104.1162622
146055,P2,555.0,555.0,1275.0,1275.0,False,0.3,8.0,1947138487,30.68556,104.08517
202993,P2,555.0,555.0,1275.0,1275.0,False,0.72,8.0,4118527454,30.7001652,104.0826139
75160,P2,555.0,555.0,1275.0,1275.0,False,0.75,8.0,5213238436,30.660691,104.0595706
86967,P2,555.0,555.0,1275.0,1275.0,False,0.3,8.0,1916530811,30.6625556,103.9750605
88577,P2,555.0,555.0,1275.0,1275.0,False,1.48,8.96,4699007183,30.6120699,104.0336202
104091,P2,556.0,556.0,1276.0,1276.0,False,2.6,11.2,672349217,30.7266503,104.0721605
122368,P2,556.0,556.0,1276.0,1276.0,False,2.47,10.94,2329077117,30.6514344,104.1111425
124589,P2,556.0,556.0,1276.0,1276.0,False,1.72,9.44,3071355064,30.6235778,104.1136883
181026,P2,556.0,556.0,1276.0,1276.0,False,0.92,8.0,2134782159,30.624434,104.0057238
181889,P2,556.0,556.0,1276.0,1276.0,False,0.5,8.0,2653330903,30.6561066,104.1104644
205832,P2,556.0,556.0,1276.0,1276.0,False,1.16,8.32,4572409854,30.6591059,104.0384476
208441,P2,556.0,556.0,1276.0,1276.0,False,2.84,11.68,5375783758,30.6322589,104.011485
44386,P2,556.0,556.0,1276.0,1276.0,False,1.36,8.72,4106681949,30.6260866,104.0023914
62203,P2,556.0,556.0,1276.0,1276.0,False,1.04,8.08,2039561233,30.68425,104.11157
92679,P2,556.0,556.0,1276.0,1276.0,False,0.21,8.0,1947584056,30.682344,104.08358
10129,P2,557.0,557.0,1277.0,1277.0,False,0.79,8.0,2135944709,30.6199701,104.0119528
118015,P2,557.0,557.0,1277.0,1277.0,False,0.5,8.0,1947583867,30.68468,104.08662
123904,P2,557.0,557.0,1277.0,1277.0,False,1.25,8.5,1458590783,30.6806787,104.0937534
133367,P2,557.0,557.0,1277.0,1277.0,False,0.07,8.0,3633018391,30.668308,104.06542
171068,P2,557.0,557.0,1277.0,1277.0,False,1.56,9.12,1504196626,30.7096406,104.0971855
29696,P2,557.0,557.0,1277.0,1277.0,False,1.04,8.08,3087817501,30.6642226,103.9835956
79959,P2,557.0,557.0,1277.0,1277.0,False,2.64,11.28,1159143438,30.66527,104.10108
89913,P2,557.0,557.0,1277.0,1277.0,False,2.64,11.28,4772430846,30.6782177,104.0045583
14508,P2,558.0,558.0,1278.0,1278.0,False,1.08,8.16,4547074337,30.6110262,104.0748027
31937,P2,558.0,558.0,1278.0,1278.0,False,0.59,8.0,4693610170,30.6340732,104.0708935
44066,P2,558.0,558.0,1278.0,1278.0,False,0.96,8.0,1159160252,30.615529,104.0966132
44221,P2,558.0,558.0,1278.0,1278.0,False,2.49,10.98,5034131303,30.6513901,103.990594
58656,P2,558.0,558.0,1278.0,1278.0,False,1.08,8.16,4012382184,30.661393,104.0748132
95657,P2,558.0,558.0,1278.0,1278.0,False,0.64,8.0,4550018720,30.6451674,104.0550361
101513,P2,559.0,559.0,1279.0,1279.0,False,1.2,8.4,4900292718,30.6656061,104.0681031
132588,P2,559.0,559.0,1279.0,1279.0,False,1.34,8.68,4548142598,30.6199427,104.0747989
154282,P2,559.0,559.0,1279.0,1279.0,False,2.46,10.92,2843286555,30.6909109,104.0576327
165323,P2,559.0,559.0,1279.0,1279.0,False,1.08,8.16,2722829540,30.7069207,104.0472663
67036,P2,559.0,559.0,1279.0,1279.0,False,2.15,10.3,4748183722,30.6234372,104.0192515
81475,P2,559.0,559.0,1279.0,1279.0,False,1.52,9.04,4548258452,30.68753,104.05151
82536,P2,559.0,559.0,1279.0,1279.0,False,2.79,11.58,4585553613,30.6548416,104.0264597
180469,P2,560.0,560.0,1280.0,1280.0,False,0.98,8.0,2712421553,30.6357703,104.0573059
196906,P2,560.0,560.0,1280.0,1280.0,False,1.54,9.08,3562086855,30.6812148,104.0427216
79334,P2,560.0,560.0,1280.0,1280.0,False,0.69,8.0,3943038361,30.6436038,104.0639509
92376,P2,560.0,560.0,1280.0,1280.0,False,1.88,9.76,1492405933,30.6436019,104.0640516
117713,P2,561.0,561.0,1281.0,1281.0,False,0.36,8.0,2041314666,30.6792958,104.1007694
171316,P2,561.0,561.0,1281.0,1281.0,False,1.62,9.24,2329097173,30.7047667,104.003764
184145,P2,561.0,561.0,1281.0,1281.0,False,2.13,10.26,672349507,30.7136199,104.072739
7062,P2,561.0,561.0,1281.0,1281.0,False,0.03,8.0,3089029134,30.6623049,104.0486799
144623,P2,562.0,562.0,1282.0,1282.0,False,1.13,8.26,5382831199,30.6750989,104.0965444
27921,P2,562.0,562.0,1282.0,1282.0,False,1.7,9.4,1445523376,30.649645,104.0650195
33603,P2,562.0,562.0,1282.0,1282.0,False,2.27,10.54,4449099864,30.65344,104.10399
41823,P2,562.0,562.0,1282.0,1282.0,False,3.08,12.16,4693610169,30.6337975,104.0702621
52393,P2,562.0,562.0,1282.0,1282.0,False,0.33,8.0,432442965,30.679351,104.0147137
84525,P2,562.0,562.0,1282.0,1282.0,False,1.74,9.48,4549993299,30.6509591,103.9899829
187895,P2,563.0,563.0,1283.0,1283.0,False,1.28,8.56,4107376998,30.6094154,104.0065025
189652,P2,563.0,563.0,1283.0,1283.0,False,1.64,9.28,2317136987,30.6284605,104.0421771
112942,P2,564.0,564.0,1284.0,1284.0,False,0.78,8.0,2134824445,30.6763259,103.9844006
113675,P2,564.0,564.0,1284.0,1284.0,False,1.56,9.12,4585553612,30.6533973,104.0273931
131811,P2,564.0,564.0,1284.0,1284.0,False,0.6,8.0,276558558,30.6424862,104.0252927
151770,P2,564.0,564.0,1284.0,1284.0,False,2.61,11.22,4548258434,30.6867,104.0498408
158121,P2,564.0,564.0,1284.0,1284.0,False,0.23,8.0,3562110284,30.6545166,104.0800496
181983,P2,564.0,564.0,1284.0,1284.0,False,1.52,9.04,5257005061,30.6763601,104.0932619
201130,P2,564.0,564.0,1284.0,1284.0,False,0.6,8.0,4772430835,30.678527,104.0049938
205874,P2,564.0,564.0,1284.0,1284.0,False,1.56,9.12,1459059553,30.6455812,104.1072999
25655,P2,564.0,564.0,1284.0,1284.0,False,0.93,8.0,2214045510,30.6229632,104.0867903
48939,P2,564.0,564.0,1284.0,1284.0,False,1.56,9.12,1964326877,30.67178,104.0937422
69051,P2,564.0,564.0,1284.0,1284.0,False,1.51,9.02,4548211243,30.6764835,104.0665841
71684,P2,564.0,564.0,1284.0,1284.0,False,0.23,8.0,1492615752,30.6230288,104.0630108
133262,P2,565.0,565.0,1285.0,1285.0,False,1.89,9.78,4695601568,30.6115009,104.0325921
142113,P2,565.0,565.0,1285.0,1285.0,False,1.51,9.02,3516887954,30.7199701,104.0348136
142365,P2,565.0,565.0,1285.0,1285.0,False,0.83,8.0,1459023393,30.6449201,104.1095759
16327,P2,565.0,565.0,1285.0,1285.0,False,1.17,8.34,3541371612,30.66635,104.05494
184744,P2,565.0,565.0,1285.0,1285.0,False,0.51,8.0,5037045685,30.632776,104.0878467
88671,P2,565.0,565.0,1285.0,1285.0,False,0.67,8.0,4106682227,30.6749306,103.992089
95614,P2,565.0,565.0,1285.0,1285.0,False,1.64,9.28,1445523376,30.649645,104.0650195
115604,P2,566.0,566.0,1286.0,1286.0,False,1.55,9.1,4699007417,30.6124391,104.0449239
119920,P2,566.0,566.0,1286.0,1286.0,False,1.47,8.94,5359113207,30.6779485,104.0086357
137764,P2,566.0,566.0,1286.0,1286.0,False,0.23,8.0,2726978412,30.6110285,104.0511406
142800,P2,566.0,566.0,1286.0,1286.0,False,0.45,8.0,4548259557,30.6720042,104.02318
145129,P2,566.0,566.0,1286.0,1286.0,False,2.54,11.08,2710589460,30.6165373,104.0661552
180815,P2,566.0,566.0,1286.0,1286.0,False,1.55,9.1,1819305291,30.64123,104.10745
33345,P2,566.0,566.0,1286.0,1286.0,False,0.45,8.0,5375783806,30.6558811,104.0016809
58598,P2,566.0,566.0,1286.0,1286.0,False,2.06,10.12,4695640527,30.6150829,104.0253269
61991,P2,566.0,566.0,1286.0,1286.0,False,0.06,8.0,1492609349,30.6226957,104.0643849
94964,P2,566.0,566.0,1286.0,1286.0,False,1.35,8.7,4964134718,30.708881,104.0177896
141174,P2,567.0,567.0,1287.0,1287.0,False,1.51,9.02,3582230410,30.6410819,103.9678099
151419,P2,567.0,567.0,1287.0,1287.0,False,0.25,8.0,1159229571,30.67326,104.10559
177931,P2,567.0,567.0,1287.0,1287.0,False,1.66,9.32,5257005059,30.6769082,104.0937702
187057,P2,567.0,567.0,1287.0,1287.0,False,0.67,8.0,4548211424,30.6785347,104.057734
32082,P2,567.0,567.0,1287.0,1287.0,False,0.79,8.0,2133188713,30.6109464,104.0923554
51189,P2,567.0,567.0,1287.0,1287.0,False,0.54,8.0,3541376437,30.7151492,104.0578441
56395,P2,567.0,567.0,1287.0,1287.0,False,2.17,10.34,2823785826,30.66021,104.05636
78038,P2,567.0,567.0,1287.0,1287.0,False,0.54,8.0,2041314658,30.6797848,104.099203
111323,P2,568.0,568.0,1288.0,1288.0,False,2.28,10.56,2039550410,30.67172,104.1138
143652,P2,568.0,568.0,1288.0,1288.0,False,1.93,9.86,672349887,30.6969808,104.063799
22725,P2,568.0,568.0,1288.0,1288.0,False,1.05,8.1,3562047406,30.7147038,104.0719792
301,P2,568.0,568.0,1288.0,1288.0,False,0.56,8.0,4773199403,30.6723964,104.0141622
60258,P2,568.0,568.0,1288.0,1288.0,False,1.27,8.54,2981319503,30.7182033,104.0038565
63911,P2,568.0,568.0,1288.0,1288.0,False,0.46,8.0,4701464735,30.6160597,104.0613693
67571,P2,568.0,568.0,1288.0,1288.0,False,0.77,8.0,3034393456,30.67392,104.04573
90859,P2,568.0,568.0,1288.0,1288.0,False,2.42,10.84,5382831200,30.6804348,104.098086
9587,P2,568.0,568.0,1288.0,1288.0,False,0.46,8.0,529952514,30.7023178,104.0641075
125617,P2,569.0,569.0,1289.0,1289.0,False,1.84,9.68,3541427561,30.7068375,104.043257
185346,P2,569.0,569.0,1289.0,1289.0,False,2.04,10.08,4695662940,30.6122541,104.0315197
26789,P2,569.0,569.0,1289.0,1289.0,False,0.83,8.0,3034409142,30.7182855,104.1046347
69585,P2,569.0,569.0,1289.0,1289.0,False,1.44,8.88,4548211609,30.6261413,104.0474114
104333,P2,570.0,570.0,1290.0,1290.0,False,0.09,8.0,314623148,30.6515842,104.0635976
115763,P2,570.0,570.0,1290.0,1290.0,False,1.47,8.94,5141468694,30.6351947,104.0922324
157682,P2,571.0,571.0,1291.0,1291.0,False,0.39,8.0,5249392177,30.6356908,103.9692458
163616,P2,571.0,571.0,1291.0,1291.0,False,1.51,9.02,1314184370,30.6415767,104.0770385
40996,P2,571.0,571.0,1291.0,1291.0,False,0.47,8.0,3927876955,30.6762534,103.9859803
85543,P2,571.0,571.0,1291.0,1291.0,False,0.73,8.0,4701464738,30.6143439,104.0620225
86518,P2,571.0,571.0,1291.0,1291.0,False,1.51,9.02,1492619187,30.6228305,104.0667893
88320,P2,571.0,571.0,1291.0,1291.0,False,0.31,8.0,1159156868,30.6364739,104.0966769
117897,P2,572.0,572.0,1292.0,1292.0,False,1.2,8.4,2564226637,30.6373924,104.0276019
145167,P2,572.0,572.0,1292.0,1292.0,False,1.2,8.4,4219896929,30.6213114,104.039676
151162,P2,572.0,572.0,1292.0,1292.0,False,0.55,8.0,4548141057,30.6220521,104.0809388
31499,P2,572.0,572.0,1292.0,1292.0,False,0.06,8.0,5249392177,30.6356908,103.9692458
40935,P2,572.0,572.0,1292.0,1292.0,False,1.12,8.24,5382831176,30.6754465,104.0984991
45675,P2,572.0,572.0,1292.0,1292.0,False,1.12,8.24,1819305287,30.6163596,104.0911568
59747,P2,572.0,572.0,1292.0,1292.0,False,1.81,9.62,2041532105,30.6672991,104.0863933
91311,P2,572.0,572.0,1292.0,1292.0,False,2.84,11.68,5141468747,30.6322155,104.0954862
123639,P2,573.0,573.0,1293.0,1293.0,False,1.42,8.84,2133184343,30.6247848,104.0957056
186416,P2,573.0,573.0,1293.0,1293.0,False,0.45,8.0,4638050365,30.7147891,104.0631517
37355,P2,573.0,573.0,1293.0,1293.0,False,1.42,8.84,4967265402,30.65453,104.09703
48575,P2,573.0,573.0,1293.0,1293.0,False,2.25,10.5,4701577721,30.6109852,104.0717086
75102,P2,573.0,573.0,1293.0,1293.0,False,2.25,10.5,1918491744,30.6480503,103.991514
86327,P2,573.0,573.0,1293.0,1293.0,False,0.58,8.0,1159927565,30.6767936,103.9870327
112007,P2,574.0,574.0,1294.0,1294.0,False,2.59,11.18,3034393462,30.68345,104.04865
165878,P2,574.0,574.0,1294.0,1294.0,False,1.48,8.96,3632996309,30.6629381,104.0221459
168248,P2,574.0,574.0,1294.0,1294.0,False,2.59,11.18,1918491718,30.649571,103.9838543
188782,P2,574.0,574.0,1294.0,1294.0,False,1.48,8.96,1819305354,30.637589,104.1042642
197097,P2,574.0,574.0,1294.0,1294.0,False,0.72,8.0,5375783867,30.6616793,103.9966035
203065,P2,574.0,574.0,1294.0,1294.0,False,1.48,8.96,4118527460,30.7001906,104.0983786
207626,P2,574.0,574.0,1294.0,1294.0,False,3.53,13.06,1506493240,30.7135612,104.0726633
5991,P2,574.0,574.0,1294.0,1294.0,False,1.2,8.4,4548211425,30.6605728,104.0581527
158891,P2,575.0,575.0,1295.0,1295.0,False,0.67,8.0,3579517899,30.66909,104.05218
36232,P2,575.0,575.0,1295.0,1295.0,False,0.81,8.0,1159225754,30.7045332,104.0490966
10627,P2,576.0,576.0,1296.0,1296.0,False,2.29,10.58,4549993408,30.6964897,104.0443426
107077,P2,576.0,576.0,1296.0,1296.0,False,0.69,8.0,3034409152,30.7224472,104.0747652
42696,P2,577.0,577.0,1297.0,1297.0,False,0.57,8.0,4699007266,30.6122408,104.0377796
55355,P2,577.0,577.0,1297.0,1297.0,False,0.74,8.0,1460300834,30.6532948,104.1120532
15210,P2,578.0,578.0,1298.0,1298.0,False,0.23,8.0,1304795053,30.6427628,104.0731483
164769,P2,578.0,578.0,1298.0,1298.0,False,1.41,8.82,4572409887,30.6926524,104.0707225
187816,P2,578.0,578.0,1298.0,1298.0,False,0.16,8.0,5213238401,30.6361338,104.0731063
31372,P2,578.0,578.0,1298.0,1298.0,False,0.23,8.0,1159173348,30.6276025,104.0726317
45851,P2,578.0,578.0,1298.0,1298.0,False,1.15,8.3,5213238560,30.6407211,104.0326812
55460,P2,578.0,578.0,1298.0,1298.0,False,0.18,8.0,5100157864,30.6340225,104.0801127
69765,P2,578.0,578.0,1298.0,1298.0,False,2.4,10.8,1916401375,30.6119248,104.0250889
89518,P2,578.0,578.0,1298.0,1298.0,False,1.08,8.16,1819305343,30.6275766,104.0924339
112451,P2,579.0,579.0,1299.0,1299.0,False,2.09,10.18,3196147286,30.7108617,104.0213924
14948,P2,579.0,579.0,1299.0,1299.0,False,0.35,8.0,4748166162,30.6138824,104.0234089
160800,P2,579.0,579.0,1299.0,1299.0,False,0.43,8.0,1756193230,30.6394057,104.0282731
18592,P2,579.0,579.0,1299.0,1299.0,False,2.09,10.18,2677723113,30.6342268,104.0795264
204077,P2,579.0,579.0,1299.0,1299.0,False,0.62,8.0,2852215058,30.7171192,104.0927985
9082,P2,579.0,579.0,1299.0,1299.0,False,0.72,8.0,3034029048,30.6845106,103.9979889
10031,P2,580.0,580.0,1300.0,1300.0,False,2.36,10.72,4972894323,30.6102292,104.0463125
157751,P2,580.0,580.0,1300.0,1300.0,False,0.88,8.0,314655436,30.712454,104.10286
187446,P2,580.0,580.0,1300.0,1300.0,False,1.66,9.32,5218133406,30.6426671,104.1090481
204011,P2,580.0,580.0,1300.0,1300.0,False,0.35,8.0,1918491726,30.6549607,103.980848
27700,P2,580.0,580.0,1300.0,1300.0,False,0.9,8.0,2843289904,30.6882674,104.0585709
66364,P2,580.0,580.0,1300.0,1300.0,False,2.8,11.6,1156119116,30.6650208,104.063298
8658,P2,580.0,580.0,1300.0,1300.0,False,1.91,9.82,2908601186,30.6431578,104.0885913
124251,P2,581.0,581.0,1301.0,1301.0,False,3.08,12.16,3562086848,30.67396,104.06006
155257,P2,581.0,581.0,1301.0,1301.0,False,1.59,9.18,672349622,30.6992483,104.0790999
54699,P2,581.0,581.0,1301.0,1301.0,False,0.32,8.0,5375783867,30.66127,103.99566
9087,P2,581.0,581.0,1301.0,1301.0,False,0.57,8.0,4550018850,30.6121682,104.0336838
105662,P2,582.0,582.0,1302.0,1302.0,False,0.92,8.0,4772463281,30.660393,104.0443583
123209,P2,582.0,582.0,1302.0,1302.0,False,0.33,8.0,4724343815,30.6302412,104.06442
196007,P2,582.0,582.0,1302.0,1302.0,False,1.11,8.22,1956554700,30.677694,104.10959
196754,P2,582.0,582.0,1302.0,1302.0,False,0.37,8.0,3541376411,30.7250318,104.0469322
200996,P2,582.0,582.0,1302.0,1302.0,False,1.95,9.9,1388412848,30.6790803,104.0768185
24869,P2,582.0,582.0,1302.0,1302.0,False,0.33,8.0,1159148929,30.6586616,104.0714113
27228,P2,582.0,582.0,1302.0,1302.0,False,1.36,8.72,4693646377,30.6314498,104.0690773
41715,P2,582.0,582.0,1302.0,1302.0,False,0.84,8.0,4701577710,30.61634,104.07178
48507,P2,582.0,582.0,1302.0,1302.0,False,1.36,8.72,5100157863,30.63303,104.0794
58935,P2,582.0,582.0,1302.0,1302.0,False,0.93,8.0,2039550421,30.6741332,104.1149928
8317,P2,582.0,582.0,1302.0,1302.0,False,0.92,8.0,4449099823,30.6421598,104.1053339
84972,P2,582.0,582.0,1302.0,1302.0,False,1.36,8.72,5218133406,30.6426671,104.1090481
90515,P2,582.0,582.0,1302.0,1302.0,False,2.44,10.88,1159156114,30.6512278,104.0836512
104387,P2,583.0,583.0,1303.0,1303.0,False,1.43,8.86,4772463283,30.6606806,104.0437551
109503,P2,583.0,583.0,1303.0,1303.0,False,1.72,9.44,4782097009,30.6273549,104.0238794
123919,P2,583.0,583.0,1303.0,1303.0,False,1.43,8.86,3034330086,30.66687,104.0794
134059,P2,583.0,583.0,1303.0,1303.0,False,2.45,10.9,2134824445,30.6763259,103.9844006
153870,P2,583.0,583.0,1303.0,1303.0,False,1.63,9.26,5141328781,30.6149508,104.062869
33607,P2,583.0,583.0,1303.0,1303.0,False,1.63,9.26,1156126794,30.67834,104.04825
69587,P2,583.0,583.0,1303.0,1303.0,False,1.58,9.16,1964394675,30.66971,104.10641
134360,P2,584.0,584.0,1304.0,1304.0,False,2.45,10.9,4695700280,30.6110924,104.0173551
20256,P2,584.0,584.0,1304.0,1304.0,False,1.84,9.68,4550018582,30.6476315,104.011387
60517,P2,584.0,584.0,1304.0,1304.0,False,2.07,10.14,2039522711,30.6755077,104.1068574
110374,P2,585.0,585.0,1305.0,1305.0,False,2.16,10.32,1815855136,30.674545,103.9672589
124974,P2,585.0,585.0,1305.0,1305.0,False,0.59,8.0,5141468805,30.6294733,104.0984475
134416,P2,585.0,585.0,1305.0,1305.0,False,0.45,8.0,4695601331,30.6106436,104.0295303
159711,P2,585.0,585.0,1305.0,1305.0,False,0.04,8.0,3034409013,30.7112446,104.093976
204488,P2,585.0,585.0,1305.0,1305.0,False,0.1,8.0,1159475863,30.6927926,104.0444649
26679,P2,585.0,585.0,1305.0,1305.0,False,0.49,8.0,2041527433,30.6906512,104.0970227
29223,P2,585.0,585.0,1305.0,1305.0,False,0.58,8.0,5213238596,30.65855,104.0816
86559,P2,585.0,585.0,1305.0,1305.0,False,0.59,8.0,2118910074,30.701761,104.087606
134027,P2,586.0,586.0,1306.0,1306.0,False,0.36,8.0,4230611281,30.654617,104.06572
169584,P2,586.0,586.0,1306.0,1306.0,False,0.01,8.0,5141458205,30.6318208,104.0767349
186239,P2,586.0,586.0,1306.0,1306.0,False,0.62,8.0,3034409147,30.71317,104.10745
23371,P2,586.0,586.0,1306.0,1306.0,False,2.0,10.0,2081197492,30.62053,104.10782
45960,P2,586.0,586.0,1306.0,1306.0,False,1.3,8.6,5141468799,30.6305242,104.1014825
61437,P2,586.0,586.0,1306.0,1306.0,False,2.62,11.24,504315332,30.6887864,104.1001353
74004,P2,586.0,586.0,1306.0,1306.0,False,0.36,8.0,1458786995,30.6799981,104.0910676
74352,P2,586.0,586.0,1306.0,1306.0,False,1.8,9.6,1507266871,30.6992009,104.0788752
98228,P2,586.0,586.0,1306.0,1306.0,False,0.68,8.0,4782097006,30.6261211,104.023372
196555,P2,587.0,587.0,1307.0,1307.0,False,0.24,8.0,4699007153,30.6122293,104.0355527
93254,P2,587.0,587.0,1307.0,1307.0,False,0.45,8.0,1313065812,30.6294501,104.087285
113761,P2,588.0,588.0,1308.0,1308.0,False,1.12,8.24,2559969417,30.624884,104.0289809
121618,P2,588.0,588.0,1308.0,1308.0,False,0.98,8.0,1492405933,30.6436019,104.0640516
131616,P2,588.0,588.0,1308.0,1308.0,False,0.98,8.0,1159155733,30.6409198,104.0925105
143904,P2,588.0,588.0,1308.0,1308.0,False,2.4,10.8,432432622,30.6565571,104.0296
147111,P2,588.0,588.0,1308.0,1308.0,False,0.61,8.0,4638105424,30.7067866,104.0611202
166452,P2,588.0,588.0,1308.0,1308.0,False,0.98,8.0,1819305456,30.6255508,104.0905689
180976,P2,588.0,588.0,1308.0,1308.0,False,1.12,8.24,5359113193,30.676772,104.0129747
182227,P2,588.0,588.0,1308.0,1308.0,False,0.5,8.0,432442942,30.682926,104.02896
188918,P2,588.0,588.0,1308.0,1308.0,False,1.86,9.72,3445794970,30.6627203,104.0741967
33247,P2,588.0,588.0,1308.0,1308.0,False,0.98,8.0,1301933029,30.6533746,104.0700676
68883,P2,588.0,588.0,1308.0,1308.0,False,1.33,8.66,4359390979,30.724512,104.05849
90207,P2,588.0,588.0,1308.0,1308.0,False,1.86,9.72,1500638719,30.7080075,104.0885952
114060,P2,589.0,589.0,1309.0,1309.0,False,1.86,9.72,5141468774,30.6248848,104.0890945
125346,P2,589.0,589.0,1309.0,1309.0,False,0.18,8.0,4548209338,30.66478,104.019543
132967,P2,589.0,589.0,1309.0,1309.0,False,1.5,9.0,4703149488,30.6113444,104.0674823
154884,P2,589.0,589.0,1309.0,1309.0,False,0.11,8.0,3562045387,30.7115826,104.042712
179144,P2,589.0,589.0,1309.0,1309.0,False,1.1,8.2,2729395912,30.6288987,104.0464809
42020,P2,589.0,589.0,1309.0,1309.0,False,0.11,8.0,1492614623,30.6230895,104.0646457
52655,P2,589.0,589.0,1309.0,1309.0,False,1.86,9.72,4549759333,30.6908734,104.035395
60796,P2,589.0,589.0,1309.0,1309.0,False,1.3,8.6,1455111118,30.6959242,104.1061696
111518,P2,590.0,590.0,1310.0,1310.0,False,0.53,8.0,1159482260,30.6749642,104.073562
124431,P2,590.0,590.0,1310.0,1310.0,False,1.84,9.68,1492399323,30.658707,104.06315
197063,P2,590.0,590.0,1310.0,1310.0,False,0.82,8.0,4782067643,30.6234752,104.0305219
42394,P2,590.0,590.0,1310.0,1310.0,False,2.96,11.92,441159829,30.7205621,104.1032161
47031,P2,590.0,590.0,1310.0,1310.0,False,2.16,10.32,5141468678,30.6383047,104.0906592
52872,P2,590.0,590.0,1310.0,1310.0,False,0.82,8.0,1458786995,30.6799981,104.0910676
53817,P2,590.0,590.0,1310.0,1310.0,False,2.16,10.32,4699007163,30.6121935,104.0361577
5576,P2,590.0,590.0,1310.0,1310.0,False,1.84,9.68,5213237274,30.6605933,104.059619
64412,P2,590.0,590.0,1310.0,1310.0,False,0.36,8.0,1964323678,30.6736546,104.1001798
86992,P2,590.0,590.0,1310.0,1310.0,False,2.96,11.92,3031031600,30.6818163,104.1089397
97018,P2,590.0,590.0,1310.0,1310.0,False,2.16,10.32,2691023100,30.7096762,103.9981083
110086,P2,591.0,591.0,1311.0,1311.0,False,0.54,8.0,5102886111,30.6913898,103.9831726
146590,P2,591.0,591.0,1311.0,1311.0,False,2.22,10.44,1506428007,30.705024,104.0696225
28059,P2,591.0,591.0,1311.0,1311.0,False,1.08,8.16,3633021146,30.6743295,104.0804884
36564,P2,591.0,591.0,1311.0,1311.0,False,0.91,8.0,1159155219,30.6428556,104.102042
45717,P2,591.0,591.0,1311.0,1311.0,False,1.08,8.16,4102465473,30.6858666,104.0419896
72913,P2,591.0,591.0,1311.0,1311.0,False,0.54,8.0,5141468772,30.6242651,104.0886295
115643,P2,592.0,592.0,1312.0,1312.0,False,0.51,8.0,2722829577,30.69999,104.06571
143456,P2,592.0,592.0,1312.0,1312.0,False,1.95,9.9,4772215053,30.6797126,104.0064476
16255,P2,592.0,592.0,1312.0,1312.0,False,1.6,9.2,3541401928,30.6928877,104.0075198
198063,P2,592.0,592.0,1312.0,1312.0,False,0.07,8.0,2662847697,30.6753784,104.0045085
54949,P2,592.0,592.0,1312.0,1312.0,False,0.07,8.0,4548141062,30.6229357,104.0746056
176704,P2,593.0,593.0,1313.0,1313.0,False,0.96,8.0,314623112,30.6491327,104.0348558
180812,P2,593.0,593.0,1313.0,1313.0,False,0.87,8.0,3199773905,30.7079799,104.1034492
199246,P2,593.0,593.0,1313.0,1313.0,False,2.17,10.34,5375784062,30.6593259,104.0036416
24495,P2,593.0,593.0,1313.0,1313.0,False,0.66,8.0,3176012319,30.699501,104.07134
96432,P2,593.0,593.0,1313.0,1313.0,False,0.08,8.0,2662847704,30.6864409,103.9808631
99211,P2,593.0,593.0,1313.0,1313.0,False,0.87,8.0,4967265402,30.655521,104.0946
156778,P2,594.0,594.0,1314.0,1314.0,False,2.48,10.96,4991426383,30.6513027,103.9836773
193723,P2,594.0,594.0,1314.0,1314.0,False,2.34,10.68,5336411841,30.6456972,104.0350005
19442,P2,594.0,594.0,1314.0,1314.0,False,2.47,10.94,5002301680,30.6606129,104.0195851
205431,P2,594.0,594.0,1314.0,1314.0,False,0.43,8.0,1156126798,30.6659451,104.0433396
27276,P2,594.0,594.0,1314.0,1314.0,False,0.02,8.0,4550701194,30.6238498,104.0339028
29806,P2,594.0,594.0,1314.0,1314.0,False,1.34,8.68,1072698584,30.723694,104.0452856
33237,P2,594.0,594.0,1314.0,1314.0,False,0.47,8.0,4548259305,30.6634497,104.0055428
39717,P2,594.0,594.0,1314.0,1314.0,False,1.02,8.04,1159496639,30.6891038,104.0409116
45390,P2,594.0,594.0,1314.0,1314.0,False,0.57,8.0,1506487128,30.7150381,104.0721196
68754,P2,594.0,594.0,1314.0,1314.0,False,0.92,8.0,2560005511,30.6295021,104.0209116
96837,P2,594.0,594.0,1314.0,1314.0,False,0.5,8.0,432429414,30.6310491,104.0416237
158288,P2,595.0,595.0,1315.0,1315.0,False,0.23,8.0,1469167604,30.6480474,104.0909611
165169,P2,595.0,595.0,1315.0,1315.0,False,2.47,10.94,3028924410,30.6227169,104.0994285
208068,P2,595.0,595.0,1315.0,1315.0,False,0.23,8.0,4550018952,30.6512388,104.0545492
32815,P2,595.0,595.0,1315.0,1315.0,False,1.72,9.44,4548317440,30.6182658,104.0961583
47575,P2,595.0,595.0,1315.0,1315.0,False,2.14,10.28,1918491720,30.6498474,103.9800004
91763,P2,595.0,595.0,1315.0,1315.0,False,2.64,11.28,603415282,30.70735,104.09963
94043,P2,595.0,595.0,1315.0,1315.0,False,0.21,8.0,5310712649,30.66388,104.10947
11984,P2,596.0,596.0,1316.0,1316.0,False,0.99,8.0,314654830,30.628729,104.0444735
127891,P2,596.0,596.0,1316.0,1316.0,False,1.45,8.9,1918491708,30.6316005,104.0069373
132654,P2,596.0,596.0,1316.0,1316.0,False,0.52,8.0,4548317899,30.6320768,104.0923232
163827,P2,596.0,596.0,1316.0,1316.0,False,0.46,8.0,5100157874,30.6331505,104.0804283
183184,P2,596.0,596.0,1316.0,1316.0,False,0.99,8.0,1159176621,30.6291006,104.0598439
31814,P2,596.0,596.0,1316.0,1316.0,False,0.99,8.0,1159155384,30.6400714,104.098946
54875,P2,596.0,596.0,1316.0,1316.0,False,0.99,8.0,5141328661,30.6133589,104.0634538
66427,P2,596.0,596.0,1316.0,1316.0,False,0.52,8.0,1445481369,30.65827,104.06419
102255,P2,597.0,597.0,1317.0,1317.0,False,1.31,8.62,3562028087,30.684542,104.11514
140399,P2,597.0,597.0,1317.0,1317.0,False,0.29,8.0,3736570433,30.69692,104.06881
151535,P2,597.0,597.0,1317.0,1317.0,False,0.49,8.0,3562004398,30.6534004,104.0342573
73989,P2,597.0,597.0,1317.0,1317.0,False,0.36,8.0,1947583813,30.6923138,104.0808455
90927,P2,597.0,597.0,1317.0,1317.0,False,0.49,8.0,2039550405,30.67061,104.1134
97487,P2,597.0,597.0,1317.0,1317.0,False,1.35,8.7,1964394675,30.6698654,104.1061769
13632,P2,598.0,598.0,1318.0,1318.0,False,3.03,12.06,1313998737,30.6344134,104.085936
14487,P2,598.0,598.0,1318.0,1318.0,False,0.68,8.0,5375783424,30.62574,104.0023166
155927,P2,598.0,598.0,1318.0,1318.0,False,3.03,12.06,4118527451,30.7001145,104.0969195
172072,P2,598.0,598.0,1318.0,1318.0,False,2.16,10.32,432442880,30.6853516,103.9833976
205299,P2,598.0,598.0,1318.0,1318.0,False,1.83,9.66,2852759807,30.6653477,104.1107531
62986,P2,598.0,598.0,1318.0,1318.0,False,2.13,10.26,1159450070,30.6683962,104.0309036
109310,P2,599.0,599.0,1319.0,1319.0,False,1.39,8.78,4106681987,30.6423885,103.9775849
110351,P2,599.0,599.0,1319.0,1319.0,False,0.22,8.0,4106681902,30.6108041,104.0028994
111801,P2,599.0,599.0,1319.0,1319.0,False,0.22,8.0,4748183731,30.6255167,104.0173584
152205,P2,599.0,599.0,1319.0,1319.0,False,0.1,8.0,4695701797,30.6133356,104.0188084
202276,P2,599.0,599.0,1319.0,1319.0,False,2.74,11.48,1459039204,30.6462551,104.1079678
29368,P2,599.0,599.0,1319.0,1319.0,False,1.23,8.46,2039550415,30.6374329,104.1107572
29760,P2,599.0,599.0,1319.0,1319.0,False,1.39,8.78,4695701807,30.6121075,104.0200827
114135,P2,600.0,600.0,1320.0,1320.0,False,0.14,8.0,4012382184,30.66131,104.07525
133277,P2,600.0,600.0,1320.0,1320.0,False,2.23,10.46,4699007138,30.610447,104.0398246
13405,P2,600.0,600.0,1320.0,1320.0,False,0.26,8.0,1499130033,30.722278,104.1032327
140205,P2,600.0,600.0,1320.0,1320.0,False,0.41,8.0,4967265776,30.7076058,104.0142672
200719,P2,600.0,600.0,1320.0,1320.0,False,2.19,10.38,4549993196,30.7044116,104.0035518
35875,P2,600.0,600.0,1320.0,1320.0,False,0.58,8.0,4772215053,30.6797126,104.0064476
85229,P2,600.0,600.0,1320.0,1320.0,False,0.26,8.0,1159474708,30.6964697,104.0436588
