parcel_id,platform_id,true_release_time,observed_release_time,true_deadline,observed_deadline,is_delayed,weight,fare,location_node,lng,lat
111667,,0.0,0.0,720.0,720.0,False,1.36,8.72,5213238430,30.66019,104.07225
112591,,0.0,0.0,720.0,720.0,False,0.15,8.0,1159230552,30.68748,104.09401
119918,,0.0,0.0,720.0,720.0,False,1.01,8.02,5436607851,30.6359757,104.0636458
170376,,0.0,0.0,720.0,720.0,False,1.7,9.4,5375783455,30.6225341,104.0086663
180608,,0.0,0.0,720.0,720.0,False,2.55,11.1,672405808,30.658065,104.0810186
190392,,0.0,0.0,720.0,720.0,False,0.08,8.0,314622896,30.6548869,104.0664771
191908,,0.0,0.0,720.0,720.0,False,0.05,8.0,1159453941,30.6612497,104.0448629
200888,,0.0,0.0,720.0,720.0,False,0.37,8.0,5141458205,30.6318208,104.0767349
201847,,0.0,0.0,720.0,720.0,False,0.47,8.0,4550701397,30.6200923,103.982772
205375,,0.0,0.0,720.0,720.0,False,1.73,9.46,4548259655,30.6541968,104.0385468
2348,,0.0,0.0,720.0,720.0,False,0.38,8.0,3516900112,30.6717433,104.0682074
34586,,0.0,0.0,720.0,720.0,False,1.22,8.44,3562045366,30.7028977,104.0406788
35469,,0.0,0.0,720.0,720.0,False,1.63,9.26,4991425468,30.6454057,103.9874058
37139,,0.0,0.0,720.0,720.0,False,0.05,8.0,1159231823,30.690027,104.08023
40262,,0.0,0.0,720.0,720.0,False,0.73,8.0,2908601185,30.6435054,104.0881332
41911,,0.0,0.0,720.0,720.0,False,2.07,10.14,4550018925,30.6514365,104.0548289
52643,,0.0,0.0,720.0,720.0,False,0.79,8.0,3562033458,30.7020194,104.0739529
71619,,0.0,0.0,720.0,720.0,False,0.96,8.0,441187228,30.67023,104.0634
80696,,0.0,0.0,720.0,720.0,False,1.18,8.36,3680455707,30.6593692,104.0138061
104096,,1.0,1.0,721.0,721.0,False,1.17,8.34,3196147285,30.7080823,104.0153959
104443,,1.0,1.0,721.0,721.0,False,0.22,8.0,4695640670,30.6161099,104.0253786
105259,,1.0,1.0,721.0,721.0,False,0.78,8.0,2472030046,30.6618,104.06255
127608,,1.0,1.0,721.0,721.0,False,2.99,11.98,3562047407,30.7106548,104.0448547
132335,,1.0,1.0,721.0,721.0,False,0.59,8.0,4548211429,30.6802549,104.0589444
137407,,1.0,1.0,721.0,721.0,False,0.62,8.0,4721452999,30.704542,104.08311
140403,,1.0,1.0,721.0,721.0,False,1.91,9.82,1159234181,30.69453,104.07557
151551,,1.0,1.0,721.0,721.0,False,1.91,9.82,1918491705,30.6422139,104.0015439
157143,,1.0,1.0,721.0,721.0,False,1.86,9.72,4877246214,30.6272722,104.0995561
19499,,1.0,1.0,721.0,721.0,False,1.54,9.08,1159227850,30.6913669,104.0523676
204058,,1.0,1.0,721.0,721.0,False,1.12,8.24,2119004937,30.6986814,104.0269566
204737,,1.0,1.0,721.0,721.0,False,1.6,9.2,4934383649,30.6163126,104.1125643
23547,,1.0,1.0,721.0,721.0,False,0.81,8.0,3633018900,30.66721,104.064186
26000,,1.0,1.0,721.0,721.0,False,1.6,9.2,5336411841,30.6456972,104.0350005
45807,,1.0,1.0,721.0,721.0,False,0.92,8.0,1861145350,30.67227,104.10958
48471,,1.0,1.0,721.0,721.0,False,0.04,8.0,432453013,30.654114,104.087166
59837,,1.0,1.0,721.0,721.0,False,0.16,8.0,4773199362,30.6736884,104.0081134
103826,,2.0,2.0,722.0,722.0,False,4.03,14.06,4772463273,30.6601789,104.0463071
10866,,2.0,2.0,722.0,722.0,False,1.03,8.06,3436486424,30.6417441,104.0460142
111059,,2.0,2.0,722.0,722.0,False,3.49,12.98,4637732173,30.6592924,104.1122764
139357,,2.0,2.0,722.0,722.0,False,0.25,8.0,1469155801,30.6321847,104.114582
168387,,2.0,2.0,722.0,722.0,False,0.96,8.0,2080646270,30.6223983,104.1039768
169539,,2.0,2.0,722.0,722.0,False,1.37,8.74,479902229,30.6232263,104.0903911
174801,,2.0,2.0,722.0,722.0,False,1.82,9.64,5359113192,30.676962,104.0118695
179227,,2.0,2.0,722.0,722.0,False,0.54,8.0,2041527471,30.6913485,104.0974473
196023,,2.0,2.0,722.0,722.0,False,1.58,9.16,432442576,30.68388,104.02777
200918,,2.0,2.0,722.0,722.0,False,1.03,8.06,1445481369,30.6579503,104.0635575
61148,,2.0,2.0,722.0,722.0,False,1.03,8.06,3071355054,30.6279334,104.1131365
62982,,2.0,2.0,722.0,722.0,False,1.65,9.3,4106681940,30.6232731,103.9920918
65598,,2.0,2.0,722.0,722.0,False,1.83,9.66,1885342902,30.6783873,104.0992476
66685,,2.0,2.0,722.0,722.0,False,0.13,8.0,5159344218,30.7064083,104.0530123
74725,,2.0,2.0,722.0,722.0,False,1.37,8.74,2564226600,30.6189874,104.023116
81407,,2.0,2.0,722.0,722.0,False,0.96,8.0,4782067663,30.625,104.0297
8765,,2.0,2.0,722.0,722.0,False,1.51,9.02,432442547,30.6996472,104.0101667
91025,,2.0,2.0,722.0,722.0,False,0.66,8.0,4934383671,30.6188761,104.1123169
112690,,3.0,3.0,723.0,723.0,False,0.31,8.0,4582821479,30.6586848,104.0506745
118341,,3.0,3.0,723.0,723.0,False,1.5,9.0,5211345684,30.648848,103.9941538
129747,,3.0,3.0,723.0,723.0,False,0.71,8.0,1301933029,30.65389,104.06933
140508,,3.0,3.0,723.0,723.0,False,0.98,8.0,4550018882,30.6141469,104.034959
141939,,3.0,3.0,723.0,723.0,False,2.02,10.04,5436627812,30.6978272,104.0706254
16907,,3.0,3.0,723.0,723.0,False,2.57,11.14,1159229836,30.675097,104.08588
181214,,3.0,3.0,723.0,723.0,False,1.44,8.88,2039522711,30.6755077,104.1068574
186704,,3.0,3.0,723.0,723.0,False,1.69,9.38,4444112357,30.7251837,104.1045152
190715,,3.0,3.0,723.0,723.0,False,1.22,8.44,1159480334,30.6764266,104.0666973
197914,,3.0,3.0,723.0,723.0,False,0.56,8.0,3927876938,30.6750634,103.9878627
206701,,3.0,3.0,723.0,723.0,False,2.26,10.52,3087817512,30.6639822,103.9950594
25387,,3.0,3.0,723.0,723.0,False,1.95,9.9,1956501938,30.68699,104.10498
29503,,3.0,3.0,723.0,723.0,False,1.22,8.44,3516887960,30.7153774,104.036239
50652,,3.0,3.0,723.0,723.0,False,0.71,8.0,2401092870,30.6891685,104.0973014
58061,,3.0,3.0,723.0,723.0,False,0.45,8.0,5218240001,30.6972534,104.0522974
60015,,3.0,3.0,723.0,723.0,False,2.26,10.52,1159225485,30.69957,104.04246
63248,,3.0,3.0,723.0,723.0,False,1.54,9.08,432429426,30.6364271,104.0312456
93979,,3.0,3.0,723.0,723.0,False,0.85,8.0,1311904382,30.6451225,104.0718226
107747,,4.0,4.0,724.0,724.0,False,2.45,10.9,1916386580,30.64158,104.05643
133707,,4.0,4.0,724.0,724.0,False,1.87,9.74,5141468652,30.6399839,104.0936737
152655,,4.0,4.0,724.0,724.0,False,3.51,13.02,1305816672,30.64971,104.08293
153124,,4.0,4.0,724.0,724.0,False,0.14,8.0,2847752856,30.6566686,104.1049397
162091,,4.0,4.0,724.0,724.0,False,0.79,8.0,2843289904,30.68792,104.05849
164106,,4.0,4.0,724.0,724.0,False,2.45,10.9,1301932980,30.6535045,104.0727944
203606,,4.0,4.0,724.0,724.0,False,2.45,10.9,3633001071,30.6661508,104.0233502
35460,,4.0,4.0,724.0,724.0,False,0.0,8.0,5141468681,30.6389126,104.0914005
47483,,4.0,4.0,724.0,724.0,False,1.26,8.52,1159143853,30.67779,104.0876
82982,,4.0,4.0,724.0,724.0,False,0.03,8.0,4548211351,30.6608106,104.0557714
88147,,4.0,4.0,724.0,724.0,False,0.78,8.0,432452895,30.620428,104.05741
96587,,4.0,4.0,724.0,724.0,False,1.26,8.52,4896843831,30.6284734,104.1022402
103638,,5.0,5.0,725.0,725.0,False,1.18,8.36,1916386467,30.6162257,104.0416001
154086,,5.0,5.0,725.0,725.0,False,0.22,8.0,1311904464,30.6457768,104.0761078
169559,,5.0,5.0,725.0,725.0,False,2.15,10.3,4699007266,30.6122408,104.0377796
191116,,5.0,5.0,725.0,725.0,False,1.48,8.96,2135944707,30.6168238,104.0156946
196921,,5.0,5.0,725.0,725.0,False,0.5,8.0,2727024777,30.6169622,104.0519626
25270,,5.0,5.0,725.0,725.0,False,0.64,8.0,5145177730,30.7239166,104.1013839
27892,,5.0,5.0,725.0,725.0,False,0.9,8.0,4693610168,30.6338146,104.0709043
33853,,5.0,5.0,725.0,725.0,False,0.28,8.0,4106682225,30.6745183,103.9964567
49132,,5.0,5.0,725.0,725.0,False,0.64,8.0,4699007283,30.6149014,104.0327849
51533,,5.0,5.0,725.0,725.0,False,0.12,8.0,5234592652,30.6721015,104.006403
57595,,5.0,5.0,725.0,725.0,False,1.42,8.84,3158040423,30.6378631,104.0478602
65303,,5.0,5.0,725.0,725.0,False,1.25,8.5,4580783029,30.6367782,104.0433571
77220,,5.0,5.0,725.0,725.0,False,1.34,8.68,5141328718,30.6131636,104.0620658
80837,,5.0,5.0,725.0,725.0,False,1.88,9.76,5375784246,30.6360458,104.0053877
82940,,5.0,5.0,725.0,725.0,False,2.25,10.5,5213253214,30.667213,104.1122561
91069,,5.0,5.0,725.0,725.0,False,0.84,8.0,4550018971,30.6272685,104.0185474
92814,,5.0,5.0,725.0,725.0,False,1.1,8.2,672349263,30.7254834,104.0736286
118435,,6.0,6.0,726.0,726.0,False,2.67,11.34,1498713636,30.7249198,104.0756169
123478,,6.0,6.0,726.0,726.0,False,2.1,10.2,4106682200,30.6589439,103.9766732
12667,,6.0,6.0,726.0,726.0,False,1.98,9.96,4695701792,30.6122117,104.018919
131761,,6.0,6.0,726.0,726.0,False,0.72,8.0,3680361113,30.6604914,104.0253217
133525,,6.0,6.0,726.0,726.0,False,0.47,8.0,2923198522,30.7178089,104.0550117
135564,,6.0,6.0,726.0,726.0,False,2.79,11.58,5436607837,30.6359795,104.0641477
139583,,6.0,6.0,726.0,726.0,False,0.9,8.0,432432591,30.660055,104.0366864
14471,,6.0,6.0,726.0,726.0,False,0.08,8.0,3815508502,30.6269967,104.0184176
15984,,6.0,6.0,726.0,726.0,False,0.72,8.0,4550018623,30.6646952,103.9748062
204852,,6.0,6.0,726.0,726.0,False,0.9,8.0,4701400723,30.624126,104.0932815
22793,,6.0,6.0,726.0,726.0,False,1.65,9.3,4549993009,30.6969925,104.0576834
57109,,6.0,6.0,726.0,726.0,False,1.07,8.14,4106681979,30.6419758,103.9782734
62583,,6.0,6.0,726.0,726.0,False,1.98,9.96,5034131303,30.6513901,103.990594
64117,,6.0,6.0,726.0,726.0,False,1.12,8.24,5436607069,30.6367341,104.0646416
97162,,6.0,6.0,726.0,726.0,False,2.67,11.34,4695601643,30.6129557,104.0384861
12851,,7.0,7.0,727.0,727.0,False,1.45,8.9,1506557663,30.7165589,104.0721612
153439,,7.0,7.0,727.0,727.0,False,0.29,8.0,1902099114,30.7170136,104.0650157
158334,,7.0,7.0,727.0,727.0,False,1.06,8.12,4548259611,30.6504043,104.0160254
160735,,7.0,7.0,727.0,727.0,False,0.62,8.0,1947138487,30.685106,104.08537
184358,,7.0,7.0,727.0,727.0,False,0.55,8.0,432429386,30.6399004,104.0516727
191661,,7.0,7.0,727.0,727.0,False,0.28,8.0,2118910075,30.7029432,104.0875116
207028,,7.0,7.0,727.0,727.0,False,0.62,8.0,4550018805,30.620037,104.0118693
207132,,7.0,7.0,727.0,727.0,False,0.77,8.0,1192818260,30.6637331,104.0895335
3703,,7.0,7.0,727.0,727.0,False,1.11,8.22,3562047422,30.71257,104.06537
46459,,7.0,7.0,727.0,727.0,False,0.62,8.0,3523314192,30.6255,104.05348
66417,,7.0,7.0,727.0,727.0,False,0.57,8.0,3523308816,30.6482732,104.058538
118691,,8.0,8.0,728.0,728.0,False,0.49,8.0,2041527412,30.688702,104.09415
144179,,8.0,8.0,728.0,728.0,False,0.34,8.0,3496551178,30.6204257,104.0508731
161468,,8.0,8.0,728.0,728.0,False,1.96,9.92,1819305504,30.6322292,104.1058112
170978,,8.0,8.0,728.0,728.0,False,0.98,8.0,1305816712,30.6694879,104.0662325
184330,,8.0,8.0,728.0,728.0,False,0.74,8.0,1388412852,30.6822647,104.0696959
187091,,8.0,8.0,728.0,728.0,False,2.06,10.12,1305816694,30.65922,104.07715
190439,,8.0,8.0,728.0,728.0,False,1.64,9.28,3516900122,30.67058,104.0725
29083,,8.0,8.0,728.0,728.0,False,1.83,9.66,1159143854,30.678293,104.08206
52237,,8.0,8.0,728.0,728.0,False,0.49,8.0,2712338402,30.7075401,104.0389242
69513,,8.0,8.0,728.0,728.0,False,1.96,9.92,4550018984,30.6508866,104.0565919
101110,,9.0,9.0,729.0,729.0,False,1.58,9.16,441159357,30.7212985,104.0991414
1237,,9.0,9.0,729.0,729.0,False,0.56,8.0,504315313,30.7000149,104.1035364
124361,,9.0,9.0,729.0,729.0,False,0.23,8.0,2217790316,30.6622591,104.0581724
143961,,9.0,9.0,729.0,729.0,False,0.63,8.0,5141468724,30.6353547,104.0937824
18223,,9.0,9.0,729.0,729.0,False,0.7,8.0,2868588324,30.66509,104.08421
188069,,9.0,9.0,729.0,729.0,False,0.88,8.0,5213253216,30.7060875,104.0947103
199619,,9.0,9.0,729.0,729.0,False,1.12,8.24,432442889,30.6969248,103.9777283
2890,,9.0,9.0,729.0,729.0,False,0.63,8.0,3034029045,30.6913279,104.0063866
48445,,9.0,9.0,729.0,729.0,False,1.35,8.7,441187404,30.6849954,104.0618106
75211,,9.0,9.0,729.0,729.0,False,1.43,8.86,1159139100,30.66535,104.1121
85407,,9.0,9.0,729.0,729.0,False,1.57,9.14,4437994405,30.69052,104.09571
88159,,9.0,9.0,729.0,729.0,False,1.35,8.7,4699007191,30.6102296,104.0321191
115095,,10.0,10.0,730.0,730.0,False,0.28,8.0,2041527400,30.6929967,104.0976903
125978,,10.0,10.0,730.0,730.0,False,0.79,8.0,4978440954,30.6777353,104.0789285
13574,,10.0,10.0,730.0,730.0,False,0.83,8.0,318090605,30.6598101,104.0130367
139143,,10.0,10.0,730.0,730.0,False,3.65,13.3,4548259613,30.708376,104.0387369
158427,,10.0,10.0,730.0,730.0,False,2.59,11.18,1947583845,30.68539,104.0833
160185,,10.0,10.0,730.0,730.0,False,1.26,8.52,4772448420,30.6815178,104.0076243
165719,,10.0,10.0,730.0,730.0,False,1.96,9.92,671587267,30.64597,104.06642
167464,,10.0,10.0,730.0,730.0,False,1.56,9.12,5375783766,30.6356266,104.0121705
171844,,10.0,10.0,730.0,730.0,False,0.84,8.0,4548318430,30.6221392,104.0957907
174214,,10.0,10.0,730.0,730.0,False,2.06,10.12,1492598620,30.6226242,104.0668825
189357,,10.0,10.0,730.0,730.0,False,2.06,10.12,4992013246,30.621778,104.0745079
200776,,10.0,10.0,730.0,730.0,False,0.82,8.0,4695601590,30.6143406,104.0356097
31022,,10.0,10.0,730.0,730.0,False,1.56,9.12,5375783424,30.62574,104.0023166
71905,,10.0,10.0,730.0,730.0,False,3.65,13.3,1956538342,30.680431,104.1103448
76043,,10.0,10.0,730.0,730.0,False,1.74,9.48,2039561238,30.68951,104.10961
8387,,10.0,10.0,730.0,730.0,False,1.56,9.12,2722829581,30.6992355,104.067399
106587,,11.0,11.0,731.0,731.0,False,1.99,9.98,3742070461,30.65019,104.08553
170654,,11.0,11.0,731.0,731.0,False,1.11,8.22,1469155801,30.6321847,104.114582
179359,,11.0,11.0,731.0,731.0,False,2.32,10.64,1156126794,30.67827,104.04819
181377,,11.0,11.0,731.0,731.0,False,1.41,8.82,3633008416,30.6705037,104.0381721
41091,,11.0,11.0,731.0,731.0,False,0.82,8.0,3562099600,30.65142,104.0263
64411,,11.0,11.0,731.0,731.0,False,0.6,8.0,1947583808,30.69441,104.08024
76709,,11.0,11.0,731.0,731.0,False,1.99,9.98,3562110274,30.6720357,104.0660008
82288,,11.0,11.0,731.0,731.0,False,0.67,8.0,5141458205,30.6318208,104.0767349
8898,,11.0,11.0,731.0,731.0,False,0.29,8.0,432442932,30.6621038,104.0234792
143670,,12.0,12.0,732.0,732.0,False,2.08,10.16,2559969425,30.6220613,104.0295577
149215,,12.0,12.0,732.0,732.0,False,0.01,8.0,3633018388,30.6678647,104.0662447
156767,,12.0,12.0,732.0,732.0,False,0.36,8.0,1159471908,30.6933354,104.0403226
157931,,12.0,12.0,732.0,732.0,False,1.1,8.2,4549993409,30.69542,104.04042
166676,,12.0,12.0,732.0,732.0,False,1.66,9.32,441221450,30.6466367,104.023808
184253,,12.0,12.0,732.0,732.0,False,2.35,10.7,4548211190,30.6294211,104.0210117
187349,,12.0,12.0,732.0,732.0,False,1.21,8.42,2956775873,30.7023978,104.0398323
201779,,12.0,12.0,732.0,732.0,False,0.33,8.0,2729395909,30.6301413,104.0472898
62634,,12.0,12.0,732.0,732.0,False,2.17,10.34,432442540,30.6940599,104.0132439
94719,,12.0,12.0,732.0,732.0,False,0.33,8.0,4903112583,30.65803,104.07855
102579,,13.0,13.0,733.0,733.0,False,1.12,8.24,1072698664,30.7155728,104.0735414
112245,,13.0,13.0,733.0,733.0,False,4.56,15.12,5367313163,30.6357716,103.969192
117443,,13.0,13.0,733.0,733.0,False,0.29,8.0,1916386526,30.62108,104.04383
153335,,13.0,13.0,733.0,733.0,False,0.76,8.0,671587267,30.64619,104.06612
154272,,13.0,13.0,733.0,733.0,False,1.47,8.94,1504233589,30.6976251,104.1022932
173700,,13.0,13.0,733.0,733.0,False,0.76,8.0,1819305264,30.6279591,104.091633
18707,,13.0,13.0,733.0,733.0,False,1.81,9.62,4693610156,30.6346775,104.0677857
20175,,13.0,13.0,733.0,733.0,False,0.25,8.0,2041527427,30.68988,104.09218
48151,,13.0,13.0,733.0,733.0,False,2.38,10.76,4136052363,30.6124754,104.0466566
69131,,13.0,13.0,733.0,733.0,False,0.07,8.0,1458981267,30.66222,104.09662
84329,,13.0,13.0,733.0,733.0,False,0.4,8.0,3979164207,30.6751625,104.0891486
88139,,13.0,13.0,733.0,733.0,False,4.56,15.12,4550769855,30.6318329,104.0996223
12,,14.0,14.0,734.0,734.0,False,0.1,8.0,4695601310,30.6117815,104.02873
134272,,14.0,14.0,734.0,734.0,False,0.39,8.0,1918491708,30.6316005,104.0069373
137571,,14.0,14.0,734.0,734.0,False,0.5,8.0,3087817472,30.6344052,104.0097338
167119,,14.0,14.0,734.0,734.0,False,0.1,8.0,5354813690,30.658142,104.06025
180223,,14.0,14.0,734.0,734.0,False,0.77,8.0,1916386509,30.6220137,104.0295696
205512,,14.0,14.0,734.0,734.0,False,0.75,8.0,5283966123,30.6370674,104.100346
42547,,14.0,14.0,734.0,734.0,False,2.52,11.04,2393636591,30.62122,104.11631
4969,,14.0,14.0,734.0,734.0,False,2.52,11.04,441187715,30.7182435,104.0483368
72637,,14.0,14.0,734.0,734.0,False,0.01,8.0,4106682220,30.6705084,103.9986556
86143,,14.0,14.0,734.0,734.0,False,0.5,8.0,4903112584,30.66007,104.08059
91038,,14.0,14.0,734.0,734.0,False,0.2,8.0,5261581871,30.6767636,104.0962658
108272,,15.0,15.0,735.0,735.0,False,0.17,8.0,5375783431,30.623058,104.0027511
113426,,15.0,15.0,735.0,735.0,False,0.22,8.0,5359113204,30.6778101,104.0089782
128795,,15.0,15.0,735.0,735.0,False,0.18,8.0,5354813690,30.65939,104.060425
169287,,15.0,15.0,735.0,735.0,False,0.63,8.0,1507337734,30.6969488,104.0747885
193902,,15.0,15.0,735.0,735.0,False,0.23,8.0,3087817471,30.635726,104.0123693
26120,,15.0,15.0,735.0,735.0,False,1.61,9.22,4550018600,30.6488764,104.0724082
27675,,15.0,15.0,735.0,735.0,False,0.6,8.0,432432546,30.662977,104.040634
48748,,15.0,15.0,735.0,735.0,False,0.01,8.0,1912247274,30.6155268,104.0989612
92356,,15.0,15.0,735.0,735.0,False,1.12,8.24,1918491722,30.6326141,103.9861319
95359,,15.0,15.0,735.0,735.0,False,1.67,9.34,3034040785,30.7004902,104.0186486
101351,,16.0,16.0,736.0,736.0,False,0.26,8.0,2843286585,30.6877197,104.0569491
106606,,16.0,16.0,736.0,736.0,False,0.67,8.0,3541376587,30.7231921,104.0595447
119841,,16.0,16.0,736.0,736.0,False,0.44,8.0,4550018996,30.6391536,103.9784557
121719,,16.0,16.0,736.0,736.0,False,0.99,8.0,4900292686,30.67076,104.06575
123023,,16.0,16.0,736.0,736.0,False,0.89,8.0,1159232134,30.68738,104.07584
127037,,16.0,16.0,736.0,736.0,False,0.58,8.0,1492582891,30.6261835,104.0643868
135299,,16.0,16.0,736.0,736.0,False,0.26,8.0,4548209370,30.6626701,104.0536965
13873,,16.0,16.0,736.0,736.0,False,1.12,8.24,4695662944,30.6118326,104.0324148
144958,,16.0,16.0,736.0,736.0,False,0.9,8.0,5375783989,30.6511974,103.9887698
164845,,16.0,16.0,736.0,736.0,False,2.28,10.56,4586532063,30.6893244,104.0206776
180489,,16.0,16.0,736.0,736.0,False,0.52,8.0,4981598330,30.6308847,103.9978148
32605,,16.0,16.0,736.0,736.0,False,2.3,10.6,4437994403,30.6896657,104.0965366
33156,,16.0,16.0,736.0,736.0,False,0.61,8.0,432442901,30.6699141,104.0349944
4031,,16.0,16.0,736.0,736.0,False,0.99,8.0,5375783458,30.6223245,104.0078639
45285,,16.0,16.0,736.0,736.0,False,0.61,8.0,432442926,30.663585,104.0216285
54890,,16.0,16.0,736.0,736.0,False,2.29,10.58,1459920705,30.640689,104.1043602
58118,,16.0,16.0,736.0,736.0,False,0.87,8.0,5213238734,30.6389549,104.051067
75114,,16.0,16.0,736.0,736.0,False,1.07,8.14,5375784062,30.6593259,104.0036416
91438,,16.0,16.0,736.0,736.0,False,0.25,8.0,2726978405,30.611294,104.0523693
92890,,16.0,16.0,736.0,736.0,False,2.39,10.78,4772216819,30.6797083,104.0068793
11111,,17.0,17.0,737.0,737.0,False,2.5,11.0,2282013879,30.6292715,103.9671206
111546,,17.0,17.0,737.0,737.0,False,1.63,9.26,4294975865,30.6497285,103.9955946
131678,,17.0,17.0,737.0,737.0,False,1.41,8.82,432432625,30.6550435,104.0445345
139161,,17.0,17.0,737.0,737.0,False,1.2,8.4,4585469582,30.6570481,104.0605732
169355,,17.0,17.0,737.0,737.0,False,2.41,10.82,5312164200,30.6675221,104.103321
170843,,17.0,17.0,737.0,737.0,False,1.65,9.3,4773199393,30.6716141,104.0144083
172955,,17.0,17.0,737.0,737.0,False,1.2,8.4,2653573002,30.6685143,104.092876
173010,,17.0,17.0,737.0,737.0,False,0.87,8.0,5367291466,30.6264731,104.001824
176324,,17.0,17.0,737.0,737.0,False,3.03,12.06,2843294275,30.6784459,104.0667463
176422,,17.0,17.0,737.0,737.0,False,2.41,10.82,1159517082,30.6451341,104.0708323
190446,,17.0,17.0,737.0,737.0,False,0.64,8.0,1956554700,30.678473,104.1086116
198647,,17.0,17.0,737.0,737.0,False,1.26,8.52,1815729252,30.7123,104.06717
30243,,17.0,17.0,737.0,737.0,False,0.66,8.0,314614358,30.6303817,104.0455141
30779,,17.0,17.0,737.0,737.0,False,3.02,12.04,1159491545,30.688044,104.0753
36593,,17.0,17.0,737.0,737.0,False,1.1,8.2,1445481369,30.6579503,104.0635575
40015,,17.0,17.0,737.0,737.0,False,2.76,11.52,1159474712,30.6954127,104.0441001
49057,,17.0,17.0,737.0,737.0,False,1.41,8.82,4695601346,30.6096602,104.0295593
85218,,17.0,17.0,737.0,737.0,False,1.56,9.12,4701464751,30.615852,104.0596613
89193,,17.0,17.0,737.0,737.0,False,1.63,9.26,1469163950,30.6428448,104.0871065
97710,,17.0,17.0,737.0,737.0,False,1.2,8.4,3034409143,30.7190511,104.1022499
102712,,18.0,18.0,738.0,738.0,False,1.98,9.96,4106681899,30.6091898,103.991653
115415,,18.0,18.0,738.0,738.0,False,0.09,8.0,4963999540,30.7176,104.02937
120743,,18.0,18.0,738.0,738.0,False,0.07,8.0,4703149492,30.6120125,104.0674422
123072,,18.0,18.0,738.0,738.0,False,2.15,10.3,4701400380,30.612365,104.0552653
128585,,18.0,18.0,738.0,738.0,False,0.45,8.0,4230611267,30.6512533,104.07104
134026,,18.0,18.0,738.0,738.0,False,1.66,9.32,1159230555,30.6836121,104.0910298
142510,,18.0,18.0,738.0,738.0,False,1.32,8.64,5218239994,30.6982821,104.0524691
143751,,18.0,18.0,738.0,738.0,False,1.3,8.6,5213253168,30.6578708,104.1126032
145658,,18.0,18.0,738.0,738.0,False,0.07,8.0,3034040783,30.6994514,104.016822
168724,,18.0,18.0,738.0,738.0,False,0.49,8.0,4548211258,30.6625876,104.0538497
173625,,18.0,18.0,738.0,738.0,False,1.37,8.74,4550019081,30.6488218,104.0727666
17777,,18.0,18.0,738.0,738.0,False,1.32,8.64,4772214801,30.679171,104.0045565
32331,,18.0,18.0,738.0,738.0,False,0.91,8.0,3613960020,30.672453,104.0499
3609,,18.0,18.0,738.0,738.0,False,1.37,8.74,5312164200,30.6675221,104.103321
36763,,18.0,18.0,738.0,738.0,False,0.07,8.0,4549993076,30.648985,103.981155
10355,,19.0,19.0,739.0,739.0,False,0.89,8.0,2041527462,30.6926646,104.096671
106524,,19.0,19.0,739.0,739.0,False,0.95,8.0,5375784048,30.6561051,103.997904
133935,,19.0,19.0,739.0,739.0,False,3.33,12.66,4693610127,30.6355725,104.0716784
147922,,19.0,19.0,739.0,739.0,False,0.01,8.0,5375784264,30.6281865,104.0045589
158825,,19.0,19.0,739.0,739.0,False,0.37,8.0,3613960014,30.671382,104.0496632
203163,,19.0,19.0,739.0,739.0,False,3.33,12.66,4699007258,30.6123176,104.0381318
208218,,19.0,19.0,739.0,739.0,False,0.96,8.0,4695640615,30.6102746,104.0273373
26276,,19.0,19.0,739.0,739.0,False,0.37,8.0,1507355161,30.6963825,104.079519
27466,,19.0,19.0,739.0,739.0,False,0.72,8.0,4064178182,30.6742941,103.9768594
32278,,19.0,19.0,739.0,739.0,False,0.94,8.0,4981594500,30.633124,103.9979585
3892,,19.0,19.0,739.0,739.0,False,3.33,12.66,4550701005,30.6542919,104.0199842
45450,,19.0,19.0,739.0,739.0,False,0.72,8.0,4701577753,30.6228209,104.0807638
55244,,19.0,19.0,739.0,739.0,False,0.2,8.0,1916524774,30.6136126,104.0056424
67470,,19.0,19.0,739.0,739.0,False,0.01,8.0,3541401914,30.6835661,103.9831571
68572,,19.0,19.0,739.0,739.0,False,0.46,8.0,4505485116,30.6351107,104.0758277
89106,,19.0,19.0,739.0,739.0,False,2.89,11.78,1460291856,30.651437,104.1109436
94075,,19.0,19.0,739.0,739.0,False,1.89,9.78,1072704379,30.7033562,104.0770448
103567,,20.0,20.0,740.0,740.0,False,0.85,8.0,2564226634,30.6397415,104.0250984
106842,,20.0,20.0,740.0,740.0,False,2.56,11.12,3562004400,30.6534007,104.0332059
116199,,20.0,20.0,740.0,740.0,False,3.36,12.72,5375783797,30.6555302,103.9989669
14205,,20.0,20.0,740.0,740.0,False,1.28,8.56,5367313167,30.635822,103.9693312
154316,,20.0,20.0,740.0,740.0,False,0.99,8.0,2315717685,30.6295811,104.0975905
158017,,20.0,20.0,740.0,740.0,False,0.82,8.0,314655429,30.6398782,104.0365362
164497,,20.0,20.0,740.0,740.0,False,2.5,11.0,2041527417,30.6855559,104.0947533
171878,,20.0,20.0,740.0,740.0,False,1.95,9.9,1159138415,30.6609859,104.0954585
176728,,20.0,20.0,740.0,740.0,False,0.33,8.0,3199773573,30.7002508,104.1103633
183081,,20.0,20.0,740.0,740.0,False,1.69,9.38,1159155243,30.6465848,104.095712
189289,,20.0,20.0,740.0,740.0,False,2.17,10.34,1964394686,30.6701145,104.1060267
25762,,20.0,20.0,740.0,740.0,False,0.82,8.0,4695601570,30.6108563,104.0328647
26599,,20.0,20.0,740.0,740.0,False,1.69,9.38,3034029068,30.6893886,103.996618
49127,,20.0,20.0,740.0,740.0,False,1.29,8.58,2039561233,30.68486,104.11222
91612,,20.0,20.0,740.0,740.0,False,0.14,8.0,432432546,30.6630635,104.0384781
151587,,21.0,21.0,741.0,741.0,False,0.86,8.0,4078817928,30.7030018,104.0814049
157359,,21.0,21.0,741.0,741.0,False,2.31,10.62,1500780816,30.6504057,104.01609
28430,,21.0,21.0,741.0,741.0,False,0.14,8.0,3199773741,30.7033011,104.1145094
44702,,21.0,21.0,741.0,741.0,False,0.95,8.0,2039522710,30.6734606,104.107658
58863,,21.0,21.0,741.0,741.0,False,2.29,10.58,3582243021,30.713701,103.99922
80583,,21.0,21.0,741.0,741.0,False,1.35,8.7,465203734,30.70527,104.10379
104987,,22.0,22.0,742.0,742.0,False,0.08,8.0,4634806780,30.6511503,104.1108874
107755,,22.0,22.0,742.0,742.0,False,0.11,8.0,1156126864,30.67777,104.076866
139611,,22.0,22.0,742.0,742.0,False,1.79,9.58,3562047407,30.7106548,104.0448547
140379,,22.0,22.0,742.0,742.0,False,2.17,10.34,465203734,30.70516,104.10343
145367,,22.0,22.0,742.0,742.0,False,0.53,8.0,4772214782,30.6797153,104.0055931
145899,,22.0,22.0,742.0,742.0,False,0.21,8.0,1159131855,30.66667,104.07654
165172,,22.0,22.0,742.0,742.0,False,0.95,8.0,5002301680,30.6606129,104.0195851
183291,,22.0,22.0,742.0,742.0,False,1.67,9.34,4693646378,30.6314234,104.0677981
49995,,22.0,22.0,742.0,742.0,False,0.08,8.0,1964326877,30.6711,104.09555
93560,,22.0,22.0,742.0,742.0,False,2.17,10.34,3445748151,30.6245276,104.064593
105045,,23.0,23.0,743.0,743.0,False,0.39,8.0,1947583851,30.6882477,104.0903482
116605,,23.0,23.0,743.0,743.0,False,0.73,8.0,4779165746,30.6175235,104.0348328
121807,,23.0,23.0,743.0,743.0,False,1.73,9.46,2823785826,30.66021,104.05636
130355,,23.0,23.0,743.0,743.0,False,2.71,11.42,5141468655,30.64092,104.09548
148150,,23.0,23.0,743.0,743.0,False,0.73,8.0,4699007191,30.6102296,104.0321191
16617,,23.0,23.0,743.0,743.0,False,0.74,8.0,4693609979,30.6281489,104.0710645
168256,,23.0,23.0,743.0,743.0,False,1.72,9.44,439751784,30.7264748,104.0426474
170911,,23.0,23.0,743.0,743.0,False,0.05,8.0,4550018923,30.648867,104.072554
173291,,23.0,23.0,743.0,743.0,False,2.78,11.56,1815729261,30.7140628,104.0719427
178846,,23.0,23.0,743.0,743.0,False,1.84,9.68,4550769309,30.6231258,104.1096007
194355,,23.0,23.0,743.0,743.0,False,1.67,9.34,4230611278,30.6536312,104.0678295
205906,,23.0,23.0,743.0,743.0,False,0.43,8.0,4695700268,30.6140921,104.0182043
208631,,23.0,23.0,743.0,743.0,False,0.69,8.0,432432546,30.66394,104.04063
3127,,23.0,23.0,743.0,743.0,False,0.19,8.0,1301933039,30.643646,104.08044
42166,,23.0,23.0,743.0,743.0,False,1.31,8.62,1453885542,30.703105,104.0052113
59415,,23.0,23.0,743.0,743.0,False,1.58,9.16,5213253193,30.66642,104.11029
65875,,23.0,23.0,743.0,743.0,False,2.08,10.16,2843286579,30.6882841,104.0576045
65906,,23.0,23.0,743.0,743.0,False,1.75,9.5,4549759341,30.692323,104.0358774
8873,,23.0,23.0,743.0,743.0,False,1.84,9.68,2259835274,30.625347,104.1026569
97355,,23.0,23.0,743.0,743.0,False,1.67,9.34,2712338390,30.70274,104.06412
110256,,24.0,24.0,744.0,744.0,False,0.4,8.0,432432632,30.6553527,104.0452373
17864,,24.0,24.0,744.0,744.0,False,0.4,8.0,1815729260,30.7140442,104.0720424
181907,,24.0,24.0,744.0,744.0,False,1.33,8.66,5436607066,30.6373183,104.066216
195184,,24.0,24.0,744.0,744.0,False,1.12,8.24,4695640658,30.6179966,104.0276779
199831,,24.0,24.0,744.0,744.0,False,0.95,8.0,3562110283,30.65323,104.08179
201566,,24.0,24.0,744.0,744.0,False,0.75,8.0,3614070503,30.6747592,104.0624488
57757,,24.0,24.0,744.0,744.0,False,0.16,8.0,1459018259,30.6452301,104.1087541
62488,,24.0,24.0,744.0,744.0,False,2.1,10.2,4548259523,30.7140417,104.0342378
77295,,24.0,24.0,744.0,744.0,False,2.62,11.24,4701400720,30.6226922,104.0678739
81617,,24.0,24.0,744.0,744.0,False,1.12,8.24,4548209372,30.6289384,104.0971633
10772,,25.0,25.0,745.0,745.0,False,2.27,10.54,4699007121,30.6101117,104.0378382
11849,,25.0,25.0,745.0,745.0,False,0.96,8.0,1305816712,30.6694879,104.0662325
135923,,25.0,25.0,745.0,745.0,False,2.27,10.54,1290303454,30.65708,104.0724
157227,,25.0,25.0,745.0,745.0,False,0.53,8.0,4106682136,30.6482627,103.9791964
164693,,25.0,25.0,745.0,745.0,False,0.55,8.0,2843289948,30.6969637,104.0567804
169011,,25.0,25.0,745.0,745.0,False,2.39,10.78,314623107,30.6486102,104.0368163
182703,,25.0,25.0,745.0,745.0,False,1.8,9.6,672360797,30.65354,104.07603
205024,,25.0,25.0,745.0,745.0,False,1.23,8.46,3541389065,30.6884171,104.0366024
28023,,25.0,25.0,745.0,745.0,False,0.07,8.0,432442535,30.696114,104.0139
49647,,25.0,25.0,745.0,745.0,False,0.31,8.0,5053143826,30.7156,104.01445
63665,,25.0,25.0,745.0,745.0,False,2.58,11.16,4981594500,30.633124,103.9979585
67316,,25.0,25.0,745.0,745.0,False,0.36,8.0,1457841122,30.6977666,104.1048176
94502,,25.0,25.0,745.0,745.0,False,0.44,8.0,803149456,30.6643397,104.0998682
96168,,25.0,25.0,745.0,745.0,False,0.69,8.0,1916386506,30.6333933,104.0182052
127036,,26.0,26.0,746.0,746.0,False,0.88,8.0,4699007146,30.6116096,104.0352131
12794,,26.0,26.0,746.0,746.0,False,0.92,8.0,4118527343,30.6974385,104.0888202
133868,,26.0,26.0,746.0,746.0,False,0.5,8.0,2039550424,30.6760358,104.1139457
148003,,26.0,26.0,746.0,746.0,False,0.92,8.0,4967265776,30.70488,104.01522
14863,,26.0,26.0,746.0,746.0,False,2.32,10.64,3541371612,30.6660645,104.0537222
152050,,26.0,26.0,746.0,746.0,False,1.54,9.08,4437947520,30.6886246,104.0987463
152809,,26.0,26.0,746.0,746.0,False,1.93,9.86,3541364359,30.6165148,104.0888383
16079,,26.0,26.0,746.0,746.0,False,0.74,8.0,5141468776,30.6278597,104.0925419
161252,,26.0,26.0,746.0,746.0,False,0.97,8.0,4548259534,30.6533949,104.0296284
175252,,26.0,26.0,746.0,746.0,False,0.5,8.0,3445813121,30.6631981,104.0813535
203581,,26.0,26.0,746.0,746.0,False,1.54,9.08,3087817488,30.6615289,104.0103156
31583,,26.0,26.0,746.0,746.0,False,0.33,8.0,3203414180,30.638384,104.035446
43268,,26.0,26.0,746.0,746.0,False,1.93,9.86,1504206289,30.7117334,104.0982027
69258,,26.0,26.0,746.0,746.0,False,0.21,8.0,1460311247,30.6550148,104.1123058
8991,,26.0,26.0,746.0,746.0,False,0.21,8.0,1459023393,30.6449201,104.1095759
114268,,27.0,27.0,747.0,747.0,False,1.31,8.62,1313066159,30.6360451,104.0726805
11567,,27.0,27.0,747.0,747.0,False,2.24,10.48,432442560,30.698,104.01833
124071,,27.0,27.0,747.0,747.0,False,0.38,8.0,432429393,30.638903,104.0546
135686,,27.0,27.0,747.0,747.0,False,0.93,8.0,4549993124,30.7049732,104.0388722
19523,,27.0,27.0,747.0,747.0,False,0.29,8.0,1458992383,30.66079,104.09881
37832,,27.0,27.0,747.0,747.0,False,0.93,8.0,3523308809,30.6411248,104.0756891
43748,,27.0,27.0,747.0,747.0,False,0.72,8.0,4695700247,30.6170552,104.0197036
44542,,27.0,27.0,747.0,747.0,False,0.73,8.0,2843289947,30.6965434,104.0565918
103245,,28.0,28.0,748.0,748.0,False,2.55,11.1,4548211258,30.6625876,104.0538497
105659,,28.0,28.0,748.0,748.0,False,0.55,8.0,3028924422,30.6416096,104.0528757
109535,,28.0,28.0,748.0,748.0,False,0.62,8.0,1159488324,30.69243,104.07314
130083,,28.0,28.0,748.0,748.0,False,2.55,11.1,3979164230,30.6767971,104.1065281
142330,,28.0,28.0,748.0,748.0,False,1.4,8.8,5436607864,30.6448155,104.0729733
16658,,28.0,28.0,748.0,748.0,False,0.42,8.0,1457872913,30.6878465,104.0995121
184200,,28.0,28.0,748.0,748.0,False,1.06,8.12,2823798122,30.6572364,104.0546464
194266,,28.0,28.0,748.0,748.0,False,0.95,8.0,5211337161,30.635819,104.0045626
60332,,28.0,28.0,748.0,748.0,False,0.1,8.0,5375783858,30.6529924,103.9970617
101031,,29.0,29.0,749.0,749.0,False,0.67,8.0,4772216926,30.678258,104.0076111
107980,,29.0,29.0,749.0,749.0,False,0.49,8.0,1102485505,30.6114951,104.0336942
14263,,29.0,29.0,749.0,749.0,False,0.8,8.0,5375783912,30.6563403,103.9949351
144253,,29.0,29.0,749.0,749.0,False,0.8,8.0,432441924,30.6348201,104.0289088
57002,,29.0,29.0,749.0,749.0,False,1.28,8.56,4447921433,30.7228458,104.0498017
70200,,29.0,29.0,749.0,749.0,False,0.74,8.0,4106681949,30.6260866,104.0023914
84440,,29.0,29.0,749.0,749.0,False,0.31,8.0,1159451475,30.6718808,104.0387308
8974,,29.0,29.0,749.0,749.0,False,1.04,8.08,4693610148,30.6340006,104.0678179
96831,,29.0,29.0,749.0,749.0,False,0.09,8.0,5213238455,30.63497,104.056
101621,,30.0,30.0,750.0,750.0,False,0.46,8.0,4772430862,30.6783348,104.0057852
116878,,30.0,30.0,750.0,750.0,False,1.42,8.84,1159477636,30.6716606,104.0577856
202496,,30.0,30.0,750.0,750.0,False,0.88,8.0,4548258487,30.6762249,103.9763893
20472,,30.0,30.0,750.0,750.0,False,2.73,11.46,3069351801,30.63505,103.974014
4720,,30.0,30.0,750.0,750.0,False,0.63,8.0,3680078428,30.6578679,104.014768
51736,,30.0,30.0,750.0,750.0,False,2.53,11.06,1159462960,30.6755838,104.0233904
73094,,30.0,30.0,750.0,750.0,False,0.88,8.0,4548258487,30.6762249,103.9763893
75415,,30.0,30.0,750.0,750.0,False,0.88,8.0,3034040779,30.7053,104.02465
101140,,31.0,31.0,751.0,751.0,False,0.49,8.0,3562033455,30.7072833,104.0713174
14838,,31.0,31.0,751.0,751.0,False,0.34,8.0,1159168940,30.6291102,104.0792217
15008,,31.0,31.0,751.0,751.0,False,3.15,12.3,2564226632,30.642674,104.0221933
165674,,31.0,31.0,751.0,751.0,False,1.2,8.4,1457841606,30.6907791,104.1014833
203314,,31.0,31.0,751.0,751.0,False,1.89,9.78,4400595030,30.6724672,104.0789696
31480,,31.0,31.0,751.0,751.0,False,3.15,12.3,432429428,30.6294102,104.0406415
52693,,31.0,31.0,751.0,751.0,False,1.09,8.18,4550019032,30.6176744,104.0372167
76636,,31.0,31.0,751.0,751.0,False,0.27,8.0,1586706375,30.7064975,103.9851115
105488,,32.0,32.0,752.0,752.0,False,0.47,8.0,5213253150,30.7148551,104.0781213
150979,,32.0,32.0,752.0,752.0,False,2.47,10.94,4967265777,30.70497,104.012794
190648,,32.0,32.0,752.0,752.0,False,0.4,8.0,4981594520,30.6308058,103.9968153
21337,,32.0,32.0,752.0,752.0,False,0.35,8.0,4772451024,30.6806986,104.0080739
27961,,32.0,32.0,752.0,752.0,False,0.35,8.0,2917213942,30.6508894,104.0898589
41955,,32.0,32.0,752.0,752.0,False,1.73,9.46,3633018901,30.6669404,104.0647786
76623,,32.0,32.0,752.0,752.0,False,0.2,8.0,1339762122,30.7045446,104.0435058
84599,,32.0,32.0,752.0,752.0,False,0.66,8.0,3113656968,30.66389,104.05137
122354,,33.0,33.0,753.0,753.0,False,1.01,8.02,2082819545,30.61676,104.0965522
125129,,33.0,33.0,753.0,753.0,False,1.01,8.02,1459057462,30.6448957,104.1069577
153252,,33.0,33.0,753.0,753.0,False,0.7,8.0,5213253137,30.7058123,104.0946474
158347,,33.0,33.0,753.0,753.0,False,0.06,8.0,2039522710,30.6734606,104.107658
173021,,33.0,33.0,753.0,753.0,False,1.86,9.72,4549759292,30.6672728,104.0578932
181859,,33.0,33.0,753.0,753.0,False,1.01,8.02,1916516798,30.6552592,103.9818148
182016,,33.0,33.0,753.0,753.0,False,0.22,8.0,5375783793,30.6555709,103.9997716
202478,,33.0,33.0,753.0,753.0,False,3.47,12.94,4549759291,30.6731327,104.0594903
206039,,33.0,33.0,753.0,753.0,False,1.85,9.7,1301932996,30.6536,104.07183
206573,,33.0,33.0,753.0,753.0,False,2.64,11.28,1159138415,30.6609859,104.0954585
42771,,33.0,33.0,753.0,753.0,False,0.22,8.0,1956501938,30.68766,104.1053
48337,,33.0,33.0,753.0,753.0,False,0.01,8.0,2309311911,30.6295001,104.0973287
67527,,33.0,33.0,753.0,753.0,False,0.84,8.0,838319859,30.6514708,104.1108741
95169,,33.0,33.0,753.0,753.0,False,0.55,8.0,4294010427,30.7132668,104.078226
100877,,34.0,34.0,754.0,754.0,False,0.85,8.0,3742070447,30.6515155,104.0827765
126139,,34.0,34.0,754.0,754.0,False,1.32,8.64,2564226625,30.6369724,104.0206548
131387,,34.0,34.0,754.0,754.0,False,1.29,8.58,4549993227,30.706241,104.0018387
131967,,34.0,34.0,754.0,754.0,False,1.32,8.64,1159230558,30.680696,104.0891155
139329,,34.0,34.0,754.0,754.0,False,0.92,8.0,2868588323,30.6650458,104.0826394
176611,,34.0,34.0,754.0,754.0,False,0.49,8.0,2039550414,30.67599,104.11044
194815,,34.0,34.0,754.0,754.0,False,1.64,9.28,4693647105,30.6328165,104.0725355
21176,,34.0,34.0,754.0,754.0,False,0.03,8.0,4794944066,30.6792428,104.0581595
39256,,34.0,34.0,754.0,754.0,False,1.91,9.82,4987535038,30.6311871,104.0091674
58652,,34.0,34.0,754.0,754.0,False,0.45,8.0,432442944,30.680532,104.0255391
61671,,34.0,34.0,754.0,754.0,False,1.56,9.12,1159477627,30.67522,104.05285
73117,,34.0,34.0,754.0,754.0,False,0.53,8.0,2915973103,30.6364124,104.1157663
125015,,35.0,35.0,755.0,755.0,False,2.58,11.16,4987535034,30.6326239,104.01468
127875,,35.0,35.0,755.0,755.0,False,1.89,9.78,4359390980,30.725315,104.052185
148576,,35.0,35.0,755.0,755.0,False,1.11,8.22,4550019089,30.6257511,104.0206603
154743,,35.0,35.0,755.0,755.0,False,0.93,8.0,3742070442,30.65322,104.07672
166329,,35.0,35.0,755.0,755.0,False,1.28,8.56,3034029062,30.6810581,104.0111139
17485,,35.0,35.0,755.0,755.0,False,1.89,9.78,4444112344,30.7209222,104.1061392
190753,,35.0,35.0,755.0,755.0,False,1.11,8.22,5141468723,30.6350318,104.0941188
19261,,35.0,35.0,755.0,755.0,False,1.54,9.08,3613960005,30.6700377,104.0536038
47434,,35.0,35.0,755.0,755.0,False,0.83,8.0,4878042023,30.6222534,104.1029333
58686,,35.0,35.0,755.0,755.0,False,0.55,8.0,4549993115,30.6489444,103.982456
75931,,35.0,35.0,755.0,755.0,False,2.02,10.04,2309315410,30.6244586,104.093435
82002,,35.0,35.0,755.0,755.0,False,1.36,8.72,4548211295,30.6226676,104.0810906
87898,,35.0,35.0,755.0,755.0,False,1.63,9.26,432442971,30.6806612,104.0153467
94291,,35.0,35.0,755.0,755.0,False,0.83,8.0,3071355063,30.623621,104.11311
119327,,36.0,36.0,756.0,756.0,False,1.23,8.46,2039561244,30.6840697,104.1024574
12675,,36.0,36.0,756.0,756.0,False,0.94,8.0,4964000153,30.7157363,104.0332843
14730,,36.0,36.0,756.0,756.0,False,3.89,13.78,4548211308,30.6730409,104.0579156
176991,,36.0,36.0,756.0,756.0,False,1.84,9.68,2956775843,30.7229705,104.0460363
211,,36.0,36.0,756.0,756.0,False,1.06,8.12,2276405725,30.6196787,104.0927444
21422,,36.0,36.0,756.0,756.0,False,2.25,10.5,1159229570,30.6724839,104.1041619
35467,,36.0,36.0,756.0,756.0,False,0.42,8.0,3943038368,30.6434264,104.064061
807,,36.0,36.0,756.0,756.0,False,0.82,8.0,4550568567,30.6358796,104.0647311
101499,,37.0,37.0,757.0,757.0,False,2.77,11.54,3069351946,30.62304,103.97938
103511,,37.0,37.0,757.0,757.0,False,0.27,8.0,1819305504,30.6322292,104.1058112
127322,,37.0,37.0,757.0,757.0,False,2.39,10.78,432442580,30.6881247,104.0322076
133423,,37.0,37.0,757.0,757.0,False,0.51,8.0,4695601292,30.6117877,104.0289365
139770,,37.0,37.0,757.0,757.0,False,0.3,8.0,1460291850,30.6482326,104.1090314
149563,,37.0,37.0,757.0,757.0,False,1.86,9.72,3680455702,30.6590729,104.0132488
161474,,37.0,37.0,757.0,757.0,False,0.51,8.0,3541393464,30.6862686,104.0224797
162694,,37.0,37.0,757.0,757.0,False,2.07,10.14,5002301677,30.6278621,104.0328238
16595,,37.0,37.0,757.0,757.0,False,1.53,9.06,5218240010,30.70258,104.0478
170295,,37.0,37.0,757.0,757.0,False,0.99,8.0,1918491722,30.6326141,103.9861319
186287,,37.0,37.0,757.0,757.0,False,0.59,8.0,1159143355,30.661301,104.1008279
29691,,37.0,37.0,757.0,757.0,False,0.5,8.0,2908413739,30.646542,104.09017
48454,,37.0,37.0,757.0,757.0,False,0.07,8.0,1819305441,30.6279064,104.0944812
53206,,37.0,37.0,757.0,757.0,False,0.99,8.0,3680412785,30.6577776,104.0162518
53302,,37.0,37.0,757.0,757.0,False,2.07,10.14,2847758682,30.6669625,104.1117503
98491,,37.0,37.0,757.0,757.0,False,0.3,8.0,1159225485,30.69939,104.04285
103613,,38.0,38.0,758.0,758.0,False,2.34,10.68,3562110274,30.6720357,104.0660008
104799,,38.0,38.0,758.0,758.0,False,2.4,10.8,2823785809,30.65759,104.05357
106003,,38.0,38.0,758.0,758.0,False,0.31,8.0,3680455705,30.6592732,104.0135581
117316,,38.0,38.0,758.0,758.0,False,0.88,8.0,4107389530,30.7230841,104.0083952
124779,,38.0,38.0,758.0,758.0,False,0.1,8.0,3562099602,30.649725,104.0333002
130528,,38.0,38.0,758.0,758.0,False,1.47,8.94,439751641,30.6784199,103.9896669
141657,,38.0,38.0,758.0,758.0,False,1.47,8.94,4695662943,30.6116347,104.0323155
163232,,38.0,38.0,758.0,758.0,False,0.31,8.0,1388412848,30.6790803,104.0768185
170367,,38.0,38.0,758.0,758.0,False,1.97,9.94,3681180642,30.65463,104.06843
181939,,38.0,38.0,758.0,758.0,False,0.9,8.0,1159176757,30.633257,104.053925
52494,,38.0,38.0,758.0,758.0,False,1.32,8.64,2039561237,30.6799627,104.1047094
79208,,38.0,38.0,758.0,758.0,False,0.88,8.0,3693248901,30.664011,104.0334654
82710,,38.0,38.0,758.0,758.0,False,0.88,8.0,4721452999,30.7039015,104.0833417
91535,,38.0,38.0,758.0,758.0,False,0.1,8.0,5218133309,30.638398,104.1069014
128451,,39.0,39.0,759.0,759.0,False,0.5,8.0,4106682215,30.6681547,103.9953913
162707,,39.0,39.0,759.0,759.0,False,1.99,9.98,3087817482,30.664888,104.00346
203915,,39.0,39.0,759.0,759.0,False,1.53,9.06,803147944,30.6393689,104.0804565
35388,,39.0,39.0,759.0,759.0,False,0.3,8.0,3562117102,30.6479583,104.0555168
106275,,40.0,40.0,760.0,760.0,False,1.75,9.5,479902248,30.623962,104.09277
106353,,40.0,40.0,760.0,760.0,False,1.67,9.34,3199773741,30.7033011,104.1145094
114269,,40.0,40.0,760.0,760.0,False,0.46,8.0,4701577719,30.6144711,104.0722512
127989,,40.0,40.0,760.0,760.0,False,2.88,11.76,5055911223,30.7141723,104.1148631
172345,,40.0,40.0,760.0,760.0,False,1.19,8.38,2039550421,30.6741332,104.1149928
189595,,40.0,40.0,760.0,760.0,False,1.09,8.18,1458975864,30.66259,104.0925
37403,,40.0,40.0,760.0,760.0,False,1.4,8.8,3199773577,30.69923,104.10672
78641,,40.0,40.0,760.0,760.0,False,0.82,8.0,5257005059,30.6769082,104.0937702
92911,,40.0,40.0,760.0,760.0,False,1.11,8.22,3034330085,30.66465,104.07742
967,,40.0,40.0,760.0,760.0,False,0.54,8.0,2039561232,30.67116,104.10276
101947,,41.0,41.0,761.0,761.0,False,0.29,8.0,796679602,30.7114,104.00017
102191,,41.0,41.0,761.0,761.0,False,1.81,9.62,2843286568,30.694263,104.05912
108099,,41.0,41.0,761.0,761.0,False,0.48,8.0,2039528348,30.67176,104.10662
205343,,41.0,41.0,761.0,761.0,False,0.24,8.0,1159450026,30.67157,104.03275
23295,,41.0,41.0,761.0,761.0,False,0.79,8.0,1885342917,30.6832,104.10006
25826,,41.0,41.0,761.0,761.0,False,0.73,8.0,4880298885,30.6224508,104.1012885
28915,,41.0,41.0,761.0,761.0,False,0.11,8.0,5213238443,30.65654,104.08581
34702,,41.0,41.0,761.0,761.0,False,0.11,8.0,3069351801,30.63505,103.974014
46310,,41.0,41.0,761.0,761.0,False,2.04,10.08,4550700992,30.6278825,104.098802
65149,,41.0,41.0,761.0,761.0,False,0.48,8.0,4548211206,30.6785695,104.0579543
77491,,41.0,41.0,761.0,761.0,False,0.25,8.0,4107377023,30.6368583,103.9985151
80152,,41.0,41.0,761.0,761.0,False,0.65,8.0,672405808,30.658065,104.0810186
167419,,42.0,42.0,762.0,762.0,False,1.02,8.04,2039561238,30.688396,104.111916
197701,,42.0,42.0,762.0,762.0,False,0.14,8.0,529949133,30.6971902,104.1050953
199415,,42.0,42.0,762.0,762.0,False,0.44,8.0,1305816694,30.658113,104.076706
200451,,42.0,42.0,762.0,762.0,False,1.41,8.82,2112262743,30.61643,104.10397
32781,,42.0,42.0,762.0,762.0,False,0.28,8.0,4106681973,30.6405714,103.9752821
8852,,42.0,42.0,762.0,762.0,False,1.83,9.66,1425996106,30.6692948,104.1093148
150856,,43.0,43.0,763.0,763.0,False,0.22,8.0,3034409145,30.7179159,104.1075828
175571,,43.0,43.0,763.0,763.0,False,2.95,11.9,4772463319,30.6635597,104.0450095
200235,,43.0,43.0,763.0,763.0,False,2.52,11.04,4967265402,30.65577,104.09438
29013,,43.0,43.0,763.0,763.0,False,1.26,8.52,432432621,30.6565848,104.0300828
33699,,43.0,43.0,763.0,763.0,False,1.72,9.44,3633006579,30.65963,104.05884
38967,,43.0,43.0,763.0,763.0,False,1.46,8.92,4548259349,30.672085,104.0230173
46940,,43.0,43.0,763.0,763.0,False,1.46,8.92,2135942424,30.6114113,104.0230496
104753,,44.0,44.0,764.0,764.0,False,2.51,11.02,3089029138,30.6632578,104.0507561
116175,,44.0,44.0,764.0,764.0,False,1.19,8.38,3033986251,30.6607522,104.0257411
1183,,44.0,44.0,764.0,764.0,False,0.07,8.0,432441931,30.6302643,104.03195
138190,,44.0,44.0,764.0,764.0,False,0.07,8.0,1159491568,30.6830528,104.0755012
14673,,44.0,44.0,764.0,764.0,False,0.16,8.0,4550018629,30.6487126,104.0574834
147623,,44.0,44.0,764.0,764.0,False,2.51,11.02,1159488285,30.687555,104.07448
149948,,44.0,44.0,764.0,764.0,False,1.58,9.16,4693609812,30.6347905,104.0685728
164259,,44.0,44.0,764.0,764.0,False,0.41,8.0,4294975865,30.64942,103.99644
180326,,44.0,44.0,764.0,764.0,False,2.55,11.1,1159143633,30.6715261,104.1010532
19211,,44.0,44.0,764.0,764.0,False,0.34,8.0,1159486373,30.6864357,104.0671135
1947,,44.0,44.0,764.0,764.0,False,1.47,8.94,3034409153,30.722376,104.07758
21087,,44.0,44.0,764.0,764.0,False,2.76,11.52,4521034134,30.6526203,104.0830937
44837,,44.0,44.0,764.0,764.0,False,2.51,11.02,1918491727,30.6532608,103.9756239
6817,,44.0,44.0,764.0,764.0,False,1.57,9.14,3316576100,30.6298241,104.10894
86783,,44.0,44.0,764.0,764.0,False,0.34,8.0,4548259685,30.69068,104.04765
90879,,44.0,44.0,764.0,764.0,False,0.94,8.0,2180630939,30.6990716,104.0511989
92735,,44.0,44.0,764.0,764.0,False,1.19,8.38,3203414180,30.6376953,104.0343917
160501,,45.0,45.0,765.0,765.0,False,1.62,9.24,432442524,30.6871845,104.0155077
204091,,45.0,45.0,765.0,765.0,False,1.57,9.14,4521034134,30.6526203,104.0830937
33108,,45.0,45.0,765.0,765.0,False,0.32,8.0,1159502916,30.6897875,104.0318126
45850,,45.0,45.0,765.0,765.0,False,0.75,8.0,432429376,30.6372473,104.0536809
98060,,45.0,45.0,765.0,765.0,False,0.74,8.0,4136052206,30.6094552,104.046706
129727,,46.0,46.0,766.0,766.0,False,0.55,8.0,3597820284,30.7003536,104.0216861
131551,,46.0,46.0,766.0,766.0,False,2.52,11.04,1313998770,30.63617,104.08161
16566,,46.0,46.0,766.0,766.0,False,0.55,8.0,4548211639,30.6830457,104.0414194
201886,,46.0,46.0,766.0,766.0,False,0.87,8.0,5375783805,30.6553989,104.0002727
209058,,46.0,46.0,766.0,766.0,False,0.83,8.0,504315315,30.698928,104.1041965
57390,,46.0,46.0,766.0,766.0,False,0.9,8.0,2908601186,30.6431578,104.0885913
95451,,46.0,46.0,766.0,766.0,False,1.89,9.78,5100157876,30.633463,104.0805394
152324,,47.0,47.0,767.0,767.0,False,1.77,9.54,1507257626,30.7120905,104.0719313
171482,,47.0,47.0,767.0,767.0,False,2.06,10.12,504315315,30.698928,104.1041965
180529,,47.0,47.0,767.0,767.0,False,0.59,8.0,3089029129,30.661686,104.0497224
181993,,47.0,47.0,767.0,767.0,False,1.1,8.2,5213253154,30.706061,104.0947877
29276,,47.0,47.0,767.0,767.0,False,1.9,9.8,4548211210,30.6752271,104.055483
5368,,47.0,47.0,767.0,767.0,False,1.9,9.8,4695601292,30.6117877,104.0289365
1021,,48.0,48.0,768.0,768.0,False,0.82,8.0,5213253145,30.664923,104.1108604
13193,,48.0,48.0,768.0,768.0,False,0.82,8.0,3390819286,30.6413489,104.0482501
154435,,48.0,48.0,768.0,768.0,False,1.5,9.0,4750955766,30.711676,104.11458
172363,,48.0,48.0,768.0,768.0,False,1.05,8.1,3089029129,30.661854,104.04942
177414,,48.0,48.0,768.0,768.0,False,0.79,8.0,4106681957,30.6294201,103.9727005
18023,,48.0,48.0,768.0,768.0,False,0.33,8.0,432442952,30.67982,104.01751
19466,,48.0,48.0,768.0,768.0,False,0.66,8.0,5213237274,30.6605933,104.059619
208799,,48.0,48.0,768.0,768.0,False,0.79,8.0,1469155005,30.6321893,104.1142331
34372,,48.0,48.0,768.0,768.0,False,1.5,9.0,2217746793,30.6605973,104.0616912
40359,,48.0,48.0,768.0,768.0,False,1.26,8.52,4298656987,30.66102,104.07074
56603,,48.0,48.0,768.0,768.0,False,1.26,8.52,1916386562,30.64367,104.0609
73627,,48.0,48.0,768.0,768.0,False,2.34,10.68,2722829525,30.6685817,104.0383319
103055,,49.0,49.0,769.0,769.0,False,1.84,9.68,1305816712,30.669683,104.06611
122595,,49.0,49.0,769.0,769.0,False,0.34,8.0,2712421553,30.6357703,104.0573059
130431,,49.0,49.0,769.0,769.0,False,0.09,8.0,1159155219,30.64337,104.10275
14375,,49.0,49.0,769.0,769.0,False,1.84,9.68,4967265402,30.6545808,104.0948913
149279,,49.0,49.0,769.0,769.0,False,1.04,8.08,4118527510,30.7016943,104.1009642
153374,,49.0,49.0,769.0,769.0,False,1.04,8.08,4582821484,30.6586993,104.0469268
171392,,49.0,49.0,769.0,769.0,False,1.0,8.0,3069351826,30.6371455,103.9732584
174754,,49.0,49.0,769.0,769.0,False,0.78,8.0,432442980,30.6734179,104.0162642
182827,,49.0,49.0,769.0,769.0,False,1.57,9.14,4699007146,30.6116096,104.0352131
186578,,49.0,49.0,769.0,769.0,False,1.95,9.9,1964305089,30.6764683,104.1020409
193120,,49.0,49.0,769.0,769.0,False,1.0,8.0,3562099598,30.6520995,104.0178843
22055,,49.0,49.0,769.0,769.0,False,0.09,8.0,1159170633,30.6329783,104.0866246
35872,,49.0,49.0,769.0,769.0,False,1.5,9.0,1159148358,30.663903,104.0750029
375,,49.0,49.0,769.0,769.0,False,0.69,8.0,4230611281,30.65446,104.06603
47670,,49.0,49.0,769.0,769.0,False,0.73,8.0,1506487128,30.7150381,104.0721196
63434,,49.0,49.0,769.0,769.0,False,0.69,8.0,1819305123,30.6260816,104.0887933
88602,,49.0,49.0,769.0,769.0,False,2.02,10.04,4118527278,30.6827165,104.0562666
97642,,49.0,49.0,769.0,769.0,False,2.35,10.7,1339701417,30.7081706,104.0474
98433,,49.0,49.0,769.0,769.0,False,1.82,9.64,2956775869,30.6986178,104.0390225
157010,,50.0,50.0,770.0,770.0,False,0.02,8.0,1457813627,30.6948686,104.1050796
171059,,50.0,50.0,770.0,770.0,False,0.82,8.0,5141468805,30.6294733,104.0984475
32162,,50.0,50.0,770.0,770.0,False,0.06,8.0,1492613673,30.6221089,104.0629493
65763,,50.0,50.0,770.0,770.0,False,2.28,10.56,3034408998,30.7023527,104.0922144
71264,,50.0,50.0,770.0,770.0,False,0.94,8.0,4695700263,30.6166728,104.0158739
8120,,50.0,50.0,770.0,770.0,False,0.92,8.0,5382831199,30.6750989,104.0965444
103967,,51.0,51.0,771.0,771.0,False,1.36,8.72,4903112581,30.6613816,104.0803356
162143,,51.0,51.0,771.0,771.0,False,0.39,8.0,3034393463,30.686245,104.046715
164522,,51.0,51.0,771.0,771.0,False,2.24,10.48,4972893895,30.6107597,104.0504943
177807,,51.0,51.0,771.0,771.0,False,0.08,8.0,2041527436,30.6861144,104.0951368
63735,,51.0,51.0,771.0,771.0,False,2.16,10.32,1918491730,30.64794,103.99731
95379,,51.0,51.0,771.0,771.0,False,0.72,8.0,3562028074,30.6801297,104.1137765
98158,,51.0,51.0,771.0,771.0,False,1.27,8.54,1156126861,30.6748679,104.0815632
100419,,52.0,52.0,772.0,772.0,False,1.12,8.24,4773199403,30.672495,104.013824
146005,,52.0,52.0,772.0,772.0,False,0.3,8.0,1756176911,30.6764481,104.0706278
177768,,52.0,52.0,772.0,772.0,False,1.24,8.48,4414330244,30.6640162,104.0861765
192484,,52.0,52.0,772.0,772.0,False,1.82,9.64,2956775225,30.7134022,104.0478404
209206,,52.0,52.0,772.0,772.0,False,0.2,8.0,432432551,30.6588313,104.0436132
40130,,52.0,52.0,772.0,772.0,False,0.05,8.0,4107377006,30.6302083,104.0003801
48959,,52.0,52.0,772.0,772.0,False,0.85,8.0,4444112350,30.7229266,104.1034832
6715,,52.0,52.0,772.0,772.0,False,0.22,8.0,5040759944,30.6819257,104.1015117
71042,,52.0,52.0,772.0,772.0,False,0.2,8.0,1445528674,30.6488848,104.0696574
73551,,52.0,52.0,772.0,772.0,False,2.58,11.16,4701577780,30.6229613,104.0759959
74343,,52.0,52.0,772.0,772.0,False,0.57,8.0,2653571759,30.6727472,104.0872997
7588,,52.0,52.0,772.0,772.0,False,1.17,8.34,1159148361,30.6629704,104.0769567
108205,,53.0,53.0,773.0,773.0,False,1.85,9.7,3196147287,30.7110254,104.0212773
126123,,53.0,53.0,773.0,773.0,False,1.51,9.02,2908413738,30.64746,104.08854
164944,,53.0,53.0,773.0,773.0,False,3.12,12.24,3523308825,30.6403223,104.0825652
169496,,53.0,53.0,773.0,773.0,False,0.99,8.0,1916386506,30.6333933,104.0182052
192498,,53.0,53.0,773.0,773.0,False,0.22,8.0,5141328650,30.6123614,104.0629625
36543,,53.0,53.0,773.0,773.0,False,1.67,9.34,3445813552,30.66914,104.0714
36683,,53.0,53.0,773.0,773.0,False,0.22,8.0,1956501938,30.68751,104.10414
43519,,53.0,53.0,773.0,773.0,False,1.7,9.4,3034393457,30.66718,104.0524
4454,,53.0,53.0,773.0,773.0,False,0.21,8.0,1388412852,30.6822647,104.0696959
48415,,53.0,53.0,773.0,773.0,False,1.75,9.5,3445813128,30.6735,104.07731
50020,,53.0,53.0,773.0,773.0,False,0.96,8.0,1159149010,30.6578865,104.0694373
99330,,53.0,53.0,773.0,773.0,False,1.84,9.68,1159131458,30.6693289,104.059788
114580,,54.0,54.0,774.0,774.0,False,1.65,9.3,504315298,30.6964144,104.1055436
171115,,54.0,54.0,774.0,774.0,False,0.35,8.0,4106682220,30.6705084,103.9986556
183504,,54.0,54.0,774.0,774.0,False,2.32,10.64,4550018682,30.6473634,104.0181783
192455,,54.0,54.0,774.0,774.0,False,0.44,8.0,3523298662,30.6298946,104.0558158
32721,,54.0,54.0,774.0,774.0,False,0.88,8.0,2041337982,30.6830604,104.0956174
58293,,54.0,54.0,774.0,774.0,False,1.56,9.12,2956775231,30.7113968,104.0427369
68142,,54.0,54.0,774.0,774.0,False,1.56,9.12,3436486457,30.6403586,104.0464281
73723,,54.0,54.0,774.0,774.0,False,1.34,8.68,3445813114,30.6618463,104.0770904
74142,,54.0,54.0,774.0,774.0,False,1.67,9.34,4548211257,30.6778598,104.0592296
81243,,54.0,54.0,774.0,774.0,False,0.35,8.0,3579517900,30.66839,104.05612
95364,,54.0,54.0,774.0,774.0,False,1.65,9.3,1458588160,30.6825273,104.0952077
100943,,55.0,55.0,775.0,775.0,False,1.16,8.32,2728372891,30.6269278,104.072644
133361,,55.0,55.0,775.0,775.0,False,1.33,8.66,4992013276,30.6219523,104.0745864
184880,,55.0,55.0,775.0,775.0,False,1.03,8.06,1159168940,30.6291102,104.0792217
18995,,55.0,55.0,775.0,775.0,False,0.4,8.0,2317059626,30.6270943,104.0450423
190945,,55.0,55.0,775.0,775.0,False,0.97,8.0,1157121784,30.6634919,104.005674
206259,,55.0,55.0,775.0,775.0,False,0.48,8.0,4794992619,30.6398884,104.0676252
47676,,55.0,55.0,775.0,775.0,False,0.4,8.0,1918491745,30.6280925,104.0111705
60105,,55.0,55.0,775.0,775.0,False,0.11,8.0,3031031600,30.6818163,104.1089397
95071,,55.0,55.0,775.0,775.0,False,0.4,8.0,1159225485,30.70074,104.04105
96373,,55.0,55.0,775.0,775.0,False,1.16,8.32,3680078445,30.6565935,104.014685
96785,,55.0,55.0,775.0,775.0,False,2.63,11.26,3979164228,30.6840565,104.0962674
145560,,56.0,56.0,776.0,776.0,False,2.27,10.54,504315305,30.689825,104.1008426
163257,,56.0,56.0,776.0,776.0,False,2.27,10.54,671581756,30.6250493,104.0743017
170489,,56.0,56.0,776.0,776.0,False,2.33,10.66,4548211678,30.6290729,104.0969495
44415,,56.0,56.0,776.0,776.0,False,2.25,10.5,3979164218,30.67473,104.08928
61522,,56.0,56.0,776.0,776.0,False,1.25,8.5,1958204348,30.6687212,104.0873526
7735,,56.0,56.0,776.0,776.0,False,1.93,9.86,2908412242,30.647818,104.08448
108170,,57.0,57.0,777.0,777.0,False,0.49,8.0,3562004416,30.6377822,104.0480217
127368,,57.0,57.0,777.0,777.0,False,1.16,8.32,1458992381,30.6582235,104.0970132
152051,,57.0,57.0,777.0,777.0,False,0.67,8.0,2559969433,30.6261,104.0297
158652,,57.0,57.0,777.0,777.0,False,1.1,8.2,1459047523,30.6450532,104.1090139
187967,,57.0,57.0,777.0,777.0,False,0.78,8.0,1916386518,30.6473225,104.0606972
199023,,57.0,57.0,777.0,777.0,False,1.72,9.44,1459039140,30.64488,104.10592
200003,,57.0,57.0,777.0,777.0,False,1.96,9.92,5213252920,30.66116,104.11323
203304,,57.0,57.0,777.0,777.0,False,2.32,10.64,2712338395,30.7074645,104.037849
30070,,57.0,57.0,777.0,777.0,False,1.52,9.04,4078817927,30.7034695,104.0812181
47644,,57.0,57.0,777.0,777.0,False,0.82,8.0,432442913,30.66807,104.022873
56499,,57.0,57.0,777.0,777.0,False,1.17,8.34,5359113200,30.6775517,104.0090264
86849,,57.0,57.0,777.0,777.0,False,2.32,10.64,3028924422,30.6416096,104.0528757
92699,,57.0,57.0,777.0,777.0,False,2.51,11.02,1964427886,30.670176,104.103806
99622,,57.0,57.0,777.0,777.0,False,1.1,8.2,4550700987,30.6183602,104.0380316
116193,,58.0,58.0,778.0,778.0,False,1.43,8.86,2217746798,30.6608141,104.0601502
119793,,58.0,58.0,778.0,778.0,False,0.11,8.0,5218133405,30.647212,104.1099806
142231,,58.0,58.0,778.0,778.0,False,1.96,9.92,2727022874,30.6186808,104.0472214
162923,,58.0,58.0,778.0,778.0,False,2.87,11.74,4107389530,30.7230841,104.0083952
167047,,58.0,58.0,778.0,778.0,False,0.02,8.0,1159143633,30.6715261,104.1010532
177844,,58.0,58.0,778.0,778.0,False,2.21,10.42,5367321402,30.6637952,103.9994759
195695,,58.0,58.0,778.0,778.0,False,2.2,10.4,1159454544,30.6593986,104.0436513
196005,,58.0,58.0,778.0,778.0,False,0.0,8.0,3680455701,30.6588749,104.0130507
26534,,58.0,58.0,778.0,778.0,False,2.57,11.14,432442535,30.6957094,104.0148961
51295,,58.0,58.0,778.0,778.0,False,0.35,8.0,628641742,30.70028,104.02697
59311,,58.0,58.0,778.0,778.0,False,1.02,8.04,1819305354,30.63681,104.10342
71403,,58.0,58.0,778.0,778.0,False,2.11,10.22,672405830,30.65756,104.07913
71502,,58.0,58.0,778.0,778.0,False,1.43,8.86,3633021146,30.6743295,104.0804884
88996,,58.0,58.0,778.0,778.0,False,0.02,8.0,4987535039,30.6303759,104.0079777
100808,,59.0,59.0,779.0,779.0,False,1.79,9.58,1301932981,30.6516301,104.0808431
110915,,59.0,59.0,779.0,779.0,False,0.94,8.0,1159134910,30.66152,104.09157
129226,,59.0,59.0,779.0,779.0,False,1.79,9.58,3632988784,30.6650846,104.0312577
133028,,59.0,59.0,779.0,779.0,False,1.18,8.36,1159157712,30.6347269,104.1004368
152089,,59.0,59.0,779.0,779.0,False,2.99,11.98,4701577738,30.6486566,104.0721736
164588,,59.0,59.0,779.0,779.0,False,2.07,10.14,4987535038,30.6311871,104.0091674
202719,,59.0,59.0,779.0,779.0,False,1.14,8.28,4547074305,30.611027,104.0696888
44179,,59.0,59.0,779.0,779.0,False,2.29,10.58,2843286549,30.6908658,104.0605784
49778,,59.0,59.0,779.0,779.0,False,0.31,8.0,4550019068,30.6529955,104.0532503
51261,,59.0,59.0,779.0,779.0,False,1.79,9.58,4550700992,30.6278825,104.098802
89431,,59.0,59.0,779.0,779.0,False,0.38,8.0,4069514821,30.72066,103.9797
100242,,60.0,60.0,780.0,780.0,False,0.42,8.0,4136052362,30.6124723,104.0482938
100450,,60.0,60.0,780.0,780.0,False,0.78,8.0,1458561795,30.6888779,104.0980978
103296,,60.0,60.0,780.0,780.0,False,0.94,8.0,3680455717,30.6586496,104.012914
108039,,60.0,60.0,780.0,780.0,False,0.03,8.0,2956775225,30.71366,104.04904
114302,,60.0,60.0,780.0,780.0,False,1.01,8.02,4549759367,30.6945439,104.0335267
123876,,60.0,60.0,780.0,780.0,False,0.29,8.0,3445813549,30.6626423,104.0697759
141695,,60.0,60.0,780.0,780.0,False,1.43,8.86,4772463265,30.6632231,104.0456704
166095,,60.0,60.0,780.0,780.0,False,0.55,8.0,2917008731,30.6373305,104.1085397
4339,,60.0,60.0,780.0,780.0,False,1.16,8.32,2843286555,30.69083,104.05636
64055,,60.0,60.0,780.0,780.0,False,1.56,9.12,3516900115,30.673136,104.074295
64801,,60.0,60.0,780.0,780.0,False,1.34,8.68,1295783673,30.6386432,104.0770552
79892,,60.0,60.0,780.0,780.0,False,1.31,8.62,4701400380,30.612365,104.0552653
87442,,60.0,60.0,780.0,780.0,False,0.01,8.0,1458687639,30.6807992,104.0936388
127271,,61.0,61.0,781.0,781.0,False,2.56,11.12,1459920705,30.640689,104.1043602
138731,,61.0,61.0,781.0,781.0,False,1.87,9.74,4903105800,30.66571,104.08736
149885,,61.0,61.0,781.0,781.0,False,2.28,10.56,2282016051,30.6109499,103.9681329
155006,,61.0,61.0,781.0,781.0,False,1.19,8.38,432432548,30.6604332,104.0421477
172654,,61.0,61.0,781.0,781.0,False,2.28,10.56,5141468799,30.6305242,104.1014825
24351,,61.0,61.0,781.0,781.0,False,1.24,8.48,672360587,30.644981,104.07583
27360,,61.0,61.0,781.0,781.0,False,1.94,9.88,4547074369,30.6098637,104.0806211
29791,,61.0,61.0,781.0,781.0,False,0.16,8.0,4572409863,30.6613945,104.0383471
36287,,61.0,61.0,781.0,781.0,False,1.34,8.68,1159488285,30.688082,104.07336
37567,,61.0,61.0,781.0,781.0,False,0.08,8.0,1159496605,30.68791,104.04165
42253,,61.0,61.0,781.0,781.0,False,1.19,8.38,3562110271,30.6525067,104.0808626
83616,,61.0,61.0,781.0,781.0,False,2.28,10.56,4794975964,30.6425036,104.0562795
92704,,61.0,61.0,781.0,781.0,False,0.39,8.0,1885342902,30.6783873,104.0992476
106939,,62.0,62.0,782.0,782.0,False,0.78,8.0,3445813130,30.67137,104.07867
110158,,62.0,62.0,782.0,782.0,False,0.53,8.0,4779165745,30.6177353,104.034375
118747,,62.0,62.0,782.0,782.0,False,1.97,9.94,2041337982,30.6830604,104.0956174
128667,,62.0,62.0,782.0,782.0,False,1.3,8.6,2039561233,30.6837362,104.1110984
129326,,62.0,62.0,782.0,782.0,False,0.16,8.0,3582961906,30.638167,104.0442319
13406,,62.0,62.0,782.0,782.0,False,1.75,9.5,4444112340,30.7201738,104.1024552
175342,,62.0,62.0,782.0,782.0,False,3.17,12.34,1458911516,30.6773932,104.0909244
186679,,62.0,62.0,782.0,782.0,False,1.37,8.74,1458561798,30.689514,104.0966765
188740,,62.0,62.0,782.0,782.0,False,0.53,8.0,1156126796,30.6750692,104.0455931
208763,,62.0,62.0,782.0,782.0,False,1.01,8.02,1492416219,30.6261793,104.0643131
23759,,62.0,62.0,782.0,782.0,False,1.65,9.3,4548211344,30.68293,104.06067
26315,,62.0,62.0,782.0,782.0,False,1.82,9.64,2204171432,30.7214787,104.0991562
33944,,62.0,62.0,782.0,782.0,False,1.48,8.96,2041314666,30.6792958,104.1007694
41471,,62.0,62.0,782.0,782.0,False,0.65,8.0,4987534934,30.624874,104.0129641
53319,,62.0,62.0,782.0,782.0,False,1.37,8.74,1885342900,30.6765911,104.0999762
65468,,62.0,62.0,782.0,782.0,False,0.71,8.0,4703149504,30.6103195,104.0817499
81619,,62.0,62.0,782.0,782.0,False,1.97,9.94,4550018884,30.6555416,104.0603353
99645,,62.0,62.0,782.0,782.0,False,1.93,9.86,4967265758,30.7040894,104.0047192
111368,,63.0,63.0,783.0,783.0,False,0.78,8.0,2134778564,30.636105,103.9935358
133679,,63.0,63.0,783.0,783.0,False,0.71,8.0,1815741566,30.68881,104.05991
14115,,63.0,63.0,783.0,783.0,False,0.31,8.0,1159143889,30.675896,104.07991
174795,,63.0,63.0,783.0,783.0,False,0.78,8.0,3523308812,30.6332712,104.0790877
180739,,63.0,63.0,783.0,783.0,False,1.35,8.7,1159168931,30.6363756,104.0824125
203530,,63.0,63.0,783.0,783.0,False,0.5,8.0,4703149489,30.61253,104.0649842
209357,,63.0,63.0,783.0,783.0,False,0.5,8.0,337539380,30.6107225,104.05127
83555,,63.0,63.0,783.0,783.0,False,1.28,8.56,4549759292,30.6672728,104.0578932
10817,,64.0,64.0,784.0,784.0,False,3.2,12.4,4225497272,30.6472772,104.0433876
113885,,64.0,64.0,784.0,784.0,False,1.3,8.6,3034040782,30.7008204,104.0157875
123865,,64.0,64.0,784.0,784.0,False,0.28,8.0,1492613150,30.622963,104.0628213
127427,,64.0,64.0,784.0,784.0,False,1.3,8.6,3087817470,30.63752,104.0147
152173,,64.0,64.0,784.0,784.0,False,1.49,8.98,5213253137,30.7058123,104.0946474
168687,,64.0,64.0,784.0,784.0,False,1.26,8.52,4695700280,30.6110924,104.0173551
33710,,64.0,64.0,784.0,784.0,False,1.46,8.92,4693610157,30.6347722,104.0677803
46836,,64.0,64.0,784.0,784.0,False,1.49,8.98,5375783758,30.6322589,104.011485
53114,,64.0,64.0,784.0,784.0,False,0.19,8.0,2956775864,30.7198339,104.0419195
55401,,64.0,64.0,784.0,784.0,False,0.36,8.0,3633021146,30.6743295,104.0804884
59839,,64.0,64.0,784.0,784.0,False,1.26,8.52,4106682239,30.6819923,104.0032525
74243,,64.0,64.0,784.0,784.0,False,1.34,8.68,1815741549,30.686504,104.07727
7474,,64.0,64.0,784.0,784.0,False,0.87,8.0,2817580742,30.6595634,104.1111657
107311,,65.0,65.0,785.0,785.0,False,0.11,8.0,4585469576,30.65634,104.06093
147654,,65.0,65.0,785.0,785.0,False,2.6,11.2,4548259363,30.7038352,104.0422663
189779,,65.0,65.0,785.0,785.0,False,2.3,10.6,2041530098,30.69052,104.08764
197012,,65.0,65.0,785.0,785.0,False,1.88,9.76,3579517898,30.6642286,104.0579814
207480,,65.0,65.0,785.0,785.0,False,2.54,11.08,1861145350,30.6725094,104.1100706
53163,,65.0,65.0,785.0,785.0,False,1.03,8.06,4772430844,30.6773366,104.0073327
53879,,65.0,65.0,785.0,785.0,False,1.05,8.1,4772463265,30.6632231,104.0456704
54015,,65.0,65.0,785.0,785.0,False,1.3,8.6,5314457254,30.6929502,104.0546678
70824,,65.0,65.0,785.0,785.0,False,0.11,8.0,4701577731,30.6129639,104.0722921
77053,,65.0,65.0,785.0,785.0,False,2.65,11.3,480012018,30.6214742,104.0693905
81237,,65.0,65.0,785.0,785.0,False,1.94,9.88,5375783997,30.6534883,103.9914161
9057,,65.0,65.0,785.0,785.0,False,1.54,9.08,2118995449,30.6949772,104.0331321
10240,,66.0,66.0,786.0,786.0,False,0.52,8.0,1457841605,30.6902973,104.1011128
107471,,66.0,66.0,786.0,786.0,False,1.08,8.16,1159478530,30.676832,104.05059
113641,,66.0,66.0,786.0,786.0,False,0.46,8.0,5312164196,30.6687984,104.1051817
118287,,66.0,66.0,786.0,786.0,False,2.26,10.52,432442532,30.69411,104.02017
154408,,66.0,66.0,786.0,786.0,False,0.4,8.0,4550018626,30.6270272,104.0183428
174329,,66.0,66.0,786.0,786.0,False,1.58,9.16,4078817958,30.7034035,104.0812211
41091,,66.0,66.0,786.0,786.0,False,2.3,10.6,5375783451,30.6231738,104.0080194
69704,,66.0,66.0,786.0,786.0,False,1.1,8.2,3541393464,30.6862686,104.0224797
72833,,66.0,66.0,786.0,786.0,False,1.1,8.2,314622889,30.6549977,104.0614315
91338,,66.0,66.0,786.0,786.0,False,1.1,8.2,4695640613,30.6105358,104.0278103
149715,,67.0,67.0,787.0,787.0,False,0.93,8.0,5213252920,30.661234,104.113884
204849,,67.0,67.0,787.0,787.0,False,1.09,8.18,4572410029,30.6650461,104.0447106
109522,,68.0,68.0,788.0,788.0,False,1.05,8.1,5186309506,30.6747224,104.0088021
14922,,68.0,68.0,788.0,788.0,False,1.74,9.48,3541420734,30.6926479,104.0708075
169947,,68.0,68.0,788.0,788.0,False,1.2,8.4,1305816760,30.6384982,104.0786488
206624,,68.0,68.0,788.0,788.0,False,1.39,8.78,1159227282,30.6875091,104.0526724
36255,,68.0,68.0,788.0,788.0,False,1.21,8.42,5213238570,30.6457593,104.0386982
45797,,68.0,68.0,788.0,788.0,False,0.24,8.0,3087817464,30.6371899,104.0180949
48811,,68.0,68.0,788.0,788.0,False,0.59,8.0,432432557,30.65558,104.04761
91034,,68.0,68.0,788.0,788.0,False,1.74,9.48,4106682099,30.6429631,103.9801004
91495,,68.0,68.0,788.0,788.0,False,1.05,8.1,3436486414,30.644451,104.04939
154119,,69.0,69.0,789.0,789.0,False,1.17,8.34,1916530825,30.6391487,103.9786219
161755,,69.0,69.0,789.0,789.0,False,1.1,8.2,4900292688,30.669785,104.06448
166521,,69.0,69.0,789.0,789.0,False,0.24,8.0,1507386725,30.6976709,104.0789527
199136,,69.0,69.0,789.0,789.0,False,3.79,13.58,4548211342,30.6708306,104.0578328
34086,,69.0,69.0,789.0,789.0,False,0.84,8.0,5141468689,30.6371137,104.0931689
38766,,69.0,69.0,789.0,789.0,False,1.07,8.14,479902256,30.625905,104.0948228
80782,,69.0,69.0,789.0,789.0,False,0.24,8.0,5102886106,30.7097068,103.9736521
123559,,70.0,70.0,790.0,790.0,False,0.25,8.0,1458459967,30.6857621,104.1012902
124945,,70.0,70.0,790.0,790.0,False,0.83,8.0,1459910105,30.6472178,104.1045086
137376,,70.0,70.0,790.0,790.0,False,0.67,8.0,3680400099,30.6589341,104.0170394
137813,,70.0,70.0,790.0,790.0,False,0.3,8.0,1159227282,30.6875091,104.0526724
138342,,70.0,70.0,790.0,790.0,False,3.25,12.5,3691362657,30.6406983,104.0471504
154768,,70.0,70.0,790.0,790.0,False,1.38,8.76,432442934,30.6617623,104.0234309
173781,,70.0,70.0,790.0,790.0,False,1.52,9.04,1159229567,30.6695482,104.0946518
193271,,70.0,70.0,790.0,790.0,False,1.66,9.32,3541389064,30.67348,104.0563
196463,,70.0,70.0,790.0,790.0,False,0.96,8.0,1159149121,30.65483,104.07331
49183,,70.0,70.0,790.0,790.0,False,0.67,8.0,4794944078,30.645224,104.06357
6106,,70.0,70.0,790.0,790.0,False,3.25,12.5,1072698672,30.7206637,104.0647446
65212,,70.0,70.0,790.0,790.0,False,1.19,8.38,338247023,30.6113395,104.0650388
68783,,70.0,70.0,790.0,790.0,False,0.62,8.0,1845199172,30.67949,104.07196
87379,,70.0,70.0,790.0,790.0,False,2.01,10.02,4900292716,30.66564,104.06897
144093,,71.0,71.0,791.0,791.0,False,0.92,8.0,1457868173,30.6881951,104.0996686
156815,,71.0,71.0,791.0,791.0,False,0.73,8.0,5382831201,30.6807416,104.0982928
171409,,71.0,71.0,791.0,791.0,False,1.89,9.78,4106682202,30.6589196,103.9779696
177432,,71.0,71.0,791.0,791.0,False,2.35,10.7,3680455710,30.6593521,104.0170666
185483,,71.0,71.0,791.0,791.0,False,0.93,8.0,3680455718,30.6588068,104.0129984
187229,,71.0,71.0,791.0,791.0,False,2.19,10.38,4779165796,30.6358728,104.0737808
74556,,71.0,71.0,791.0,791.0,False,2.01,10.02,2717970033,30.6295411,104.0640997
117157,,72.0,72.0,792.0,792.0,False,0.06,8.0,3033986247,30.658072,104.0219464
121964,,72.0,72.0,792.0,792.0,False,2.41,10.82,3034029048,30.6845106,103.9979889
149111,,72.0,72.0,792.0,792.0,False,0.52,8.0,1159148928,30.65834,104.07322
177997,,72.0,72.0,792.0,792.0,False,1.33,8.66,4118527278,30.6827165,104.0562666
30762,,72.0,72.0,792.0,792.0,False,0.06,8.0,4548259330,30.6870249,104.0498714
38067,,72.0,72.0,792.0,792.0,False,1.81,9.62,4106682240,30.68274,103.99843
8252,,72.0,72.0,792.0,792.0,False,1.81,9.62,4693609960,30.6287686,104.0731289
83502,,72.0,72.0,792.0,792.0,False,0.88,8.0,2330199410,30.7196881,104.1127212
103006,,73.0,73.0,793.0,793.0,False,1.45,8.9,1159471906,30.6943794,104.0406454
122735,,73.0,73.0,793.0,793.0,False,0.41,8.0,1956554705,30.67536,104.10888
140795,,73.0,73.0,793.0,793.0,False,1.8,9.6,4772463248,30.6626,104.0471
141468,,73.0,73.0,793.0,793.0,False,0.18,8.0,3523308828,30.6392301,104.0740073
14804,,73.0,73.0,793.0,793.0,False,0.62,8.0,1885342922,30.6779702,104.1003305
155527,,73.0,73.0,793.0,793.0,False,2.26,10.52,3562033458,30.70213,104.07318
188141,,73.0,73.0,793.0,793.0,False,0.14,8.0,337539180,30.626979,104.0300841
191222,,73.0,73.0,793.0,793.0,False,0.18,8.0,3562110269,30.673247,104.0634548
1982,,73.0,73.0,793.0,793.0,False,0.18,8.0,4548211342,30.6708306,104.0578328
43151,,73.0,73.0,793.0,793.0,False,0.64,8.0,4773199362,30.6736884,104.0081134
51669,,73.0,73.0,793.0,793.0,False,0.62,8.0,1458586315,30.6858425,104.0978715
54781,,73.0,73.0,793.0,793.0,False,1.8,9.6,3562110269,30.673247,104.0634548
62435,,73.0,73.0,793.0,793.0,False,2.54,11.08,5283966206,30.7016672,104.1045249
65609,,73.0,73.0,793.0,793.0,False,0.18,8.0,4967265727,30.6989695,104.0078814
70720,,73.0,73.0,793.0,793.0,False,0.85,8.0,3034330074,30.660656,104.0796383
101990,,74.0,74.0,794.0,794.0,False,2.37,10.74,1493202761,30.611273,104.0580261
112157,,74.0,74.0,794.0,794.0,False,1.19,8.38,3034376767,30.679581,104.0630297
121537,,74.0,74.0,794.0,794.0,False,1.06,8.12,4547074370,30.6098362,104.0804477
135842,,74.0,74.0,794.0,794.0,False,1.06,8.12,2041527416,30.691367,104.095795
160177,,74.0,74.0,794.0,794.0,False,1.18,8.36,1159140553,30.6589102,104.0999026
161998,,74.0,74.0,794.0,794.0,False,1.56,9.12,2329066042,30.6546052,104.1124316
171474,,74.0,74.0,794.0,794.0,False,0.69,8.0,5367294202,30.685622,103.9889479
171813,,74.0,74.0,794.0,794.0,False,3.51,13.02,672293777,30.6508303,104.0574513
23097,,74.0,74.0,794.0,794.0,False,0.12,8.0,1295783673,30.6386432,104.0770552
47631,,74.0,74.0,794.0,794.0,False,1.1,8.2,432442628,30.68402,104.01724
67200,,74.0,74.0,794.0,794.0,False,0.6,8.0,3541420737,30.6932257,104.0828195
118667,,75.0,75.0,795.0,795.0,False,1.65,9.3,2956775875,30.7003599,104.0367594
12030,,75.0,75.0,795.0,795.0,False,2.43,10.86,1458037192,30.6868359,104.100863
130715,,75.0,75.0,795.0,795.0,False,0.16,8.0,4549993009,30.6969925,104.0576834
150629,,75.0,75.0,795.0,795.0,False,0.86,8.0,1885342893,30.6780424,104.0985889
155913,,75.0,75.0,795.0,795.0,False,0.2,8.0,2564226604,30.6182706,104.0197563
175249,,75.0,75.0,795.0,795.0,False,0.45,8.0,3071355057,30.6265904,104.1145724
177374,,75.0,75.0,795.0,795.0,False,1.61,9.22,4693609819,30.6326168,104.0671626
32916,,75.0,75.0,795.0,795.0,False,2.23,10.46,4748166165,30.6186417,104.0216029
49400,,75.0,75.0,795.0,795.0,False,1.2,8.4,1492405937,30.6497248,104.0580098
5079,,75.0,75.0,795.0,795.0,False,1.2,8.4,4102465470,30.6811188,104.0453964
56984,,75.0,75.0,795.0,795.0,False,1.47,8.94,5141468724,30.6353547,104.0937824
84819,,75.0,75.0,795.0,795.0,False,0.45,8.0,5053143827,30.70767,103.99451
88897,,75.0,75.0,795.0,795.0,False,0.1,8.0,4400595030,30.6724672,104.0789696
89892,,75.0,75.0,795.0,795.0,False,1.52,9.04,5382831197,30.6749061,104.0966255
99636,,75.0,75.0,795.0,795.0,False,0.45,8.0,479902260,30.6273183,104.0955988
13611,,76.0,76.0,796.0,796.0,False,1.3,8.6,4550018782,30.6486413,104.0724094
166213,,76.0,76.0,796.0,796.0,False,0.27,8.0,3562047405,30.7179001,104.0328223
177146,,76.0,76.0,796.0,796.0,False,0.63,8.0,4107377046,30.6443974,103.9914196
180759,,76.0,76.0,796.0,796.0,False,0.98,8.0,2651700257,30.695084,104.0787813
193838,,76.0,76.0,796.0,796.0,False,2.18,10.36,5375783786,30.6544505,104.0005356
197929,,76.0,76.0,796.0,796.0,False,1.43,8.86,314655110,30.6113659,104.0467283
21882,,76.0,76.0,796.0,796.0,False,0.59,8.0,4695601757,30.6105006,104.0344344
57932,,76.0,76.0,796.0,796.0,False,1.63,9.26,4550019007,30.6508625,104.0571591
6499,,76.0,76.0,796.0,796.0,False,0.9,8.0,1311904476,30.643808,104.08017
73944,,76.0,76.0,796.0,796.0,False,2.81,11.62,5211337160,30.635225,104.0032917
196616,,77.0,77.0,797.0,797.0,False,0.08,8.0,5141468762,30.6243139,104.0922521
202630,,77.0,77.0,797.0,797.0,False,1.12,8.24,4693610102,30.6346241,104.0708792
105745,,78.0,78.0,798.0,798.0,False,0.81,8.0,4550701367,30.6184605,103.9832886
146460,,78.0,78.0,798.0,798.0,False,1.59,9.18,5257056293,30.6766968,104.09604
147515,,78.0,78.0,798.0,798.0,False,1.05,8.1,1504210129,30.70659,104.09512
149758,,78.0,78.0,798.0,798.0,False,0.25,8.0,4550018836,30.6230217,104.0149227
158986,,78.0,78.0,798.0,798.0,False,1.33,8.66,3087817456,30.6477226,104.0113935
164301,,78.0,78.0,798.0,798.0,False,0.91,8.0,2722829573,30.699471,104.0667513
16718,,78.0,78.0,798.0,798.0,False,0.91,8.0,1459025676,30.6457794,104.1082638
170503,,78.0,78.0,798.0,798.0,False,0.25,8.0,4585443316,30.66532,104.04711
195631,,78.0,78.0,798.0,798.0,False,0.91,8.0,4549993213,30.70437,104.03722
31807,,78.0,78.0,798.0,798.0,False,2.76,11.52,4064178182,30.6742941,103.9768594
45742,,78.0,78.0,798.0,798.0,False,1.97,9.94,3541427576,30.7050616,104.0339721
4620,,78.0,78.0,798.0,798.0,False,0.78,8.0,2852215060,30.7219313,104.0870773
49880,,78.0,78.0,798.0,798.0,False,0.64,8.0,1493017589,30.6274023,104.0643713
61619,,78.0,78.0,798.0,798.0,False,0.71,8.0,2564226624,30.6360192,104.0215647
6444,,78.0,78.0,798.0,798.0,False,0.0,8.0,1159227850,30.6913669,104.0523676
88576,,78.0,78.0,798.0,798.0,False,1.97,9.94,4779165766,30.6379987,104.0736822
97043,,78.0,78.0,798.0,798.0,False,0.81,8.0,872835364,30.6587458,104.0582087
127556,,79.0,79.0,799.0,799.0,False,0.0,8.0,1459924111,30.639483,104.105655
141622,,79.0,79.0,799.0,799.0,False,0.3,8.0,4693609979,30.6281489,104.0710645
142121,,79.0,79.0,799.0,799.0,False,0.3,8.0,1492647285,30.6225044,104.0600179
144261,,79.0,79.0,799.0,799.0,False,0.02,8.0,3034029050,30.6809159,104.0055829
157330,,79.0,79.0,799.0,799.0,False,1.49,8.98,5141326917,30.6102598,104.0592811
16393,,79.0,79.0,799.0,799.0,False,1.26,8.52,2843289926,30.6827975,104.0673054
204471,,79.0,79.0,799.0,799.0,False,1.38,8.76,4717800179,30.67883,104.09649
53191,,79.0,79.0,799.0,799.0,False,0.87,8.0,3541429494,30.716488,104.04196
61263,,79.0,79.0,799.0,799.0,False,1.84,9.68,1159173116,30.626184,104.0697696
7143,,79.0,79.0,799.0,799.0,False,1.53,9.06,1305816760,30.638712,104.07896
92635,,79.0,79.0,799.0,799.0,False,1.74,9.48,4586532061,30.68819,104.0201
104615,,80.0,80.0,800.0,800.0,False,1.01,8.02,2823785843,30.66355,104.06064
107689,,80.0,80.0,800.0,800.0,False,0.12,8.0,4217837114,30.6268417,104.0437777
117852,,80.0,80.0,800.0,800.0,False,0.55,8.0,1159502924,30.6888689,104.0309874
185443,,80.0,80.0,800.0,800.0,False,1.25,8.5,1159452250,30.67202,104.03774
185595,,80.0,80.0,800.0,800.0,False,0.52,8.0,4549759341,30.692323,104.0358774
201810,,80.0,80.0,800.0,800.0,False,1.21,8.42,1159483883,30.6826665,104.0754098
49927,,80.0,80.0,800.0,800.0,False,0.35,8.0,4638105420,30.71241,104.06366
51909,,80.0,80.0,800.0,800.0,False,0.52,8.0,3445794970,30.6627203,104.0741967
7723,,80.0,80.0,800.0,800.0,False,1.28,8.56,1301932981,30.65113,104.08011
92899,,80.0,80.0,800.0,800.0,False,0.35,8.0,3516900112,30.6717433,104.0682074
103449,,81.0,81.0,801.0,801.0,False,0.37,8.0,4230611257,30.650756,104.0728978
137206,,81.0,81.0,801.0,801.0,False,1.02,8.04,4693610131,30.6356064,104.0708498
14390,,81.0,81.0,801.0,801.0,False,1.7,9.4,5141468752,30.6309104,104.0961179
176794,,81.0,81.0,801.0,801.0,False,0.75,8.0,1504174277,30.7178845,104.0700815
191420,,81.0,81.0,801.0,801.0,False,0.69,8.0,3680078426,30.6577584,104.0151689
41800,,81.0,81.0,801.0,801.0,False,1.02,8.04,4447921429,30.7226211,104.0506628
95247,,81.0,81.0,801.0,801.0,False,0.3,8.0,3523308810,30.641549,104.0744331
140527,,82.0,82.0,802.0,802.0,False,1.64,9.28,3562047401,30.7213669,104.0617703
167495,,82.0,82.0,802.0,802.0,False,1.3,8.6,432442942,30.68164,104.02928
176627,,82.0,82.0,802.0,802.0,False,0.02,8.0,1918491741,30.6369252,104.0065165
24614,,82.0,82.0,802.0,802.0,False,1.6,9.2,4773916469,30.656163,104.0021928
40403,,82.0,82.0,802.0,802.0,False,0.19,8.0,3034409012,30.7111217,104.0938998
107059,,83.0,83.0,803.0,803.0,False,1.32,8.64,1072698472,30.718552,104.06852
119526,,83.0,83.0,803.0,803.0,False,1.93,9.86,4548211295,30.6226676,104.0810906
178375,,83.0,83.0,803.0,803.0,False,0.15,8.0,1301932996,30.653893,104.0719969
189649,,83.0,83.0,803.0,803.0,False,0.42,8.0,1460306173,30.6548038,104.1122954
209209,,83.0,83.0,803.0,803.0,False,0.21,8.0,4550701367,30.6184605,103.9832886
28455,,83.0,83.0,803.0,803.0,False,0.4,8.0,1947138494,30.6920212,104.0853742
53125,,83.0,83.0,803.0,803.0,False,0.56,8.0,872833768,30.6589036,104.0669358
92634,,83.0,83.0,803.0,803.0,False,0.42,8.0,4550018613,30.6404136,104.027148
111344,,84.0,84.0,804.0,804.0,False,0.32,8.0,5354813692,30.6605738,104.0607854
13219,,84.0,84.0,804.0,804.0,False,1.13,8.26,1458959874,30.667313,104.08358
15528,,84.0,84.0,804.0,804.0,False,0.4,8.0,4963999613,30.7191388,104.0316629
1641,,84.0,84.0,804.0,804.0,False,0.78,8.0,4548259343,30.7151702,104.036151
181018,,84.0,84.0,804.0,804.0,False,2.56,11.12,4548259595,30.7066073,104.0201394
183905,,84.0,84.0,804.0,804.0,False,1.41,8.82,1159141115,30.659972,104.1035101
25078,,84.0,84.0,804.0,804.0,False,2.75,11.5,5145177720,30.7243357,104.1038873
48375,,84.0,84.0,804.0,804.0,False,1.76,9.52,3562110277,30.6752697,104.0647422
74403,,84.0,84.0,804.0,804.0,False,1.53,9.06,3034409141,30.716837,104.11046
89356,,84.0,84.0,804.0,804.0,False,0.96,8.0,4693647108,30.6323832,104.072233
144616,,85.0,85.0,805.0,805.0,False,3.44,12.88,5254240651,30.6256965,103.9829199
145408,,85.0,85.0,805.0,805.0,False,1.23,8.46,1918491708,30.6316005,104.0069373
167440,,85.0,85.0,805.0,805.0,False,2.33,10.66,5053143856,30.7096969,104.0072152
27267,,85.0,85.0,805.0,805.0,False,0.43,8.0,3562015382,30.6621508,104.0808192
48041,,85.0,85.0,805.0,805.0,False,1.31,8.62,4695700253,30.6182648,104.0197066
58803,,85.0,85.0,805.0,805.0,False,2.57,11.14,5141328652,30.6135716,104.062052
6561,,85.0,85.0,805.0,805.0,False,1.31,8.62,1916386533,30.6449414,104.0160681
73379,,85.0,85.0,805.0,805.0,False,2.12,10.24,963638438,30.70256,104.04396
80123,,85.0,85.0,805.0,805.0,False,1.61,9.22,1506424273,30.71071,104.0667
9051,,85.0,85.0,805.0,805.0,False,2.65,11.3,4772430862,30.6783348,104.0057852
100067,,86.0,86.0,806.0,806.0,False,0.13,8.0,4772463302,30.6617108,104.044674
129353,,86.0,86.0,806.0,806.0,False,0.32,8.0,432432574,30.6638273,104.0333013
134983,,86.0,86.0,806.0,806.0,False,1.61,9.22,2653573002,30.6685143,104.092876
167468,,86.0,86.0,806.0,806.0,False,2.23,10.46,3597807846,30.7155022,104.0080765
197134,,86.0,86.0,806.0,806.0,False,1.97,9.94,4548211432,30.678542,104.0387249
197707,,86.0,86.0,806.0,806.0,False,0.84,8.0,5213238458,30.63478,104.05228
43380,,86.0,86.0,806.0,806.0,False,0.79,8.0,1819305258,30.6221514,104.095893
43635,,86.0,86.0,806.0,806.0,False,0.95,8.0,2907352539,30.64404,104.09017
50314,,86.0,86.0,806.0,806.0,False,0.65,8.0,4693610005,30.6286307,104.0725916
5191,,86.0,86.0,806.0,806.0,False,0.65,8.0,3680400047,30.6591442,104.0263156
6002,,86.0,86.0,806.0,806.0,False,0.6,8.0,2081197474,30.6288588,104.0970974
68906,,86.0,86.0,806.0,806.0,False,0.81,8.0,436486247,30.6343213,104.0011051
72253,,86.0,86.0,806.0,806.0,False,1.82,9.64,3496259320,30.6695351,104.0894725
7728,,86.0,86.0,806.0,806.0,False,0.6,8.0,5141328653,30.6135957,104.0629076
86927,,86.0,86.0,806.0,806.0,False,1.82,9.64,4693609980,30.6288924,104.0691555
117238,,87.0,87.0,807.0,807.0,False,2.99,11.98,4987536575,30.6419232,103.9952591
163526,,87.0,87.0,807.0,807.0,False,2.42,10.84,3541401911,30.700611,104.0094449
171495,,87.0,87.0,807.0,807.0,False,0.4,8.0,4548211432,30.67766,104.03773
29578,,87.0,87.0,807.0,807.0,False,1.78,9.56,5382831197,30.6749061,104.0966255
52168,,87.0,87.0,807.0,807.0,False,0.13,8.0,1492588526,30.6229947,104.0661027
58728,,87.0,87.0,807.0,807.0,False,0.56,8.0,441187409,30.6848744,104.0616361
77849,,87.0,87.0,807.0,807.0,False,0.4,8.0,314622996,30.6500439,103.9848469
113438,,88.0,88.0,808.0,808.0,False,2.12,10.24,4695601345,30.6104245,104.029536
120895,,88.0,88.0,808.0,808.0,False,1.15,8.3,441187199,30.6588009,104.0617679
122232,,88.0,88.0,808.0,808.0,False,0.19,8.0,1339701416,30.7000894,104.0516678
138185,,88.0,88.0,808.0,808.0,False,0.78,8.0,1458937203,30.6772615,104.0946965
140128,,88.0,88.0,808.0,808.0,False,1.28,8.56,3541404997,30.6879967,104.0546328
144321,,88.0,88.0,808.0,808.0,False,1.17,8.34,504315403,30.6955933,104.1070941
150915,,88.0,88.0,808.0,808.0,False,0.78,8.0,1159947333,30.655945,104.07425
154495,,88.0,88.0,808.0,808.0,False,2.16,10.32,5213237274,30.6605933,104.059619
177741,,88.0,88.0,808.0,808.0,False,1.12,8.24,2456925106,30.640928,104.104616
185969,,88.0,88.0,808.0,808.0,False,0.42,8.0,1445519636,30.6461398,104.0636672
200321,,88.0,88.0,808.0,808.0,False,1.17,8.34,1313065965,30.6412341,104.0854812
41606,,88.0,88.0,808.0,808.0,False,0.19,8.0,2282013847,30.6314313,103.9715194
55910,,88.0,88.0,808.0,808.0,False,0.95,8.0,1918491764,30.6509854,103.980506
58872,,88.0,88.0,808.0,808.0,False,1.28,8.56,4107378165,30.6530368,103.9938532
67466,,88.0,88.0,808.0,808.0,False,2.12,10.24,432442540,30.6940599,104.0132439
73153,,88.0,88.0,808.0,808.0,False,1.45,8.9,4547074323,30.6107769,104.0748126
102598,,89.0,89.0,809.0,809.0,False,0.51,8.0,432442861,30.6682935,104.0011089
109171,,89.0,89.0,809.0,809.0,False,1.47,8.94,1445535379,30.65097,104.06246
142484,,89.0,89.0,809.0,809.0,False,1.74,9.48,4359391012,30.7254702,104.1151762
163536,,89.0,89.0,809.0,809.0,False,0.43,8.0,4695700255,30.6148213,104.0208085
201802,,89.0,89.0,809.0,809.0,False,1.97,9.94,5055911222,30.7145696,104.1119178
35886,,89.0,89.0,809.0,809.0,False,1.47,8.94,4638050367,30.7051519,104.0665385
60220,,89.0,89.0,809.0,809.0,False,0.91,8.0,5141468685,30.6375532,104.0942474
104535,,90.0,90.0,810.0,810.0,False,1.65,9.3,2712421553,30.63577,104.05773
111388,,90.0,90.0,810.0,810.0,False,0.85,8.0,1916524714,30.6149653,104.0070855
119095,,90.0,90.0,810.0,810.0,False,1.13,8.26,2843289945,30.700188,104.057495
140254,,90.0,90.0,810.0,810.0,False,1.16,8.32,4548259554,30.6763906,103.9764911
148027,,90.0,90.0,810.0,810.0,False,1.13,8.26,1956538080,30.6819793,104.1092987
150768,,90.0,90.0,810.0,810.0,False,2.2,10.4,5375783797,30.6555302,103.9989669
159421,,90.0,90.0,810.0,810.0,False,1.16,8.32,2956775842,30.7235112,104.0463086
164833,,90.0,90.0,810.0,810.0,False,1.29,8.58,1819305409,30.6419823,104.110469
174707,,90.0,90.0,810.0,810.0,False,0.03,8.0,628641783,30.67896,104.08838
22003,,90.0,90.0,810.0,810.0,False,1.13,8.26,4549993108,30.6889447,104.0331553
40638,,90.0,90.0,810.0,810.0,False,1.13,8.26,3633018903,30.6677238,104.0631905
83330,,90.0,90.0,810.0,810.0,False,0.81,8.0,1301933042,30.6550569,104.0789302
180063,,91.0,91.0,811.0,811.0,False,2.06,10.12,4903105811,30.6556,104.0837
72645,,91.0,91.0,811.0,811.0,False,0.38,8.0,2135946735,30.6246646,104.0047638
79542,,91.0,91.0,811.0,811.0,False,0.57,8.0,4548258444,30.6540971,104.0385522
102239,,92.0,92.0,812.0,812.0,False,0.79,8.0,3562045359,30.7048908,104.0389388
106935,,92.0,92.0,812.0,812.0,False,0.35,8.0,3541389071,30.674562,104.0535
129512,,92.0,92.0,812.0,812.0,False,1.36,8.72,3538771906,30.6437752,104.1121135
167366,,92.0,92.0,812.0,812.0,False,0.06,8.0,2134826932,30.6719712,103.9856682
18425,,92.0,92.0,812.0,812.0,False,1.83,9.66,4548211255,30.6796797,104.0394063
54067,,92.0,92.0,812.0,812.0,False,1.11,8.22,3034330076,30.65804,104.0851762
57645,,92.0,92.0,812.0,812.0,False,2.39,10.78,4106682211,30.6645148,103.9776617
1131,,93.0,93.0,813.0,813.0,False,1.98,9.96,1159131822,30.66576,104.08049
116636,,93.0,93.0,813.0,813.0,False,0.92,8.0,3436486399,30.639693,104.046303
131255,,93.0,93.0,813.0,813.0,False,0.48,8.0,3562086848,30.67411,104.06052
139775,,93.0,93.0,813.0,813.0,False,0.77,8.0,2823785845,30.6682873,104.0631681
15135,,93.0,93.0,813.0,813.0,False,2.52,11.04,3316576100,30.62899,104.11012
162170,,93.0,93.0,813.0,813.0,False,0.2,8.0,4549993177,30.7060055,104.0327694
3153,,93.0,93.0,813.0,813.0,False,0.23,8.0,432432603,30.6590905,104.0350073
39843,,93.0,93.0,813.0,813.0,False,2.54,11.08,2564229430,30.6546922,104.0110991
49764,,93.0,93.0,813.0,813.0,False,2.52,11.04,3541427588,30.7198406,104.0521196
68473,,93.0,93.0,813.0,813.0,False,0.8,8.0,3614070502,30.673196,104.0521527
85049,,93.0,93.0,813.0,813.0,False,0.96,8.0,3034029046,30.6869734,104.0033869
95732,,93.0,93.0,813.0,813.0,False,0.73,8.0,4699007144,30.6094433,104.0369642
142879,,94.0,94.0,814.0,814.0,False,0.83,8.0,4967265402,30.655376,104.09242
159402,,94.0,94.0,814.0,814.0,False,1.38,8.76,1072698608,30.7167248,104.0716358
183216,,94.0,94.0,814.0,814.0,False,0.77,8.0,4549993425,30.705588,104.0381527
186145,,94.0,94.0,814.0,814.0,False,1.14,8.28,439752000,30.7251238,104.0406087
193164,,94.0,94.0,814.0,814.0,False,1.11,8.22,432432596,30.657983,104.0318262
195925,,94.0,94.0,814.0,814.0,False,0.64,8.0,3199773573,30.7002508,104.1103633
196532,,94.0,94.0,814.0,814.0,False,0.28,8.0,1460311251,30.6552881,104.1122297
20483,,94.0,94.0,814.0,814.0,False,1.32,8.64,4693647093,30.6320812,104.0734095
208972,,94.0,94.0,814.0,814.0,False,1.22,8.44,4695640673,30.6170269,104.0270043
43249,,94.0,94.0,814.0,814.0,False,0.81,8.0,4772463292,30.6609474,104.0438695
65147,,94.0,94.0,814.0,814.0,False,1.67,9.34,4963999555,30.713308,104.035835
78587,,94.0,94.0,814.0,814.0,False,0.81,8.0,3516890331,30.6787788,103.9900198
86457,,94.0,94.0,814.0,814.0,False,1.59,9.18,529952557,30.6980299,104.0639187
91223,,94.0,94.0,814.0,814.0,False,1.32,8.64,432432603,30.6590905,104.0350073
95553,,94.0,94.0,814.0,814.0,False,1.22,8.44,3089075663,30.6504118,104.054373
98162,,94.0,94.0,814.0,814.0,False,1.38,8.76,4964134712,30.7087777,104.0187191
11159,,95.0,95.0,815.0,815.0,False,1.77,9.54,4294975855,30.6510741,103.990069
114167,,95.0,95.0,815.0,815.0,False,1.46,8.92,2564226602,30.618224,104.0204586
151559,,95.0,95.0,815.0,815.0,False,1.77,9.54,1507366173,30.6957521,104.083879
152570,,95.0,95.0,815.0,815.0,False,1.06,8.12,3076737454,30.6616917,104.0535075
166378,,95.0,95.0,815.0,815.0,False,1.77,9.54,4964134681,30.7167355,104.0296671
184087,,95.0,95.0,815.0,815.0,False,1.46,8.92,1159138415,30.66101,104.09418
185765,,95.0,95.0,815.0,815.0,False,0.9,8.0,3541427587,30.7086902,104.0430668
19275,,95.0,95.0,815.0,815.0,False,0.16,8.0,1311904408,30.643661,104.07827
207105,,95.0,95.0,815.0,815.0,False,1.06,8.12,1459907360,30.6407992,104.1043205
39168,,95.0,95.0,815.0,815.0,False,1.7,9.4,1458959874,30.6666005,104.0835312
4091,,95.0,95.0,815.0,815.0,False,0.34,8.0,3113656970,30.66581,104.04839
86396,,95.0,95.0,815.0,815.0,False,1.45,8.9,3034040779,30.7039459,104.0216741
95307,,95.0,95.0,815.0,815.0,False,1.2,8.4,432442542,30.6921482,104.0120852
111756,,96.0,96.0,816.0,816.0,False,1.85,9.7,4772430867,30.6779795,104.0063048
12758,,96.0,96.0,816.0,816.0,False,1.15,8.3,3516896165,30.6652913,104.0717077
128602,,96.0,96.0,816.0,816.0,False,1.15,8.3,3541420737,30.6932257,104.0828195
135559,,96.0,96.0,816.0,816.0,False,1.55,9.1,4107376998,30.6094154,104.0065025
166056,,96.0,96.0,816.0,816.0,False,2.69,11.38,3087817521,30.6761614,104.0116948
169277,,96.0,96.0,816.0,816.0,False,1.55,9.1,1159483868,30.6844889,104.0719629
178778,,96.0,96.0,816.0,816.0,False,2.96,11.92,4550018655,30.6277714,104.0189597
186035,,96.0,96.0,816.0,816.0,False,0.19,8.0,4779165769,30.6365283,104.0737457
193589,,96.0,96.0,816.0,816.0,False,0.44,8.0,432442979,30.6752909,104.016838
203937,,96.0,96.0,816.0,816.0,False,1.69,9.38,4548141087,30.6234574,104.0813778
28635,,96.0,96.0,816.0,816.0,False,0.9,8.0,4548211646,30.68464,104.04163
41084,,96.0,96.0,816.0,816.0,False,0.85,8.0,4447946474,30.65332,104.1120082
52984,,96.0,96.0,816.0,816.0,False,1.35,8.7,3680400046,30.6593868,104.0264004
68079,,96.0,96.0,816.0,816.0,False,1.55,9.1,1339701413,30.71015,104.0413
83350,,96.0,96.0,816.0,816.0,False,0.43,8.0,4779165755,30.6265117,104.0310451
106803,,97.0,97.0,817.0,817.0,False,0.58,8.0,3541427576,30.704472,104.03391
129047,,97.0,97.0,817.0,817.0,False,0.41,8.0,432441915,30.6285016,104.026985
140865,,97.0,97.0,817.0,817.0,False,0.22,8.0,1885342891,30.6778662,104.0979848
143988,,97.0,97.0,817.0,817.0,False,2.35,10.7,2908601186,30.6431578,104.0885913
167975,,97.0,97.0,817.0,817.0,False,2.69,11.38,2651588758,30.67018,104.09923
174931,,97.0,97.0,817.0,817.0,False,0.38,8.0,1159941942,30.667246,104.02097
182430,,97.0,97.0,817.0,817.0,False,0.31,8.0,1964305089,30.6764683,104.1020409
47010,,97.0,97.0,817.0,817.0,False,1.22,8.44,5213253142,30.6656392,104.1094973
53044,,97.0,97.0,817.0,817.0,False,0.37,8.0,1947583808,30.6942533,104.0805489
69564,,97.0,97.0,817.0,817.0,False,0.68,8.0,671587238,30.6376248,104.0565797
73526,,97.0,97.0,817.0,817.0,False,0.88,8.0,1457843797,30.6884938,104.099715
73849,,97.0,97.0,817.0,817.0,False,1.14,8.28,5213238403,30.6359474,104.064871
104957,,98.0,98.0,818.0,818.0,False,1.39,8.78,1815728551,30.7160488,104.1005357
113608,,98.0,98.0,818.0,818.0,False,0.49,8.0,5055911222,30.7145696,104.1119178
120569,,98.0,98.0,818.0,818.0,False,0.49,8.0,2276405725,30.6196787,104.0927444
148336,,98.0,98.0,818.0,818.0,False,0.81,8.0,1159176366,30.6256022,104.0577093
163129,,98.0,98.0,818.0,818.0,False,1.36,8.72,2080646276,30.6173335,104.1032799
206106,,98.0,98.0,818.0,818.0,False,1.08,8.16,2981319503,30.7182033,104.0038565
2511,,98.0,98.0,818.0,818.0,False,0.63,8.0,3445813123,30.66986,104.07082
4747,,98.0,98.0,818.0,818.0,False,0.81,8.0,4217837115,30.6268472,104.0432043
49187,,98.0,98.0,818.0,818.0,False,1.37,8.74,4106682091,30.6425019,103.9821727
69755,,98.0,98.0,818.0,818.0,False,0.81,8.0,1947584056,30.68233,104.0844
84435,,98.0,98.0,818.0,818.0,False,0.96,8.0,4548318053,30.6248061,104.0955574
98533,,98.0,98.0,818.0,818.0,False,2.44,10.88,2080646464,30.6268006,104.0954968
99379,,98.0,98.0,818.0,818.0,False,1.37,8.74,2653330906,30.6541751,104.1102933
100664,,99.0,99.0,819.0,819.0,False,1.94,9.88,4987536553,30.6404953,103.9914348
109290,,99.0,99.0,819.0,819.0,False,0.27,8.0,5436627800,30.6969059,104.0706449
162788,,99.0,99.0,819.0,819.0,False,0.05,8.0,5375783424,30.62574,104.0023166
57828,,99.0,99.0,819.0,819.0,False,1.57,9.14,5141458192,30.6331977,104.0709301
99363,,99.0,99.0,819.0,819.0,False,0.14,8.0,1815741549,30.68813,104.07674
133538,,100.0,130.0,820.0,820.0,True,4.28,14.56,4106682171,30.6504441,103.9802655
162418,,100.0,130.0,820.0,820.0,True,4.28,14.56,4699007258,30.6123176,104.0381318
163571,,100.0,130.0,820.0,820.0,True,0.74,8.0,1159941176,30.6696638,104.0176074
198954,,100.0,130.0,820.0,820.0,True,4.28,14.56,314623121,30.6501468,104.0317615
24892,,100.0,130.0,820.0,820.0,True,2.18,10.36,1507337737,30.6969081,104.0743828
43479,,100.0,130.0,820.0,820.0,True,1.39,8.78,4601261200,30.660007,104.07662
51588,,100.0,130.0,820.0,820.0,True,0.47,8.0,4972894332,30.6114996,104.0454648
109156,,101.0,131.0,821.0,821.0,True,0.13,8.0,1916386440,30.625976,104.0321467
111363,,101.0,131.0,821.0,821.0,True,3.09,12.18,3582961906,30.63745,104.04389
12374,,101.0,131.0,821.0,821.0,True,0.84,8.0,5375784246,30.6360458,104.0053877
131180,,101.0,131.0,821.0,821.0,True,0.17,8.0,4548211291,30.6784787,104.0578434
137195,,101.0,131.0,821.0,821.0,True,0.17,8.0,5213238430,30.66054,104.0714
139792,,101.0,131.0,821.0,821.0,True,3.68,13.36,4106682223,30.6744327,103.9973653
140777,,101.0,131.0,821.0,821.0,True,0.64,8.0,4548211379,30.6228922,104.0831872
164397,,101.0,131.0,821.0,821.0,True,3.09,12.18,2712338402,30.7075401,104.0389242
170327,,101.0,131.0,821.0,821.0,True,1.57,9.14,432442864,30.6753706,104.0020183
205959,,101.0,131.0,821.0,821.0,True,0.16,8.0,5040759944,30.68331,104.10027
49133,,101.0,131.0,821.0,821.0,True,0.84,8.0,4106681945,30.6258889,103.9904727
77061,,101.0,131.0,821.0,821.0,True,1.87,9.74,4548211473,30.635443,104.0248821
107754,,102.0,132.0,822.0,822.0,True,0.39,8.0,5375784234,30.633181,104.0093708
124028,,102.0,132.0,822.0,822.0,True,1.32,8.64,5213253210,30.6533417,104.1122761
143015,,102.0,132.0,822.0,822.0,True,1.9,9.8,3562110284,30.65499,104.08005
147592,,102.0,132.0,822.0,822.0,True,0.95,8.0,3693431549,30.6475686,104.0349116
154104,,102.0,132.0,822.0,822.0,True,0.67,8.0,4548141054,30.6229301,104.074347
175179,,102.0,132.0,822.0,822.0,True,2.46,10.92,5256947476,30.67945,104.097
204081,,102.0,132.0,822.0,822.0,True,1.17,8.34,5375783796,30.6555511,103.999267
33439,,102.0,132.0,822.0,822.0,True,1.32,8.64,2344329072,30.6542225,104.0532409
35508,,102.0,132.0,822.0,822.0,True,2.11,10.22,4548211469,30.6599405,104.0685921
55903,,102.0,132.0,822.0,822.0,True,0.39,8.0,3034408999,30.70316,104.08968
61530,,102.0,132.0,822.0,822.0,True,0.11,8.0,2532971957,30.7046781,104.0916828
62478,,102.0,132.0,822.0,822.0,True,0.37,8.0,4779165766,30.6379987,104.0736822
72638,,102.0,132.0,822.0,822.0,True,1.32,8.64,4748173616,30.623705,104.0195958
88423,,102.0,132.0,822.0,822.0,True,1.55,9.1,628641733,30.688257,104.045586
103498,,103.0,133.0,823.0,823.0,True,0.53,8.0,4550019058,30.6175357,104.0375073
106438,,103.0,133.0,823.0,823.0,True,0.26,8.0,5310712649,30.6640719,104.1094279
118236,,103.0,133.0,823.0,823.0,True,2.28,10.56,3034029068,30.6893886,103.996618
130733,,103.0,133.0,823.0,823.0,True,0.48,8.0,838319857,30.6422958,104.105178
14639,,103.0,133.0,823.0,823.0,True,0.26,8.0,432432574,30.6638273,104.0333013
153580,,103.0,133.0,823.0,823.0,True,1.87,9.74,4550769309,30.6231258,104.1096007
194717,,103.0,133.0,823.0,823.0,True,1.66,9.32,4219549257,30.6109806,104.0580492
200237,,103.0,133.0,823.0,823.0,True,1.66,9.32,1947583845,30.6865865,104.084708
52220,,103.0,133.0,823.0,823.0,True,3.5,13.0,1507401909,30.6949601,104.0791102
57222,,103.0,133.0,823.0,823.0,True,0.48,8.0,4550018678,30.6187593,104.037914
111541,,104.0,134.0,824.0,824.0,True,1.22,8.44,432432527,30.6552634,104.0499841
123009,,104.0,134.0,824.0,824.0,True,1.02,8.04,3034409140,30.7127644,104.0901218
139649,,104.0,134.0,824.0,824.0,True,1.02,8.04,432429423,30.6374689,104.0326523
186119,,104.0,134.0,824.0,824.0,True,1.29,8.58,3516887954,30.720657,104.03492
2047,,104.0,134.0,824.0,824.0,True,1.01,8.02,5053143827,30.707756,103.99366
208987,,104.0,134.0,824.0,824.0,True,1.01,8.02,3597820283,30.701601,104.0233206
48012,,104.0,134.0,824.0,824.0,True,0.12,8.0,5375783934,30.6571053,103.9967878
75352,,104.0,134.0,824.0,824.0,True,1.29,8.58,432452886,30.6174952,104.0520443
84067,,104.0,134.0,824.0,824.0,True,1.78,9.56,1916520514,30.6277481,104.0081905
9275,,104.0,134.0,824.0,824.0,True,0.61,8.0,2847752854,30.65899,104.10611
96111,,104.0,134.0,824.0,824.0,True,2.08,10.16,3681180642,30.654655,104.0693
103005,,105.0,135.0,825.0,825.0,True,0.94,8.0,5436627811,30.6971374,104.0706254
103707,,105.0,135.0,825.0,825.0,True,0.7,8.0,3742070456,30.648038,104.0907351
118715,,105.0,135.0,825.0,825.0,True,0.64,8.0,4548259489,30.6680759,103.9980916
135799,,105.0,135.0,825.0,825.0,True,0.57,8.0,439751915,30.6789847,103.9897613
161127,,105.0,135.0,825.0,825.0,True,0.47,8.0,432442850,30.670074,103.99067
201791,,105.0,135.0,825.0,825.0,True,1.2,8.4,1506426847,30.70997,104.0711
157975,,106.0,136.0,826.0,826.0,True,0.09,8.0,5218240017,30.703665,104.05406
15834,,106.0,136.0,826.0,826.0,True,2.05,10.1,4107377019,30.635734,103.9993414
165639,,106.0,136.0,826.0,826.0,True,0.09,8.0,1305816712,30.6694879,104.0662325
171034,,106.0,136.0,826.0,826.0,True,0.72,8.0,1445463639,30.6487245,104.0637304
188578,,106.0,136.0,826.0,826.0,True,0.92,8.0,5283966121,30.6487165,104.0953678
191855,,106.0,136.0,826.0,826.0,True,1.93,9.86,2691023119,30.7143756,103.9922691
27684,,106.0,136.0,826.0,826.0,True,0.23,8.0,3613983372,30.6661505,104.0535143
45922,,106.0,136.0,826.0,826.0,True,0.23,8.0,1159461706,30.6741038,104.040131
49047,,106.0,136.0,826.0,826.0,True,0.19,8.0,1314184368,30.6389939,104.0761579
66819,,106.0,136.0,826.0,826.0,True,1.41,8.82,1159234118,30.69463,104.06294
67511,,106.0,136.0,826.0,826.0,True,1.49,8.98,3562099597,30.65005,104.02678
91338,,106.0,136.0,826.0,826.0,True,1.74,9.48,4693610174,30.6359215,104.0662787
107035,,107.0,137.0,827.0,827.0,True,1.46,8.92,1159483868,30.68494,104.07334
112702,,107.0,137.0,827.0,827.0,True,2.32,10.64,3742070455,30.6479581,104.0909058
117780,,107.0,137.0,827.0,827.0,True,2.15,10.3,4550019007,30.6508625,104.0571591
171271,,107.0,137.0,827.0,827.0,True,0.6,8.0,288416376,30.7058711,104.0945895
180363,,107.0,137.0,827.0,827.0,True,1.76,9.52,1159148557,30.66376,104.07212
2232,,107.0,137.0,827.0,827.0,True,0.4,8.0,4779165736,30.6248795,104.0390582
54186,,107.0,137.0,827.0,827.0,True,0.43,8.0,4548209362,30.6475786,104.0203284
6742,,107.0,137.0,827.0,827.0,True,2.32,10.64,4695601569,30.6113318,104.0325883
69575,,107.0,137.0,827.0,827.0,True,1.45,8.9,2456925113,30.6383672,104.1026732
79777,,107.0,137.0,827.0,827.0,True,1.04,8.08,4699007138,30.610447,104.0398246
108669,,108.0,138.0,828.0,828.0,True,2.35,10.7,4444112339,30.7189594,104.1017075
130239,,108.0,138.0,828.0,828.0,True,1.96,9.92,5218133434,30.655242,104.1133119
144352,,108.0,138.0,828.0,828.0,True,1.69,9.38,1301933033,30.6442836,104.0814852
147866,,108.0,138.0,828.0,828.0,True,0.52,8.0,2135942424,30.6114113,104.0230496
199121,,108.0,138.0,828.0,828.0,True,1.69,9.38,4779165722,30.6386009,104.0240344
68727,,108.0,138.0,828.0,828.0,True,2.07,10.14,3541389064,30.67328,104.05674
7712,,108.0,138.0,828.0,828.0,True,2.35,10.7,4695700268,30.6140921,104.0182043
98975,,108.0,138.0,828.0,828.0,True,2.4,10.8,1947584056,30.68254,104.08314
130145,,109.0,139.0,829.0,829.0,True,1.1,8.2,1159230079,30.6798659,104.0811056
33419,,109.0,139.0,829.0,829.0,True,0.47,8.0,1311904458,30.6437308,104.0793929
53322,,109.0,139.0,829.0,829.0,True,0.15,8.0,1460306173,30.6548038,104.1122954
75140,,109.0,139.0,829.0,829.0,True,0.42,8.0,5154977850,30.6344596,104.0701666
93400,,109.0,139.0,829.0,829.0,True,2.16,10.32,2217746793,30.6605973,104.0616912
117255,,110.0,140.0,830.0,830.0,True,0.07,8.0,3031031600,30.68167,104.10883
153504,,110.0,140.0,830.0,830.0,True,0.16,8.0,4799100434,30.6462276,104.0312691
165136,,110.0,140.0,830.0,830.0,True,1.19,8.38,4548211257,30.6778598,104.0592296
17779,,110.0,140.0,830.0,830.0,True,2.52,11.04,2910352375,30.6444842,104.0887257
30604,,110.0,140.0,830.0,830.0,True,0.34,8.0,1159143437,30.6627591,104.1017506
39039,,110.0,140.0,830.0,830.0,True,0.78,8.0,432442558,30.6956,104.01328
57719,,110.0,140.0,830.0,830.0,True,1.05,8.1,4695700247,30.6170552,104.0197036
59418,,110.0,140.0,830.0,830.0,True,0.34,8.0,4550018980,30.6503912,104.0582477
67735,,110.0,140.0,830.0,830.0,True,2.29,10.58,1159155218,30.642551,104.1024389
87698,,110.0,140.0,830.0,830.0,True,0.34,8.0,4550701005,30.6542919,104.0199842
119788,,111.0,141.0,831.0,831.0,True,0.5,8.0,4695640521,30.6159015,104.0277665
155529,,111.0,141.0,831.0,831.0,True,1.1,8.2,1918505703,30.6108104,104.0067635
184251,,111.0,141.0,831.0,831.0,True,0.22,8.0,1159474715,30.693825,104.04598
184535,,111.0,141.0,831.0,831.0,True,1.72,9.44,1507352633,30.6980423,104.0790285
186261,,111.0,141.0,831.0,831.0,True,0.57,8.0,1956501938,30.687082,104.1033049
190483,,111.0,141.0,831.0,831.0,True,1.72,9.44,338247006,30.6110831,104.0655961
65530,,111.0,141.0,831.0,831.0,True,1.16,8.32,3034376773,30.6807408,104.0637679
85214,,111.0,141.0,831.0,831.0,True,0.29,8.0,1507401909,30.6949601,104.0791102
90546,,111.0,141.0,831.0,831.0,True,2.09,10.18,2039563302,30.6914788,104.105044
92795,,111.0,141.0,831.0,831.0,True,0.43,8.0,3516892731,30.66624,104.05595
130023,,112.0,142.0,832.0,832.0,True,2.39,10.78,838319885,30.64777,104.1078
15435,,112.0,142.0,832.0,832.0,True,1.21,8.42,314622896,30.654795,104.06732
1891,,112.0,142.0,832.0,832.0,True,1.1,8.2,1312615944,30.6497721,104.0579498
195739,,112.0,142.0,832.0,832.0,True,2.39,10.78,4695701805,30.6120169,104.0203408
30481,,112.0,142.0,832.0,832.0,True,1.58,9.16,4106681956,30.629204,103.998042
33150,,112.0,142.0,832.0,832.0,True,1.53,9.06,1159156114,30.6512278,104.0836512
40532,,112.0,142.0,832.0,832.0,True,1.53,9.06,3203414178,30.6360932,104.0356959
42652,,112.0,142.0,832.0,832.0,True,2.98,11.96,432442912,30.6710738,104.0223849
47104,,112.0,142.0,832.0,832.0,True,0.8,8.0,3028924416,30.6295915,104.0451446
69516,,112.0,142.0,832.0,832.0,True,1.11,8.22,5154977850,30.6344596,104.0701666
71027,,112.0,142.0,832.0,832.0,True,0.36,8.0,671591599,30.69058,104.04369
93983,,112.0,142.0,832.0,832.0,True,0.76,8.0,432432548,30.6618,104.0407
137122,,113.0,143.0,833.0,833.0,True,0.43,8.0,5375783863,30.6624038,103.9960617
25114,,113.0,143.0,833.0,833.0,True,0.07,8.0,1159223045,30.716274,104.0377074
31019,,113.0,143.0,833.0,833.0,True,0.23,8.0,4550769610,30.6373308,104.1108589
66367,,113.0,143.0,833.0,833.0,True,0.87,8.0,5213253181,30.7023061,104.0922911
7191,,113.0,143.0,833.0,833.0,True,0.73,8.0,465203743,30.7062979,104.1024445
158640,,114.0,144.0,834.0,834.0,True,1.45,8.9,3582242993,30.7257458,103.9990477
199640,,114.0,144.0,834.0,834.0,True,1.28,8.56,4230611278,30.6536312,104.0678295
206311,,114.0,144.0,834.0,834.0,True,1.27,8.54,1916386467,30.6162257,104.0416001
84988,,114.0,144.0,834.0,834.0,True,1.53,9.06,1902098901,30.7268584,104.0674493
108481,,115.0,145.0,835.0,835.0,True,0.7,8.0,4701464365,30.6145299,104.0568506
125113,,115.0,145.0,835.0,835.0,True,0.81,8.0,1159455513,30.6651666,104.0447468
132718,,115.0,145.0,835.0,835.0,True,0.98,8.0,5375783869,30.6540408,103.991111
13718,,115.0,145.0,835.0,835.0,True,1.21,8.42,4773199362,30.6736884,104.0081134
197099,,115.0,145.0,835.0,835.0,True,0.68,8.0,4548211308,30.67305,104.05725
32324,,115.0,145.0,835.0,835.0,True,2.18,10.36,5013455446,30.6151252,104.057327
72135,,115.0,145.0,835.0,835.0,True,1.8,9.6,4550018723,30.6487749,104.0719861
75377,,115.0,145.0,835.0,835.0,True,0.6,8.0,2912291165,30.6410523,104.1040394
8271,,115.0,145.0,835.0,835.0,True,4.42,14.84,2847752856,30.65611,104.1033
115840,,116.0,146.0,836.0,836.0,True,0.71,8.0,5257005057,30.6761354,104.0944038
118643,,116.0,146.0,836.0,836.0,True,0.71,8.0,1159234181,30.69471,104.07285
166807,,116.0,146.0,836.0,836.0,True,0.96,8.0,3541389071,30.674984,104.05393
178158,,116.0,146.0,836.0,836.0,True,1.65,9.3,3562047448,30.7092817,104.065306
180229,,116.0,146.0,836.0,836.0,True,1.65,9.3,4701464751,30.615852,104.0596613
180699,,116.0,146.0,836.0,836.0,True,1.52,9.04,2039550422,30.67792,104.11614
181379,,116.0,146.0,836.0,836.0,True,0.26,8.0,1958204265,30.67357,104.0848
190700,,116.0,146.0,836.0,836.0,True,0.76,8.0,1159225484,30.7041192,104.0482736
19267,,116.0,146.0,836.0,836.0,True,0.37,8.0,2651598888,30.684324,104.07803
38030,,116.0,146.0,836.0,836.0,True,1.06,8.12,4695601779,30.6093612,104.0295695
51149,,116.0,146.0,836.0,836.0,True,1.52,9.04,1815729260,30.7140442,104.0720424
58108,,116.0,146.0,836.0,836.0,True,0.76,8.0,2559969429,30.6274906,104.0263199
62188,,116.0,146.0,836.0,836.0,True,2.53,11.06,5257056293,30.6766968,104.09604
6273,,116.0,146.0,836.0,836.0,True,3.1,12.2,465203789,30.7013623,104.1025176
100809,,117.0,147.0,837.0,837.0,True,0.57,8.0,4400595031,30.6754637,104.0757095
117909,,117.0,147.0,837.0,837.0,True,0.56,8.0,803149470,30.6618889,104.0994413
180605,,117.0,147.0,837.0,837.0,True,0.31,8.0,4505485122,30.6374121,104.0785068
201944,,117.0,147.0,837.0,837.0,True,2.46,10.92,314655429,30.6398782,104.0365362
52927,,117.0,147.0,837.0,837.0,True,0.31,8.0,3445813130,30.67158,104.07797
93217,,117.0,147.0,837.0,837.0,True,1.68,9.36,4703149484,30.6112772,104.0681401
106766,,118.0,148.0,838.0,838.0,True,1.12,8.24,1916524814,30.616715,103.9878757
115759,,118.0,148.0,838.0,838.0,True,1.17,8.34,3943038380,30.6449,104.06287
121992,,118.0,148.0,838.0,838.0,True,1.23,8.46,3562110259,30.6489639,104.027633
135180,,118.0,148.0,838.0,838.0,True,1.44,8.88,4394309254,30.6307952,104.0372171
166107,,118.0,148.0,838.0,838.0,True,0.3,8.0,1312615973,30.646767,104.04967
200119,,118.0,148.0,838.0,838.0,True,0.44,8.0,2080664445,30.62119,104.0982
81586,,118.0,148.0,838.0,838.0,True,1.23,8.46,432442544,30.6972869,104.0135121
129355,,119.0,149.0,839.0,839.0,True,2.39,10.78,3445813552,30.668554,104.07173
157879,,119.0,149.0,839.0,839.0,True,0.36,8.0,2039561244,30.68408,104.1039
16115,,119.0,149.0,839.0,839.0,True,0.74,8.0,672405808,30.657282,104.08207
196743,,119.0,149.0,839.0,839.0,True,1.76,9.52,4748166144,30.6133273,104.0214163
49939,,119.0,149.0,839.0,839.0,True,1.29,8.58,2956775870,30.7039858,104.0374265
58243,,119.0,149.0,839.0,839.0,True,0.32,8.0,1458755501,30.67881,104.09024
90002,,119.0,149.0,839.0,839.0,True,0.81,8.0,1469155007,30.6324562,104.1136863
101137,,120.0,150.0,840.0,840.0,True,1.37,8.74,4550764057,30.6253733,104.1024878
115056,,120.0,150.0,840.0,840.0,True,0.9,8.0,5382831215,30.6812188,104.0960747
116039,,120.0,150.0,840.0,840.0,True,0.57,8.0,2315717685,30.6295811,104.0975905
132921,,120.0,150.0,840.0,840.0,True,0.88,8.0,432442849,30.6701348,103.9935727
145044,,120.0,150.0,840.0,840.0,True,2.36,10.72,5013455445,30.6141617,104.0573633
154662,,120.0,150.0,840.0,840.0,True,0.04,8.0,4773916471,30.6561758,104.0017825
156741,,120.0,150.0,840.0,840.0,True,1.46,8.92,4695601327,30.6099991,104.0302369
196336,,120.0,150.0,840.0,840.0,True,0.38,8.0,3436486412,30.6415693,104.0472758
24531,,120.0,150.0,840.0,840.0,True,1.37,8.74,3199773577,30.69849,104.10704
27571,,120.0,150.0,840.0,840.0,True,0.0,8.0,2843286579,30.6882841,104.0576045
38380,,120.0,150.0,840.0,840.0,True,0.04,8.0,5283966122,30.6507739,104.096601
57319,,120.0,150.0,840.0,840.0,True,3.1,12.2,432432535,30.65512,104.04308
64619,,120.0,150.0,840.0,840.0,True,2.36,10.72,4069514800,30.7222298,103.9742026
65669,,120.0,150.0,840.0,840.0,True,0.04,8.0,4106681983,30.6421805,103.9790894
76770,,120.0,150.0,840.0,840.0,True,0.35,8.0,5013455445,30.6141617,104.0573633
82101,,120.0,150.0,840.0,840.0,True,0.42,8.0,4106681900,30.6095268,103.9954435
93010,,120.0,150.0,840.0,840.0,True,0.88,8.0,4106682234,30.6797444,104.0048938
115397,,121.0,151.0,841.0,841.0,True,2.39,10.78,4572410232,30.7120563,103.9900015
12284,,121.0,151.0,841.0,841.0,True,2.39,10.78,4548211243,30.6764835,104.0665841
131335,,121.0,151.0,841.0,841.0,True,1.85,9.7,3562086848,30.6732419,104.0595487
144859,,121.0,151.0,841.0,841.0,True,0.29,8.0,2729395902,30.62748,104.04819
145362,,121.0,151.0,841.0,841.0,True,2.1,10.2,4447921433,30.7228458,104.0498017
159247,,121.0,151.0,841.0,841.0,True,2.3,10.6,1156126794,30.678343,104.04749
161252,,121.0,151.0,841.0,841.0,True,1.97,9.94,3562110257,30.6443831,104.0188124
18124,,121.0,151.0,841.0,841.0,True,1.56,9.12,1916524716,30.6124861,103.9798318
202431,,121.0,151.0,841.0,841.0,True,0.28,8.0,3579517900,30.6687925,104.0568592
131223,,122.0,152.0,842.0,842.0,True,1.67,9.34,2823785845,30.6682873,104.0631681
13563,,122.0,152.0,842.0,842.0,True,0.99,8.0,3582245815,30.71723,104.00244
149821,,122.0,152.0,842.0,842.0,True,0.23,8.0,5375784237,30.6330056,104.0101701
192035,,122.0,152.0,842.0,842.0,True,2.61,11.22,672360698,30.6502109,104.0726291
3510,,122.0,152.0,842.0,842.0,True,1.67,9.34,1159461706,30.6741038,104.040131
70687,,122.0,152.0,842.0,842.0,True,0.46,8.0,5283966327,30.7034,104.0963
82387,,122.0,152.0,842.0,842.0,True,1.56,9.12,1459000910,30.6584,104.0947
101212,,123.0,153.0,843.0,843.0,True,0.24,8.0,432442896,30.6649296,104.0244961
13198,,123.0,153.0,843.0,843.0,True,0.3,8.0,4964000123,30.7181228,104.0312803
141893,,123.0,153.0,843.0,843.0,True,0.3,8.0,1885342903,30.6793607,104.0988533
148867,,123.0,153.0,843.0,843.0,True,1.07,8.14,3613960014,30.67136,104.0515
155347,,123.0,153.0,843.0,843.0,True,0.82,8.0,1159227452,30.6954217,104.0548065
169095,,123.0,153.0,843.0,843.0,True,1.49,8.98,1312615976,30.65379,104.06152
194688,,123.0,153.0,843.0,843.0,True,1.9,9.8,4548258452,30.6874085,104.0522069
203341,,123.0,153.0,843.0,843.0,True,1.16,8.32,5256947454,30.6769636,104.0948991
70631,,123.0,153.0,843.0,843.0,True,0.24,8.0,4118527513,30.70239,104.09422
154567,,124.0,154.0,844.0,844.0,True,1.95,9.9,4064178136,30.6589329,103.975293
160725,,124.0,154.0,844.0,844.0,True,2.93,11.86,4549993123,30.7022539,104.0343397
163823,,124.0,154.0,844.0,844.0,True,1.55,9.1,432452874,30.615053,104.053595
189095,,124.0,154.0,844.0,844.0,True,0.12,8.0,4118527511,30.701895,104.09604
30288,,124.0,154.0,844.0,844.0,True,1.9,9.8,4106682105,30.643269,103.9814521
74525,,124.0,154.0,844.0,844.0,True,0.95,8.0,1507261226,30.7122732,104.0696739
107341,,125.0,155.0,845.0,845.0,True,0.04,8.0,4772480181,30.6151332,104.0142654
136577,,125.0,155.0,845.0,845.0,True,0.22,8.0,1500638714,30.6914699,104.0288192
142311,,125.0,155.0,845.0,845.0,True,0.04,8.0,3579517900,30.66913,104.05629
148106,,125.0,155.0,845.0,845.0,True,1.19,8.38,2564226604,30.6182706,104.0197563
177763,,125.0,155.0,845.0,845.0,True,2.05,10.1,1159138415,30.660599,104.09418
190918,,125.0,155.0,845.0,845.0,True,2.81,11.62,4106682240,30.6826398,103.9986684
193155,,125.0,155.0,845.0,845.0,True,1.19,8.38,1159225748,30.702393,104.05207
2362,,125.0,155.0,845.0,845.0,True,0.11,8.0,3034040782,30.7008204,104.0157875
41429,,125.0,155.0,845.0,845.0,True,0.47,8.0,2784763756,30.6820464,104.0764788
41646,,125.0,155.0,845.0,845.0,True,1.24,8.48,5375783994,30.6537375,103.9904559
57071,,125.0,155.0,845.0,845.0,True,2.01,10.02,2907351833,30.6446413,104.0907696
90244,,125.0,155.0,845.0,845.0,True,1.19,8.38,5213238415,30.6443183,104.0390924
117803,,126.0,156.0,846.0,846.0,True,0.0,8.0,1908261346,30.6254216,104.1025401
129096,,126.0,156.0,846.0,846.0,True,2.02,10.04,1302807385,30.6436577,104.0865587
151370,,126.0,156.0,846.0,846.0,True,0.21,8.0,4550018925,30.6514365,104.0548289
165855,,126.0,156.0,846.0,846.0,True,2.45,10.9,1159488324,30.69326,104.07259
171804,,126.0,156.0,846.0,846.0,True,3.09,12.18,1964394666,30.6695595,104.1061678
32253,,126.0,156.0,846.0,846.0,True,1.62,9.24,3034330082,30.6633628,104.0871685
35116,,126.0,156.0,846.0,846.0,True,1.38,8.76,5141468738,30.6332097,104.0949246
38591,,126.0,156.0,846.0,846.0,True,2.45,10.9,3034409146,30.7152891,104.1071116
47282,,126.0,156.0,846.0,846.0,True,0.0,8.0,5016209424,30.7266505,103.9857982
50093,,126.0,156.0,846.0,846.0,True,1.16,8.32,4582821479,30.6586848,104.0506745
75374,,126.0,156.0,846.0,846.0,True,2.13,10.26,4149734728,30.6432335,104.100908
76647,,126.0,156.0,846.0,846.0,True,3.09,12.18,4359390803,30.7144629,104.1134412
95847,,126.0,156.0,846.0,846.0,True,2.92,11.84,2472030043,30.66215,104.06254
122121,,127.0,157.0,847.0,847.0,True,0.11,8.0,4550701371,30.6166451,103.9807425
134785,,127.0,157.0,847.0,847.0,True,1.86,9.72,1500780820,30.6503838,104.0179005
142303,,127.0,157.0,847.0,847.0,True,1.41,8.82,4548259532,30.6985522,104.0461076
15402,,127.0,157.0,847.0,847.0,True,1.12,8.24,2712338448,30.7077126,104.0382606
155853,,127.0,157.0,847.0,847.0,True,0.79,8.0,1492390579,30.6606886,104.0583525
167742,,127.0,157.0,847.0,847.0,True,0.6,8.0,4972893895,30.6107597,104.0504943
177975,,127.0,157.0,847.0,847.0,True,1.86,9.72,1159474715,30.69363,104.04532
183361,,127.0,157.0,847.0,847.0,True,0.54,8.0,1918491728,30.6419112,103.9986259
187064,,127.0,157.0,847.0,847.0,True,0.6,8.0,1506487128,30.7150381,104.0721196
21871,,127.0,157.0,847.0,847.0,True,2.5,11.0,3979164235,30.678018,104.1072365
272,,127.0,157.0,847.0,847.0,True,0.11,8.0,1305816745,30.6640973,104.1063372
34002,,127.0,157.0,847.0,847.0,True,1.57,9.14,1916530820,30.647494,103.9759719
46707,,127.0,157.0,847.0,847.0,True,0.04,8.0,3562047448,30.7092817,104.065306
52552,,127.0,157.0,847.0,847.0,True,0.75,8.0,1159168931,30.6363756,104.0824125
57823,,127.0,157.0,847.0,847.0,True,0.79,8.0,2472030042,30.66357,104.0611
80319,,127.0,157.0,847.0,847.0,True,1.1,8.2,3523294436,30.65874,104.04175
112161,,128.0,158.0,848.0,848.0,True,1.43,8.86,4772214782,30.6797153,104.0055931
123565,,128.0,158.0,848.0,848.0,True,0.85,8.0,3087817508,30.6684528,103.9872299
131657,,128.0,158.0,848.0,848.0,True,2.34,10.68,3523308810,30.641549,104.0744331
175031,,128.0,158.0,848.0,848.0,True,0.66,8.0,4230611275,30.652853,104.06939
175137,,128.0,158.0,848.0,848.0,True,0.39,8.0,4772430855,30.6771026,104.0067635
204590,,128.0,158.0,848.0,848.0,True,0.39,8.0,1457862052,30.6882168,104.1001955
28817,,128.0,158.0,848.0,848.0,True,1.23,8.46,1507363096,30.6969953,104.0801864
29759,,128.0,158.0,848.0,848.0,True,1.37,8.74,1159231411,30.68695,104.08249
167011,,129.0,159.0,849.0,849.0,True,0.94,8.0,3562055470,30.713,104.04181
194054,,129.0,159.0,849.0,849.0,True,0.18,8.0,441187409,30.6848744,104.0616361
38532,,129.0,159.0,849.0,849.0,True,0.25,8.0,480012030,30.6200203,104.0686798
6771,,129.0,159.0,849.0,849.0,True,0.19,8.0,3633018387,30.66695,104.06227
129151,,130.0,160.0,850.0,850.0,True,1.21,8.42,1159137566,30.6544,104.09037
135237,,130.0,160.0,850.0,850.0,True,0.67,8.0,1819305278,30.638507,104.1071951
13623,,130.0,160.0,850.0,850.0,True,0.67,8.0,1500638700,30.683992,104.07927
164005,,130.0,160.0,850.0,850.0,True,1.21,8.42,1159504057,30.6987062,104.0231681
184399,,130.0,160.0,850.0,850.0,True,1.92,9.84,4106681940,30.6232731,103.9920918
192367,,130.0,160.0,850.0,850.0,True,1.01,8.02,672287939,30.6651337,104.0543904
40299,,130.0,160.0,850.0,850.0,True,1.42,8.84,628641785,30.68185,104.08454
43442,,130.0,160.0,850.0,850.0,True,0.67,8.0,4107377010,30.6310133,104.0017622
47985,,130.0,160.0,850.0,850.0,True,0.93,8.0,4695601298,30.611798,104.0293907
61988,,130.0,160.0,850.0,850.0,True,0.39,8.0,4693610143,30.6355715,104.0672545
71577,,130.0,160.0,850.0,850.0,True,0.52,8.0,3562047425,30.7020022,104.0719644
77583,,130.0,160.0,850.0,850.0,True,0.44,8.0,3613982154,30.662308,104.0517806
94155,,130.0,160.0,850.0,850.0,True,0.57,8.0,4106682092,30.6425109,103.9781022
13783,,131.0,161.0,851.0,851.0,True,1.34,8.68,4703149489,30.61253,104.0649842
153902,,131.0,161.0,851.0,851.0,True,2.25,10.5,2564226641,30.6377069,104.0156665
176707,,131.0,161.0,851.0,851.0,True,2.25,10.5,1159143854,30.6784468,104.0839515
180307,,131.0,161.0,851.0,851.0,True,2.3,10.6,5283966128,30.6340299,104.1075509
187548,,131.0,161.0,851.0,851.0,True,2.21,10.42,439751640,30.6766898,103.9885935
24303,,131.0,161.0,851.0,851.0,True,1.73,9.46,1159138415,30.6609859,104.0954585
40975,,131.0,161.0,851.0,851.0,True,3.1,12.2,3633001071,30.666119,104.02242
93258,,131.0,161.0,851.0,851.0,True,0.84,8.0,3445813552,30.668393,104.0714277
115943,,132.0,162.0,852.0,852.0,True,0.82,8.0,3034409147,30.7128685,104.1067446
127941,,132.0,162.0,852.0,852.0,True,2.1,10.2,4693609978,30.6281065,104.0691835
159967,,132.0,162.0,852.0,852.0,True,0.82,8.0,3034409154,30.72016,104.07724
168883,,132.0,162.0,852.0,852.0,True,2.43,10.86,1159225485,30.70152,104.04225
191399,,132.0,162.0,852.0,852.0,True,2.1,10.2,3541404998,30.68551,104.05202
204663,,132.0,162.0,852.0,852.0,True,1.39,8.78,5213253153,30.69324,104.08681
53305,,132.0,162.0,852.0,852.0,True,2.1,10.2,2852754445,30.665938,104.1107595
63240,,132.0,162.0,852.0,852.0,True,2.43,10.86,5055911223,30.7141723,104.1148631
11185,,133.0,163.0,853.0,853.0,True,3.13,12.26,5102886110,30.6896485,103.9960596
135229,,133.0,163.0,853.0,853.0,True,1.53,9.06,465203758,30.7062319,104.101097
141834,,133.0,163.0,853.0,853.0,True,2.07,10.14,432442901,30.6699141,104.0349944
180312,,133.0,163.0,853.0,853.0,True,2.62,11.24,4447946469,30.6532673,104.116246
181298,,133.0,163.0,853.0,853.0,True,0.99,8.0,5367313640,30.6351029,103.9797164
18219,,133.0,163.0,853.0,853.0,True,1.27,8.54,2712421553,30.6357703,104.0573059
188599,,133.0,163.0,853.0,853.0,True,2.71,11.42,314614086,30.6170732,104.0339602
25419,,133.0,163.0,853.0,853.0,True,3.13,12.26,1916386489,30.62389,104.03101
27884,,133.0,163.0,853.0,853.0,True,1.8,9.6,5141468653,30.6384727,104.0924893
4866,,133.0,163.0,853.0,853.0,True,1.37,8.74,2823785855,30.6788083,104.0766341
49403,,133.0,163.0,853.0,853.0,True,2.64,11.28,3516900112,30.67212,104.06904
76503,,133.0,163.0,853.0,853.0,True,1.53,9.06,3943038365,30.6435267,104.0646167
77097,,133.0,163.0,853.0,853.0,True,2.71,11.42,3562015379,30.6631522,104.0814488
89280,,133.0,163.0,853.0,853.0,True,0.78,8.0,4549993425,30.705588,104.0381527
119701,,134.0,164.0,854.0,854.0,True,0.05,8.0,4572410203,30.7259172,104.0070453
133397,,134.0,164.0,854.0,854.0,True,2.17,10.34,4107377024,30.6370152,104.0021341
140072,,134.0,164.0,854.0,854.0,True,0.31,8.0,4069514821,30.7203896,103.980785
145068,,134.0,164.0,854.0,854.0,True,1.67,9.34,4782067651,30.6252882,104.0281628
145584,,134.0,164.0,854.0,854.0,True,0.54,8.0,4695640649,30.611359,104.0248331
162571,,134.0,164.0,854.0,854.0,True,2.83,11.66,3541422909,30.7091106,104.0668649
1678,,134.0,164.0,854.0,854.0,True,0.84,8.0,4967265415,30.7021133,104.0052277
182546,,134.0,164.0,854.0,854.0,True,1.15,8.3,1956554705,30.674965,104.1099524
193523,,134.0,164.0,854.0,854.0,True,2.81,11.62,4772463293,30.6611276,104.0433954
193597,,134.0,164.0,854.0,854.0,True,2.81,11.62,2131996149,30.6183337,104.0964191
199116,,134.0,164.0,854.0,854.0,True,2.95,11.9,1469163951,30.6429274,104.0873072
42548,,134.0,164.0,854.0,854.0,True,2.17,10.34,5141458200,30.6324861,104.0709598
49775,,134.0,164.0,854.0,854.0,True,2.83,11.66,4548211210,30.67638,104.0562
50331,,134.0,164.0,854.0,854.0,True,1.67,9.34,3541401919,30.6971738,104.0049791
91202,,134.0,164.0,854.0,854.0,True,0.54,8.0,4773199407,30.6729877,104.0132292
93656,,134.0,164.0,854.0,854.0,True,2.41,10.82,4699007144,30.6094433,104.0369642
94973,,134.0,164.0,854.0,854.0,True,0.31,8.0,4695601564,30.6116613,104.0322604
99513,,134.0,164.0,854.0,854.0,True,1.67,9.34,4548211353,30.6648425,104.019058
135103,,135.0,165.0,855.0,855.0,True,0.77,8.0,3582243030,30.7108284,104.001331
200107,,135.0,165.0,855.0,855.0,True,1.62,9.24,4782067637,30.6257234,104.0272821
2423,,135.0,165.0,855.0,855.0,True,0.5,8.0,1964326877,30.672392,104.09506
14679,,136.0,166.0,856.0,856.0,True,0.67,8.0,2907351834,30.6424085,104.0945655
176640,,136.0,166.0,856.0,856.0,True,0.89,8.0,2080646270,30.6223983,104.1039768
177448,,136.0,166.0,856.0,856.0,True,2.69,11.38,3523298658,30.6333733,104.0474308
181919,,136.0,166.0,856.0,856.0,True,2.69,11.38,1301932972,30.65274,104.07533
186353,,136.0,166.0,856.0,856.0,True,1.34,8.68,2709174918,30.6275585,104.0817552
188322,,136.0,166.0,856.0,856.0,True,0.26,8.0,4549993425,30.705588,104.0381527
69206,,136.0,166.0,856.0,856.0,True,2.69,11.38,3250470326,30.6369267,104.0266846
113917,,137.0,167.0,857.0,857.0,True,0.24,8.0,4449099825,30.6423485,104.1149212
173479,,137.0,167.0,857.0,857.0,True,1.22,8.44,1445463641,30.6495454,104.0637026
180891,,137.0,167.0,857.0,857.0,True,1.22,8.44,1916386502,30.6207129,104.0287362
42303,,137.0,167.0,857.0,857.0,True,2.4,10.8,1312615956,30.6489116,104.0588362
56263,,137.0,167.0,857.0,857.0,True,0.98,8.0,3579517900,30.66839,104.05612
57943,,137.0,167.0,857.0,857.0,True,0.3,8.0,1156126882,30.6721011,104.0715837
75195,,137.0,167.0,857.0,857.0,True,2.76,11.52,4118527460,30.70081,104.0986
83813,,137.0,167.0,857.0,857.0,True,0.12,8.0,1159223970,30.7039011,104.042383
95574,,137.0,167.0,857.0,857.0,True,2.4,10.8,4748166150,30.6138941,104.0240145
113547,,138.0,168.0,858.0,858.0,True,1.14,8.28,3523298665,30.6303003,104.0500515
12427,,138.0,168.0,858.0,858.0,True,0.47,8.0,2134782167,30.6223942,104.0086482
145399,,138.0,168.0,858.0,858.0,True,0.07,8.0,4981594485,30.6299603,103.9918807
153142,,138.0,168.0,858.0,858.0,True,2.91,11.82,4550019099,30.6501293,104.0583834
155703,,138.0,168.0,858.0,858.0,True,0.78,8.0,628641785,30.68192,104.08437
164059,,138.0,168.0,858.0,858.0,True,0.47,8.0,4548258448,30.6545741,104.0111077
165742,,138.0,168.0,858.0,858.0,True,2.26,10.52,3034409138,30.7174561,104.0903889
173483,,138.0,168.0,858.0,858.0,True,2.72,11.44,432432546,30.66393,104.04128
177796,,138.0,168.0,858.0,858.0,True,1.42,8.84,1159225483,30.7066346,104.0527875
181864,,138.0,168.0,858.0,858.0,True,0.28,8.0,3562047422,30.712577,104.0659058
196907,,138.0,168.0,858.0,858.0,True,0.71,8.0,3034330077,30.66098,104.0864
43138,,138.0,168.0,858.0,858.0,True,1.54,9.08,4637732173,30.6592924,104.1122764
50749,,138.0,168.0,858.0,858.0,True,2.1,10.2,4550018796,30.6157898,104.0365485
83157,,138.0,168.0,858.0,858.0,True,1.28,8.56,1301932975,30.6550718,104.0712822
93989,,138.0,168.0,858.0,858.0,True,1.06,8.12,2112262743,30.6167012,104.1042136
99089,,138.0,168.0,858.0,858.0,True,1.25,8.5,4773199361,30.6684784,104.0101576
13566,,139.0,169.0,859.0,859.0,True,2.1,10.2,337539216,30.624373,104.0353002
161333,,139.0,169.0,859.0,859.0,True,0.26,8.0,314635476,30.6395178,104.0337337
185811,,139.0,169.0,859.0,859.0,True,1.3,8.6,2041337970,30.683136,104.0954882
20319,,139.0,169.0,859.0,859.0,True,0.72,8.0,803149473,30.65591,104.09448
3739,,139.0,169.0,859.0,859.0,True,0.48,8.0,1947583849,30.68938,104.08783
7729,,139.0,169.0,859.0,859.0,True,0.48,8.0,2282013902,30.6183466,103.9664428
78133,,139.0,169.0,859.0,859.0,True,1.3,8.6,439751609,30.6653518,103.9836538
89386,,139.0,169.0,859.0,859.0,True,0.72,8.0,2712272990,30.6746729,104.0958173
11521,,140.0,170.0,860.0,860.0,True,1.05,8.1,3445813114,30.6618463,104.0770904
170126,,140.0,170.0,860.0,860.0,True,0.26,8.0,4772463262,30.6635247,104.0450755
17225,,140.0,170.0,860.0,860.0,True,0.32,8.0,1460291856,30.651437,104.1109436
188967,,140.0,170.0,860.0,860.0,True,0.64,8.0,5254240664,30.6192811,103.9687413
27312,,140.0,170.0,860.0,860.0,True,0.54,8.0,4693609803,30.6343504,104.0685884
35669,,140.0,170.0,860.0,860.0,True,0.01,8.0,2843294153,30.6980881,104.0491784
50767,,140.0,170.0,860.0,860.0,True,0.4,8.0,2041527437,30.6922956,104.0955016
59888,,140.0,170.0,860.0,860.0,True,0.36,8.0,1301933013,30.638015,104.0744565
11619,,141.0,171.0,861.0,861.0,True,0.94,8.0,2847758682,30.6669625,104.1117503
137965,,141.0,171.0,861.0,861.0,True,1.31,8.62,3158040415,30.642339,104.051278
143435,,141.0,171.0,861.0,861.0,True,1.41,8.82,4701464738,30.6143439,104.0620225
147015,,141.0,171.0,861.0,861.0,True,4.25,14.5,1305816735,30.66706,104.06724
167695,,141.0,171.0,861.0,861.0,True,0.25,8.0,2411594433,30.6217358,104.100452
174718,,141.0,171.0,861.0,861.0,True,0.25,8.0,1459913330,30.6475503,104.1037967
17938,,141.0,171.0,861.0,861.0,True,0.99,8.0,5261581862,30.6770038,104.0963238
196762,,141.0,171.0,861.0,861.0,True,1.31,8.62,2892088398,30.6757128,104.0994221
27006,,141.0,171.0,861.0,861.0,True,0.8,8.0,5141328772,30.6157441,104.0622497
42013,,141.0,171.0,861.0,861.0,True,1.79,9.58,5218133388,30.6488241,104.1093802
49903,,141.0,171.0,861.0,861.0,True,0.99,8.0,4972899565,30.6237876,104.0495915
50476,,141.0,171.0,861.0,861.0,True,1.42,8.84,3541401914,30.6835661,103.9831571
52387,,141.0,171.0,861.0,861.0,True,1.12,8.24,4693610160,30.6337544,104.0692412
64389,,141.0,171.0,861.0,861.0,True,1.58,9.16,1159143355,30.661301,104.1008279
71584,,141.0,171.0,861.0,861.0,True,0.8,8.0,1459018259,30.6452301,104.1087541
101123,,142.0,172.0,862.0,862.0,True,1.59,9.18,3034393463,30.6860536,104.0454815
11563,,142.0,172.0,862.0,862.0,True,0.84,8.0,1159445859,30.68635,104.0335
119257,,142.0,172.0,862.0,862.0,True,1.44,8.88,1458947310,30.6772008,104.0909144
161619,,142.0,172.0,862.0,862.0,True,0.52,8.0,672406288,30.65168,104.06851
165527,,142.0,172.0,862.0,862.0,True,2.71,11.42,2333193192,30.6306223,104.0982423
22352,,142.0,172.0,862.0,862.0,True,2.71,11.42,2956775871,30.7032196,104.03619
70393,,142.0,172.0,862.0,862.0,True,1.44,8.88,4701577736,30.6485928,104.0727955
85217,,142.0,172.0,862.0,862.0,True,0.54,8.0,5141326917,30.6102598,104.0592811
107824,,143.0,173.0,863.0,863.0,True,0.7,8.0,432429386,30.6399004,104.0516727
114283,,143.0,173.0,863.0,863.0,True,1.63,9.26,3516892731,30.6662803,104.0579399
12567,,143.0,173.0,863.0,863.0,True,0.44,8.0,4638050363,30.71299,104.06038
147639,,143.0,173.0,863.0,863.0,True,0.01,8.0,3562110284,30.655542,104.08101
194874,,143.0,173.0,863.0,863.0,True,0.7,8.0,5283966122,30.6507739,104.096601
205669,,143.0,173.0,863.0,863.0,True,0.01,8.0,4548141073,30.6249617,104.081466
208921,,143.0,173.0,863.0,863.0,True,1.46,8.92,3613960004,30.6696875,104.0535936
24304,,143.0,173.0,863.0,863.0,True,1.59,9.18,1912247118,30.6148017,104.0966824
56607,,143.0,173.0,863.0,863.0,True,1.28,8.56,838319885,30.64775,104.10787
59975,,143.0,173.0,863.0,863.0,True,0.7,8.0,4444112336,30.7188785,104.1019167
68264,,143.0,173.0,863.0,863.0,True,0.11,8.0,4548318082,30.6258223,104.0947612
68697,,143.0,173.0,863.0,863.0,True,0.01,8.0,1445511809,30.6498056,104.0641589
100247,,144.0,174.0,864.0,864.0,True,1.85,9.7,5367321403,30.66354,103.99396
127172,,144.0,174.0,864.0,864.0,True,3.31,12.62,3693209216,30.6645496,104.0299484
127273,,144.0,174.0,864.0,864.0,True,2.47,10.94,1492609349,30.6226957,104.0643849
128927,,144.0,174.0,864.0,864.0,True,2.03,10.06,504315313,30.7000149,104.1035364
166191,,144.0,174.0,864.0,864.0,True,0.23,8.0,2722829577,30.70032,104.06611
177320,,144.0,174.0,864.0,864.0,True,0.29,8.0,4106681957,30.6294201,103.9727005
179790,,144.0,174.0,864.0,864.0,True,3.31,12.62,2843286579,30.6882841,104.0576045
183692,,144.0,174.0,864.0,864.0,True,0.29,8.0,1916386581,30.6325464,104.0197256
199461,,144.0,174.0,864.0,864.0,True,2.53,11.06,1159172636,30.6229853,104.0775336
69137,,144.0,174.0,864.0,864.0,True,1.37,8.74,4550018931,30.6531037,104.0603723
135828,,145.0,175.0,865.0,865.0,True,1.03,8.06,4693647096,30.6348677,104.0732236
163701,,145.0,175.0,865.0,865.0,True,0.74,8.0,1492574990,30.6230978,104.0642619
197043,,145.0,175.0,865.0,865.0,True,0.07,8.0,314623160,30.67007,104.06723
204933,,145.0,175.0,865.0,865.0,True,3.34,12.68,1504207678,30.7116914,104.0982666
21471,,145.0,175.0,865.0,865.0,True,1.03,8.06,4987535059,30.6305476,104.0142447
21619,,145.0,175.0,865.0,865.0,True,3.34,12.68,2843286568,30.692453,104.057205
9465,,145.0,175.0,865.0,865.0,True,0.07,8.0,1301933033,30.6442836,104.0814852
22856,,146.0,176.0,866.0,866.0,True,1.8,9.6,4699007281,30.6150398,104.0349117
41373,,146.0,176.0,866.0,866.0,True,1.2,8.4,2041527461,30.693292,104.0970895
106472,,147.0,177.0,867.0,867.0,True,1.26,8.52,5213238519,30.659146,104.0790495
130806,,147.0,177.0,867.0,867.0,True,3.07,12.14,1458995150,30.6597666,104.0982723
160917,,147.0,177.0,867.0,867.0,True,1.93,9.86,5213238403,30.6359474,104.064871
170454,,147.0,177.0,867.0,867.0,True,0.43,8.0,1756176918,30.6762655,104.0710256
65950,,147.0,177.0,867.0,867.0,True,0.87,8.0,5002301701,30.6910092,104.0356772
75927,,147.0,177.0,867.0,867.0,True,1.93,9.86,4294975865,30.65101,103.99595
76160,,147.0,177.0,867.0,867.0,True,1.93,9.86,5213253193,30.6664935,104.1103019
156291,,148.0,178.0,868.0,868.0,True,3.6,13.2,3582236095,30.7193016,103.9917401
51215,,148.0,178.0,868.0,868.0,True,1.98,9.96,4550770092,30.6305628,104.1012908
70013,,148.0,178.0,868.0,868.0,True,0.5,8.0,963638438,30.7016771,104.0441046
70235,,148.0,178.0,868.0,868.0,True,1.03,8.06,288416372,30.7249372,104.104235
11785,,149.0,179.0,869.0,869.0,True,1.97,9.94,3927877874,30.6766776,103.9867634
136252,,149.0,179.0,869.0,869.0,True,0.93,8.0,2204171412,30.7213341,104.0984937
143239,,149.0,179.0,869.0,869.0,True,0.81,8.0,1507236181,30.7113944,104.0780773
151866,,149.0,179.0,869.0,869.0,True,0.54,8.0,4794992619,30.6398884,104.0676252
171167,,149.0,179.0,869.0,869.0,True,0.08,8.0,4550018622,30.6097035,103.9804203
178499,,149.0,179.0,869.0,869.0,True,1.85,9.7,3541427561,30.70667,104.0433
194642,,149.0,179.0,869.0,869.0,True,1.97,9.94,4438025580,30.6961,104.0786914
199229,,149.0,179.0,869.0,869.0,True,0.26,8.0,1445526137,30.6499564,104.0636053
200550,,149.0,179.0,869.0,869.0,True,0.08,8.0,4548211652,30.6703553,104.0580108
203783,,149.0,179.0,869.0,869.0,True,0.09,8.0,314614375,30.6219189,104.0399447
24451,,149.0,179.0,869.0,869.0,True,2.16,10.32,2729160274,30.6108314,104.0897464
28336,,149.0,179.0,869.0,869.0,True,1.97,9.94,1916386446,30.6315225,104.0156955
29575,,149.0,179.0,869.0,869.0,True,1.97,9.94,5141468799,30.6305242,104.1014825
49473,,149.0,179.0,869.0,869.0,True,2.68,11.36,1815855140,30.6778089,103.9685524
53604,,149.0,179.0,869.0,869.0,True,0.8,8.0,4548209355,30.6258131,104.0473264
77419,,149.0,179.0,869.0,869.0,True,0.36,8.0,1159461706,30.6741038,104.040131
79842,,149.0,179.0,869.0,869.0,True,2.68,11.36,2956775875,30.7003599,104.0367594
92061,,149.0,179.0,869.0,869.0,True,0.8,8.0,432432535,30.6542013,104.0440009
114532,,150.0,180.0,870.0,870.0,True,0.27,8.0,4548317901,30.6443749,104.0845691
148642,,150.0,180.0,870.0,870.0,True,0.98,8.0,4701464739,30.614716,104.0620243
153911,,150.0,180.0,870.0,870.0,True,0.57,8.0,4359391012,30.72361,104.11527
156844,,150.0,180.0,870.0,870.0,True,1.05,8.1,4106682242,30.6837922,104.0043502
174788,,150.0,180.0,870.0,870.0,True,0.27,8.0,1947584056,30.6834598,104.0834872
175653,,150.0,180.0,870.0,870.0,True,0.16,8.0,4585443315,30.6681629,104.0466436
55139,,150.0,180.0,870.0,870.0,True,0.57,8.0,5375783806,30.6558811,104.0016809
10115,,151.0,181.0,871.0,871.0,True,0.71,8.0,1156126796,30.67449,104.04448
101480,,151.0,181.0,871.0,871.0,True,1.97,9.94,4695601590,30.6143406,104.0356097
104380,,151.0,181.0,871.0,871.0,True,0.19,8.0,2843286551,30.6900819,104.0605694
106267,,151.0,181.0,871.0,871.0,True,3.18,12.36,672349693,30.696543,104.07224
117851,,151.0,181.0,871.0,871.0,True,1.97,9.94,3266784227,30.6194413,104.0493543
11861,,151.0,181.0,871.0,871.0,True,2.43,10.86,3562047425,30.7020022,104.0719644
152268,,151.0,181.0,871.0,871.0,True,1.54,9.08,1305816719,30.6489617,104.0824983
165377,,151.0,181.0,871.0,871.0,True,1.71,9.42,4550018984,30.6508866,104.0565919
3587,,151.0,181.0,871.0,871.0,True,0.4,8.0,3034029074,30.6832722,103.9874927
85968,,151.0,181.0,871.0,871.0,True,0.82,8.0,4107376998,30.6094154,104.0065025
123040,,152.0,182.0,872.0,872.0,True,0.16,8.0,441221495,30.6503372,104.0222864
126546,,152.0,182.0,872.0,872.0,True,2.56,11.12,2843286546,30.6916447,104.0637279
128092,,152.0,182.0,872.0,872.0,True,1.62,9.24,4964000123,30.7181228,104.0312803
146730,,152.0,182.0,872.0,872.0,True,0.56,8.0,3089029134,30.6623049,104.0486799
157536,,152.0,182.0,872.0,872.0,True,0.77,8.0,4903105811,30.6565693,104.0842601
165703,,152.0,182.0,872.0,872.0,True,1.23,8.46,1499189790,30.7172103,104.1010689
23257,,152.0,182.0,872.0,872.0,True,0.46,8.0,1159472371,30.6978522,104.0379733
27060,,152.0,182.0,872.0,872.0,True,0.4,8.0,1072698538,30.717676,104.0701695
91944,,152.0,182.0,872.0,872.0,True,0.75,8.0,4772476118,30.6612464,104.0472241
94016,,152.0,182.0,872.0,872.0,True,2.56,11.12,1815741570,30.6864039,104.0764746
104648,,153.0,183.0,873.0,873.0,True,1.27,8.54,4106682105,30.643269,103.9814521
185963,,153.0,183.0,873.0,873.0,True,2.46,10.92,1815741571,30.68658,104.0734
203299,,153.0,183.0,873.0,873.0,True,2.46,10.92,4550018900,30.6234247,104.0153164
22992,,153.0,183.0,873.0,873.0,True,3.21,12.42,5213253142,30.6656392,104.1094973
35967,,153.0,183.0,873.0,873.0,True,1.64,9.28,1507228514,30.7131726,104.0782277
73296,,153.0,183.0,873.0,873.0,True,3.21,12.42,838319887,30.6449947,104.1092735
74408,,153.0,183.0,873.0,873.0,True,0.38,8.0,4972899566,30.6208285,104.0549477
90093,,153.0,183.0,873.0,873.0,True,1.27,8.54,4400595034,30.6741326,104.0752209
127551,,154.0,184.0,874.0,874.0,True,0.29,8.0,1290303454,30.656855,104.072296
159296,,154.0,184.0,874.0,874.0,True,0.99,8.0,5382831176,30.6754465,104.0984991
206120,,154.0,184.0,874.0,874.0,True,0.59,8.0,432442889,30.6969248,103.9777283
66334,,154.0,184.0,874.0,874.0,True,1.76,9.52,1159496654,30.6900811,104.0391398
10520,,155.0,185.0,875.0,875.0,True,1.56,9.12,1159486373,30.6864357,104.0671135
126966,,155.0,185.0,875.0,875.0,True,0.16,8.0,671587267,30.6451322,104.066073
200059,,155.0,185.0,875.0,875.0,True,0.09,8.0,3199773577,30.7002921,104.1076309
20382,,155.0,185.0,875.0,875.0,True,0.59,8.0,436486247,30.6343213,104.0011051
35428,,155.0,185.0,875.0,875.0,True,1.24,8.48,5037045685,30.632776,104.0878467
4343,,155.0,185.0,875.0,875.0,True,0.16,8.0,4548141024,30.6234589,104.0812529
451,,155.0,185.0,875.0,875.0,True,1.11,8.22,4772463281,30.660393,104.0443583
52027,,155.0,185.0,875.0,875.0,True,0.76,8.0,1339701419,30.697289,104.0443
55302,,155.0,185.0,875.0,875.0,True,0.59,8.0,4549993299,30.6509591,103.9899829
57625,,155.0,185.0,875.0,875.0,True,0.84,8.0,4695601336,30.6093642,104.0301001
173437,,156.0,186.0,876.0,876.0,True,2.85,11.7,2118910090,30.707342,104.0875578
41739,,156.0,186.0,876.0,876.0,True,0.3,8.0,1916530800,30.6351519,103.979867
62018,,156.0,186.0,876.0,876.0,True,0.45,8.0,5213252904,30.6777361,104.1060013
8504,,156.0,186.0,876.0,876.0,True,0.83,8.0,3516890334,30.6952485,103.983139
100979,,157.0,187.0,877.0,877.0,True,1.35,8.7,4693609981,30.62918,104.0716
130394,,157.0,187.0,877.0,877.0,True,3.12,12.24,4987536539,30.627694,104.0011409
158611,,157.0,187.0,877.0,877.0,True,0.27,8.0,4393223481,30.6264928,104.0461577
16493,,157.0,187.0,877.0,877.0,True,3.12,12.24,3028924416,30.6295915,104.0451446
165083,,157.0,187.0,877.0,877.0,True,0.08,8.0,2726912083,30.6798906,104.0551667
180759,,157.0,187.0,877.0,877.0,True,1.16,8.32,1159447643,30.67377,104.02826
193757,,157.0,187.0,877.0,877.0,True,1.23,8.46,5249392199,30.6466294,103.9731396
21635,,157.0,187.0,877.0,877.0,True,0.27,8.0,1159138407,30.66448,104.09808
23387,,157.0,187.0,877.0,877.0,True,1.35,8.7,2217714926,30.6609975,104.0718879
37343,,157.0,187.0,877.0,877.0,True,1.68,9.36,2722829541,30.707018,104.05071
57843,,157.0,187.0,877.0,877.0,True,0.12,8.0,4586722653,30.68489,104.0389
73129,,157.0,187.0,877.0,877.0,True,0.19,8.0,1507261238,30.7142458,104.0699325
99550,,157.0,187.0,877.0,877.0,True,0.08,8.0,3033986326,30.6552629,104.0222686
113098,,158.0,188.0,878.0,878.0,True,0.86,8.0,314654830,30.628729,104.0444735
1196,,158.0,188.0,878.0,878.0,True,0.41,8.0,4634806780,30.6511503,104.1108874
132012,,158.0,188.0,878.0,878.0,True,1.33,8.66,5102886111,30.6913898,103.9831726
153455,,158.0,188.0,878.0,878.0,True,1.33,8.66,3445813127,30.6697145,104.0767033
24787,,158.0,188.0,878.0,878.0,True,0.88,8.0,3034408999,30.7030082,104.0896208
39335,,158.0,188.0,878.0,878.0,True,0.89,8.0,4695640608,30.6119402,104.0259882
52726,,158.0,188.0,878.0,878.0,True,1.11,8.22,2329066042,30.6546052,104.1124316
60469,,158.0,188.0,878.0,878.0,True,0.35,8.0,1156126879,30.6805804,104.0546372
76528,,158.0,188.0,878.0,878.0,True,0.41,8.0,5359113218,30.6777224,104.0114833
94359,,158.0,188.0,878.0,878.0,True,1.37,8.74,441187448,30.688431,104.0577003
112251,,159.0,189.0,879.0,879.0,True,1.36,8.72,1159516304,30.64395,104.07609
12315,,159.0,189.0,879.0,879.0,True,0.35,8.0,4695601570,30.6108563,104.0328647
128272,,159.0,189.0,879.0,879.0,True,2.04,10.08,2135946750,30.6243982,104.0048233
132534,,159.0,189.0,879.0,879.0,True,0.42,8.0,5367321384,30.6635871,104.0054224
132879,,159.0,189.0,879.0,879.0,True,0.28,8.0,5375783440,30.6195247,104.0063164
146940,,159.0,189.0,879.0,879.0,True,0.33,8.0,1918491727,30.6532608,103.9756239
149985,,159.0,189.0,879.0,879.0,True,1.1,8.2,2729413201,30.6295676,104.0481606
189643,,159.0,189.0,879.0,879.0,True,0.33,8.0,963638438,30.70167,104.04466
30059,,159.0,189.0,879.0,879.0,True,1.36,8.72,432442981,30.6755493,104.0151322
49891,,159.0,189.0,879.0,879.0,True,1.35,8.7,1947583813,30.69252,104.07993
100623,,160.0,190.0,880.0,880.0,True,0.67,8.0,1458687639,30.6807992,104.0936388
100931,,160.0,190.0,880.0,880.0,True,1.45,8.9,3034409142,30.71728,104.10377
135219,,160.0,190.0,880.0,880.0,True,1.17,8.34,4136052362,30.6124723,104.0482938
161026,,160.0,190.0,880.0,880.0,True,0.34,8.0,5218240006,30.7007377,104.0538429
165723,,160.0,190.0,880.0,880.0,True,1.17,8.34,1815741573,30.688207,104.0671706
27633,,160.0,190.0,880.0,880.0,True,1.58,9.16,1159504053,30.6974065,104.0212036
30159,,160.0,190.0,880.0,880.0,True,0.84,8.0,4701400690,30.6110509,104.0645522
4545,,160.0,190.0,880.0,880.0,True,1.59,9.18,1159169838,30.6340123,104.0870538
72775,,160.0,190.0,880.0,880.0,True,3.1,12.2,4106682211,30.6646,103.97663
76650,,160.0,190.0,880.0,880.0,True,1.73,9.46,1455094525,30.6963224,104.1056643
81079,,160.0,190.0,880.0,880.0,True,3.1,12.2,1493202240,30.6115156,104.0580196
128253,,161.0,191.0,881.0,881.0,True,0.74,8.0,1159935140,30.6705902,103.9977122
160668,,161.0,191.0,881.0,881.0,True,1.09,8.18,4794944084,30.6455207,104.0595186
166599,,161.0,191.0,881.0,881.0,True,1.33,8.66,1455099101,30.69534,104.1045
173139,,161.0,191.0,881.0,881.0,True,1.24,8.48,1159452250,30.67307,104.03832
182274,,161.0,191.0,881.0,881.0,True,1.05,8.1,4779165718,30.6370683,104.025643
184731,,161.0,191.0,881.0,881.0,True,2.09,10.18,1956554705,30.67516,104.10899
197600,,161.0,191.0,881.0,881.0,True,1.09,8.18,5100157872,30.6337197,104.08098
25673,,161.0,191.0,881.0,881.0,True,1.0,8.0,4779165773,30.6381677,104.0735962
2826,,161.0,191.0,881.0,881.0,True,0.31,8.0,1159131919,30.669681,104.0854025
11017,,162.0,192.0,882.0,882.0,True,2.17,10.34,1312615996,30.6505946,104.0541678
115011,,162.0,192.0,882.0,882.0,True,1.74,9.48,963638438,30.70167,104.04466
124319,,162.0,192.0,882.0,882.0,True,0.5,8.0,1947138487,30.68527,104.08512
140060,,162.0,192.0,882.0,882.0,True,0.28,8.0,1159229835,30.676058,104.0823043
144122,,162.0,192.0,882.0,882.0,True,1.74,9.48,4779165759,30.62614,104.0309085
174896,,162.0,192.0,882.0,882.0,True,0.44,8.0,4548211308,30.6730409,104.0579156
191079,,162.0,192.0,882.0,882.0,True,0.2,8.0,1458570754,30.6901935,104.095233
85085,,162.0,192.0,882.0,882.0,True,1.64,9.28,1458570760,30.6933855,104.0887586
91027,,162.0,192.0,882.0,882.0,True,0.28,8.0,2472030043,30.66215,104.06254
108617,,163.0,193.0,883.0,883.0,True,0.12,8.0,4078817932,30.7044827,104.0812617
125099,,163.0,193.0,883.0,883.0,True,0.97,8.0,2041337968,30.68012,104.10046
136133,,163.0,193.0,883.0,883.0,True,1.64,9.28,4149734728,30.6432335,104.100908
178560,,163.0,193.0,883.0,883.0,True,1.67,9.34,4772463265,30.6632231,104.0456704
190337,,163.0,193.0,883.0,883.0,True,1.61,9.22,4102485563,30.6906476,104.0359972
193011,,163.0,193.0,883.0,883.0,True,0.68,8.0,1827955129,30.66337,104.05616
2081,,163.0,193.0,883.0,883.0,True,1.0,8.0,432442981,30.6755493,104.0151322
26652,,163.0,193.0,883.0,883.0,True,1.64,9.28,1072704339,30.7051543,104.0638613
49427,,163.0,193.0,883.0,883.0,True,0.22,8.0,1918491753,30.6329153,103.974869
67952,,163.0,193.0,883.0,883.0,True,0.68,8.0,5141468625,30.6348357,104.0914317
96098,,163.0,193.0,883.0,883.0,True,0.21,8.0,432452874,30.615053,104.053595
129507,,164.0,194.0,884.0,884.0,True,0.82,8.0,3541376587,30.7225,104.0587
135726,,164.0,194.0,884.0,884.0,True,1.39,8.78,3436486406,30.6423816,104.0473723
137203,,164.0,194.0,884.0,884.0,True,0.95,8.0,4693610147,30.6353451,104.0677562
14164,,164.0,194.0,884.0,884.0,True,1.41,8.82,4548318161,30.6319802,104.092318
156998,,164.0,194.0,884.0,884.0,True,1.13,8.26,314622956,30.6469045,104.0472313
169467,,164.0,194.0,884.0,884.0,True,0.19,8.0,4772463247,30.664673,104.04639
181967,,164.0,194.0,884.0,884.0,True,1.32,8.64,2908412242,30.6478073,104.0837688
18807,,164.0,194.0,884.0,884.0,True,0.62,8.0,3523298664,30.6318984,104.0466713
189080,,164.0,194.0,884.0,884.0,True,1.19,8.38,5218239998,30.6983766,104.0523229
192339,,164.0,194.0,884.0,884.0,True,0.9,8.0,4799195763,30.613382,103.9878683
207472,,164.0,194.0,884.0,884.0,True,1.19,8.38,4782097006,30.6261211,104.023372
22514,,164.0,194.0,884.0,884.0,True,1.59,9.18,4572410029,30.6650461,104.0447106
23874,,164.0,194.0,884.0,884.0,True,0.9,8.0,4548259490,30.6872951,104.0522103
32239,,164.0,194.0,884.0,884.0,True,0.3,8.0,4779165773,30.6381677,104.0735962
42024,,164.0,194.0,884.0,884.0,True,1.62,9.24,4550018995,30.6489552,104.0516769
44598,,164.0,194.0,884.0,884.0,True,0.84,8.0,4548211238,30.6705398,104.0380758
59973,,164.0,194.0,884.0,884.0,True,1.95,9.9,5310712649,30.6640719,104.1094279
111743,,165.0,195.0,885.0,885.0,True,0.11,8.0,5283966206,30.70115,104.10492
134755,,165.0,195.0,885.0,885.0,True,0.53,8.0,2135942408,30.6153685,104.0164765
143159,,165.0,195.0,885.0,885.0,True,0.14,8.0,1159138415,30.660847,104.09395
171514,,165.0,195.0,885.0,885.0,True,0.14,8.0,3445813113,30.6626767,104.0776016
177444,,165.0,195.0,885.0,885.0,True,1.01,8.02,4772214764,30.6799822,104.0050337
187043,,165.0,195.0,885.0,885.0,True,1.3,8.6,4978440954,30.67703,104.07951
21480,,165.0,195.0,885.0,885.0,True,1.52,9.04,4693609960,30.6287686,104.0731289
65795,,165.0,195.0,885.0,885.0,True,0.51,8.0,1159451504,30.676394,104.04174
121915,,166.0,196.0,886.0,886.0,True,0.36,8.0,432442944,30.680532,104.0255391
149633,,166.0,196.0,886.0,886.0,True,1.54,9.08,1159516301,30.6419238,104.0760488
55363,,166.0,196.0,886.0,886.0,True,0.93,8.0,1159171719,30.6146361,104.0791327
67471,,166.0,196.0,886.0,886.0,True,1.68,9.36,3562028086,30.68063,104.11622
9455,,166.0,196.0,886.0,886.0,True,0.12,8.0,1301932975,30.65519,104.07156
97992,,166.0,196.0,886.0,886.0,True,1.86,9.72,4693610147,30.6353451,104.0677562
102520,,167.0,197.0,887.0,887.0,True,0.83,8.0,3087817502,30.6685795,103.9850982
140894,,167.0,197.0,887.0,887.0,True,1.66,9.32,4549992995,30.7032927,104.0361075
176027,,167.0,197.0,887.0,887.0,True,1.33,8.66,2041314666,30.6792958,104.1007694
45068,,167.0,197.0,887.0,887.0,True,0.83,8.0,5375784030,30.6567371,103.9875108
49641,,167.0,197.0,887.0,887.0,True,1.33,8.66,5382831222,30.6779593,104.0935433
70665,,167.0,197.0,887.0,887.0,True,0.22,8.0,5359113207,30.6779485,104.0086357
92889,,167.0,197.0,887.0,887.0,True,0.01,8.0,5141328653,30.6135957,104.0629076
98162,,167.0,197.0,887.0,887.0,True,0.37,8.0,1159223969,30.7084437,104.038858
123719,,168.0,198.0,888.0,888.0,True,1.38,8.76,3089029141,30.6620189,104.0485007
14736,,168.0,198.0,888.0,888.0,True,0.44,8.0,5141328739,30.6110513,104.0641877
160422,,168.0,198.0,888.0,888.0,True,0.14,8.0,4548141051,30.6261807,104.0743161
19667,,168.0,198.0,888.0,888.0,True,0.19,8.0,5213253168,30.65798,104.11079
207303,,168.0,198.0,888.0,888.0,True,3.37,12.74,2729160274,30.6108314,104.0897464
29871,,168.0,198.0,888.0,888.0,True,0.33,8.0,4772214764,30.6799822,104.0050337
3654,,168.0,198.0,888.0,888.0,True,1.24,8.48,1492633099,30.6218826,104.0646505
49932,,168.0,198.0,888.0,888.0,True,1.29,8.58,1305816712,30.6694879,104.0662325
70109,,168.0,198.0,888.0,888.0,True,1.56,9.12,5213252912,30.7037964,104.0932929
102669,,169.0,199.0,889.0,889.0,True,1.36,8.72,4695700252,30.6176259,104.0200723
118785,,169.0,199.0,889.0,889.0,True,0.76,8.0,2204171432,30.7214787,104.0991562
159596,,169.0,199.0,889.0,889.0,True,1.31,8.62,4748183735,30.6272299,104.0186132
17060,,169.0,199.0,889.0,889.0,True,1.59,9.18,4107377010,30.6310133,104.0017622
173883,,169.0,199.0,889.0,889.0,True,1.06,8.12,1819305110,30.635022,104.1047101
176202,,169.0,199.0,889.0,889.0,True,1.4,8.8,4695640525,30.6156659,104.0253032
18872,,169.0,199.0,889.0,889.0,True,1.36,8.72,2472030042,30.6624409,104.0616874
19787,,169.0,199.0,889.0,889.0,True,1.73,9.46,3541393472,30.6875485,104.0235791
198148,,169.0,199.0,889.0,889.0,True,0.9,8.0,4779165730,30.630515,104.027462
209029,,169.0,199.0,889.0,889.0,True,1.59,9.18,2333096908,30.6266048,103.9847389
33061,,169.0,199.0,889.0,889.0,True,0.47,8.0,4772216125,30.6779302,104.007631
35012,,169.0,199.0,889.0,889.0,True,0.04,8.0,5100157859,30.6328176,104.0802844
55547,,169.0,199.0,889.0,889.0,True,0.25,8.0,2722829585,30.7011424,104.0681748
74379,,169.0,199.0,889.0,889.0,True,1.14,8.28,4695640526,30.6150763,104.0247805
177095,,170.0,200.0,890.0,890.0,True,0.69,8.0,5375783992,30.653393,103.9914819
185063,,170.0,200.0,890.0,890.0,True,1.51,9.02,2564229430,30.6546922,104.0110991
199984,,170.0,200.0,890.0,890.0,True,0.36,8.0,4779165796,30.6358728,104.0737808
2597,,170.0,200.0,890.0,890.0,True,0.69,8.0,432429376,30.6372473,104.0536809
29979,,170.0,200.0,890.0,890.0,True,1.18,8.36,3562099185,30.6512457,104.0754872
38227,,170.0,200.0,890.0,890.0,True,1.31,8.62,2712338395,30.7074645,104.037849
56294,,170.0,200.0,890.0,890.0,True,0.83,8.0,1815729260,30.7140442,104.0720424
7499,,170.0,200.0,890.0,890.0,True,0.36,8.0,465203743,30.7062979,104.1024445
9625,,170.0,200.0,890.0,890.0,True,1.29,8.58,4772463248,30.6629599,104.0461897
97093,,170.0,200.0,890.0,890.0,True,2.22,10.44,1457841123,30.6983327,104.1044663
108755,,171.0,201.0,891.0,891.0,True,1.45,8.9,4106681973,30.6405714,103.9752821
148586,,171.0,201.0,891.0,891.0,True,0.29,8.0,1506493240,30.7135612,104.0726633
160215,,171.0,201.0,891.0,891.0,True,1.03,8.06,2213049521,30.6190829,104.1093596
176803,,171.0,201.0,891.0,891.0,True,0.2,8.0,479902270,30.631099,104.0982514
17682,,171.0,201.0,891.0,891.0,True,1.83,9.66,5315745146,30.6882689,104.0565912
183375,,171.0,201.0,891.0,891.0,True,0.2,8.0,4548211359,30.674274,104.05911
186076,,171.0,201.0,891.0,891.0,True,1.35,8.7,4548259376,30.6905693,104.0491032
22852,,171.0,201.0,891.0,891.0,True,1.03,8.06,672282820,30.6576313,104.1025681
39487,,171.0,201.0,891.0,891.0,True,1.03,8.06,5141468658,30.6393528,104.0971926
55967,,171.0,201.0,891.0,891.0,True,2.14,10.28,3436486403,30.64034,104.04715
59643,,171.0,201.0,891.0,891.0,True,0.13,8.0,1815741573,30.688207,104.0671706
862,,171.0,201.0,891.0,891.0,True,1.55,9.1,2041527402,30.6905958,104.0943714
99285,,171.0,201.0,891.0,891.0,True,0.29,8.0,4230839437,30.6549482,104.0663923
132806,,172.0,202.0,892.0,892.0,True,1.45,8.9,4773916476,30.6567796,104.0026871
157771,,172.0,202.0,892.0,892.0,True,1.06,8.12,1964301825,30.6731621,104.0877341
38095,,172.0,202.0,892.0,892.0,True,1.63,9.26,4550769314,30.653261,104.11498
60716,,172.0,202.0,892.0,892.0,True,0.15,8.0,3445813122,30.6621982,104.080726
60819,,172.0,202.0,892.0,892.0,True,0.24,8.0,4548142597,30.6226571,104.0743595
65517,,172.0,202.0,892.0,892.0,True,0.24,8.0,1159227442,30.6927,104.0513867
66919,,172.0,202.0,892.0,892.0,True,0.28,8.0,4548211190,30.6294211,104.0210117
82117,,172.0,202.0,892.0,892.0,True,1.63,9.26,4934383696,30.6132876,104.112267
102051,,173.0,203.0,893.0,893.0,True,0.88,8.0,4773916439,30.6587323,104.0026072
11581,,173.0,203.0,893.0,893.0,True,2.33,10.66,432432515,30.650556,104.0579121
149760,,173.0,203.0,893.0,893.0,True,0.88,8.0,3943038370,30.6435175,104.069155
174785,,173.0,203.0,893.0,893.0,True,0.88,8.0,838319857,30.6422958,104.105178
74763,,173.0,203.0,893.0,893.0,True,1.03,8.06,4550019068,30.6529955,104.0532503
200887,,174.0,204.0,894.0,894.0,True,0.02,8.0,432453013,30.65416,104.08686
36034,,174.0,204.0,894.0,894.0,True,1.3,8.6,4106682126,30.64508,103.9849352
42329,,174.0,204.0,894.0,894.0,True,0.02,8.0,432442900,30.6646498,104.0339359
47763,,174.0,204.0,894.0,894.0,True,1.94,9.88,4549759333,30.6908734,104.035395
56507,,174.0,204.0,894.0,894.0,True,1.3,8.6,4549759293,30.66753,104.05828
70173,,174.0,204.0,894.0,894.0,True,1.82,9.64,4772451024,30.6806986,104.0080739
799,,174.0,204.0,894.0,894.0,True,2.05,10.1,3562055475,30.71803,104.03677
83735,,174.0,204.0,894.0,894.0,True,2.77,11.54,2726869945,30.6784606,104.0389184
97909,,174.0,204.0,894.0,894.0,True,1.0,8.0,3582243020,30.7257132,103.9989372
105393,,175.0,205.0,895.0,895.0,True,1.73,9.46,2564226656,30.6433308,104.0173653
13140,,175.0,205.0,895.0,895.0,True,0.21,8.0,4701577747,30.6199344,104.0817949
133857,,175.0,205.0,895.0,895.0,True,1.69,9.38,2214043180,30.6285207,104.087315
142807,,175.0,205.0,895.0,895.0,True,1.35,8.7,2717964376,30.628086,104.066696
164997,,175.0,205.0,895.0,895.0,True,0.46,8.0,3613960016,30.6637584,104.0523448
194703,,175.0,205.0,895.0,895.0,True,1.67,9.34,432432572,30.6616054,104.0378236
24427,,175.0,205.0,895.0,895.0,True,0.21,8.0,2560005515,30.6276597,104.0222558
52679,,175.0,205.0,895.0,895.0,True,0.15,8.0,3691210130,30.6581111,104.0127168
56075,,175.0,205.0,895.0,895.0,True,0.41,8.0,432432546,30.66243,104.04068
77506,,175.0,205.0,895.0,895.0,True,0.21,8.0,2119004937,30.6986814,104.0269566
107299,,176.0,206.0,896.0,896.0,True,1.56,9.12,4972893912,30.6129315,104.0465191
1816,,176.0,206.0,896.0,896.0,True,0.8,8.0,4967265752,30.702427,104.0054921
36498,,176.0,206.0,896.0,896.0,True,0.14,8.0,4550018967,30.6328134,103.9804594
55164,,176.0,206.0,896.0,896.0,True,1.91,9.82,1492396692,30.6551287,104.0633522
82942,,176.0,206.0,896.0,896.0,True,1.26,8.52,439751965,30.7051379,104.0066309
92318,,176.0,206.0,896.0,896.0,True,0.45,8.0,4106682235,30.6803444,103.9972241
147964,,177.0,207.0,897.0,897.0,True,0.12,8.0,2847758682,30.6669625,104.1117503
163653,,177.0,207.0,897.0,897.0,True,1.85,9.7,5141328646,30.6119273,104.0611141
168139,,177.0,207.0,897.0,897.0,True,0.79,8.0,3034409147,30.7128685,104.1067446
16818,,177.0,207.0,897.0,897.0,True,0.75,8.0,3680455709,30.6592723,104.0171903
174924,,177.0,207.0,897.0,897.0,True,1.24,8.48,5055908320,30.7151913,104.1070969
187948,,177.0,207.0,897.0,897.0,True,0.66,8.0,5375783897,30.6565525,103.9919847
195912,,177.0,207.0,897.0,897.0,True,0.76,8.0,2956775834,30.7102364,104.0374852
51527,,177.0,207.0,897.0,897.0,True,0.76,8.0,4548259386,30.680044,104.05323
5251,,177.0,207.0,897.0,897.0,True,0.77,8.0,1159143438,30.6643061,104.1015089
89403,,177.0,207.0,897.0,897.0,True,1.19,8.38,432452895,30.61771,104.05751
116190,,178.0,208.0,898.0,898.0,True,1.92,9.84,1918491758,30.6427077,104.0042208
127243,,178.0,208.0,898.0,898.0,True,2.3,10.6,1159223970,30.703653,104.04305
131177,,178.0,208.0,898.0,898.0,True,2.05,10.1,3582243031,30.7079381,104.0028381
131583,,178.0,208.0,898.0,898.0,True,0.86,8.0,3562047448,30.7092817,104.065306
155117,,178.0,208.0,898.0,898.0,True,1.31,8.62,4548211362,30.6770164,104.051386
163899,,178.0,208.0,898.0,898.0,True,0.12,8.0,4106681953,30.627441,103.99623
177152,,178.0,208.0,898.0,898.0,True,0.34,8.0,4699007279,30.6149907,104.0357408
177336,,178.0,208.0,898.0,898.0,True,1.11,8.22,803149786,30.6791052,104.0920183
177812,,178.0,208.0,898.0,898.0,True,0.41,8.0,4548211640,30.6607007,104.0559315
25704,,178.0,208.0,898.0,898.0,True,0.69,8.0,3541389065,30.6884171,104.0366024
32571,,178.0,208.0,898.0,898.0,True,1.92,9.84,3614069295,30.6630333,104.0533622
53369,,178.0,208.0,898.0,898.0,True,1.31,8.62,5145177740,30.722214,104.100802
63941,,178.0,208.0,898.0,898.0,True,0.44,8.0,1311904446,30.6417883,104.072733
96945,,178.0,208.0,898.0,898.0,True,0.65,8.0,1159516309,30.6461422,104.0780014
97347,,178.0,208.0,898.0,898.0,True,3.22,12.44,4991425463,30.6454802,103.9875976
111577,,179.0,209.0,899.0,899.0,True,0.46,8.0,4230611271,30.6517581,104.0702595
127802,,179.0,209.0,899.0,899.0,True,0.29,8.0,2039550418,30.6387613,104.1120725
136128,,179.0,209.0,899.0,899.0,True,1.55,9.1,2276187310,30.6836141,104.0836003
148179,,179.0,209.0,899.0,899.0,True,0.46,8.0,3034409026,30.71521,104.09383
151048,,179.0,209.0,899.0,899.0,True,1.64,9.28,1956567320,30.6795793,104.1121713
174903,,179.0,209.0,899.0,899.0,True,0.18,8.0,5141326919,30.6107738,104.0587845
21026,,179.0,209.0,899.0,899.0,True,2.0,10.0,1918491708,30.6316005,104.0069373
48440,,179.0,209.0,899.0,899.0,True,0.92,8.0,465203714,30.7014308,104.1026237
6732,,179.0,209.0,899.0,899.0,True,0.65,8.0,4524499991,30.7142699,104.1069589
1303,,180.0,210.0,900.0,900.0,True,0.99,8.0,432429421,30.6355,104.03452
162420,,180.0,210.0,900.0,900.0,True,0.32,8.0,4695700288,30.6151212,104.0133953
164647,,180.0,210.0,900.0,900.0,True,0.83,8.0,628641733,30.68882,104.04616
188363,,180.0,210.0,900.0,900.0,True,2.59,11.18,1301932975,30.6550718,104.0712822
199581,,180.0,210.0,900.0,900.0,True,1.28,8.56,4981598380,30.631136,103.9945898
22321,,180.0,210.0,900.0,900.0,True,1.41,8.82,439751641,30.6784199,103.9896669
85446,,180.0,210.0,900.0,900.0,True,1.63,9.26,4550018795,30.6169977,104.033906
91352,,180.0,210.0,900.0,900.0,True,1.84,9.68,3331333440,30.6145225,104.0755938
106282,,181.0,211.0,901.0,901.0,True,3.0,12.0,1445515777,30.6486701,104.0638165
117459,,181.0,211.0,901.0,901.0,True,0.33,8.0,4572410252,30.7209619,103.9986314
138517,,181.0,211.0,901.0,901.0,True,1.68,9.36,1918491728,30.6419112,103.9986259
156394,,181.0,211.0,901.0,901.0,True,0.69,8.0,4773199373,30.6726026,104.0146418
166350,,181.0,211.0,901.0,901.0,True,1.85,9.7,3390819397,30.6417956,104.0509898
39792,,181.0,211.0,901.0,901.0,True,0.62,8.0,1507357789,30.697117,104.0787323
44830,,181.0,211.0,901.0,901.0,True,0.33,8.0,2133188303,30.6200589,104.0962298
81278,,181.0,211.0,901.0,901.0,True,1.41,8.82,5436627800,30.6969059,104.0706449
99251,,181.0,211.0,901.0,901.0,True,1.48,8.96,441187448,30.688431,104.0577003
101623,,182.0,212.0,902.0,902.0,True,0.48,8.0,4748166164,30.6186904,104.0214268
11903,,182.0,212.0,902.0,902.0,True,1.51,9.02,5367321385,30.6638728,103.9975625
148542,,182.0,212.0,902.0,902.0,True,0.15,8.0,1159490040,30.6905691,104.0637205
154039,,182.0,212.0,902.0,902.0,True,0.08,8.0,672282737,30.65167,104.0979
169095,,182.0,212.0,902.0,902.0,True,0.25,8.0,1459051731,30.6467525,104.1053837
187382,,182.0,212.0,902.0,902.0,True,0.92,8.0,3034376774,30.6799462,104.0635538
188007,,182.0,212.0,902.0,902.0,True,0.15,8.0,4548211641,30.67119,104.06133
192657,,182.0,212.0,902.0,902.0,True,0.53,8.0,1072698672,30.7206637,104.0647446
71986,,182.0,212.0,902.0,902.0,True,1.39,8.78,4549759341,30.692323,104.0358774
9564,,182.0,212.0,902.0,902.0,True,1.54,9.08,4987536540,30.6275405,104.0013681
102703,,183.0,213.0,903.0,903.0,True,2.14,10.28,3523298668,30.629993,104.0475149
111466,,183.0,213.0,903.0,903.0,True,0.62,8.0,4900292686,30.670947,104.0644526
136268,,183.0,213.0,903.0,903.0,True,0.26,8.0,3436486409,30.6409625,104.0481946
149377,,183.0,213.0,903.0,903.0,True,1.98,9.96,4699007153,30.6122293,104.0355527
170642,,183.0,213.0,903.0,903.0,True,2.14,10.28,4550769604,30.6321289,104.1057319
179554,,183.0,213.0,903.0,903.0,True,0.62,8.0,1457841122,30.6977666,104.1048176
194301,,183.0,213.0,903.0,903.0,True,2.14,10.28,432452888,30.6176195,104.0521665
203299,,183.0,213.0,903.0,903.0,True,0.85,8.0,4693646378,30.6314234,104.0677981
2951,,183.0,213.0,903.0,903.0,True,2.14,10.28,1458981267,30.66181,104.09504
128557,,184.0,214.0,904.0,904.0,True,1.57,9.14,4772463261,30.6634104,104.0444917
14542,,184.0,214.0,904.0,904.0,True,0.2,8.0,4550568579,30.6358321,104.0639668
185239,,184.0,214.0,904.0,904.0,True,0.78,8.0,1458751453,30.677776,104.09392
30334,,184.0,214.0,904.0,904.0,True,2.54,11.08,1916386443,30.6353341,104.0032177
54317,,184.0,214.0,904.0,904.0,True,0.51,8.0,2653330901,30.6564046,104.110549
69703,,184.0,214.0,904.0,904.0,True,0.48,8.0,5257005060,30.6766472,104.0932164
95603,,184.0,214.0,904.0,904.0,True,0.16,8.0,3516900122,30.67037,104.07241
104450,,185.0,215.0,905.0,905.0,True,0.59,8.0,2717970036,30.6294902,104.0613324
126133,,185.0,215.0,905.0,905.0,True,3.14,12.28,2843289939,30.6832217,104.0675036
148727,,185.0,215.0,905.0,905.0,True,0.77,8.0,314635488,30.65755,104.07091
17235,,185.0,215.0,905.0,905.0,True,0.59,8.0,3541404998,30.68466,104.05255
65856,,185.0,215.0,905.0,905.0,True,1.0,8.0,5211337170,30.6352593,104.0036401
67862,,185.0,215.0,905.0,905.0,True,0.01,8.0,2134778543,30.6320541,103.995898
129023,,186.0,216.0,906.0,906.0,True,0.92,8.0,1492389309,30.65772,104.05893
141516,,186.0,216.0,906.0,906.0,True,3.75,13.5,4750955766,30.7105967,104.1141998
158483,,186.0,216.0,906.0,906.0,True,0.36,8.0,3680455717,30.6586496,104.012914
160687,,186.0,216.0,906.0,906.0,True,1.65,9.3,963638438,30.70213,104.04541
165585,,186.0,216.0,906.0,906.0,True,2.14,10.28,5300465518,30.725,104.0748769
193886,,186.0,216.0,906.0,906.0,True,0.49,8.0,4572409999,30.6858435,103.9732577
69175,,186.0,216.0,906.0,906.0,True,2.73,11.46,672405808,30.65777,104.07993
97168,,186.0,216.0,906.0,906.0,True,1.65,9.3,1459039164,30.6453918,104.1078946
119575,,187.0,217.0,907.0,907.0,True,2.23,10.46,1305816712,30.66923,104.06624
140928,,187.0,217.0,907.0,907.0,True,1.44,8.88,432442934,30.6617623,104.0234309
180697,,187.0,217.0,907.0,907.0,True,2.04,10.08,5055911222,30.7145696,104.1119178
23415,,187.0,217.0,907.0,907.0,True,1.79,9.58,1305816712,30.67044,104.06653
10515,,188.0,218.0,908.0,908.0,True,1.86,9.72,3613960014,30.67155,104.05013
106369,,188.0,218.0,908.0,908.0,True,2.34,10.68,2160890933,30.7050201,104.0713395
121252,,188.0,218.0,908.0,908.0,True,1.84,9.68,1159148929,30.6586616,104.0714113
203145,,188.0,218.0,908.0,908.0,True,1.7,9.4,4549993261,30.6497435,103.9838356
204343,,188.0,218.0,908.0,908.0,True,0.96,8.0,441187401,30.68596,104.06411
57983,,188.0,218.0,908.0,908.0,True,0.04,8.0,1159496654,30.69041,104.04045
7302,,188.0,218.0,908.0,908.0,True,1.06,8.12,2564226604,30.6182706,104.0197563
89905,,188.0,218.0,908.0,908.0,True,2.0,10.0,4782067638,30.6277303,104.0285911
158027,,189.0,219.0,909.0,909.0,True,0.62,8.0,1290303466,30.65945,104.07561
166311,,189.0,219.0,909.0,909.0,True,0.02,8.0,3562110284,30.654835,104.08024
168491,,189.0,219.0,909.0,909.0,True,0.01,8.0,2039550423,30.6400167,104.1131883
170163,,189.0,219.0,909.0,909.0,True,3.35,12.7,4701400719,30.6226229,104.0678905
32426,,189.0,219.0,909.0,909.0,True,3.35,12.7,1159145919,30.6691126,104.0698482
97085,,189.0,219.0,909.0,909.0,True,2.22,10.44,3033986328,30.6539352,104.0223602
97115,,189.0,219.0,909.0,909.0,True,0.44,8.0,5213238458,30.634478,104.05247
99834,,189.0,219.0,909.0,909.0,True,0.02,8.0,337539435,30.6109798,104.0581568
195183,,190.0,220.0,910.0,910.0,True,0.36,8.0,3541401925,30.69704,104.00896
19981,,190.0,220.0,910.0,910.0,True,0.36,8.0,4548259667,30.6904299,104.0489385
57351,,190.0,220.0,910.0,910.0,True,0.41,8.0,3199773577,30.70059,104.10852
79168,,190.0,220.0,910.0,910.0,True,0.41,8.0,4695640527,30.6150829,104.0253269
94306,,190.0,220.0,910.0,910.0,True,2.24,10.48,3613982152,30.6633081,104.0522299
96627,,190.0,220.0,910.0,910.0,True,1.21,8.42,2472046178,30.6580308,104.0625608
107882,,191.0,221.0,911.0,911.0,True,0.69,8.0,3087817486,30.665038,104.0142181
134519,,191.0,221.0,911.0,911.0,True,1.41,8.82,4695601601,30.6096228,104.041796
145958,,191.0,221.0,911.0,911.0,True,0.07,8.0,5100157872,30.6337197,104.08098
168522,,191.0,221.0,911.0,911.0,True,2.62,11.24,5213237290,30.6421039,104.1150506
178518,,191.0,221.0,911.0,911.0,True,0.85,8.0,3089029129,30.661686,104.0497224
189327,,191.0,221.0,911.0,911.0,True,0.07,8.0,1457858421,30.688647,104.0993746
207848,,191.0,221.0,911.0,911.0,True,0.69,8.0,4550018603,30.6523365,104.0539711
2499,,191.0,221.0,911.0,911.0,True,1.13,8.26,1305816742,30.65223,104.07854
31950,,191.0,221.0,911.0,911.0,True,0.91,8.0,3028924424,30.649084,104.0576165
34631,,191.0,221.0,911.0,911.0,True,1.02,8.04,4222812805,30.64238,104.01856
73207,,191.0,221.0,911.0,911.0,True,0.69,8.0,1159145919,30.6691126,104.0698482
79807,,191.0,221.0,911.0,911.0,True,1.79,9.58,1507337734,30.6969488,104.0747885
92424,,191.0,221.0,911.0,911.0,True,0.69,8.0,1815857509,30.6715442,103.971448
114183,,192.0,222.0,912.0,912.0,True,3.81,13.62,3614070495,30.67119,104.05613
126133,,192.0,222.0,912.0,912.0,True,1.4,8.8,2981056906,30.6272032,104.0767417
138706,,192.0,222.0,912.0,912.0,True,1.17,8.34,1964427886,30.6701781,104.1046297
19044,,192.0,222.0,912.0,912.0,True,1.06,8.12,1458459966,30.6852172,104.1017526
194391,,192.0,222.0,912.0,912.0,True,3.01,12.02,3445794968,30.6631,104.073296
24431,,192.0,222.0,912.0,912.0,True,0.79,8.0,4414330241,30.663017,104.08951
41142,,192.0,222.0,912.0,912.0,True,3.01,12.02,5257005061,30.6763601,104.0932619
58912,,192.0,222.0,912.0,912.0,True,2.42,10.84,3203414184,30.6359816,104.0411401
144340,,193.0,223.0,913.0,913.0,True,1.36,8.72,1159486373,30.6864357,104.0671135
18738,,193.0,223.0,913.0,913.0,True,3.68,13.36,1506487128,30.7150381,104.0721196
2301,,193.0,223.0,913.0,913.0,True,0.71,8.0,4638050387,30.7051021,104.0587609
86167,,193.0,223.0,913.0,913.0,True,1.66,9.32,5141468738,30.6332097,104.0949246
114739,,194.0,224.0,914.0,914.0,True,0.2,8.0,2653567540,30.6688585,104.0924007
167070,,194.0,224.0,914.0,914.0,True,0.25,8.0,3028924416,30.6295915,104.0451446
65087,,194.0,224.0,914.0,914.0,True,0.47,8.0,5102886112,30.68989,103.98713
66093,,194.0,224.0,914.0,914.0,True,0.2,8.0,314623136,30.6373753,104.0623818
76163,,194.0,224.0,914.0,914.0,True,0.45,8.0,3034330077,30.66113,104.08648
107684,,195.0,225.0,915.0,915.0,True,0.62,8.0,3613960020,30.6720396,104.0495155
111239,,195.0,225.0,915.0,915.0,True,1.15,8.3,2823813240,30.6694848,104.0657823
158380,,195.0,225.0,915.0,915.0,True,2.0,10.0,3436486470,30.6409503,104.0471906
164053,,195.0,225.0,915.0,915.0,True,0.73,8.0,1159486350,30.6969557,104.0671883
178170,,195.0,225.0,915.0,915.0,True,2.43,10.86,2041522384,30.6685863,104.1068114
46870,,195.0,225.0,915.0,915.0,True,2.0,10.0,4700724418,30.6273867,104.0436214
60129,,195.0,225.0,915.0,915.0,True,0.85,8.0,796679602,30.7109116,104.0012364
66911,,195.0,225.0,915.0,915.0,True,0.82,8.0,1159511641,30.6526,104.0661
68065,,195.0,225.0,915.0,915.0,True,0.61,8.0,4548259633,30.7016078,104.0439839
72041,,195.0,225.0,915.0,915.0,True,1.08,8.16,4106681955,30.6290473,103.9838777
86564,,195.0,225.0,915.0,915.0,True,4.61,15.22,1492410931,30.6361406,104.0639683
89017,,195.0,225.0,915.0,915.0,True,0.35,8.0,4548211379,30.6228922,104.0831872
95905,,195.0,225.0,915.0,915.0,True,0.73,8.0,3541389065,30.6884171,104.0366024
121675,,196.0,226.0,916.0,916.0,True,1.1,8.2,3034040779,30.704304,104.02486
129336,,196.0,226.0,916.0,916.0,True,0.31,8.0,4548209336,30.6325431,104.0237382
137317,,196.0,226.0,916.0,916.0,True,0.81,8.0,2217768450,30.6562508,104.0589844
90727,,196.0,226.0,916.0,916.0,True,1.5,9.0,1815729252,30.7124346,104.0674139
108768,,197.0,227.0,917.0,917.0,True,1.82,9.64,4693610129,30.6358574,104.0718947
112011,,197.0,227.0,917.0,917.0,True,1.13,8.26,288416372,30.7249372,104.104235
114164,,197.0,227.0,917.0,917.0,True,0.95,8.0,4772214764,30.6799822,104.0050337
125219,,197.0,227.0,917.0,917.0,True,2.79,11.58,2119004926,30.695456,104.0230312
13886,,197.0,227.0,917.0,917.0,True,0.09,8.0,2119081160,30.6110024,104.1124222
172994,,197.0,227.0,917.0,917.0,True,0.05,8.0,1492619187,30.6228305,104.0667893
199791,,197.0,227.0,917.0,917.0,True,1.13,8.26,4548211642,30.62225,104.0579
2391,,197.0,227.0,917.0,917.0,True,2.79,11.58,1301933006,30.6488211,104.0696807
25423,,197.0,227.0,917.0,917.0,True,0.22,8.0,2118910074,30.700422,104.088615
96441,,197.0,227.0,917.0,917.0,True,0.95,8.0,3331333440,30.6145225,104.0755938
121712,,198.0,228.0,918.0,918.0,True,0.18,8.0,4772216922,30.6790537,104.0075277
147791,,198.0,228.0,918.0,918.0,True,2.87,11.74,3633018903,30.6677238,104.0631905
159015,,198.0,228.0,918.0,918.0,True,1.34,8.68,3034409025,30.715847,104.0960305
180066,,198.0,228.0,918.0,918.0,True,0.07,8.0,672360898,30.6549348,104.0756717
181398,,198.0,228.0,918.0,918.0,True,1.36,8.72,672349439,30.7229547,104.0720011
206779,,198.0,228.0,918.0,918.0,True,3.04,12.08,1506424272,30.7095575,104.0696423
41835,,198.0,228.0,918.0,918.0,True,2.87,11.74,1159148929,30.65934,104.07143
84990,,198.0,228.0,918.0,918.0,True,1.36,8.72,4106682173,30.6510319,103.9782177
98356,,198.0,228.0,918.0,918.0,True,1.94,9.88,3541389072,30.6874408,104.0356023
104839,,199.0,229.0,919.0,919.0,True,0.1,8.0,1159941942,30.66839,104.02078
111272,,199.0,229.0,919.0,919.0,True,0.48,8.0,4548259631,30.6556649,104.0058886
118654,,199.0,229.0,919.0,919.0,True,1.1,8.2,1492597859,30.6227417,104.0681792
127451,,199.0,229.0,919.0,919.0,True,1.32,8.64,432442940,30.6797385,104.02673
162663,,199.0,229.0,919.0,919.0,True,3.39,12.78,2276187310,30.6836141,104.0836003
197804,,199.0,229.0,919.0,919.0,True,0.48,8.0,4550568575,30.6358316,104.0641539
199577,,199.0,229.0,919.0,919.0,True,0.75,8.0,4547074373,30.6110311,104.0749581
201103,,199.0,229.0,919.0,919.0,True,2.24,10.48,5375783835,30.6491272,104.0008199
206844,,199.0,229.0,919.0,919.0,True,0.56,8.0,3034409150,30.7192989,104.0819162
40795,,199.0,229.0,919.0,919.0,True,1.11,8.22,2134782152,30.6248024,104.0052579
51167,,199.0,229.0,919.0,919.0,True,1.36,8.72,1192818260,30.6637331,104.0895335
51197,,199.0,229.0,919.0,919.0,True,1.57,9.14,4437994403,30.6896657,104.0965366
5207,,199.0,229.0,919.0,919.0,True,0.88,8.0,4772451022,30.680834,104.0077624
12387,,200.0,230.0,920.0,920.0,True,1.56,9.12,4550769468,30.6233807,104.1050183
137663,,200.0,230.0,920.0,920.0,True,0.41,8.0,4505485125,30.6371748,104.0818658
169288,,200.0,230.0,920.0,920.0,True,2.32,10.64,2441172228,30.6763246,103.9931244
192884,,200.0,230.0,920.0,920.0,True,0.63,8.0,1457870720,30.6879038,104.0994127
36498,,200.0,230.0,920.0,920.0,True,2.15,10.3,4963999553,30.7146561,104.0339506
4223,,200.0,230.0,920.0,920.0,True,2.02,10.04,1455005333,30.6962868,104.1054007
49848,,200.0,230.0,920.0,920.0,True,2.02,10.04,1815855140,30.6778089,103.9685524
51254,,200.0,230.0,920.0,920.0,True,0.1,8.0,1492607718,30.6228455,104.0644563
66883,,200.0,230.0,920.0,920.0,True,2.15,10.3,1072698472,30.7191,104.06852
77542,,200.0,230.0,920.0,920.0,True,1.59,9.18,432442900,30.6646498,104.0339359
144847,,201.0,201.0,921.0,921.0,False,0.2,8.0,4548209373,30.652094,104.02184
183263,,201.0,201.0,921.0,921.0,False,1.94,9.88,1459896462,30.6431175,104.1058752
206763,,201.0,201.0,921.0,921.0,False,3.33,12.66,1885342911,30.67958,104.09684
33556,,201.0,201.0,921.0,921.0,False,1.94,9.88,1339701405,30.7020499,104.0530719
34457,,201.0,201.0,921.0,921.0,False,1.48,8.96,2327779714,30.6221802,104.1042959
56100,,201.0,201.0,921.0,921.0,False,3.33,12.66,432452878,30.6133171,104.0504622
100444,,202.0,202.0,922.0,922.0,False,2.36,10.72,4548211323,30.6230845,104.0830984
110182,,202.0,202.0,922.0,922.0,False,2.07,10.14,1159462937,30.6767289,104.0235973
123370,,202.0,202.0,922.0,922.0,False,0.39,8.0,672360528,30.6495659,104.0917898
136291,,202.0,202.0,922.0,922.0,False,0.29,8.0,4550018614,30.6336875,104.0134541
166537,,202.0,202.0,922.0,922.0,False,2.36,10.72,4548141018,30.6250482,104.0743621
1783,,202.0,202.0,922.0,922.0,False,1.59,9.18,1987226891,30.670176,104.04831
57672,,202.0,202.0,922.0,922.0,False,0.29,8.0,2082819545,30.61676,104.0965522
72881,,202.0,202.0,922.0,922.0,False,1.86,9.72,1159137566,30.6541927,104.0896027
85872,,202.0,202.0,922.0,922.0,False,2.07,10.14,432442849,30.6701348,103.9935727
142953,,203.0,203.0,923.0,923.0,False,1.27,8.54,1159138415,30.6609859,104.0954585
187162,,203.0,203.0,923.0,923.0,False,3.18,12.36,3562099190,30.6504453,104.006602
206290,,203.0,203.0,923.0,923.0,False,0.83,8.0,4548259317,30.7236111,104.0453947
209045,,203.0,203.0,923.0,923.0,False,0.47,8.0,1947584056,30.6834598,104.0834872
25355,,203.0,203.0,923.0,923.0,False,1.2,8.4,4102465470,30.681953,104.048195
28393,,203.0,203.0,923.0,923.0,False,0.26,8.0,3742070435,30.6548298,104.0755967
31514,,203.0,203.0,923.0,923.0,False,3.18,12.36,3597608244,30.7228407,104.027452
69975,,203.0,203.0,923.0,923.0,False,1.05,8.1,5375784150,30.6460674,104.0018445
85492,,203.0,203.0,923.0,923.0,False,1.76,9.52,4987536537,30.6273855,104.0004538
130275,,204.0,204.0,924.0,924.0,False,0.34,8.0,1458992380,30.6584,104.09838
140489,,204.0,204.0,924.0,924.0,False,1.8,9.6,4069514820,30.7226983,103.9759358
187723,,204.0,204.0,924.0,924.0,False,0.08,8.0,672360559,30.64258,104.0854
128524,,205.0,205.0,925.0,925.0,False,0.44,8.0,1916386454,30.6473557,104.0068671
134336,,205.0,205.0,925.0,925.0,False,0.73,8.0,4695701802,30.6126623,104.0198619
2223,,205.0,205.0,925.0,925.0,False,1.36,8.72,4572363406,30.67376,104.05856
33789,,205.0,205.0,925.0,925.0,False,1.13,8.26,1492613140,30.6225792,104.0629771
39236,,205.0,205.0,925.0,925.0,False,0.11,8.0,3582236093,30.7208361,103.9888859
52967,,205.0,205.0,925.0,925.0,False,0.59,8.0,3582230418,30.6373344,103.9791878
62357,,205.0,205.0,925.0,925.0,False,0.9,8.0,4772463269,30.663461,104.0458275
70235,,205.0,205.0,925.0,925.0,False,1.13,8.26,963638438,30.701605,104.04511
79231,,205.0,205.0,925.0,925.0,False,0.96,8.0,5002301703,30.6898323,104.0341507
81971,,205.0,205.0,925.0,925.0,False,2.04,10.08,3436486417,30.6413472,104.0450336
89261,,205.0,205.0,925.0,925.0,False,0.73,8.0,1819305278,30.638507,104.1071951
119425,,206.0,206.0,926.0,926.0,False,0.7,8.0,1918491727,30.6532608,103.9756239
134454,,206.0,206.0,926.0,926.0,False,2.35,10.7,803149778,30.6795374,104.0924023
169519,,206.0,206.0,926.0,926.0,False,1.06,8.12,4414330241,30.66249,104.0901
174490,,206.0,206.0,926.0,926.0,False,0.86,8.0,1504233588,30.6974134,104.1034371
30607,,206.0,206.0,926.0,926.0,False,0.38,8.0,439752001,30.7266154,104.0425152
4847,,206.0,206.0,926.0,926.0,False,0.86,8.0,2560005526,30.62929,104.02276
101095,,207.0,207.0,927.0,927.0,False,1.01,8.02,3199773576,30.7002634,104.1144517
113773,,207.0,207.0,927.0,927.0,False,0.39,8.0,4772463248,30.6629599,104.0461897
11763,,207.0,207.0,927.0,927.0,False,1.33,8.66,5141328782,30.61536,104.06286
118931,,207.0,207.0,927.0,927.0,False,0.15,8.0,432442895,30.664817,104.0211403
122075,,207.0,207.0,927.0,927.0,False,1.33,8.66,5375783961,30.6616557,103.9986855
185059,,207.0,207.0,927.0,927.0,False,3.15,12.3,1458553198,30.683086,104.10444
185525,,207.0,207.0,927.0,927.0,False,0.39,8.0,1492607693,30.6222158,104.0645623
206795,,207.0,207.0,927.0,927.0,False,1.01,8.02,4740867226,30.61352,104.09248
54935,,207.0,207.0,927.0,927.0,False,0.06,8.0,2908404375,30.64595,104.09272
61029,,207.0,207.0,927.0,927.0,False,0.15,8.0,4695601774,30.609381,104.0329708
92208,,207.0,207.0,927.0,927.0,False,1.05,8.1,432442883,30.6863367,103.9808225
26198,,208.0,208.0,928.0,928.0,False,3.53,13.06,4582821488,30.6632632,104.0494639
66028,,208.0,208.0,928.0,928.0,False,0.86,8.0,5283966126,30.6376499,104.0974186
106653,,209.0,209.0,929.0,929.0,False,2.44,10.88,4903112578,30.6614221,104.080239
130367,,209.0,209.0,929.0,929.0,False,0.84,8.0,1458981267,30.66271,104.09659
13591,,209.0,209.0,929.0,929.0,False,0.07,8.0,1457872927,30.6881998,104.1000752
163982,,209.0,209.0,929.0,929.0,False,0.96,8.0,2039522710,30.6734606,104.107658
170766,,209.0,209.0,929.0,929.0,False,0.98,8.0,5436607841,30.6358327,104.0642721
193296,,209.0,209.0,929.0,929.0,False,2.14,10.28,4444112350,30.7229266,104.1034832
206993,,209.0,209.0,929.0,929.0,False,0.83,8.0,529921382,30.6133318,104.0139415
61182,,209.0,209.0,929.0,929.0,False,0.78,8.0,3028924424,30.649084,104.0576165
78856,,209.0,209.0,929.0,929.0,False,2.44,10.88,3199773658,30.7016861,104.1031052
87133,,209.0,209.0,929.0,929.0,False,2.14,10.28,4550018626,30.6270272,104.0183428
11242,,210.0,210.0,930.0,930.0,False,1.55,9.1,1459047527,30.6451948,104.1087318
113500,,210.0,210.0,930.0,930.0,False,1.57,9.14,2917213940,30.6502524,104.0897701
12123,,210.0,210.0,930.0,930.0,False,1.95,9.9,1159447656,30.68333,104.03785
121654,,210.0,210.0,930.0,930.0,False,0.55,8.0,4695640640,30.6121129,104.0244454
141625,,210.0,210.0,930.0,930.0,False,2.42,10.84,3579517898,30.6642286,104.0579814
148899,,210.0,210.0,930.0,930.0,False,1.97,9.94,1339701413,30.71001,104.04
168167,,210.0,210.0,930.0,930.0,False,2.58,11.16,1506559770,30.7087416,104.0729111
176637,,210.0,210.0,930.0,930.0,False,0.43,8.0,3034376775,30.6800987,104.0631079
179817,,210.0,210.0,930.0,930.0,False,1.15,8.3,2133184344,30.6251419,104.0973673
181819,,210.0,210.0,930.0,930.0,False,2.29,10.58,1312615955,30.639853,104.0801604
25389,,210.0,210.0,930.0,930.0,False,0.99,8.0,1458561798,30.689514,104.0966765
36312,,210.0,210.0,930.0,930.0,False,0.43,8.0,4572410232,30.7120563,103.9900015
40014,,210.0,210.0,930.0,930.0,False,2.32,10.64,1819305264,30.6279591,104.091633
77047,,210.0,210.0,930.0,930.0,False,1.06,8.12,432453013,30.65424,104.0869
83101,,210.0,210.0,930.0,930.0,False,0.1,8.0,3582243031,30.7079381,104.0028381
97118,,210.0,210.0,930.0,930.0,False,1.06,8.12,4638050367,30.7051519,104.0665385
136323,,211.0,211.0,931.0,931.0,False,0.46,8.0,3562033467,30.7085695,104.0780108
167929,,211.0,211.0,931.0,931.0,False,0.86,8.0,2315717696,30.6353422,104.0991107
188966,,211.0,211.0,931.0,931.0,False,1.53,9.06,4723840162,30.6505154,104.072176
191330,,211.0,211.0,931.0,931.0,False,0.14,8.0,4695601328,30.609989,104.0295497
25898,,211.0,211.0,931.0,931.0,False,0.17,8.0,2843286546,30.6916447,104.0637279
26298,,211.0,211.0,931.0,931.0,False,0.46,8.0,672360559,30.6425703,104.0857927
26683,,211.0,211.0,931.0,931.0,False,1.67,9.34,432442535,30.69468,104.01581
29730,,211.0,211.0,931.0,931.0,False,1.31,8.62,5141468648,30.6338985,104.0928327
65163,,211.0,211.0,931.0,931.0,False,0.43,8.0,2729373177,30.6165939,104.0444413
67141,,211.0,211.0,931.0,931.0,False,0.14,8.0,3562099189,30.6524666,104.0064191
70009,,211.0,211.0,931.0,931.0,False,0.65,8.0,2662847722,30.7165373,103.9668732
71337,,211.0,211.0,931.0,931.0,False,0.5,8.0,1339762132,30.7128999,104.0425356
115942,,212.0,212.0,932.0,932.0,False,2.62,11.24,5053143851,30.7217675,104.0032403
127279,,212.0,212.0,932.0,932.0,False,2.62,11.24,4548141067,30.6252,104.07406
13887,,212.0,212.0,932.0,932.0,False,1.8,9.6,1159143437,30.661816,104.103546
147804,,212.0,212.0,932.0,932.0,False,0.09,8.0,2133184343,30.6247848,104.0957056
177793,,212.0,212.0,932.0,932.0,False,0.08,8.0,4963999540,30.7178728,104.0300753
189066,,212.0,212.0,932.0,932.0,False,0.08,8.0,4548209353,30.6769066,104.0612829
26698,,212.0,212.0,932.0,932.0,False,1.75,9.5,4695640671,30.6170006,104.0260356
37792,,212.0,212.0,932.0,932.0,False,2.03,10.06,3034376774,30.6799462,104.0635538
42661,,212.0,212.0,932.0,932.0,False,1.26,8.52,4548211210,30.6752271,104.055483
67295,,212.0,212.0,932.0,932.0,False,1.26,8.52,4548209373,30.65141,104.02117
9449,,212.0,212.0,932.0,932.0,False,1.26,8.52,3541422909,30.7091106,104.0668649
117808,,213.0,213.0,933.0,933.0,False,3.17,12.34,1159226747,30.7017413,104.054964
119014,,213.0,213.0,933.0,933.0,False,0.61,8.0,4695601306,30.6109875,104.0285299
132962,,213.0,213.0,933.0,933.0,False,0.39,8.0,2329115975,30.622713,104.0732706
151776,,213.0,213.0,933.0,933.0,False,0.6,8.0,5053143821,30.7123557,104.005345
171712,,213.0,213.0,933.0,933.0,False,0.06,8.0,4701464385,30.6173917,104.0644502
184838,,213.0,213.0,933.0,933.0,False,0.08,8.0,4505485132,30.6336,104.0882308
208574,,213.0,213.0,933.0,933.0,False,1.16,8.32,3089029129,30.661686,104.0497224
51182,,213.0,213.0,933.0,933.0,False,2.14,10.28,4779165762,30.6318887,104.0528817
61574,,213.0,213.0,933.0,933.0,False,0.21,8.0,1301933024,30.6413741,104.0826883
77787,,213.0,213.0,933.0,933.0,False,1.08,8.16,432442901,30.6699141,104.0349944
85167,,213.0,213.0,933.0,933.0,False,2.14,10.28,4572410068,30.722279,104.0007597
146808,,214.0,214.0,934.0,934.0,False,2.92,11.84,1492389307,30.6570005,104.0582711
149874,,214.0,214.0,934.0,934.0,False,2.28,10.56,2041337982,30.6830604,104.0956174
176790,,214.0,214.0,934.0,934.0,False,1.5,9.0,4222812854,30.64601,104.0215387
57626,,214.0,214.0,934.0,934.0,False,1.46,8.92,1458992380,30.6582352,104.0971331
86174,,214.0,214.0,934.0,934.0,False,1.5,9.0,4695601539,30.6118425,104.0308539
107102,,215.0,215.0,935.0,935.0,False,1.43,8.86,276558491,30.6226656,104.0661102
107964,,215.0,215.0,935.0,935.0,False,1.89,9.78,4779165736,30.6248795,104.0390582
112020,,215.0,215.0,935.0,935.0,False,1.82,9.64,1159149125,30.6556345,104.0598094
140977,,215.0,215.0,935.0,935.0,False,0.11,8.0,3582245813,30.7210734,103.998547
161879,,215.0,215.0,935.0,935.0,False,2.66,11.32,3028924410,30.6227169,104.0994285
51708,,215.0,215.0,935.0,935.0,False,2.66,11.32,1504174271,30.7177656,104.0702637
52684,,215.0,215.0,935.0,935.0,False,0.36,8.0,2726963386,30.6113023,104.0553959
57261,,215.0,215.0,935.0,935.0,False,0.39,8.0,4693647117,30.6337605,104.0718971
92023,,215.0,215.0,935.0,935.0,False,0.48,8.0,4548211342,30.6708306,104.0578328
100027,,216.0,216.0,936.0,936.0,False,0.16,8.0,3562015382,30.66185,104.08144
117243,,216.0,216.0,936.0,936.0,False,0.74,8.0,3113656968,30.6644148,104.0516904
123069,,216.0,216.0,936.0,936.0,False,0.07,8.0,432452904,30.614518,104.0746835
31449,,216.0,216.0,936.0,936.0,False,1.75,9.5,2282013888,30.6210077,103.9722222
31852,,216.0,216.0,936.0,936.0,False,0.38,8.0,1916386551,30.6244798,104.0243804
46089,,216.0,216.0,936.0,936.0,False,0.38,8.0,2360396949,30.6673135,104.1129469
4821,,216.0,216.0,936.0,936.0,False,0.7,8.0,1159149125,30.6556345,104.0598094
51655,,216.0,216.0,936.0,936.0,False,0.75,8.0,3541405001,30.68525,104.05503
58278,,216.0,216.0,936.0,936.0,False,0.16,8.0,4548211251,30.667978,104.0381806
63539,,216.0,216.0,936.0,936.0,False,0.55,8.0,2041527435,30.6919726,104.096199
73047,,216.0,216.0,936.0,936.0,False,0.07,8.0,1159477630,30.67302,104.05485
85627,,216.0,216.0,936.0,936.0,False,3.29,12.58,1159141115,30.6597,104.10214
87737,,216.0,216.0,936.0,936.0,False,3.29,12.58,1159131919,30.669681,104.0854025
95195,,216.0,216.0,936.0,936.0,False,3.29,12.58,1159227452,30.6954217,104.0548065
134783,,217.0,217.0,937.0,937.0,False,1.0,8.0,3562110284,30.65499,104.08005
140054,,217.0,217.0,937.0,937.0,False,1.54,9.08,5359113204,30.6778101,104.0089782
141048,,217.0,217.0,937.0,937.0,False,0.72,8.0,1312615939,30.6405721,104.0801374
163273,,217.0,217.0,937.0,937.0,False,0.69,8.0,3582236100,30.7088106,103.971821
163651,,217.0,217.0,937.0,937.0,False,0.24,8.0,5213253192,30.6647302,104.1111338
28999,,217.0,217.0,937.0,937.0,False,2.13,10.26,5213238594,30.635048,104.06487
31728,,217.0,217.0,937.0,937.0,False,0.69,8.0,1493202760,30.6112677,104.058124
48623,,217.0,217.0,937.0,937.0,False,1.09,8.18,3562028080,30.659699,104.0862404
59061,,217.0,217.0,937.0,937.0,False,1.48,8.96,2908404375,30.6459306,104.0928213
61311,,217.0,217.0,937.0,937.0,False,1.02,8.04,4772463256,30.6635342,104.0450568
83086,,217.0,217.0,937.0,937.0,False,0.69,8.0,1159144966,30.6625746,104.0663991
115165,,218.0,218.0,938.0,938.0,False,0.08,8.0,4748166169,30.6179615,104.0227288
133329,,218.0,218.0,938.0,938.0,False,1.02,8.04,4106681975,30.6415024,103.9847396
205260,,218.0,218.0,938.0,938.0,False,2.27,10.54,2041337799,30.6836117,104.0960506
21695,,218.0,218.0,938.0,938.0,False,1.11,8.22,480012018,30.6214742,104.0693905
36385,,218.0,218.0,938.0,938.0,False,0.99,8.0,2039561246,30.6862981,104.1013971
62528,,218.0,218.0,938.0,938.0,False,2.01,10.02,3445813551,30.6672277,104.070585
104016,,219.0,219.0,939.0,939.0,False,1.11,8.22,5218240005,30.7020668,104.05384
115464,,219.0,219.0,939.0,939.0,False,1.21,8.42,4550019040,30.6206152,104.0287149
141519,,219.0,219.0,939.0,939.0,False,1.65,9.3,4992013260,30.6145225,104.0748491
17752,,219.0,219.0,939.0,939.0,False,1.47,8.94,3087817447,30.6539606,104.0010232
179995,,219.0,219.0,939.0,939.0,False,1.21,8.42,1159234181,30.69471,104.07332
188315,,219.0,219.0,939.0,939.0,False,0.64,8.0,314622970,30.64182,104.03617
203756,,219.0,219.0,939.0,939.0,False,1.47,8.94,5145177717,30.7215349,104.1005902
51831,,219.0,219.0,939.0,939.0,False,0.76,8.0,5310712649,30.6640719,104.1094279
71030,,219.0,219.0,939.0,939.0,False,0.32,8.0,2330197895,30.6950997,104.0873302
84929,,219.0,219.0,939.0,939.0,False,0.32,8.0,4548211190,30.6294211,104.0210117
90531,,219.0,219.0,939.0,939.0,False,2.11,10.22,4548209362,30.6475786,104.0203284
184807,,220.0,220.0,940.0,940.0,False,0.75,8.0,1313998761,30.638214,104.08677
205464,,220.0,220.0,940.0,940.0,False,1.74,9.48,1159483868,30.6844889,104.0719629
51052,,220.0,220.0,940.0,940.0,False,0.91,8.0,4548211257,30.6778598,104.0592296
98484,,220.0,220.0,940.0,940.0,False,1.78,9.56,4548211384,30.6729777,104.0699648
100820,,221.0,221.0,941.0,941.0,False,0.88,8.0,1311904399,30.6443845,104.0791889
12137,,221.0,221.0,941.0,941.0,False,0.95,8.0,4699007175,30.6119028,104.0345229
168323,,221.0,221.0,941.0,941.0,False,2.16,10.32,2717970036,30.6294902,104.0613324
169463,,221.0,221.0,941.0,941.0,False,0.78,8.0,2118977298,30.6797401,103.9949947
180622,,221.0,221.0,941.0,941.0,False,2.46,10.92,3445813124,30.6689098,104.0784295
70572,,221.0,221.0,941.0,941.0,False,1.35,8.7,3113656968,30.6644148,104.0516904
73555,,221.0,221.0,941.0,941.0,False,2.05,10.1,2078704441,30.6186999,104.101349
118943,,222.0,222.0,942.0,942.0,False,1.06,8.12,3033986305,30.657,104.0273
152778,,222.0,222.0,942.0,942.0,False,1.32,8.64,2134826936,30.6722605,103.9859752
167821,,222.0,222.0,942.0,942.0,False,0.5,8.0,3597820283,30.701601,104.0233206
21244,,222.0,222.0,942.0,942.0,False,0.13,8.0,3033986268,30.6609585,104.0314765
31249,,222.0,222.0,942.0,942.0,False,1.05,8.1,4550701397,30.6200923,103.982772
63434,,222.0,222.0,942.0,942.0,False,1.93,9.86,439751840,30.6555765,103.9815136
88959,,222.0,222.0,942.0,942.0,False,1.33,8.66,314655436,30.711914,104.10261
124061,,223.0,223.0,943.0,943.0,False,1.04,8.08,4701577777,30.6230094,104.0792273
151972,,223.0,223.0,943.0,943.0,False,0.89,8.0,2282013902,30.6183466,103.9664428
161948,,223.0,223.0,943.0,943.0,False,1.47,8.94,4548317440,30.6182658,104.0961583
49659,,223.0,223.0,943.0,943.0,False,0.66,8.0,4550700992,30.6278825,104.098802
87755,,223.0,223.0,943.0,943.0,False,0.1,8.0,1159143854,30.67848,104.0857
122259,,224.0,224.0,944.0,944.0,False,0.42,8.0,1445481368,30.657045,104.06385
125543,,224.0,224.0,944.0,944.0,False,0.42,8.0,3523314175,30.6261915,104.0642059
182146,,224.0,224.0,944.0,944.0,False,1.16,8.32,4549993159,30.7059566,104.002035
202847,,224.0,224.0,944.0,944.0,False,0.79,8.0,672406316,30.6524299,104.0693456
69012,,224.0,224.0,944.0,944.0,False,0.9,8.0,2559969507,30.6290644,104.0353366
74835,,224.0,224.0,944.0,944.0,False,1.28,8.56,2843286575,30.694614,104.05749
131575,,225.0,225.0,945.0,945.0,False,1.96,9.92,3681180644,30.6568,104.06689
164274,,225.0,225.0,945.0,945.0,False,0.46,8.0,2472030048,30.6618447,104.0637076
170886,,225.0,225.0,945.0,945.0,False,2.06,10.12,3087817492,30.6661933,104.0116005
186678,,225.0,225.0,945.0,945.0,False,0.92,8.0,4106682125,30.6447013,103.9738248
190523,,225.0,225.0,945.0,945.0,False,0.42,8.0,504315329,30.6953326,104.1053691
26402,,225.0,225.0,945.0,945.0,False,0.42,8.0,4230593029,30.6426155,104.0877824
33326,,225.0,225.0,945.0,945.0,False,0.46,8.0,4880298883,30.6217827,104.1011408
58774,,225.0,225.0,945.0,945.0,False,0.46,8.0,2133188713,30.6109464,104.0923554
83437,,225.0,225.0,945.0,945.0,False,0.59,8.0,672360528,30.6495659,104.0917898
90358,,225.0,225.0,945.0,945.0,False,0.11,8.0,4987536540,30.6275405,104.0013681
91237,,225.0,225.0,945.0,945.0,False,0.11,8.0,4106681954,30.6291354,104.0038731
135051,,226.0,226.0,946.0,946.0,False,1.05,8.1,3614070500,30.67422,104.06452
140759,,226.0,226.0,946.0,946.0,False,1.43,8.86,2134778555,30.6317029,103.9960887
156383,,226.0,226.0,946.0,946.0,False,1.43,8.86,4230611271,30.651571,104.07048
159506,,226.0,226.0,946.0,946.0,False,1.43,8.86,2933855166,30.6111757,103.9801937
39575,,226.0,226.0,946.0,946.0,False,1.52,9.04,4877924397,30.6465576,104.102899
44692,,226.0,226.0,946.0,946.0,False,3.11,12.22,314623056,30.6165495,104.0154053
5558,,226.0,226.0,946.0,946.0,False,3.11,12.22,3562045367,30.7168017,104.0350926
82587,,226.0,226.0,946.0,946.0,False,0.57,8.0,4548211255,30.68094,104.03755
86753,,226.0,226.0,946.0,946.0,False,0.12,8.0,4906971006,30.6581423,104.0685921
94537,,226.0,226.0,946.0,946.0,False,0.78,8.0,1159131856,30.6674563,104.0775802
10797,,227.0,227.0,947.0,947.0,False,0.06,8.0,4550018603,30.6523365,104.0539711
112964,,227.0,227.0,947.0,947.0,False,1.59,9.18,4548318053,30.6248061,104.0955574
131875,,227.0,227.0,947.0,947.0,False,0.0,8.0,1159143355,30.66014,104.10125
145909,,227.0,227.0,947.0,947.0,False,1.59,9.18,1159136172,30.6598519,104.0882052
165853,,227.0,227.0,947.0,947.0,False,2.96,11.92,2041527433,30.6906512,104.0970227
205075,,227.0,227.0,947.0,947.0,False,0.06,8.0,5211345684,30.648848,103.9941538
208445,,227.0,227.0,947.0,947.0,False,0.06,8.0,504315336,30.7036181,104.1011062
44531,,227.0,227.0,947.0,947.0,False,0.06,8.0,1458459969,30.685851,104.1014144
54723,,227.0,227.0,947.0,947.0,False,2.12,10.24,432442941,30.6799138,104.0286719
110840,,228.0,228.0,948.0,948.0,False,2.74,11.48,4106682233,30.6797038,104.0017987
118240,,228.0,228.0,948.0,948.0,False,0.9,8.0,1159488324,30.6926726,104.0741945
137370,,228.0,228.0,948.0,948.0,False,0.07,8.0,4779165708,30.6364915,104.0258567
147930,,228.0,228.0,948.0,948.0,False,0.9,8.0,1159136172,30.6598519,104.0882052
15721,,228.0,228.0,948.0,948.0,False,0.39,8.0,5218240019,30.7002164,104.048641
168075,,228.0,228.0,948.0,948.0,False,1.24,8.48,3541427585,30.70516,104.07215
183015,,228.0,228.0,948.0,948.0,False,0.04,8.0,2039550414,30.67535,104.10857
195973,,228.0,228.0,948.0,948.0,False,0.04,8.0,5375783457,30.6222001,104.0080428
205811,,228.0,228.0,948.0,948.0,False,0.31,8.0,672282820,30.65719,104.1012
78778,,228.0,228.0,948.0,948.0,False,0.04,8.0,2729413201,30.6295676,104.0481606
81182,,228.0,228.0,948.0,948.0,False,0.21,8.0,2259833248,30.6290034,104.0965908
143187,,229.0,229.0,949.0,949.0,False,0.79,8.0,4106682108,30.6434754,103.9823642
162319,,229.0,229.0,949.0,949.0,False,0.96,8.0,4078817932,30.70427,104.08221
16648,,229.0,229.0,949.0,949.0,False,0.05,8.0,432452882,30.6236348,104.0520352
178378,,229.0,229.0,949.0,949.0,False,1.35,8.7,1455111118,30.6959242,104.1061696
21714,,229.0,229.0,949.0,949.0,False,1.01,8.02,1159176227,30.6250578,104.0599734
2304,,229.0,229.0,949.0,949.0,False,1.84,9.68,1492582885,30.6212934,104.0645837
36983,,229.0,229.0,949.0,949.0,False,0.96,8.0,4779165712,30.6366168,104.0250542
87251,,229.0,229.0,949.0,949.0,False,1.01,8.02,5261581864,30.6768045,104.0964039
104010,,230.0,230.0,950.0,950.0,False,0.94,8.0,3034029074,30.6832722,103.9874927
147169,,230.0,230.0,950.0,950.0,False,1.61,9.22,1159229568,30.6704077,104.0975317
160008,,230.0,230.0,950.0,950.0,False,1.61,9.22,3445813112,30.6621432,104.0764651
195765,,230.0,230.0,950.0,950.0,False,1.18,8.36,5145177730,30.7239166,104.1013839
3141,,230.0,230.0,950.0,950.0,False,1.18,8.36,504315292,30.6988829,104.104099
63127,,230.0,230.0,950.0,950.0,False,1.61,9.22,3516900116,30.674162,104.07748
102519,,231.0,231.0,951.0,951.0,False,1.51,9.02,4548258452,30.6891,104.05093
113358,,231.0,231.0,951.0,951.0,False,1.53,9.06,5141468745,30.6320169,104.0974905
125815,,231.0,231.0,951.0,951.0,False,0.36,8.0,2653570475,30.67033,104.0919
164666,,231.0,231.0,951.0,951.0,False,0.29,8.0,4701400374,30.6110478,104.0643529
36593,,231.0,231.0,951.0,951.0,False,0.67,8.0,2131996317,30.6221441,104.1060957
62026,,231.0,231.0,951.0,951.0,False,1.53,9.06,3562099185,30.6512457,104.0754872
66767,,231.0,231.0,951.0,951.0,False,0.74,8.0,4548259609,30.6541406,104.0448914
81175,,231.0,231.0,951.0,951.0,False,3.43,12.86,4695601573,30.6111338,104.0330168
82301,,231.0,231.0,951.0,951.0,False,0.31,8.0,2662847697,30.6753784,104.0045085
9875,,231.0,231.0,951.0,951.0,False,1.27,8.54,2039550415,30.6374329,104.1107572
103708,,232.0,232.0,952.0,952.0,False,1.38,8.76,5283966123,30.6370674,104.100346
180370,,232.0,232.0,952.0,952.0,False,1.52,9.04,1507401909,30.6949601,104.0791102
2585,,232.0,232.0,952.0,952.0,False,1.45,8.9,432432602,30.6592566,104.0347445
50605,,232.0,232.0,952.0,952.0,False,1.33,8.66,1159172253,30.6136098,104.0827875
110482,,233.0,233.0,953.0,953.0,False,0.49,8.0,4695601443,30.611256,104.0278807
144767,,233.0,233.0,953.0,953.0,False,3.83,13.66,1457841605,30.6902973,104.1011128
199320,,233.0,233.0,953.0,953.0,False,2.77,11.54,1159143637,30.6673365,104.1027215
24087,,233.0,233.0,953.0,953.0,False,0.53,8.0,4695662944,30.6118326,104.0324148
44259,,233.0,233.0,953.0,953.0,False,2.13,10.26,2564226620,30.6340226,104.0241273
103382,,234.0,234.0,954.0,954.0,False,2.19,10.38,4547074365,30.6107864,104.0780786
108207,,234.0,234.0,954.0,954.0,False,1.48,8.96,4394309254,30.6307952,104.0372171
114772,,234.0,234.0,954.0,954.0,False,1.15,8.3,4548211251,30.667978,104.0381806
123573,,234.0,234.0,954.0,954.0,False,1.48,8.96,4991426365,30.6537342,103.9818728
127541,,234.0,234.0,954.0,954.0,False,0.73,8.0,4701577767,30.6230711,104.0819533
1299,,234.0,234.0,954.0,954.0,False,2.28,10.56,3742070429,30.655224,104.07326
130630,,234.0,234.0,954.0,954.0,False,0.73,8.0,4106682241,30.6832954,103.9972587
154136,,234.0,234.0,954.0,954.0,False,2.19,10.38,4878041005,30.6219621,104.0995531
192843,,234.0,234.0,954.0,954.0,False,1.48,8.96,2956775225,30.71366,104.04904
23783,,234.0,234.0,954.0,954.0,False,1.21,8.42,5375784147,30.6470354,103.9992305
53150,,234.0,234.0,954.0,954.0,False,2.68,11.36,441221450,30.6466367,104.023808
132480,,235.0,235.0,955.0,955.0,False,0.24,8.0,4695640573,30.6120091,104.0293296
134627,,235.0,235.0,955.0,955.0,False,1.35,8.7,4359390980,30.72274,104.05331
177769,,235.0,235.0,955.0,955.0,False,1.76,9.52,1458995150,30.6597666,104.0982723
183643,,235.0,235.0,955.0,955.0,False,0.23,8.0,5213238420,30.642757,104.041626
200115,,235.0,235.0,955.0,955.0,False,2.63,11.26,4695701795,30.6134716,104.0185451
113625,,236.0,236.0,956.0,956.0,False,1.65,9.3,3680455705,30.6592732,104.0135581
120343,,236.0,236.0,956.0,956.0,False,2.09,10.18,838319885,30.64759,104.10778
158032,,236.0,236.0,956.0,956.0,False,2.61,11.22,5375783871,30.6541852,103.9912122
169825,,236.0,236.0,956.0,956.0,False,0.48,8.0,441110862,30.7261803,104.0701266
176922,,236.0,236.0,956.0,956.0,False,0.18,8.0,1458992384,30.6613418,104.0990639
191487,,236.0,236.0,956.0,956.0,False,0.73,8.0,4773199417,30.6698554,104.0112435
37275,,236.0,236.0,956.0,956.0,False,1.45,8.9,4107377024,30.6370152,104.0021341
48887,,236.0,236.0,956.0,956.0,False,0.65,8.0,2784763755,30.6820043,104.0765705
89635,,236.0,236.0,956.0,956.0,False,1.42,8.84,3176000068,30.70276,104.06937
9428,,236.0,236.0,956.0,956.0,False,2.61,11.22,3523308809,30.6411248,104.0756891
98251,,236.0,236.0,956.0,956.0,False,1.5,9.0,4695700254,30.6133529,104.0205173
159086,,237.0,237.0,957.0,957.0,False,1.33,8.66,2662847702,30.6829044,103.9885007
179127,,237.0,237.0,957.0,957.0,False,1.71,9.42,4572410239,30.69435,104.06975
196574,,237.0,237.0,957.0,957.0,False,0.99,8.0,1958204248,30.6700116,104.0846121
197769,,237.0,237.0,957.0,957.0,False,2.1,10.2,1819305271,30.6396884,104.1082506
65372,,237.0,237.0,957.0,957.0,False,0.88,8.0,4748166166,30.6176603,104.0211913
81083,,237.0,237.0,957.0,957.0,False,0.33,8.0,3034330086,30.66732,104.07901
85323,,237.0,237.0,957.0,957.0,False,1.04,8.08,3582243026,30.71902,104.00587
98057,,237.0,237.0,957.0,957.0,False,1.33,8.66,4242369818,30.6878808,104.0215334
122291,,238.0,238.0,958.0,958.0,False,1.14,8.28,1458981267,30.66224,104.09668
141087,,238.0,238.0,958.0,958.0,False,0.66,8.0,441187226,30.671429,104.0630432
182600,,238.0,238.0,958.0,958.0,False,0.77,8.0,3680455714,30.6595421,104.016437
185779,,238.0,238.0,958.0,958.0,False,0.15,8.0,1458998783,30.6618575,104.0995409
67394,,238.0,238.0,958.0,958.0,False,0.45,8.0,3680078445,30.6565935,104.014685
81292,,238.0,238.0,958.0,958.0,False,0.66,8.0,5213238594,30.635554,104.0642827
98494,,238.0,238.0,958.0,958.0,False,1.14,8.28,5141328770,30.6123513,104.0620954
133180,,239.0,239.0,959.0,959.0,False,1.62,9.24,4219865854,30.625332,104.042103
167969,,239.0,239.0,959.0,959.0,False,1.62,9.24,1964418552,30.6683783,104.0983253
194163,,239.0,239.0,959.0,959.0,False,1.62,9.24,314623104,30.6469959,104.0389359
100252,,240.0,240.0,960.0,960.0,False,0.23,8.0,4699007190,30.6101198,104.0324788
102013,,240.0,240.0,960.0,960.0,False,1.0,8.0,1159171641,30.6163231,104.0795758
109050,,240.0,240.0,960.0,960.0,False,1.75,9.5,3597608244,30.7228407,104.027452
12292,,240.0,240.0,960.0,960.0,False,2.97,11.94,1072704341,30.7206098,104.056618
124687,,240.0,240.0,960.0,960.0,False,0.82,8.0,4118527347,30.6979063,104.0891054
130967,,240.0,240.0,960.0,960.0,False,0.23,8.0,1159143889,30.6750002,104.0805541
147881,,240.0,240.0,960.0,960.0,False,0.73,8.0,2472046178,30.6580308,104.0625608
159382,,240.0,240.0,960.0,960.0,False,1.47,8.94,4359391012,30.7254702,104.1151762
162247,,240.0,240.0,960.0,960.0,False,0.7,8.0,1459924112,30.640446,104.1057
162479,,240.0,240.0,960.0,960.0,False,2.27,10.54,2080643555,30.6216724,104.0996009
51603,,240.0,240.0,960.0,960.0,False,1.0,8.0,1458687639,30.6807992,104.0936388
120715,,241.0,241.0,961.0,961.0,False,1.13,8.26,2118910074,30.701761,104.087606
169766,,241.0,241.0,961.0,961.0,False,1.67,9.34,4585443315,30.6681629,104.0466436
19942,,241.0,241.0,961.0,961.0,False,2.55,11.1,4695601754,30.6101253,104.0350762
2454,,241.0,241.0,961.0,961.0,False,0.85,8.0,672293777,30.6508303,104.0574513
281,,241.0,241.0,961.0,961.0,False,0.79,8.0,4748183722,30.6234372,104.0192515
53351,,241.0,241.0,961.0,961.0,False,1.38,8.76,4550019087,30.6502695,104.0584956
53354,,241.0,241.0,961.0,961.0,False,2.55,11.1,5141328782,30.6157524,104.0629506
85199,,241.0,241.0,961.0,961.0,False,0.28,8.0,3089029134,30.6623049,104.0486799
92381,,241.0,241.0,961.0,961.0,False,2.55,11.1,5213237318,30.6389243,104.0511465
96438,,241.0,241.0,961.0,961.0,False,2.24,10.48,2367361538,30.6142858,104.0645239
121951,,242.0,242.0,962.0,962.0,False,1.12,8.24,1159141115,30.659972,104.1035101
123757,,242.0,242.0,962.0,962.0,False,1.32,8.64,1916386448,30.6299084,104.0171491
136720,,242.0,242.0,962.0,962.0,False,2.05,10.1,4572410254,30.6858528,103.9731053
164715,,242.0,242.0,962.0,962.0,False,2.37,10.74,3523294438,30.6485054,104.0518109
194751,,242.0,242.0,962.0,962.0,False,0.97,8.0,4880298885,30.62306,104.1005
25768,,242.0,242.0,962.0,962.0,False,2.05,10.1,4550769658,30.6324072,104.0990275
49657,,242.0,242.0,962.0,962.0,False,0.1,8.0,5382831201,30.6807416,104.0982928
49735,,242.0,242.0,962.0,962.0,False,1.61,9.22,1458907151,30.68232,104.08884
50191,,242.0,242.0,962.0,962.0,False,1.12,8.24,2118898633,30.7119371,104.0782311
56169,,242.0,242.0,962.0,962.0,False,2.11,10.22,4782097006,30.6261211,104.023372
99516,,242.0,242.0,962.0,962.0,False,1.32,8.64,1460311251,30.6552881,104.1122297
207638,,243.0,243.0,963.0,963.0,False,1.82,9.64,480012029,30.6201496,104.0684115
6514,,243.0,243.0,963.0,963.0,False,1.89,9.78,4695601302,30.6109978,104.0294116
118743,,244.0,244.0,964.0,964.0,False,1.32,8.64,3516896165,30.66669,104.07243
151349,,244.0,244.0,964.0,964.0,False,1.39,8.78,3562086855,30.6812148,104.0427216
161970,,244.0,244.0,964.0,964.0,False,0.83,8.0,5141468651,30.6406092,104.0923305
169668,,244.0,244.0,964.0,964.0,False,1.39,8.78,3516890332,30.6789835,103.989558
203842,,244.0,244.0,964.0,964.0,False,1.08,8.16,3761409984,30.6301996,104.0710104
4319,,244.0,244.0,964.0,964.0,False,1.82,9.64,4967265402,30.6559,104.09411
89698,,244.0,244.0,964.0,964.0,False,0.52,8.0,5375784247,30.6334481,104.0078191
137723,,245.0,245.0,965.0,965.0,False,2.17,10.34,1499183068,30.7222897,104.1032908
15071,,245.0,245.0,965.0,965.0,False,0.42,8.0,4638050377,30.7029644,104.0606235
161937,,245.0,245.0,965.0,965.0,False,0.56,8.0,4550018723,30.6487749,104.0719861
180895,,245.0,245.0,965.0,965.0,False,0.69,8.0,4699007267,30.6128935,104.0371765
184759,,245.0,245.0,965.0,965.0,False,0.28,8.0,1492368570,30.65634,104.06234
194756,,245.0,245.0,965.0,965.0,False,1.3,8.6,2564226640,30.6384958,104.0167222
30232,,245.0,245.0,965.0,965.0,False,3.68,13.36,5280629136,30.6675265,104.0059084
46068,,245.0,245.0,965.0,965.0,False,3.44,12.88,4782097003,30.6252512,104.0248876
57873,,245.0,245.0,965.0,965.0,False,0.42,8.0,5141328651,30.6142456,104.062873
74098,,245.0,245.0,965.0,965.0,False,0.56,8.0,337539216,30.624373,104.0353002
7658,,245.0,245.0,965.0,965.0,False,2.04,10.08,432442939,30.6774502,104.0262043
79677,,245.0,245.0,965.0,965.0,False,0.42,8.0,4695601300,30.6113139,104.0294033
96715,,245.0,245.0,965.0,965.0,False,0.42,8.0,4695601336,30.6093642,104.0301001
139560,,246.0,246.0,966.0,966.0,False,1.22,8.44,2731947764,30.6122479,104.0785158
139798,,246.0,246.0,966.0,966.0,False,1.36,8.72,5359113185,30.6764275,104.0117529
173645,,246.0,246.0,966.0,966.0,False,0.77,8.0,2539837356,30.7062417,104.0926253
174806,,246.0,246.0,966.0,966.0,False,1.1,8.2,4782097004,30.6252518,104.0233075
45961,,246.0,246.0,966.0,966.0,False,0.38,8.0,5375783436,30.6193095,104.008829
53926,,246.0,246.0,966.0,966.0,False,0.69,8.0,4695640583,30.6121963,104.0259698
68113,,246.0,246.0,966.0,966.0,False,0.04,8.0,5141468685,30.6375532,104.0942474
69279,,246.0,246.0,966.0,966.0,False,1.42,8.84,3076737454,30.661903,104.05428
135983,,247.0,247.0,967.0,967.0,False,2.11,10.22,1964418552,30.66743,104.09788
3927,,247.0,247.0,967.0,967.0,False,0.76,8.0,5055911222,30.71402,104.10978
51758,,247.0,247.0,967.0,967.0,False,0.69,8.0,3562045366,30.7028977,104.0406788
77251,,247.0,247.0,967.0,967.0,False,0.76,8.0,1159138261,30.6595403,104.1082716
85839,,247.0,247.0,967.0,967.0,False,1.14,8.28,2204171413,30.7243336,104.0800078
100043,,248.0,248.0,968.0,968.0,False,0.49,8.0,2817580742,30.660175,104.11087
10879,,248.0,248.0,968.0,968.0,False,0.7,8.0,4723840159,30.6559384,104.0856737
113339,,248.0,248.0,968.0,968.0,False,0.29,8.0,4972899565,30.62395,104.0501
11841,,248.0,248.0,968.0,968.0,False,2.22,10.44,3541389073,30.6818708,104.034434
120155,,248.0,248.0,968.0,968.0,False,0.7,8.0,1815741549,30.688,104.0762
135523,,248.0,248.0,968.0,968.0,False,0.05,8.0,1159227452,30.69453,104.05478
183372,,248.0,248.0,968.0,968.0,False,1.27,8.54,1159502913,30.6910067,104.0324542
118432,,249.0,249.0,969.0,969.0,False,0.56,8.0,4548141067,30.6253295,104.0742518
152331,,249.0,249.0,969.0,969.0,False,2.14,10.28,4106682134,30.6472,103.97797
172169,,249.0,249.0,969.0,969.0,False,0.97,8.0,1458910133,30.6818887,104.0945196
184495,,249.0,249.0,969.0,969.0,False,1.82,9.64,4359390980,30.7232,104.05242
33366,,249.0,249.0,969.0,969.0,False,1.57,9.14,4934383689,30.6160087,104.1156346
6009,,249.0,249.0,969.0,969.0,False,0.73,8.0,4548209353,30.6769066,104.0612829
68087,,249.0,249.0,969.0,969.0,False,1.3,8.6,3113656968,30.663921,104.051414
74256,,249.0,249.0,969.0,969.0,False,0.49,8.0,4967265420,30.7045843,104.0033762
107476,,250.0,250.0,970.0,970.0,False,2.11,10.22,3562045378,30.7099699,104.0449409
128454,,250.0,250.0,970.0,970.0,False,1.97,9.94,432442545,30.6987537,104.0115058
173923,,250.0,250.0,970.0,970.0,False,0.59,8.0,1159149121,30.65489,104.07317
188571,,250.0,250.0,970.0,970.0,False,0.35,8.0,1159139099,30.66551,104.10502
33358,,250.0,250.0,970.0,970.0,False,1.25,8.5,314623160,30.6695004,104.0680712
81769,,250.0,250.0,970.0,970.0,False,1.97,9.94,465203789,30.7013623,104.1025176
12252,,251.0,251.0,971.0,971.0,False,0.47,8.0,3562086847,30.6801323,104.0442623
136652,,251.0,251.0,971.0,971.0,False,2.89,11.78,2118898633,30.7119371,104.0782311
165824,,251.0,251.0,971.0,971.0,False,0.32,8.0,5375783793,30.6555709,103.9997716
182653,,251.0,251.0,971.0,971.0,False,2.89,11.78,4973209489,30.6109852,104.0452326
25208,,251.0,251.0,971.0,971.0,False,0.47,8.0,1159941208,30.6697719,104.0225964
34418,,251.0,251.0,971.0,971.0,False,2.46,10.92,4695701798,30.6127336,104.0193133
7399,,251.0,251.0,971.0,971.0,False,0.19,8.0,3445813551,30.66709,104.07077
103135,,252.0,252.0,972.0,972.0,False,0.12,8.0,2929538604,30.6749061,104.0712603
12223,,252.0,252.0,972.0,972.0,False,0.94,8.0,4118527511,30.7017243,104.0969221
174619,,252.0,252.0,972.0,972.0,False,1.09,8.18,2317136987,30.6284605,104.0421771
186449,,252.0,252.0,972.0,972.0,False,0.12,8.0,1159511641,30.6539347,104.0658161
195539,,252.0,252.0,972.0,972.0,False,2.68,11.36,2823785826,30.66032,104.05638
24974,,252.0,252.0,972.0,972.0,False,0.7,8.0,4548211415,30.6229694,104.0837823
63679,,252.0,252.0,972.0,972.0,False,1.5,9.0,4967265777,30.7070411,104.012388
70679,,252.0,252.0,972.0,972.0,False,0.39,8.0,3033986301,30.662333,104.02715
89577,,252.0,252.0,972.0,972.0,False,0.81,8.0,4521034133,30.6521703,104.0838805
102223,,253.0,253.0,973.0,973.0,False,1.59,9.18,4750955766,30.71113,104.11398
162482,,253.0,253.0,973.0,973.0,False,2.15,10.3,1159488308,30.6905045,104.0741838
20112,,253.0,253.0,973.0,973.0,False,2.43,10.86,2653287869,30.685728,104.0777733
202248,,253.0,253.0,973.0,973.0,False,1.41,8.82,2282013902,30.6183466,103.9664428
202688,,253.0,253.0,973.0,973.0,False,0.09,8.0,432429428,30.6294102,104.0406415
46158,,253.0,253.0,973.0,973.0,False,1.41,8.82,1827955130,30.6645306,104.0543503
48153,,253.0,253.0,973.0,973.0,False,0.75,8.0,4991425514,30.650584,103.9858654
73464,,253.0,253.0,973.0,973.0,False,1.51,9.02,3613960020,30.6720396,104.0495155
8210,,253.0,253.0,973.0,973.0,False,1.89,9.78,4695601318,30.6115778,104.0293964
87095,,253.0,253.0,973.0,973.0,False,1.51,9.02,2041532105,30.66799,104.08588
126979,,254.0,254.0,974.0,974.0,False,2.97,11.94,5141468738,30.63315,104.09487
144001,,254.0,254.0,974.0,974.0,False,1.97,9.94,5218240014,30.7039362,104.0535263
195947,,254.0,254.0,974.0,974.0,False,0.98,8.0,4572410239,30.69452,104.069855
27934,,254.0,254.0,974.0,974.0,False,0.43,8.0,4548211199,30.6747842,104.0379887
45041,,254.0,254.0,974.0,974.0,False,1.48,8.96,2441172197,30.6748274,104.0074372
49414,,254.0,254.0,974.0,974.0,False,0.43,8.0,432442981,30.6755493,104.0151322
113699,,255.0,255.0,975.0,975.0,False,0.73,8.0,5382831172,30.6763123,104.09905
140687,,255.0,255.0,975.0,975.0,False,1.56,9.12,4701464356,30.6141202,104.0561229
145296,,255.0,255.0,975.0,975.0,False,0.88,8.0,5186309506,30.6747224,104.0088021
173852,,255.0,255.0,975.0,975.0,False,1.94,9.88,2720955521,30.7122383,104.0332875
30991,,255.0,255.0,975.0,975.0,False,0.15,8.0,2039561230,30.68258,104.10983
64638,,255.0,255.0,975.0,975.0,False,1.48,8.96,2823785847,30.6766211,104.0701856
161034,,256.0,256.0,976.0,976.0,False,0.86,8.0,3176000067,30.7050264,104.0689735
169299,,256.0,256.0,976.0,976.0,False,1.1,8.2,2119004935,30.69712,104.02325
194337,,256.0,256.0,976.0,976.0,False,2.1,10.2,672405830,30.6565407,104.0799464
194898,,256.0,256.0,976.0,976.0,False,1.32,8.64,3742070431,30.6572722,104.070432
19863,,256.0,256.0,976.0,976.0,False,0.14,8.0,4069514798,30.71807,103.97733
206657,,256.0,256.0,976.0,976.0,False,0.23,8.0,4772451022,30.680834,104.0077624
68283,,256.0,256.0,976.0,976.0,False,0.23,8.0,3562015383,30.66046,104.0817
103845,,257.0,257.0,977.0,977.0,False,0.67,8.0,4695701791,30.6127692,104.0190401
117763,,257.0,257.0,977.0,977.0,False,1.39,8.78,3562110274,30.671541,104.066536
111142,,258.0,258.0,978.0,978.0,False,0.48,8.0,3034330083,30.6615722,104.0847498
130715,,258.0,258.0,978.0,978.0,False,3.1,12.2,1458959874,30.6666005,104.0835312
155728,,258.0,258.0,978.0,978.0,False,1.52,9.04,1159173784,30.6320216,104.0709797
160237,,258.0,258.0,978.0,978.0,False,2.22,10.44,2282016051,30.6109499,103.9681329
178285,,258.0,258.0,978.0,978.0,False,1.02,8.04,2133183929,30.6227418,104.1035439
19318,,258.0,258.0,978.0,978.0,False,0.47,8.0,4972899548,30.6134365,104.0472864
199429,,258.0,258.0,978.0,978.0,False,1.02,8.04,4217837115,30.6268472,104.0432043
37397,,258.0,258.0,978.0,978.0,False,0.35,8.0,4978440956,30.6800833,104.0774986
5465,,258.0,258.0,978.0,978.0,False,0.71,8.0,504315315,30.698928,104.1041965
81362,,258.0,258.0,978.0,978.0,False,2.62,11.24,2726912095,30.6798807,104.069223
90259,,258.0,258.0,978.0,978.0,False,0.22,8.0,432432585,30.6593166,104.0346479
93342,,258.0,258.0,978.0,978.0,False,0.25,8.0,4548209372,30.6289384,104.0971633
107333,,259.0,259.0,979.0,979.0,False,0.06,8.0,2211353126,30.6937149,104.0817129
131723,,259.0,259.0,979.0,979.0,False,0.9,8.0,3034330085,30.6655,104.07809
138223,,259.0,259.0,979.0,979.0,False,0.9,8.0,5213253192,30.6647302,104.1111338
14965,,259.0,259.0,979.0,979.0,False,0.62,8.0,1916530818,30.6193991,103.9686301
181308,,259.0,259.0,979.0,979.0,False,2.23,10.46,5436607837,30.6359795,104.0641477
2615,,259.0,259.0,979.0,979.0,False,2.58,11.16,1947583849,30.68939,104.08784
33039,,259.0,259.0,979.0,979.0,False,1.4,8.8,2843286575,30.69556,104.05742
48163,,259.0,259.0,979.0,979.0,False,0.87,8.0,4548259677,30.6700194,104.0350055
48443,,259.0,259.0,979.0,979.0,False,0.7,8.0,2631867279,30.686945,104.087863
57710,,259.0,259.0,979.0,979.0,False,1.15,8.3,4078817952,30.7020856,104.0813019
61498,,259.0,259.0,979.0,979.0,False,1.83,9.66,2717786564,30.6251659,104.0814952
87871,,259.0,259.0,979.0,979.0,False,1.08,8.16,3445777695,30.64038,104.104164
106713,,260.0,260.0,980.0,980.0,False,1.47,8.94,4106682207,30.6625883,103.9798102
12332,,260.0,260.0,980.0,980.0,False,2.65,11.3,4064178181,30.6741915,103.9993135
172174,,260.0,260.0,980.0,980.0,False,1.77,9.54,337539380,30.6107225,104.05127
176951,,260.0,260.0,980.0,980.0,False,1.84,9.68,4964134669,30.72042,104.02986
199453,,260.0,260.0,980.0,980.0,False,0.04,8.0,1492389307,30.6570005,104.0582711
37556,,260.0,260.0,980.0,980.0,False,0.33,8.0,5145177720,30.7243357,104.1038873
45177,,260.0,260.0,980.0,980.0,False,0.86,8.0,5141468799,30.6305242,104.1014825
86779,,260.0,260.0,980.0,980.0,False,0.2,8.0,2135942432,30.6108656,104.0240882
9294,,260.0,260.0,980.0,980.0,False,1.09,8.18,1458937190,30.6763981,104.0949609
137892,,261.0,261.0,981.0,981.0,False,1.21,8.42,5436607838,30.6359784,104.0640423
141339,,261.0,261.0,981.0,981.0,False,0.4,8.0,5375784227,30.6338087,104.0090972
190264,,261.0,261.0,981.0,981.0,False,0.09,8.0,3445748151,30.6245276,104.064593
191956,,261.0,261.0,981.0,981.0,False,0.59,8.0,4699007237,30.6094711,104.0409588
55426,,261.0,261.0,981.0,981.0,False,0.49,8.0,5213238569,30.6486479,104.0387214
59795,,261.0,261.0,981.0,981.0,False,0.4,8.0,1947583813,30.69257,104.08004
61103,,261.0,261.0,981.0,981.0,False,2.57,11.14,672406316,30.65237,104.06873
79871,,261.0,261.0,981.0,981.0,False,0.09,8.0,1458995148,30.6596791,104.0982134
91303,,261.0,261.0,981.0,981.0,False,2.97,11.94,1459011344,30.6528616,104.1117891
11359,,262.0,262.0,982.0,982.0,False,0.75,8.0,1159155219,30.64337,104.10275
117630,,262.0,262.0,982.0,982.0,False,1.22,8.44,2838556821,30.6252506,104.1047108
132846,,262.0,262.0,982.0,982.0,False,2.61,11.22,5213238479,30.6605857,104.0593624
170590,,262.0,262.0,982.0,982.0,False,2.61,11.22,4703149484,30.6112772,104.0681401
181620,,262.0,262.0,982.0,982.0,False,1.76,9.52,2559969504,30.6291352,104.0354012
18250,,262.0,262.0,982.0,982.0,False,0.54,8.0,1459065012,30.6456233,104.1079234
188745,,262.0,262.0,982.0,982.0,False,1.45,8.9,4550018603,30.6523365,104.0539711
190715,,262.0,262.0,982.0,982.0,False,0.5,8.0,872835364,30.65854,104.05825
55524,,262.0,262.0,982.0,982.0,False,0.5,8.0,1918491753,30.6329153,103.974869
89764,,262.0,262.0,982.0,982.0,False,2.47,10.94,1493146466,30.6186685,104.0648007
103963,,263.0,263.0,983.0,983.0,False,0.94,8.0,1159234118,30.69463,104.06227
116032,,263.0,263.0,983.0,983.0,False,1.82,9.64,3633008416,30.6705037,104.0381721
150743,,263.0,263.0,983.0,983.0,False,0.19,8.0,1159230079,30.679,104.08012
170137,,263.0,263.0,983.0,983.0,False,1.91,9.82,1388412848,30.6790803,104.0768185
18174,,263.0,263.0,983.0,983.0,False,0.6,8.0,432442946,30.6814384,104.0245341
195443,,263.0,263.0,983.0,983.0,False,1.82,9.64,2041531471,30.6798058,104.0744654
22895,,263.0,263.0,983.0,983.0,False,1.82,9.64,3199773570,30.6988,104.11295
61911,,263.0,263.0,983.0,983.0,False,0.6,8.0,4242372662,30.687755,104.0217668
80720,,263.0,263.0,983.0,983.0,False,2.01,10.02,3927876939,30.6750845,103.9870927
114383,,264.0,264.0,984.0,984.0,False,1.9,9.8,432452908,30.6228559,104.0693233
115756,,264.0,264.0,984.0,984.0,False,2.74,11.48,2997203346,30.6977886,104.0737909
129543,,264.0,264.0,984.0,984.0,False,3.38,12.76,314655436,30.713608,104.10328
142682,,264.0,264.0,984.0,984.0,False,1.62,9.24,4548211256,30.6228593,104.0830701
149971,,264.0,264.0,984.0,984.0,False,1.62,9.24,4695640584,30.6127957,104.0259355
156148,,264.0,264.0,984.0,984.0,False,1.13,8.26,3541420734,30.6926479,104.0708075
157826,,264.0,264.0,984.0,984.0,False,0.65,8.0,2981319486,30.7081174,104.0085289
17531,,264.0,264.0,984.0,984.0,False,0.79,8.0,2956775868,30.702,104.0357
187902,,264.0,264.0,984.0,984.0,False,0.34,8.0,1159465756,30.6796725,104.0248418
203219,,264.0,264.0,984.0,984.0,False,2.25,10.5,1156126791,30.6874943,104.1001317
203369,,264.0,264.0,984.0,984.0,False,0.23,8.0,1507357789,30.697117,104.0787323
20687,,264.0,264.0,984.0,984.0,False,1.62,9.24,3582961910,30.6419,104.03699
42991,,264.0,264.0,984.0,984.0,False,1.9,9.8,3203414180,30.63803,104.0361
5734,,264.0,264.0,984.0,984.0,False,2.25,10.5,1918491708,30.6316005,104.0069373
68496,,264.0,264.0,984.0,984.0,False,1.66,9.32,4550769309,30.6231258,104.1096007
178943,,265.0,265.0,985.0,985.0,False,0.04,8.0,5310712645,30.66017,104.11073
48164,,265.0,265.0,985.0,985.0,False,0.03,8.0,4585469576,30.6563651,104.060512
69457,,265.0,265.0,985.0,985.0,False,1.8,9.6,432432532,30.6541967,104.0448916
197539,,266.0,266.0,986.0,986.0,False,1.65,9.3,5213253142,30.6656392,104.1094973
2508,,266.0,266.0,986.0,986.0,False,1.3,8.6,4549992877,30.646014,103.9701757
30921,,266.0,266.0,986.0,986.0,False,1.52,9.04,4701400388,30.6113155,104.0545396
43371,,266.0,266.0,986.0,986.0,False,2.34,10.68,1156126798,30.66557,104.04192
61660,,266.0,266.0,986.0,986.0,False,0.35,8.0,4701464386,30.6173746,104.0632787
123675,,267.0,267.0,987.0,987.0,False,3.6,13.2,1460296424,30.6498096,104.1097822
136592,,267.0,267.0,987.0,987.0,False,1.19,8.38,1885342902,30.6783873,104.0992476
151051,,267.0,267.0,987.0,987.0,False,0.11,8.0,4064178181,30.6741915,103.9993135
173792,,267.0,267.0,987.0,987.0,False,3.6,13.2,314622956,30.6469045,104.0472313
206876,,267.0,267.0,987.0,987.0,False,0.59,8.0,3516900115,30.6727655,104.0744432
28684,,267.0,267.0,987.0,987.0,False,0.02,8.0,3633008400,30.6661111,104.0383593
37213,,267.0,267.0,987.0,987.0,False,0.86,8.0,2180630926,30.6985825,104.0518268
63113,,267.0,267.0,987.0,987.0,False,0.59,8.0,432442519,30.683134,104.0127396
70855,,267.0,267.0,987.0,987.0,False,0.86,8.0,1159172636,30.62141,104.07708
110615,,268.0,268.0,988.0,988.0,False,1.48,8.96,3034393457,30.667206,104.05226
127385,,268.0,268.0,988.0,988.0,False,0.5,8.0,2823785845,30.6682873,104.0631681
134250,,268.0,268.0,988.0,988.0,False,0.17,8.0,1500638653,30.6943811,104.0290585
138626,,268.0,268.0,988.0,988.0,False,0.79,8.0,1815741561,30.6881779,104.0706783
169914,,268.0,268.0,988.0,988.0,False,0.43,8.0,3033986268,30.6609585,104.0314765
78587,,268.0,268.0,988.0,988.0,False,0.43,8.0,1912246988,30.6096736,104.0994325
83165,,268.0,268.0,988.0,988.0,False,0.5,8.0,5261581861,30.6767822,104.0956032
96577,,268.0,268.0,988.0,988.0,False,1.91,9.82,4393204198,30.6226323,104.0600095
104973,,269.0,269.0,989.0,989.0,False,0.03,8.0,3562110284,30.6545166,104.0800496
110680,,269.0,269.0,989.0,989.0,False,3.64,13.28,4972899582,30.632923,104.0486127
111591,,269.0,269.0,989.0,989.0,False,0.03,8.0,432442941,30.6799138,104.0286719
118012,,269.0,269.0,989.0,989.0,False,1.6,9.2,4218012554,30.6269745,104.0442598
120292,,269.0,269.0,989.0,989.0,False,0.59,8.0,4877924396,30.6456255,104.1023277
123861,,269.0,269.0,989.0,989.0,False,0.77,8.0,1156126794,30.6785131,104.048814
15023,,269.0,269.0,989.0,989.0,False,1.6,9.2,2039561245,30.68241,104.11292
160656,,269.0,269.0,989.0,989.0,False,0.59,8.0,1445523376,30.649645,104.0650195
16257,,269.0,269.0,989.0,989.0,False,0.31,8.0,3562086848,30.6732419,104.0595487
1670,,269.0,269.0,989.0,989.0,False,0.77,8.0,2729395914,30.6296384,104.0450455
175894,,269.0,269.0,989.0,989.0,False,0.31,8.0,2726978412,30.6110285,104.0511406
195048,,269.0,269.0,989.0,989.0,False,1.52,9.04,4064178135,30.6588987,103.9799388
6447,,269.0,269.0,989.0,989.0,False,3.64,13.28,4601260487,30.63703,104.06653
72301,,269.0,269.0,989.0,989.0,False,0.87,8.0,4695601601,30.6096228,104.041796
77661,,269.0,269.0,989.0,989.0,False,1.3,8.6,4772463261,30.6634104,104.0444917
109461,,270.0,270.0,990.0,990.0,False,0.46,8.0,2546074266,30.6859804,104.0297723
128318,,270.0,270.0,990.0,990.0,False,1.03,8.06,2956775869,30.6986178,104.0390225
175750,,270.0,270.0,990.0,990.0,False,0.57,8.0,5367321383,30.6635679,104.0055371
199143,,270.0,270.0,990.0,990.0,False,2.55,11.1,1964309339,30.6776321,104.1060754
39325,,270.0,270.0,990.0,990.0,False,1.52,9.04,1159170636,30.6319546,104.0861607
4747,,270.0,270.0,990.0,990.0,False,0.57,8.0,3633018391,30.6678065,104.0647205
141935,,271.0,271.0,991.0,991.0,False,0.53,8.0,4106681965,30.6312635,103.9832108
14897,,271.0,271.0,991.0,991.0,False,0.72,8.0,4549993443,30.706049,104.0407028
152540,,271.0,271.0,991.0,991.0,False,0.63,8.0,4548259606,30.6486463,104.0387412
153169,,271.0,271.0,991.0,991.0,False,3.5,13.0,432452881,30.6207392,104.0502162
168455,,271.0,271.0,991.0,991.0,False,1.48,8.96,2119004935,30.6957,104.02611
170831,,271.0,271.0,991.0,991.0,False,0.63,8.0,3069351956,30.62832,103.98891
176649,,271.0,271.0,991.0,991.0,False,0.22,8.0,3541371612,30.6660645,104.0537222
183320,,271.0,271.0,991.0,991.0,False,3.5,13.0,4699007144,30.6094433,104.0369642
183611,,271.0,271.0,991.0,991.0,False,1.29,8.58,2651714403,30.6682514,104.1131447
189422,,271.0,271.0,991.0,991.0,False,0.89,8.0,4438008291,30.6912674,104.0937124
99831,,271.0,271.0,991.0,991.0,False,0.89,8.0,314655436,30.712029,104.10266
117294,,272.0,272.0,992.0,992.0,False,0.46,8.0,5367313164,30.6372345,103.9732297
121863,,272.0,272.0,992.0,992.0,False,1.55,9.1,1295783630,30.6408375,104.0794357
139333,,272.0,272.0,992.0,992.0,False,0.46,8.0,3562004400,30.6534007,104.0332059
143488,,272.0,272.0,992.0,992.0,False,0.57,8.0,4550701364,30.6146715,103.9817885
37775,,272.0,272.0,992.0,992.0,False,0.42,8.0,5310712645,30.66087,104.10942
76084,,272.0,272.0,992.0,992.0,False,0.55,8.0,4106682095,30.6426954,103.9789174
116922,,273.0,273.0,993.0,993.0,False,0.87,8.0,4548211407,30.6636395,104.058178
118695,,273.0,273.0,993.0,993.0,False,1.29,8.58,5375784048,30.6561051,103.997904
156831,,273.0,273.0,993.0,993.0,False,1.48,8.96,4118527511,30.7017243,104.0969221
171466,,273.0,273.0,993.0,993.0,False,1.03,8.06,2204171389,30.7236639,104.079988
176777,,273.0,273.0,993.0,993.0,False,1.41,8.82,4695640614,30.610536,104.0273302
196238,,273.0,273.0,993.0,993.0,False,1.41,8.82,1916386506,30.6333933,104.0182052
197139,,273.0,273.0,993.0,993.0,False,1.35,8.7,1159175447,30.62499,104.07041
83657,,273.0,273.0,993.0,993.0,False,0.87,8.0,3087817478,30.6534229,103.9991094
88360,,273.0,273.0,993.0,993.0,False,1.29,8.58,2472030044,30.6624527,104.0640486
105568,,274.0,274.0,994.0,994.0,False,1.22,8.44,4991425501,30.6490634,103.9833258
120425,,274.0,274.0,994.0,994.0,False,1.96,9.92,1459039172,30.6456299,104.1075605
128782,,274.0,274.0,994.0,994.0,False,0.19,8.0,1159173348,30.6276025,104.0726317
131676,,274.0,274.0,994.0,994.0,False,0.95,8.0,1458998791,30.6640403,104.099875
142615,,274.0,274.0,994.0,994.0,False,1.22,8.44,1313065875,30.6418278,104.086438
177939,,274.0,274.0,994.0,994.0,False,0.13,8.0,1987271094,30.6845244,104.0967676
34158,,274.0,274.0,994.0,994.0,False,0.63,8.0,4217837143,30.6271727,104.0430976
39945,,274.0,274.0,994.0,994.0,False,0.19,8.0,4638050371,30.703058,104.0614812
93324,,274.0,274.0,994.0,994.0,False,0.43,8.0,4548211410,30.6785644,104.0488985
94318,,274.0,274.0,994.0,994.0,False,2.23,10.46,4773916469,30.656163,104.0021928
142892,,275.0,275.0,995.0,995.0,False,2.08,10.16,4701577708,30.6174884,104.0715606
148746,,275.0,275.0,995.0,995.0,False,1.06,8.12,432442517,30.6790649,104.0095531
177936,,275.0,275.0,995.0,995.0,False,1.72,9.44,439751889,30.6649659,103.9832474
1824,,275.0,275.0,995.0,995.0,False,0.98,8.0,1504230228,30.6973358,104.1034032
198375,,275.0,275.0,995.0,995.0,False,0.65,8.0,3199773650,30.7016075,104.1076225
198418,,275.0,275.0,995.0,995.0,False,1.91,9.82,3445813550,30.6661485,104.0697948
203939,,275.0,275.0,995.0,995.0,False,0.91,8.0,3034040780,30.7061494,104.0105103
24428,,275.0,275.0,995.0,995.0,False,0.98,8.0,4106681933,30.6208698,103.985707
28148,,275.0,275.0,995.0,995.0,False,1.37,8.74,5141328769,30.6122224,104.0626517
34051,,275.0,275.0,995.0,995.0,False,2.08,10.16,432432574,30.6638273,104.0333013
35939,,275.0,275.0,995.0,995.0,False,0.91,8.0,3034029045,30.6913279,104.0063866
51485,,275.0,275.0,995.0,995.0,False,2.26,10.52,3541429494,30.717057,104.042061
56864,,275.0,275.0,995.0,995.0,False,0.86,8.0,4444112342,30.7208532,104.102898
67263,,275.0,275.0,995.0,995.0,False,1.37,8.74,672406316,30.6524299,104.0693456
6904,,275.0,275.0,995.0,995.0,False,0.51,8.0,4549993149,30.6940004,104.0391515
72629,,275.0,275.0,995.0,995.0,False,1.91,9.82,3691534644,30.659028,104.026275
97167,,275.0,275.0,995.0,995.0,False,1.37,8.74,1159172253,30.61455,104.08222
136078,,276.0,276.0,996.0,996.0,False,1.49,8.98,1916531026,30.6258323,103.9828443
139318,,276.0,276.0,996.0,996.0,False,1.49,8.98,1159227452,30.6954217,104.0548065
151556,,276.0,276.0,996.0,996.0,False,0.22,8.0,4782097014,30.6266887,104.0243054
154743,,276.0,276.0,996.0,996.0,False,1.5,9.0,3562033467,30.7085695,104.0780108
157591,,276.0,276.0,996.0,996.0,False,0.61,8.0,1506537728,30.715035,104.0719981
177227,,276.0,276.0,996.0,996.0,False,0.67,8.0,2651714403,30.66942,104.11391
201884,,276.0,276.0,996.0,996.0,False,0.34,8.0,4903112580,30.6591867,104.0786876
205080,,276.0,276.0,996.0,996.0,False,1.51,9.02,4548318423,30.6298222,104.0916942
25857,,276.0,276.0,996.0,996.0,False,0.67,8.0,4772463303,30.661617,104.0449828
26956,,276.0,276.0,996.0,996.0,False,0.61,8.0,4547074323,30.6107769,104.0748126
86436,,276.0,276.0,996.0,996.0,False,1.82,9.64,2676903519,30.6775167,103.9965201
89765,,276.0,276.0,996.0,996.0,False,0.34,8.0,4549759292,30.6672728,104.0578932
132604,,277.0,277.0,997.0,997.0,False,1.44,8.88,4693609806,30.633016,104.0684419
144336,,277.0,277.0,997.0,997.0,False,1.51,9.02,3516890332,30.6789835,103.989558
14523,,277.0,277.0,997.0,997.0,False,1.24,8.48,5055908304,30.71258,104.11227
159563,,277.0,277.0,997.0,997.0,False,1.51,9.02,2817580742,30.6595634,104.1111657
22343,,277.0,277.0,997.0,997.0,False,0.57,8.0,2329062682,30.708897,104.012344
2607,,277.0,277.0,997.0,997.0,False,1.44,8.88,4773199407,30.6729877,104.0132292
38722,,277.0,277.0,997.0,997.0,False,1.32,8.64,1947583836,30.6884794,104.0867893
56283,,277.0,277.0,997.0,997.0,False,0.61,8.0,3613982152,30.66284,104.05218
86724,,277.0,277.0,997.0,997.0,False,2.93,11.86,1916401291,30.6120007,104.0314094
107187,,278.0,278.0,998.0,998.0,False,0.48,8.0,1506424273,30.71133,104.06692
111255,,278.0,278.0,998.0,998.0,False,1.55,9.1,1295783636,30.64041,104.08121
122127,,278.0,278.0,998.0,998.0,False,2.44,10.88,432452878,30.61309,104.05095
156422,,278.0,278.0,998.0,998.0,False,1.55,9.1,2358611074,30.6803628,103.9938107
27343,,278.0,278.0,998.0,998.0,False,1.46,8.92,4505485121,30.63668,104.07628
54996,,278.0,278.0,998.0,998.0,False,1.32,8.64,2823785843,30.6623932,104.0600959
105231,,279.0,279.0,999.0,999.0,False,1.51,9.02,3034409148,30.7209793,104.0717817
20509,,279.0,279.0,999.0,999.0,False,0.22,8.0,4967265420,30.7045843,104.0033762
2963,,279.0,279.0,999.0,999.0,False,2.21,10.42,1159134919,30.662655,104.09095
30595,,279.0,279.0,999.0,999.0,False,0.23,8.0,1458687639,30.6807992,104.0936388
3637,,279.0,279.0,999.0,999.0,False,1.5,9.0,4136052211,30.6108421,104.0479879
9905,,279.0,279.0,999.0,999.0,False,0.24,8.0,3034376775,30.6800987,104.0631079
125483,,280.0,280.0,1000.0,1000.0,False,2.23,10.46,3579517900,30.66747,104.05616
136587,,280.0,280.0,1000.0,1000.0,False,1.94,9.88,3541429493,30.71261,104.05077
146819,,280.0,280.0,1000.0,1000.0,False,2.05,10.1,1492633096,30.6213214,104.0646592
152517,,280.0,280.0,1000.0,1000.0,False,3.95,13.9,2981319491,30.7106141,104.0138978
153747,,280.0,280.0,1000.0,1000.0,False,0.36,8.0,4438008291,30.6912674,104.0937124
189820,,280.0,280.0,1000.0,1000.0,False,0.06,8.0,2956775867,30.6988103,104.0287998
198444,,280.0,280.0,1000.0,1000.0,False,1.94,9.88,3613960005,30.6700377,104.0536038
199911,,280.0,280.0,1000.0,1000.0,False,0.1,8.0,4572409866,30.688183,104.0705932
26397,,280.0,280.0,1000.0,1000.0,False,0.1,8.0,4548211319,30.647512,104.019777
107996,,281.0,281.0,1001.0,1001.0,False,0.06,8.0,3523294438,30.6485054,104.0518109
10940,,281.0,281.0,1001.0,1001.0,False,0.53,8.0,465203734,30.7061876,104.1023805
123640,,281.0,281.0,1001.0,1001.0,False,0.34,8.0,672349463,30.720436,104.0716919
168657,,281.0,281.0,1001.0,1001.0,False,2.28,10.56,1339701406,30.7100912,104.0459688
171748,,281.0,281.0,1001.0,1001.0,False,0.13,8.0,1459043869,30.6447963,104.1077015
193697,,281.0,281.0,1001.0,1001.0,False,1.45,8.9,4548211649,30.6912378,104.0367322
195479,,281.0,281.0,1001.0,1001.0,False,0.5,8.0,1956501938,30.68705,104.10488
27703,,281.0,281.0,1001.0,1001.0,False,2.28,10.56,2852227691,30.6868525,104.0636487
33831,,281.0,281.0,1001.0,1001.0,False,2.26,10.52,3681180642,30.65465,104.06811
104878,,282.0,282.0,1002.0,1002.0,False,0.22,8.0,3633018387,30.6667602,104.0632288
157011,,282.0,282.0,1002.0,1002.0,False,0.28,8.0,432442880,30.6853516,103.9833976
168198,,282.0,282.0,1002.0,1002.0,False,1.1,8.2,432442558,30.6953092,104.0117007
206727,,282.0,282.0,1002.0,1002.0,False,1.93,9.86,432442862,30.6699,104.00283
30625,,282.0,282.0,1002.0,1002.0,False,0.3,8.0,4701577774,30.6233758,104.0819005
33049,,282.0,282.0,1002.0,1002.0,False,0.86,8.0,2217768445,30.6550821,104.0614252
39216,,282.0,282.0,1002.0,1002.0,False,0.22,8.0,4964134712,30.7087777,104.0187191
114651,,283.0,283.0,1003.0,1003.0,False,1.19,8.38,4693610005,30.6286307,104.0725916
133856,,283.0,283.0,1003.0,1003.0,False,3.02,12.04,4548211210,30.6752271,104.055483
166652,,283.0,283.0,1003.0,1003.0,False,0.98,8.0,4550769309,30.6231258,104.1096007
166895,,283.0,283.0,1003.0,1003.0,False,1.69,9.38,4964134715,30.7101028,104.0179797
22390,,283.0,283.0,1003.0,1003.0,False,3.02,12.04,1455094498,30.6960259,104.1061202
35700,,283.0,283.0,1003.0,1003.0,False,1.9,9.8,439751949,30.7000954,104.0007721
66455,,283.0,283.0,1003.0,1003.0,False,1.69,9.38,5359113207,30.6779485,104.0086357
69141,,283.0,283.0,1003.0,1003.0,False,0.56,8.0,3541389065,30.6884171,104.0366024
134578,,284.0,284.0,1004.0,1004.0,False,0.56,8.0,1159481534,30.6728847,104.069903
207489,,284.0,284.0,1004.0,1004.0,False,1.96,9.92,441187401,30.6861604,104.063251
208614,,284.0,284.0,1004.0,1004.0,False,1.96,9.92,2956775866,30.7059456,104.0407825
69416,,284.0,284.0,1004.0,1004.0,False,1.77,9.54,4548259673,30.6798247,104.0550663
120138,,285.0,285.0,1005.0,1005.0,False,0.61,8.0,4773916428,30.6574387,104.0023707
132240,,285.0,285.0,1005.0,1005.0,False,1.42,8.84,2847758682,30.6669625,104.1117503
151493,,285.0,285.0,1005.0,1005.0,False,0.24,8.0,4106681953,30.6286976,103.9967634
161167,,285.0,285.0,1005.0,1005.0,False,1.67,9.34,4444112350,30.7229266,104.1034832
190011,,285.0,285.0,1005.0,1005.0,False,1.72,9.44,1159234181,30.694,104.07325
199127,,285.0,285.0,1005.0,1005.0,False,1.7,9.4,3034409014,30.70805,104.09829
27283,,285.0,285.0,1005.0,1005.0,False,1.71,9.42,4548209355,30.6258131,104.0473264
43887,,285.0,285.0,1005.0,1005.0,False,0.61,8.0,3034409144,30.71672,104.10436
51636,,285.0,285.0,1005.0,1005.0,False,1.42,8.84,5257005076,30.6774396,104.0933907
90492,,285.0,285.0,1005.0,1005.0,False,0.77,8.0,3541393472,30.6875485,104.0235791
200414,,286.0,286.0,1006.0,1006.0,False,1.11,8.22,1492371540,30.6549288,104.0633533
202091,,286.0,286.0,1006.0,1006.0,False,0.46,8.0,5141468785,30.6363947,104.1017616
67502,,286.0,286.0,1006.0,1006.0,False,0.81,8.0,4550019014,30.6470922,104.0561723
74397,,286.0,286.0,1006.0,1006.0,False,0.81,8.0,2564226602,30.618224,104.0204586
95736,,286.0,286.0,1006.0,1006.0,False,0.9,8.0,4548259554,30.6763906,103.9764911
107066,,287.0,287.0,1007.0,1007.0,False,1.42,8.84,1457841122,30.6977666,104.1048176
161675,,287.0,287.0,1007.0,1007.0,False,2.2,10.4,1072704325,30.71399,104.05887
175466,,287.0,287.0,1007.0,1007.0,False,1.84,9.68,5375783830,30.6487502,104.0014426
37769,,287.0,287.0,1007.0,1007.0,False,1.13,8.26,1159131824,30.6629322,104.0791972
64370,,287.0,287.0,1007.0,1007.0,False,0.03,8.0,4701400723,30.624126,104.0932815
7096,,287.0,287.0,1007.0,1007.0,False,2.29,10.58,838319857,30.6422958,104.105178
79808,,287.0,287.0,1007.0,1007.0,False,2.29,10.58,1916386502,30.6207129,104.0287362
82307,,287.0,287.0,1007.0,1007.0,False,2.68,11.36,1947583808,30.69441,104.08024
103729,,288.0,288.0,1008.0,1008.0,False,0.39,8.0,4359390982,30.7238238,104.1117325
130574,,288.0,288.0,1008.0,1008.0,False,0.39,8.0,4695601664,30.609359,104.04034
169988,,288.0,288.0,1008.0,1008.0,False,1.46,8.92,2981319492,30.7109051,104.0104793
185198,,288.0,288.0,1008.0,1008.0,False,2.99,11.98,4548318012,30.6161344,104.0964529
23298,,288.0,288.0,1008.0,1008.0,False,1.15,8.3,3031031600,30.6818163,104.1089397
62573,,288.0,288.0,1008.0,1008.0,False,2.27,10.54,276556885,30.6109556,104.0647731
100483,,289.0,289.0,1009.0,1009.0,False,0.51,8.0,4973209509,30.6136942,104.0420125
27803,,289.0,289.0,1009.0,1009.0,False,0.72,8.0,314622970,30.64154,104.03601
28867,,289.0,289.0,1009.0,1009.0,False,0.21,8.0,1964418552,30.6683783,104.0983253
41332,,289.0,289.0,1009.0,1009.0,False,0.9,8.0,4963999569,30.7168843,104.0320779
51419,,289.0,289.0,1009.0,1009.0,False,2.85,11.7,4693609980,30.6288924,104.0691555
53518,,289.0,289.0,1009.0,1009.0,False,0.51,8.0,4548211258,30.6625876,104.0538497
121840,,290.0,290.0,1010.0,1010.0,False,1.43,8.86,1313998740,30.6354039,104.0864149
123771,,290.0,290.0,1010.0,1010.0,False,2.56,11.12,2910354673,30.6477888,104.0829634
12804,,290.0,290.0,1010.0,1010.0,False,2.56,11.12,3691210143,30.65801,104.0164294
1752,,290.0,290.0,1010.0,1010.0,False,0.55,8.0,4102485554,30.692245,104.0486634
3167,,290.0,290.0,1010.0,1010.0,False,0.28,8.0,4106682234,30.6797444,104.0048938
7343,,290.0,290.0,1010.0,1010.0,False,0.04,8.0,1964388817,30.66969,104.1032
98175,,290.0,290.0,1010.0,1010.0,False,0.89,8.0,1159134910,30.661572,104.09102
117240,,291.0,291.0,1011.0,1011.0,False,0.03,8.0,4548141081,30.6195536,104.0747294
176350,,291.0,291.0,1011.0,1011.0,False,0.98,8.0,4219549257,30.6109806,104.0580492
177757,,291.0,291.0,1011.0,1011.0,False,0.46,8.0,4548211339,30.6749934,104.0656494
190222,,291.0,291.0,1011.0,1011.0,False,1.15,8.3,4987534997,30.6209815,104.0055512
29452,,291.0,291.0,1011.0,1011.0,False,1.42,8.84,1916386564,30.6299124,104.0133239
37071,,291.0,291.0,1011.0,1011.0,False,2.21,10.42,436603352,30.6179024,104.0374434
39837,,291.0,291.0,1011.0,1011.0,False,2.19,10.38,5375784026,30.6595843,103.9866471
63215,,291.0,291.0,1011.0,1011.0,False,0.03,8.0,1815741542,30.69044,104.07693
133602,,292.0,292.0,1012.0,1012.0,False,1.4,8.8,3496653056,30.6186004,104.0511197
51156,,292.0,292.0,1012.0,1012.0,False,2.0,10.0,4782097009,30.6273549,104.0238794
67005,,292.0,292.0,1012.0,1012.0,False,0.49,8.0,4106681972,30.6401081,103.9809856
72236,,292.0,292.0,1012.0,1012.0,False,0.23,8.0,1312615956,30.6489116,104.0588362
85177,,292.0,292.0,1012.0,1012.0,False,0.46,8.0,5359113193,30.676772,104.0129747
198648,,293.0,293.0,1013.0,1013.0,False,0.41,8.0,628641733,30.6898126,104.045173
199721,,293.0,293.0,1013.0,1013.0,False,1.23,8.46,3541393465,30.694506,104.0086983
22893,,293.0,293.0,1013.0,1013.0,False,0.41,8.0,4572410029,30.6650461,104.0447106
50995,,293.0,293.0,1013.0,1013.0,False,0.54,8.0,439752000,30.7251238,104.0406087
141112,,294.0,294.0,1014.0,1014.0,False,0.32,8.0,5141468767,30.6233993,104.0908964
160706,,294.0,294.0,1014.0,1014.0,False,0.64,8.0,4703149493,30.6131297,104.0671097
172127,,294.0,294.0,1014.0,1014.0,False,0.96,8.0,1827955129,30.66337,104.05616
78176,,294.0,294.0,1014.0,1014.0,False,0.22,8.0,1458981267,30.6610968,104.0955298
90192,,294.0,294.0,1014.0,1014.0,False,2.79,11.58,1815855067,30.6766497,103.9732604
140405,,295.0,295.0,1015.0,1015.0,False,0.34,8.0,4964134717,30.7093854,104.0176164
14724,,295.0,295.0,1015.0,1015.0,False,2.93,11.86,1918491759,30.6537357,103.979965
19383,,295.0,295.0,1015.0,1015.0,False,1.45,8.9,1159472366,30.697098,104.04044
43371,,295.0,295.0,1015.0,1015.0,False,0.03,8.0,672293768,30.652642,104.0581845
62178,,295.0,295.0,1015.0,1015.0,False,0.03,8.0,3541393465,30.694506,104.0086983
63618,,295.0,295.0,1015.0,1015.0,False,0.97,8.0,5141468727,30.6350359,104.0959071
71873,,295.0,295.0,1015.0,1015.0,False,0.39,8.0,3541389064,30.6739928,104.0558713
120794,,296.0,296.0,1016.0,1016.0,False,0.43,8.0,3614062279,30.6659633,104.0579463
16432,,296.0,296.0,1016.0,1016.0,False,0.62,8.0,4220546243,30.6503084,104.0724947
17766,,296.0,296.0,1016.0,1016.0,False,0.43,8.0,2560005428,30.6317775,104.0256675
182679,,296.0,296.0,1016.0,1016.0,False,0.2,8.0,4695640521,30.6159015,104.0277665
78432,,296.0,296.0,1016.0,1016.0,False,2.13,10.26,2204171434,30.7221189,104.0860256
92143,,296.0,296.0,1016.0,1016.0,False,1.4,8.8,1312616016,30.6437566,104.0425232
109287,,297.0,297.0,1017.0,1017.0,False,0.68,8.0,3541401921,30.69067,104.01269
111992,,297.0,297.0,1017.0,1017.0,False,0.68,8.0,4991425501,30.6490634,103.9833258
116463,,297.0,297.0,1017.0,1017.0,False,2.4,10.8,1159225754,30.7045332,104.0490966
127755,,297.0,297.0,1017.0,1017.0,False,0.81,8.0,4987534962,30.622065,104.006195
131175,,297.0,297.0,1017.0,1017.0,False,0.67,8.0,4414330241,30.66175,104.08875
149849,,297.0,297.0,1017.0,1017.0,False,2.33,10.66,5213238604,30.6353619,104.0488733
174963,,297.0,297.0,1017.0,1017.0,False,2.4,10.8,5261581863,30.677346,104.0962023
191204,,297.0,297.0,1017.0,1017.0,False,1.05,8.1,5213238532,30.6363783,104.0740719
192668,,297.0,297.0,1017.0,1017.0,False,1.39,8.78,5375783457,30.6222001,104.0080428
202500,,297.0,297.0,1017.0,1017.0,False,1.57,9.14,5141328767,30.6118727,104.0621097
204357,,297.0,297.0,1017.0,1017.0,False,2.4,10.8,1301933042,30.6550569,104.0789302
879,,297.0,297.0,1017.0,1017.0,False,1.05,8.1,4585624086,30.6737789,104.0302601
98276,,297.0,297.0,1017.0,1017.0,False,1.12,8.24,2472030049,30.6608873,104.0637593
111926,,298.0,298.0,1018.0,1018.0,False,1.55,9.1,4782067665,30.626368,104.0286114
158739,,298.0,298.0,1018.0,1018.0,False,0.04,8.0,1947584056,30.68254,104.08314
200078,,298.0,298.0,1018.0,1018.0,False,0.5,8.0,5102926077,30.7257387,103.9703196
200574,,298.0,298.0,1018.0,1018.0,False,1.66,9.32,1460304817,30.6533999,104.1120963
39595,,298.0,298.0,1018.0,1018.0,False,0.08,8.0,4242369820,30.68678,104.02296
114931,,299.0,299.0,1019.0,1019.0,False,0.86,8.0,2344329072,30.65423,104.05323
14679,,299.0,299.0,1019.0,1019.0,False,0.04,8.0,5213252912,30.703024,104.09338
180892,,299.0,299.0,1019.0,1019.0,False,2.36,10.72,4106682174,30.6518118,103.9757154
29126,,299.0,299.0,1019.0,1019.0,False,0.56,8.0,2722829582,30.6992725,104.0672539
76026,,299.0,299.0,1019.0,1019.0,False,0.22,8.0,3613960014,30.671382,104.0496632
104401,,300.0,300.0,1020.0,1020.0,False,1.51,9.02,4217837114,30.6268417,104.0437777
114807,,300.0,300.0,1020.0,1020.0,False,0.72,8.0,4772216135,30.6774964,104.0079582
117441,,300.0,300.0,1020.0,1020.0,False,0.72,8.0,1159227572,30.6954961,104.0527502
117498,,300.0,300.0,1020.0,1020.0,False,0.72,8.0,3033986247,30.658072,104.0219464
15968,,300.0,300.0,1020.0,1020.0,False,2.14,10.28,2204171432,30.7214787,104.0991562
182404,,300.0,300.0,1020.0,1020.0,False,0.6,8.0,2180630938,30.6985888,104.0524452
191051,,300.0,300.0,1020.0,1020.0,False,1.69,9.38,3562110283,30.65508,104.0827
192367,,300.0,300.0,1020.0,1020.0,False,0.72,8.0,3562015383,30.66023,104.08155
46187,,300.0,300.0,1020.0,1020.0,False,0.6,8.0,1492586173,30.6261686,104.0645195
63138,,300.0,300.0,1020.0,1020.0,False,0.7,8.0,4972899547,30.6125557,104.0498962
73063,,300.0,300.0,1020.0,1020.0,False,1.85,9.7,4230839437,30.65543,104.06578
81306,,300.0,300.0,1020.0,1020.0,False,0.31,8.0,1457868178,30.6882249,104.099627
101859,,301.0,301.0,1021.0,1021.0,False,1.14,8.28,5436607859,30.6339166,104.0738202
135512,,301.0,301.0,1021.0,1021.0,False,1.99,9.98,4393165156,30.6224558,104.0637896
26174,,301.0,301.0,1021.0,1021.0,False,1.99,9.98,1827955129,30.6635175,104.0579957
27684,,301.0,301.0,1021.0,1021.0,False,1.99,9.98,1159461706,30.6741038,104.040131
41308,,301.0,301.0,1021.0,1021.0,False,0.46,8.0,4701400369,30.6120083,104.0648531
57542,,301.0,301.0,1021.0,1021.0,False,2.48,10.96,5323268684,30.7211388,104.0982553
59160,,301.0,301.0,1021.0,1021.0,False,0.63,8.0,432429420,30.6358259,104.0359135
59388,,301.0,301.0,1021.0,1021.0,False,1.14,8.28,5261581871,30.6767636,104.0962658
61427,,301.0,301.0,1021.0,1021.0,False,0.87,8.0,3034393462,30.68309,104.04586
89554,,301.0,301.0,1021.0,1021.0,False,0.2,8.0,2399471758,30.6399946,104.1037572
105743,,302.0,302.0,1022.0,1022.0,False,2.11,10.22,2651588758,30.667828,104.09981
114603,,302.0,302.0,1022.0,1022.0,False,0.3,8.0,3562110274,30.6720357,104.0660008
143294,,302.0,302.0,1022.0,1022.0,False,1.52,9.04,2852225599,30.6383419,104.0601673
152574,,302.0,302.0,1022.0,1022.0,False,0.46,8.0,3028924421,30.6398675,104.0517574
160124,,302.0,302.0,1022.0,1022.0,False,1.52,9.04,4394309249,30.6298845,104.0388088
174237,,302.0,302.0,1022.0,1022.0,False,0.29,8.0,3516896169,30.6626026,104.0705061
186283,,302.0,302.0,1022.0,1022.0,False,1.83,9.66,1819305189,30.63799,104.10742
189274,,302.0,302.0,1022.0,1022.0,False,1.6,9.2,4548259373,30.6541163,104.0442485
58453,,302.0,302.0,1022.0,1022.0,False,1.09,8.18,1492371540,30.6549288,104.0633533
60368,,303.0,303.0,1023.0,1023.0,False,0.21,8.0,2082819545,30.61676,104.0965522
74191,,303.0,303.0,1023.0,1023.0,False,2.62,11.24,5141468759,30.6300238,104.0954168
81674,,303.0,303.0,1023.0,1023.0,False,2.58,11.16,5141468684,30.6379997,104.0916988
98231,,303.0,303.0,1023.0,1023.0,False,0.23,8.0,3582245793,30.7233609,103.9909702
98546,,303.0,303.0,1023.0,1023.0,False,2.7,11.4,2956775871,30.7032196,104.03619
138065,,304.0,304.0,1024.0,1024.0,False,2.3,10.6,4981594520,30.6308058,103.9968153
181323,,304.0,304.0,1024.0,1024.0,False,0.72,8.0,1159227452,30.69455,104.05473
23805,,304.0,304.0,1024.0,1024.0,False,1.14,8.28,1469167604,30.6480474,104.0909611
38618,,304.0,304.0,1024.0,1024.0,False,1.14,8.28,432442880,30.6853516,103.9833976
102406,,305.0,305.0,1025.0,1025.0,False,0.21,8.0,1507363096,30.6969953,104.0801864
110964,,305.0,305.0,1025.0,1025.0,False,1.54,9.08,1159224813,30.6946555,104.0336862
123746,,305.0,305.0,1025.0,1025.0,False,0.69,8.0,5314457254,30.6929502,104.0546678
155111,,305.0,305.0,1025.0,1025.0,False,1.99,9.98,2112262743,30.6167012,104.1042136
197132,,305.0,305.0,1025.0,1025.0,False,2.66,11.32,4701577772,30.6241518,104.081555
204860,,305.0,305.0,1025.0,1025.0,False,0.97,8.0,2213048013,30.6106275,104.104888
44583,,305.0,305.0,1025.0,1025.0,False,0.15,8.0,4548259330,30.6870249,104.0498714
118321,,306.0,306.0,1026.0,1026.0,False,0.43,8.0,432442934,30.6617623,104.0234309
128562,,306.0,306.0,1026.0,1026.0,False,0.06,8.0,432442932,30.6621038,104.0234792
142291,,306.0,306.0,1026.0,1026.0,False,0.51,8.0,441159820,30.7182622,104.1015038
144991,,306.0,306.0,1026.0,1026.0,False,0.54,8.0,4701400364,30.6111391,104.0334661
149527,,306.0,306.0,1026.0,1026.0,False,1.48,8.96,5053143824,30.7148013,104.0116119
153945,,306.0,306.0,1026.0,1026.0,False,1.62,9.24,1159174087,30.6319701,104.0667824
173647,,306.0,306.0,1026.0,1026.0,False,1.48,8.96,4550019081,30.6488218,104.0727666
190209,,306.0,306.0,1026.0,1026.0,False,1.03,8.06,5257005055,30.6759555,104.0936109
193303,,306.0,306.0,1026.0,1026.0,False,1.18,8.36,1301932996,30.653755,104.07196
205539,,306.0,306.0,1026.0,1026.0,False,0.26,8.0,3582243002,30.706525,104.0098499
222,,306.0,306.0,1026.0,1026.0,False,1.94,9.88,1159513112,30.6478853,104.0725258
35384,,306.0,306.0,1026.0,1026.0,False,2.88,11.76,432442946,30.6814384,104.0245341
37570,,306.0,306.0,1026.0,1026.0,False,2.93,11.86,2259835274,30.625347,104.1026569
48980,,306.0,306.0,1026.0,1026.0,False,1.62,9.24,4782097006,30.6261211,104.023372
60849,,306.0,306.0,1026.0,1026.0,False,0.54,8.0,2843294153,30.6980881,104.0491784
67076,,306.0,306.0,1026.0,1026.0,False,0.96,8.0,1815857509,30.6715442,103.971448
72720,,306.0,306.0,1026.0,1026.0,False,1.03,8.06,2956775834,30.7102364,104.0374852
8610,,306.0,306.0,1026.0,1026.0,False,0.31,8.0,1987226891,30.6694158,104.0495669
134076,,307.0,307.0,1027.0,1027.0,False,0.78,8.0,2785841182,30.6883007,104.0188268
143791,,307.0,307.0,1027.0,1027.0,False,2.26,10.52,4069514811,30.7248435,103.9678483
187998,,307.0,307.0,1027.0,1027.0,False,0.78,8.0,2204171413,30.7243336,104.0800078
203957,,307.0,307.0,1027.0,1027.0,False,0.48,8.0,3633008400,30.6661111,104.0383593
4516,,307.0,307.0,1027.0,1027.0,False,0.14,8.0,5100157864,30.6340225,104.0801127
4678,,307.0,307.0,1027.0,1027.0,False,1.21,8.42,2908412242,30.6478073,104.0837688
121744,,308.0,308.0,1028.0,1028.0,False,0.84,8.0,4106682105,30.643269,103.9814521
123679,,308.0,308.0,1028.0,1028.0,False,0.47,8.0,1445523920,30.64917,104.06688
155414,,308.0,308.0,1028.0,1028.0,False,0.98,8.0,3071355064,30.6235778,104.1136883
167933,,308.0,308.0,1028.0,1028.0,False,1.89,9.78,1159223043,30.7142873,104.0344182
182164,,308.0,308.0,1028.0,1028.0,False,2.38,10.76,3582236100,30.7088106,103.971821
136052,,309.0,309.0,1029.0,1029.0,False,0.1,8.0,2456925104,30.6390252,104.1033844
138874,,309.0,309.0,1029.0,1029.0,False,1.42,8.84,5359113185,30.6764275,104.0117529
142572,,309.0,309.0,1029.0,1029.0,False,1.81,9.62,3523298668,30.629993,104.0475149
172811,,309.0,309.0,1029.0,1029.0,False,2.22,10.44,2039550415,30.6374329,104.1107572
174015,,309.0,309.0,1029.0,1029.0,False,0.71,8.0,314614148,30.6113323,104.0472554
181375,,309.0,309.0,1029.0,1029.0,False,1.42,8.84,4102465470,30.68234,104.04801
190108,,309.0,309.0,1029.0,1029.0,False,0.29,8.0,3523314177,30.6272052,104.0539713
34299,,309.0,309.0,1029.0,1029.0,False,2.22,10.44,1492615689,30.6233246,104.064387
45945,,309.0,309.0,1029.0,1029.0,False,1.34,8.68,1072698672,30.7206637,104.0647446
58119,,309.0,309.0,1029.0,1029.0,False,0.1,8.0,3033991448,30.664365,104.0291867
64061,,309.0,309.0,1029.0,1029.0,False,0.97,8.0,4550018801,30.6372889,103.9790831
94045,,309.0,309.0,1029.0,1029.0,False,2.66,11.32,4549993225,30.6511794,103.9899927
137359,,310.0,310.0,1030.0,1030.0,False,0.89,8.0,1159149121,30.65489,104.07317
151667,,310.0,310.0,1030.0,1030.0,False,1.92,9.84,1861145350,30.671957,104.110466
152774,,310.0,310.0,1030.0,1030.0,False,2.28,10.56,2214043180,30.6285207,104.087315
155696,,310.0,310.0,1030.0,1030.0,False,0.26,8.0,1159131458,30.6693289,104.059788
199727,,310.0,310.0,1030.0,1030.0,False,1.92,9.84,5375783935,30.6570878,103.9967591
34565,,310.0,310.0,1030.0,1030.0,False,2.28,10.56,5375784234,30.633181,104.0093708
96774,,310.0,310.0,1030.0,1030.0,False,0.48,8.0,4548209368,30.6553216,104.049822
100231,,311.0,311.0,1031.0,1031.0,False,1.6,9.2,4695601291,30.6120003,104.0289271
102363,,311.0,311.0,1031.0,1031.0,False,1.41,8.82,672360478,30.6772572,104.0907579
139111,,311.0,311.0,1031.0,1031.0,False,0.08,8.0,3562110284,30.65498,104.08026
146680,,311.0,311.0,1031.0,1031.0,False,1.85,9.7,4572410255,30.6847753,104.0699826
20391,,311.0,311.0,1031.0,1031.0,False,0.03,8.0,3632996312,30.665602,104.0257
36483,,311.0,311.0,1031.0,1031.0,False,2.12,10.24,337539075,30.6245189,104.0049732
46932,,311.0,311.0,1031.0,1031.0,False,1.35,8.7,1459039155,30.645191,104.1072745
70005,,311.0,311.0,1031.0,1031.0,False,1.85,9.7,5102926077,30.7257387,103.9703196
7583,,311.0,311.0,1031.0,1031.0,False,0.12,8.0,3445748151,30.62463,104.06491
87251,,311.0,311.0,1031.0,1031.0,False,1.26,8.52,3034330085,30.6647971,104.0780862
93603,,311.0,311.0,1031.0,1031.0,False,1.05,8.1,4219934266,30.7148856,104.0150781
142033,,312.0,312.0,1032.0,1032.0,False,1.07,8.14,4548211638,30.6650173,104.0630949
145339,,312.0,312.0,1032.0,1032.0,False,0.85,8.0,3087817447,30.653908,104.00064
169761,,312.0,312.0,1032.0,1032.0,False,1.07,8.14,1301933041,30.6501516,104.0708226
187764,,312.0,312.0,1032.0,1032.0,False,0.76,8.0,1815741570,30.6864039,104.0764746
207170,,312.0,312.0,1032.0,1032.0,False,1.07,8.14,1159490040,30.6905691,104.0637205
81408,,312.0,312.0,1032.0,1032.0,False,0.53,8.0,5283966378,30.7112674,104.0939273
86226,,312.0,312.0,1032.0,1032.0,False,2.13,10.26,4012382184,30.661393,104.0748132
139666,,313.0,313.0,1033.0,1033.0,False,1.01,8.02,1916386502,30.6207129,104.0287362
188680,,313.0,313.0,1033.0,1033.0,False,1.5,9.0,1159170636,30.6319546,104.0861607
198726,,313.0,313.0,1033.0,1033.0,False,0.72,8.0,3076737454,30.6616917,104.0535075
58301,,313.0,313.0,1033.0,1033.0,False,2.03,10.06,2366951323,30.6480711,104.1134414
75736,,313.0,313.0,1033.0,1033.0,False,1.39,8.78,3691362658,30.6406279,104.047805
81814,,313.0,313.0,1033.0,1033.0,False,1.78,9.56,1159945485,30.6576241,104.0550308
99915,,313.0,313.0,1033.0,1033.0,False,1.39,8.78,504315308,30.6888254,104.1000777
102627,,314.0,314.0,1034.0,1034.0,False,1.5,9.0,5213237290,30.6421039,104.1150506
103762,,314.0,314.0,1034.0,1034.0,False,1.62,9.24,5375783992,30.653393,103.9914819
110943,,314.0,314.0,1034.0,1034.0,False,0.29,8.0,3445813128,30.6727,104.07894
139463,,314.0,314.0,1034.0,1034.0,False,1.29,8.58,3034029053,30.6785863,104.0042126
169691,,314.0,314.0,1034.0,1034.0,False,1.68,9.36,1159160253,30.6161619,104.0965517
184753,,314.0,314.0,1034.0,1034.0,False,0.34,8.0,465203748,30.7065487,104.1011808
188449,,314.0,314.0,1034.0,1034.0,False,0.11,8.0,1159231408,30.6849598,104.0881861
189399,,314.0,314.0,1034.0,1034.0,False,2.09,10.18,963638438,30.70297,104.04363
206501,,314.0,314.0,1034.0,1034.0,False,1.29,8.58,5141328767,30.6118727,104.0621097
207512,,314.0,314.0,1034.0,1034.0,False,0.79,8.0,432442862,30.6702808,104.0012821
39151,,314.0,314.0,1034.0,1034.0,False,1.62,9.24,5283966373,30.7119682,104.0978783
45981,,314.0,314.0,1034.0,1034.0,False,1.85,9.7,5141458200,30.6324861,104.0709598
80951,,314.0,314.0,1034.0,1034.0,False,1.97,9.94,1159234181,30.69453,104.07557
84569,,314.0,314.0,1034.0,1034.0,False,0.47,8.0,4106681963,30.6305129,103.9868787
86468,,314.0,314.0,1034.0,1034.0,False,0.49,8.0,1159173118,30.6249926,104.072012
123232,,315.0,315.0,1035.0,1035.0,False,1.8,9.6,1311904408,30.6429752,104.0781897
145843,,315.0,315.0,1035.0,1035.0,False,0.46,8.0,1458981267,30.6610968,104.0955298
24946,,315.0,315.0,1035.0,1035.0,False,0.89,8.0,1301933005,30.6423101,104.0801153
27345,,315.0,315.0,1035.0,1035.0,False,1.65,9.3,1916530820,30.647494,103.9759719
28301,,315.0,315.0,1035.0,1035.0,False,1.98,9.96,3436486425,30.6405678,104.0447316
29182,,315.0,315.0,1035.0,1035.0,False,1.47,8.94,1339701414,30.6967419,104.0446402
33772,,315.0,315.0,1035.0,1035.0,False,3.07,12.14,4106682093,30.6426156,103.9745464
3730,,315.0,315.0,1035.0,1035.0,False,0.3,8.0,1159173348,30.6276025,104.0726317
42929,,315.0,315.0,1035.0,1035.0,False,1.09,8.18,441221413,30.6461291,104.0229906
4509,,315.0,315.0,1035.0,1035.0,False,1.01,8.02,436486346,30.6358924,103.993922
45627,,315.0,315.0,1035.0,1035.0,False,4.52,15.04,2041527412,30.6895,104.094
55903,,315.0,315.0,1035.0,1035.0,False,0.46,8.0,3034029056,30.6836588,103.9931764
61716,,315.0,315.0,1035.0,1035.0,False,4.52,15.04,2691023148,30.7208695,103.9825138
116468,,316.0,316.0,1036.0,1036.0,False,0.39,8.0,1313065875,30.6418278,104.086438
138789,,316.0,316.0,1036.0,1036.0,False,2.43,10.86,2907361696,30.6426299,104.0909818
29793,,316.0,316.0,1036.0,1036.0,False,2.35,10.7,3613960013,30.6637239,104.0530348
40388,,316.0,316.0,1036.0,1036.0,False,0.9,8.0,4695640681,30.6165318,104.0277399
99233,,316.0,316.0,1036.0,1036.0,False,0.9,8.0,4991426391,30.6500873,103.9830204
104792,,317.0,317.0,1037.0,1037.0,False,0.59,8.0,1912247131,30.6100658,104.0924216
109604,,317.0,317.0,1037.0,1037.0,False,0.69,8.0,3069351793,30.6341013,103.977463
117643,,317.0,317.0,1037.0,1037.0,False,1.68,9.36,5354813690,30.65854,104.06027
158369,,317.0,317.0,1037.0,1037.0,False,0.33,8.0,872833768,30.6589036,104.0669358
188535,,317.0,317.0,1037.0,1037.0,False,1.9,9.8,3562045359,30.7048908,104.0389388
205362,,317.0,317.0,1037.0,1037.0,False,0.69,8.0,1159941176,30.6696638,104.0176074
46379,,317.0,317.0,1037.0,1037.0,False,0.85,8.0,5436607845,30.6362175,104.0642533
49243,,317.0,317.0,1037.0,1037.0,False,0.69,8.0,1504230242,30.6979719,104.0891476
5287,,317.0,317.0,1037.0,1037.0,False,0.85,8.0,1958204265,30.67256,104.08424
69005,,317.0,317.0,1037.0,1037.0,False,0.59,8.0,4550018967,30.6328134,103.9804594
114899,,318.0,318.0,1038.0,1038.0,False,0.61,8.0,3680099795,30.6459911,104.0268763
115371,,318.0,318.0,1038.0,1038.0,False,2.44,10.88,672360797,30.65337,104.0761
128198,,318.0,318.0,1038.0,1038.0,False,1.85,9.7,5159344218,30.7064083,104.0530123
199010,,318.0,318.0,1038.0,1038.0,False,0.61,8.0,4794975972,30.6456471,104.0567283
201435,,318.0,318.0,1038.0,1038.0,False,1.03,8.06,1159149121,30.65489,104.07317
52115,,318.0,318.0,1038.0,1038.0,False,1.67,9.34,3445813123,30.6706637,104.0706051
77399,,318.0,318.0,1038.0,1038.0,False,0.24,8.0,4903112583,30.65847,104.07964
78687,,318.0,318.0,1038.0,1038.0,False,1.81,9.62,3071355057,30.6265904,104.1145724
198309,,319.0,319.0,1039.0,1039.0,False,1.11,8.22,3331334418,30.6118493,104.0842892
20267,,319.0,319.0,1039.0,1039.0,False,0.79,8.0,1159477627,30.674343,104.05086
204990,,319.0,319.0,1039.0,1039.0,False,1.57,9.14,5382831222,30.6779593,104.0935433
92559,,319.0,319.0,1039.0,1039.0,False,0.07,8.0,4695640579,30.61222,104.0268661
135421,,320.0,320.0,1040.0,1040.0,False,0.63,8.0,3599790543,30.7113227,104.1065193
205137,,320.0,320.0,1040.0,1040.0,False,0.59,8.0,4548318011,30.6165803,104.0964159
72483,,320.0,320.0,1040.0,1040.0,False,1.28,8.56,2843286575,30.69587,104.05719
81474,,320.0,320.0,1040.0,1040.0,False,2.08,10.16,1311904399,30.6443845,104.0791889
87395,,320.0,320.0,1040.0,1040.0,False,1.57,9.14,1159149121,30.655115,104.07296
10257,,321.0,321.0,1041.0,1041.0,False,0.65,8.0,1159462937,30.6767289,104.0235973
104975,,321.0,321.0,1041.0,1041.0,False,0.41,8.0,5213238420,30.64297,104.04145
131714,,321.0,321.0,1041.0,1041.0,False,0.08,8.0,872832476,30.6579442,104.063453
158832,,321.0,321.0,1041.0,1041.0,False,0.41,8.0,1459057462,30.6448957,104.1069577
161630,,321.0,321.0,1041.0,1041.0,False,1.01,8.02,5213253153,30.6942778,104.0869612
19535,,321.0,321.0,1041.0,1041.0,False,0.08,8.0,4572409834,30.7143848,103.9924799
200083,,321.0,321.0,1041.0,1041.0,False,1.01,8.02,3680455708,30.659392,104.0139298
43234,,321.0,321.0,1041.0,1041.0,False,0.56,8.0,1460296423,30.6496678,104.110043
6383,,321.0,321.0,1041.0,1041.0,False,1.42,8.84,3541404997,30.6879967,104.0546328
105238,,322.0,322.0,1042.0,1042.0,False,0.9,8.0,4779165781,30.6360577,104.0730284
147359,,322.0,322.0,1042.0,1042.0,False,0.85,8.0,1458553198,30.68361,104.10397
148627,,322.0,322.0,1042.0,1042.0,False,0.53,8.0,5102886097,30.70201,103.98049
158415,,322.0,322.0,1042.0,1042.0,False,1.03,8.06,3436486419,30.6404353,104.0458223
202911,,322.0,322.0,1042.0,1042.0,False,0.63,8.0,2039561232,30.6723497,104.1037265
34455,,322.0,322.0,1042.0,1042.0,False,0.53,8.0,2134792096,30.6488344,103.9840809
105611,,323.0,323.0,1043.0,1043.0,False,1.26,8.52,1815855060,30.676389,103.9893187
161929,,323.0,323.0,1043.0,1043.0,False,1.55,9.1,3496551179,30.6191305,104.0500068
178616,,323.0,323.0,1043.0,1043.0,False,0.52,8.0,2852227694,30.686617,104.0704056
182235,,323.0,323.0,1043.0,1043.0,False,0.35,8.0,4695700253,30.6182648,104.0197066
193404,,323.0,323.0,1043.0,1043.0,False,0.29,8.0,4748166144,30.6133273,104.0214163
204799,,323.0,323.0,1043.0,1043.0,False,0.35,8.0,4548259588,30.6532941,104.0347434
20489,,323.0,323.0,1043.0,1043.0,False,0.03,8.0,672349708,30.6969306,104.0705922
208833,,323.0,323.0,1043.0,1043.0,False,1.93,9.86,2907351833,30.6446413,104.0907696
208967,,323.0,323.0,1043.0,1043.0,False,0.27,8.0,1159138407,30.66285,104.0964
35323,,323.0,323.0,1043.0,1043.0,False,0.42,8.0,1159155728,30.6463429,104.0969334
111318,,324.0,324.0,1044.0,1044.0,False,1.72,9.44,4444112342,30.7208532,104.102898
122199,,324.0,324.0,1044.0,1044.0,False,0.83,8.0,432432546,30.662766,104.03985
127705,,324.0,324.0,1044.0,1044.0,False,0.52,8.0,1469155626,30.632562,104.11385
138642,,324.0,324.0,1044.0,1044.0,False,0.92,8.0,4695640573,30.6120091,104.0293296
141148,,324.0,324.0,1044.0,1044.0,False,2.31,10.62,1956501938,30.687082,104.1033049
14127,,324.0,324.0,1044.0,1044.0,False,1.17,8.34,4546939439,30.61968,104.10684
166760,,324.0,324.0,1044.0,1044.0,False,2.01,10.02,439751772,30.7246602,104.040425
38263,,324.0,324.0,1044.0,1044.0,False,2.01,10.02,2217714926,30.6609975,104.0718879
42999,,324.0,324.0,1044.0,1044.0,False,0.56,8.0,1964578647,30.662855,104.11649
63846,,324.0,324.0,1044.0,1044.0,False,0.33,8.0,2041527389,30.6936149,104.0964028
94728,,324.0,324.0,1044.0,1044.0,False,0.31,8.0,4548258454,30.654175,104.019834
159519,,325.0,325.0,1045.0,1045.0,False,2.52,11.04,1301933039,30.64358,104.0804
168388,,325.0,325.0,1045.0,1045.0,False,0.36,8.0,3541366766,30.6556229,104.0061546
16994,,325.0,325.0,1045.0,1045.0,False,2.52,11.04,4799100438,30.648059,104.0303384
171121,,325.0,325.0,1045.0,1045.0,False,1.03,8.06,3680455702,30.6590729,104.0132488
47807,,325.0,325.0,1045.0,1045.0,False,1.68,9.36,1159227452,30.6945,104.0548
94503,,325.0,325.0,1045.0,1045.0,False,0.48,8.0,4106682100,30.6430626,103.9805398
169303,,326.0,326.0,1046.0,1046.0,False,0.87,8.0,3034330083,30.6615722,104.0847498
172245,,326.0,326.0,1046.0,1046.0,False,1.7,9.4,441159926,30.7216086,104.1027513
189915,,326.0,326.0,1046.0,1046.0,False,1.46,8.92,4107377040,30.6434926,103.989248
31819,,326.0,326.0,1046.0,1046.0,False,0.87,8.0,1159231823,30.6891001,104.0801249
67611,,326.0,326.0,1046.0,1046.0,False,1.21,8.42,1159234181,30.695045,104.073044
84187,,326.0,326.0,1046.0,1046.0,False,1.19,8.38,1506426847,30.7087169,104.0715419
103823,,327.0,327.0,1047.0,1047.0,False,0.8,8.0,2691023119,30.7143756,103.9922691
162427,,327.0,327.0,1047.0,1047.0,False,1.27,8.54,3541422912,30.70915,104.0634
17175,,327.0,327.0,1047.0,1047.0,False,3.93,13.86,4106682126,30.64508,103.9849352
111391,,328.0,328.0,1048.0,1048.0,False,1.17,8.34,2847752856,30.65738,104.10705
12896,,328.0,328.0,1048.0,1048.0,False,0.39,8.0,1492597858,30.6226931,104.0671256
1321,,328.0,328.0,1048.0,1048.0,False,0.76,8.0,3089029139,30.6626863,104.0507625
132263,,328.0,328.0,1048.0,1048.0,False,0.28,8.0,5053143826,30.7158629,104.0142622
135419,,328.0,328.0,1048.0,1048.0,False,0.77,8.0,1458981267,30.66219,104.095894
150233,,328.0,328.0,1048.0,1048.0,False,1.88,9.76,4572410271,30.7193766,103.9970407
152333,,328.0,328.0,1048.0,1048.0,False,3.04,12.08,314655092,30.6193901,104.0454194
175198,,328.0,328.0,1048.0,1048.0,False,2.19,10.38,1492645720,30.6218905,104.0647449
181271,,328.0,328.0,1048.0,1048.0,False,0.76,8.0,3680400072,30.6586156,104.0134178
26969,,328.0,328.0,1048.0,1048.0,False,0.95,8.0,5141468658,30.6393528,104.0971926
42009,,328.0,328.0,1048.0,1048.0,False,1.85,9.7,4695700246,30.6147478,104.0181972
46907,,328.0,328.0,1048.0,1048.0,False,3.04,12.08,2546074269,30.68684,104.02771
61756,,328.0,328.0,1048.0,1048.0,False,1.86,9.72,4693610156,30.6346775,104.0677857
169105,,329.0,329.0,1049.0,1049.0,False,0.03,8.0,4547074323,30.6107769,104.0748126
198090,,329.0,329.0,1049.0,1049.0,False,0.73,8.0,1159169335,30.6391357,104.0839256
47099,,329.0,329.0,1049.0,1049.0,False,0.7,8.0,3516890337,30.67943,103.98533
80623,,329.0,329.0,1049.0,1049.0,False,0.75,8.0,3742070455,30.64717,104.09058
192165,,330.0,330.0,1050.0,1050.0,False,1.48,8.96,1159144963,30.6625881,104.0682213
21384,,330.0,330.0,1050.0,1050.0,False,0.97,8.0,1159131046,30.6660168,104.059994
97369,,330.0,330.0,1050.0,1050.0,False,1.89,9.78,2118898662,30.7120925,104.0842262
194597,,331.0,331.0,1051.0,1051.0,False,1.45,8.9,4549759318,30.6919457,104.0362771
198644,,331.0,331.0,1051.0,1051.0,False,2.55,11.1,3028924407,30.617833,104.0375877
203036,,331.0,331.0,1051.0,1051.0,False,1.86,9.72,4548211243,30.6764835,104.0665841
112375,,332.0,332.0,1052.0,1052.0,False,0.94,8.0,2847758682,30.6669625,104.1117503
125883,,332.0,332.0,1052.0,1052.0,False,0.04,8.0,1159234110,30.69549,104.07226
152295,,332.0,332.0,1052.0,1052.0,False,2.14,10.28,1159176989,30.63115,104.05003
195021,,332.0,332.0,1052.0,1052.0,False,0.04,8.0,3579529397,30.6119805,104.0278842
26321,,332.0,332.0,1052.0,1052.0,False,0.59,8.0,5213238547,30.6388162,104.0460927
91739,,332.0,332.0,1052.0,1052.0,False,0.01,8.0,3562015381,30.66059,104.0818
119131,,333.0,333.0,1053.0,1053.0,False,0.74,8.0,796679602,30.71127,104.00025
142893,,333.0,333.0,1053.0,1053.0,False,0.32,8.0,4230611261,30.6511304,104.0716652
158621,,333.0,333.0,1053.0,1053.0,False,0.63,8.0,3562047439,30.7026681,104.0706682
161547,,333.0,333.0,1053.0,1053.0,False,0.32,8.0,1305816712,30.67048,104.0671
183645,,333.0,333.0,1053.0,1053.0,False,0.63,8.0,3034330077,30.660586,104.0868094
188681,,333.0,333.0,1053.0,1053.0,False,0.31,8.0,5375783790,30.6544968,103.9990219
54927,,333.0,333.0,1053.0,1053.0,False,0.81,8.0,3516900123,30.67072,104.07512
116181,,334.0,334.0,1054.0,1054.0,False,0.53,8.0,1159138260,30.6640049,104.1082922
47711,,334.0,334.0,1054.0,1054.0,False,0.53,8.0,1159175201,30.625622,104.06919
128290,,335.0,335.0,1055.0,1055.0,False,0.92,8.0,4106682109,30.6435481,103.9786326
131099,,335.0,335.0,1055.0,1055.0,False,0.12,8.0,3742070444,30.65215,104.08117
159614,,335.0,335.0,1055.0,1055.0,False,0.36,8.0,3541371606,30.6648707,104.0579684
3947,,335.0,335.0,1055.0,1055.0,False,1.4,8.8,288416380,30.683195,104.080246
41569,,335.0,335.0,1055.0,1055.0,False,1.85,9.7,4695601599,30.612158,104.0342441
4499,,335.0,335.0,1055.0,1055.0,False,1.77,9.54,1305816676,30.64657,104.08497
46797,,335.0,335.0,1055.0,1055.0,False,0.12,8.0,5283966125,30.6380182,104.0966606
109083,,336.0,336.0,1056.0,1056.0,False,0.85,8.0,1159234181,30.694,104.07325
168493,,336.0,336.0,1056.0,1056.0,False,1.68,9.36,4878041009,30.623242,104.1029132
186388,,336.0,336.0,1056.0,1056.0,False,0.46,8.0,5375784230,30.6326764,104.0085178
199026,,336.0,336.0,1056.0,1056.0,False,1.29,8.58,4548259651,30.6720335,104.0229889
158200,,337.0,337.0,1057.0,1057.0,False,0.67,8.0,2041314658,30.6797848,104.099203
188267,,337.0,337.0,1057.0,1057.0,False,0.67,8.0,4721452999,30.705019,104.08328
107115,,338.0,338.0,1058.0,1058.0,False,1.51,9.02,1445511809,30.6498056,104.0641589
119518,,338.0,338.0,1058.0,1058.0,False,1.12,8.24,1459023393,30.6449201,104.1095759
128929,,338.0,338.0,1058.0,1058.0,False,1.51,9.02,4534007626,30.7034307,104.1059103
141305,,338.0,338.0,1058.0,1058.0,False,1.33,8.66,4217837101,30.6267614,104.0433662
149987,,338.0,338.0,1058.0,1058.0,False,1.12,8.24,4963999534,30.7196848,104.029834
156309,,338.0,338.0,1058.0,1058.0,False,0.28,8.0,4779165735,30.6267044,104.0402194
168271,,338.0,338.0,1058.0,1058.0,False,0.6,8.0,4695601637,30.6132021,104.0348973
201599,,338.0,338.0,1058.0,1058.0,False,2.14,10.28,4748183731,30.6255167,104.0173584
45319,,338.0,338.0,1058.0,1058.0,False,1.62,9.24,4106682131,30.64537,103.98053
78117,,338.0,338.0,1058.0,1058.0,False,1.18,8.36,1313998748,30.6367037,104.0883821
94546,,338.0,338.0,1058.0,1058.0,False,0.29,8.0,2852215058,30.7171192,104.0927985
118195,,339.0,339.0,1059.0,1059.0,False,0.19,8.0,1947583861,30.6867677,104.0893553
138590,,339.0,339.0,1059.0,1059.0,False,0.25,8.0,1493202240,30.6115156,104.0580196
141466,,339.0,339.0,1059.0,1059.0,False,0.19,8.0,3028924422,30.6416096,104.0528757
171580,,339.0,339.0,1059.0,1059.0,False,1.14,8.28,3599790537,30.701641,104.1058871
27508,,339.0,339.0,1059.0,1059.0,False,1.14,8.28,1507367048,30.6958994,104.0836976
33296,,339.0,339.0,1059.0,1059.0,False,0.35,8.0,5213253192,30.6647302,104.1111338
53415,,339.0,339.0,1059.0,1059.0,False,0.86,8.0,1459003960,30.6590052,104.0999682
122486,,340.0,340.0,1060.0,1060.0,False,0.68,8.0,4701577750,30.6225999,104.0812573
126901,,340.0,340.0,1060.0,1060.0,False,1.67,9.34,1159945481,30.6570112,104.0560918
141505,,340.0,340.0,1060.0,1060.0,False,0.72,8.0,3541427561,30.7068375,104.043257
14475,,340.0,340.0,1060.0,1060.0,False,1.54,9.08,4699007183,30.6120699,104.0336202
37950,,340.0,340.0,1060.0,1060.0,False,0.31,8.0,4547074309,30.6106663,104.0781508
5023,,340.0,340.0,1060.0,1060.0,False,0.71,8.0,5359113186,30.67663,104.01147
137156,,341.0,341.0,1061.0,1061.0,False,0.64,8.0,1459056443,30.6458912,104.1074828
18523,,341.0,341.0,1061.0,1061.0,False,0.74,8.0,3562086843,30.68357,104.03814
32797,,341.0,341.0,1061.0,1061.0,False,1.74,9.48,5436607834,30.6359382,104.0633514
41775,,341.0,341.0,1061.0,1061.0,False,0.96,8.0,1159941938,30.667053,104.020004
113810,,342.0,342.0,1062.0,1062.0,False,0.79,8.0,5375783935,30.6570878,103.9967591
127252,,342.0,342.0,1062.0,1062.0,False,0.71,8.0,3927876939,30.6750845,103.9870927
153394,,342.0,342.0,1062.0,1062.0,False,0.79,8.0,4548211384,30.6729777,104.0699648
173935,,342.0,342.0,1062.0,1062.0,False,0.93,8.0,3562110284,30.65462,104.08037
89208,,342.0,342.0,1062.0,1062.0,False,1.43,8.86,3927877862,30.6765267,103.9887115
100461,,343.0,343.0,1063.0,1063.0,False,1.2,8.4,4934383684,30.616535,104.1164446
12027,,343.0,343.0,1063.0,1063.0,False,0.51,8.0,1159143355,30.661139,104.10234
185413,,343.0,343.0,1063.0,1063.0,False,1.08,8.16,4547074323,30.6107769,104.0748126
193388,,343.0,343.0,1063.0,1063.0,False,0.53,8.0,5310712301,30.6685361,104.1066773
26359,,343.0,343.0,1063.0,1063.0,False,1.98,9.96,2712421554,30.6319331,104.0574805
42430,,343.0,343.0,1063.0,1063.0,False,0.77,8.0,2329097175,30.7033156,104.0048532
51338,,343.0,343.0,1063.0,1063.0,False,0.53,8.0,5375783456,30.6226586,104.0084874
79695,,343.0,343.0,1063.0,1063.0,False,0.15,8.0,4064178140,30.66885,103.97987
82938,,343.0,343.0,1063.0,1063.0,False,0.3,8.0,4548211415,30.6229694,104.0837823
83577,,343.0,343.0,1063.0,1063.0,False,2.34,10.68,5436607829,30.6358314,104.0636154
99484,,343.0,343.0,1063.0,1063.0,False,0.77,8.0,4693609803,30.6343504,104.0685884
16279,,344.0,344.0,1064.0,1064.0,False,0.12,8.0,2933855166,30.6111757,103.9801937
169262,,344.0,344.0,1064.0,1064.0,False,0.18,8.0,5375784049,30.654679,103.9956593
82819,,344.0,344.0,1064.0,1064.0,False,0.12,8.0,5314457254,30.6929502,104.0546678
90079,,344.0,344.0,1064.0,1064.0,False,0.45,8.0,5436607863,30.6466031,104.0726158
175532,,345.0,345.0,1065.0,1065.0,False,0.16,8.0,4136052214,30.609436,104.0478919
197893,,345.0,345.0,1065.0,1065.0,False,0.16,8.0,5367297686,30.6940304,104.0003521
11098,,346.0,346.0,1066.0,1066.0,False,1.14,8.28,1457866135,30.6882866,104.0990903
117497,,346.0,346.0,1066.0,1066.0,False,0.51,8.0,1159224292,30.6965641,104.0475878
117921,,346.0,346.0,1066.0,1066.0,False,1.14,8.28,1459896462,30.6431175,104.1058752
150226,,346.0,346.0,1066.0,1066.0,False,2.05,10.1,2039550421,30.6741332,104.1149928
155962,,346.0,346.0,1066.0,1066.0,False,0.97,8.0,441159817,30.7229418,104.1034305
178648,,346.0,346.0,1066.0,1066.0,False,1.72,9.44,4699007159,30.6119182,104.0370451
202473,,346.0,346.0,1066.0,1066.0,False,1.37,8.74,5436607863,30.6466031,104.0726158
22194,,346.0,346.0,1066.0,1066.0,False,2.05,10.1,432452907,30.6109222,104.0696791
38673,,346.0,346.0,1066.0,1066.0,False,1.72,9.44,4972899586,30.6335436,104.0437864
52390,,346.0,346.0,1066.0,1066.0,False,2.18,10.36,5375784237,30.6330056,104.0101701
736,,346.0,346.0,1066.0,1066.0,False,1.24,8.48,4703149490,30.6125572,104.0674101
87615,,346.0,346.0,1066.0,1066.0,False,0.77,8.0,1457841605,30.6902973,104.1011128
134017,,347.0,347.0,1067.0,1067.0,False,1.39,8.78,1492633096,30.6213214,104.0646592
166796,,347.0,347.0,1067.0,1067.0,False,0.43,8.0,5141458198,30.632807,104.0709464
172293,,347.0,347.0,1067.0,1067.0,False,2.23,10.46,5141468785,30.6363947,104.1017616
184911,,347.0,347.0,1067.0,1067.0,False,2.23,10.46,4550701397,30.6200923,103.982772
74659,,347.0,347.0,1067.0,1067.0,False,1.39,8.78,1507268938,30.7087893,104.0769676
82702,,347.0,347.0,1067.0,1067.0,False,0.43,8.0,4572363406,30.673959,104.0578686
135067,,348.0,348.0,1068.0,1068.0,False,0.06,8.0,2956775225,30.71366,104.04904
141229,,348.0,348.0,1068.0,1068.0,False,0.89,8.0,4701577767,30.6230711,104.0819533
162554,,348.0,348.0,1068.0,1068.0,False,1.04,8.08,2843289930,30.6819198,104.0695248
182468,,348.0,348.0,1068.0,1068.0,False,0.58,8.0,5218240018,30.7002269,104.0477465
199347,,348.0,348.0,1068.0,1068.0,False,1.13,8.26,4118527460,30.69932,104.09801
27767,,348.0,348.0,1068.0,1068.0,False,2.02,10.04,432442597,30.68609,104.02495
27824,,348.0,348.0,1068.0,1068.0,False,2.02,10.04,1916516798,30.6552592,103.9818148
32103,,348.0,348.0,1068.0,1068.0,False,1.3,8.6,3089029129,30.66152,104.04984
35071,,348.0,348.0,1068.0,1068.0,False,1.41,8.82,4638050387,30.7051021,104.0587609
61669,,348.0,348.0,1068.0,1068.0,False,0.58,8.0,5141328837,30.6350368,104.0701445
69499,,348.0,348.0,1068.0,1068.0,False,0.89,8.0,3113656968,30.66428,104.0515
7818,,348.0,348.0,1068.0,1068.0,False,0.89,8.0,4548259326,30.6854574,104.0140369
124815,,349.0,349.0,1069.0,1069.0,False,0.96,8.0,4693609804,30.63344,104.06898
165975,,349.0,349.0,1069.0,1069.0,False,0.65,8.0,2917213940,30.649336,104.09033
193348,,349.0,349.0,1069.0,1069.0,False,0.65,8.0,4934383654,30.6187999,104.1145451
20976,,349.0,349.0,1069.0,1069.0,False,1.6,9.2,2956775868,30.7021713,104.034406
21219,,349.0,349.0,1069.0,1069.0,False,0.06,8.0,3034409137,30.70949,104.09532
82041,,349.0,349.0,1069.0,1069.0,False,0.98,8.0,4773916786,30.6597404,104.0059275
88273,,349.0,349.0,1069.0,1069.0,False,3.28,12.56,1815741571,30.6873519,104.0732238
10893,,350.0,350.0,1070.0,1070.0,False,1.43,8.86,2717786570,30.6252646,104.0775698
109274,,350.0,350.0,1070.0,1070.0,False,0.08,8.0,1453882141,30.7013398,104.001948
148040,,350.0,350.0,1070.0,1070.0,False,0.12,8.0,4296641707,30.6483298,104.091056
149026,,350.0,350.0,1070.0,1070.0,False,0.49,8.0,3034029071,30.6773625,104.0034927
161241,,350.0,350.0,1070.0,1070.0,False,0.1,8.0,4572410053,30.6647272,103.9750603
177095,,350.0,350.0,1070.0,1070.0,False,0.26,8.0,1916530818,30.62214,103.96841
88901,,350.0,350.0,1070.0,1070.0,False,0.33,8.0,1458911919,30.6726888,104.0874147
114102,,351.0,351.0,1071.0,1071.0,False,2.06,10.12,1159483883,30.6826665,104.0754098
13226,,351.0,351.0,1071.0,1071.0,False,1.3,8.6,4069514823,30.7267124,103.9745137
153144,,351.0,351.0,1071.0,1071.0,False,0.69,8.0,2041527461,30.693292,104.0970895
167144,,351.0,351.0,1071.0,1071.0,False,2.26,10.52,5436627812,30.6978272,104.0706254
195766,,351.0,351.0,1071.0,1071.0,False,0.11,8.0,4992013284,30.622836,104.0783108
35081,,351.0,351.0,1071.0,1071.0,False,0.9,8.0,4585469574,30.6552558,104.0615122
35661,,351.0,351.0,1071.0,1071.0,False,0.42,8.0,4779165767,30.636357,104.0742559
61858,,351.0,351.0,1071.0,1071.0,False,1.26,8.52,4877246214,30.6272722,104.0995561
64979,,351.0,351.0,1071.0,1071.0,False,0.9,8.0,4549993224,30.6499123,103.9848337
65026,,351.0,351.0,1071.0,1071.0,False,0.29,8.0,4799195775,30.6136924,103.996444
66485,,351.0,351.0,1071.0,1071.0,False,0.41,8.0,432432589,30.6584676,104.0317297
13449,,352.0,352.0,1072.0,1072.0,False,1.05,8.1,432442887,30.6941255,103.9762069
137484,,352.0,352.0,1072.0,1072.0,False,1.05,8.1,1314184368,30.6389939,104.0761579
167332,,352.0,352.0,1072.0,1072.0,False,3.2,12.4,3541366766,30.6556229,104.0061546
182884,,352.0,352.0,1072.0,1072.0,False,2.8,11.6,504315308,30.6888254,104.1000777
183287,,352.0,352.0,1072.0,1072.0,False,1.05,8.1,5213238535,30.6610698,104.0747047
186648,,352.0,352.0,1072.0,1072.0,False,1.15,8.3,3034409015,30.7084608,104.0960167
69575,,352.0,352.0,1072.0,1072.0,False,2.8,11.6,4550018795,30.6169977,104.033906
80428,,352.0,352.0,1072.0,1072.0,False,2.8,11.6,4118527515,30.7017427,104.1021578
89706,,352.0,352.0,1072.0,1072.0,False,1.15,8.3,4550701374,30.612035,103.9703056
135587,,353.0,353.0,1073.0,1073.0,False,0.62,8.0,5213238429,30.64835,104.09915
171307,,353.0,353.0,1073.0,1073.0,False,1.5,9.0,4799195760,30.6248,103.99587
173487,,353.0,353.0,1073.0,1073.0,False,1.93,9.86,803149470,30.662245,104.09875
189053,,353.0,353.0,1073.0,1073.0,False,1.29,8.58,3613982152,30.6633081,104.0522299
38332,,353.0,353.0,1073.0,1073.0,False,2.61,11.22,2131996317,30.6221441,104.1060957
97925,,353.0,353.0,1073.0,1073.0,False,0.13,8.0,4572409999,30.6858435,103.9732577
99171,,353.0,353.0,1073.0,1073.0,False,0.33,8.0,1445528674,30.6488848,104.0696574
108431,,354.0,354.0,1074.0,1074.0,False,0.41,8.0,2360396882,30.66849,104.11203
11525,,354.0,354.0,1074.0,1074.0,False,0.41,8.0,672282737,30.650318,104.097932
119447,,354.0,354.0,1074.0,1074.0,False,0.99,8.0,4449117682,30.6273834,104.0994026
129908,,354.0,354.0,1074.0,1074.0,False,0.33,8.0,432442635,30.6854591,104.0192413
136702,,354.0,354.0,1074.0,1074.0,False,0.13,8.0,2039528344,30.666975,104.1102303
150461,,354.0,354.0,1074.0,1074.0,False,1.36,8.72,4548318165,30.6259711,104.0946067
155714,,354.0,354.0,1074.0,1074.0,False,0.41,8.0,2564226605,30.6183675,104.020571
158980,,354.0,354.0,1074.0,1074.0,False,2.01,10.02,3927876946,30.6760235,103.988443
1639,,354.0,354.0,1074.0,1074.0,False,0.42,8.0,1845199172,30.6788,104.06963
44631,,354.0,354.0,1074.0,1074.0,False,1.35,8.7,439752000,30.7251238,104.0406087
48775,,354.0,354.0,1074.0,1074.0,False,0.81,8.0,2041530098,30.6901,104.08814
59436,,354.0,354.0,1074.0,1074.0,False,0.33,8.0,1956554705,30.674965,104.1099524
79852,,354.0,354.0,1074.0,1074.0,False,1.35,8.7,2133186518,30.6169418,104.0983888
132043,,355.0,355.0,1075.0,1075.0,False,2.11,10.22,3516900114,30.66804,104.07976
133619,,355.0,355.0,1075.0,1075.0,False,2.11,10.22,2039550405,30.6703133,104.1126614
189252,,355.0,355.0,1075.0,1075.0,False,1.95,9.9,3633008407,30.6716102,104.0178538
193679,,355.0,355.0,1075.0,1075.0,False,0.03,8.0,4102465470,30.68059,104.04575
47203,,355.0,355.0,1075.0,1075.0,False,0.11,8.0,441221463,30.64847,104.02714
90872,,355.0,355.0,1075.0,1075.0,False,0.92,8.0,3331333441,30.6145094,104.0744243
208958,,356.0,356.0,1076.0,1076.0,False,0.44,8.0,2892088398,30.6757128,104.0994221
26461,,356.0,356.0,1076.0,1076.0,False,2.65,11.3,1459047523,30.6450532,104.1090139
36099,,356.0,356.0,1076.0,1076.0,False,0.32,8.0,4698894060,30.6102083,104.0363309
38183,,356.0,356.0,1076.0,1076.0,False,0.59,8.0,1916386526,30.6198,104.0424
61753,,356.0,356.0,1076.0,1076.0,False,1.06,8.12,5213237284,30.6423229,104.115246
143820,,357.0,357.0,1077.0,1077.0,False,0.12,8.0,1827955130,30.6645306,104.0543503
153539,,357.0,357.0,1077.0,1077.0,False,1.96,9.92,1301932985,30.6534,104.07933
168207,,357.0,357.0,1077.0,1077.0,False,2.39,10.78,4773199355,30.672752,104.00996
172552,,357.0,357.0,1077.0,1077.0,False,0.82,8.0,1159175700,30.6187925,104.0714431
31503,,357.0,357.0,1077.0,1077.0,False,2.81,11.62,4967265402,30.655,104.09601
47660,,357.0,357.0,1077.0,1077.0,False,2.39,10.78,1916386436,30.6543779,104.0157801
4974,,357.0,357.0,1077.0,1077.0,False,2.81,11.62,1159143355,30.661301,104.1008279
52517,,357.0,357.0,1077.0,1077.0,False,0.78,8.0,318083034,30.6763161,103.987262
6187,,357.0,357.0,1077.0,1077.0,False,1.02,8.04,2135944707,30.6168238,104.0156946
83739,,357.0,357.0,1077.0,1077.0,False,1.15,8.3,1159225754,30.7045332,104.0490966
111071,,358.0,358.0,1078.0,1078.0,False,0.29,8.0,1159231413,30.6883887,104.0810506
142062,,358.0,358.0,1078.0,1078.0,False,0.33,8.0,4106682201,30.6589521,103.9710179
153879,,358.0,358.0,1078.0,1078.0,False,0.42,8.0,4550019099,30.6501293,104.0583834
159582,,358.0,358.0,1078.0,1078.0,False,0.12,8.0,4695640670,30.6161099,104.0253786
164274,,358.0,358.0,1078.0,1078.0,False,2.82,11.64,1159488285,30.6875088,104.0732976
193920,,358.0,358.0,1078.0,1078.0,False,0.75,8.0,1159464872,30.6777272,104.024808
208991,,358.0,358.0,1078.0,1078.0,False,0.12,8.0,3541371606,30.66462,104.05796
21917,,358.0,358.0,1078.0,1078.0,False,1.22,8.44,1885342892,30.6780058,104.0984633
57225,,358.0,358.0,1078.0,1078.0,False,1.22,8.44,4444112346,30.7213619,104.1031379
71275,,358.0,358.0,1078.0,1078.0,False,0.75,8.0,963638438,30.70167,104.04466
73302,,358.0,358.0,1078.0,1078.0,False,0.42,8.0,4693610103,30.6346432,104.0715995
106800,,359.0,359.0,1079.0,1079.0,False,0.23,8.0,3034376766,30.6770038,104.0613492
13107,,359.0,359.0,1079.0,1079.0,False,0.23,8.0,3633008400,30.66645,104.04083
169632,,359.0,359.0,1079.0,1079.0,False,1.22,8.44,1159231408,30.6849598,104.0881861
198295,,359.0,359.0,1079.0,1079.0,False,1.08,8.16,5261581863,30.677346,104.0962023
89588,,359.0,359.0,1079.0,1079.0,False,2.21,10.42,432452910,30.631696,104.0690668
108606,,360.0,360.0,1080.0,1080.0,False,0.48,8.0,4550018635,30.6457388,104.0805194
158936,,360.0,360.0,1080.0,1080.0,False,0.05,8.0,5257005062,30.6771626,104.0936109
191019,,360.0,360.0,1080.0,1080.0,False,0.0,8.0,2651588758,30.66806,104.09992
46614,,360.0,360.0,1080.0,1080.0,False,0.73,8.0,432442547,30.6996472,104.0101667
49464,,360.0,360.0,1080.0,1080.0,False,0.73,8.0,4874328134,30.6260118,104.0998453
67693,,360.0,360.0,1080.0,1080.0,False,2.18,10.36,5213238401,30.6361338,104.0731063
109199,,361.0,361.0,1081.0,1081.0,False,0.08,8.0,441187385,30.68845,104.06304
77363,,361.0,361.0,1081.0,1081.0,False,2.43,10.86,2039561233,30.6837362,104.1110984
94715,,361.0,361.0,1081.0,1081.0,False,0.62,8.0,5436607862,30.6464904,104.0727254
120668,,362.0,362.0,1082.0,1082.0,False,0.86,8.0,3541376411,30.7250318,104.0469322
145992,,362.0,362.0,1082.0,1082.0,False,1.34,8.68,3033986326,30.6552629,104.0222686
156442,,362.0,362.0,1082.0,1082.0,False,1.75,9.5,1492633091,30.6201406,104.0646114
3877,,362.0,362.0,1082.0,1082.0,False,0.86,8.0,4967265752,30.702427,104.0054921
7068,,362.0,362.0,1082.0,1082.0,False,1.27,8.54,5141328645,30.6111069,104.0611279
77621,,362.0,362.0,1082.0,1082.0,False,1.11,8.22,672406288,30.6511704,104.0686696
167239,,363.0,363.0,1083.0,1083.0,False,1.32,8.64,1305816710,30.6492289,104.0817708
169924,,363.0,363.0,1083.0,1083.0,False,1.13,8.26,2956775837,30.7156858,104.042216
190407,,363.0,363.0,1083.0,1083.0,False,0.21,8.0,432442946,30.6814384,104.0245341
2705,,363.0,363.0,1083.0,1083.0,False,1.05,8.1,1507238858,30.7082982,104.078071
58964,,363.0,363.0,1083.0,1083.0,False,1.48,8.96,4695700249,30.6220713,104.0141093
81930,,363.0,363.0,1083.0,1083.0,False,1.49,8.98,962955219,30.6098424,104.1163879
11956,,364.0,364.0,1084.0,1084.0,False,0.95,8.0,1507366173,30.6957521,104.083879
124491,,364.0,364.0,1084.0,1084.0,False,0.12,8.0,4136052211,30.6108421,104.0479879
102134,,365.0,365.0,1085.0,1085.0,False,0.93,8.0,4106681985,30.642215,103.9863635
104420,,365.0,365.0,1085.0,1085.0,False,0.35,8.0,1469155005,30.6321893,104.1142331
14735,,365.0,365.0,1085.0,1085.0,False,1.28,8.56,1861145360,30.6698486,104.1111072
150270,,365.0,365.0,1085.0,1085.0,False,0.47,8.0,3033991447,30.6646004,104.0303454
170491,,365.0,365.0,1085.0,1085.0,False,0.37,8.0,4414330454,30.65543,104.08831
49867,,365.0,365.0,1085.0,1085.0,False,0.85,8.0,4218012554,30.6269745,104.0442598
142872,,366.0,366.0,1086.0,1086.0,False,0.36,8.0,441159817,30.7229418,104.1034305
161347,,366.0,366.0,1086.0,1086.0,False,1.62,9.24,4400595030,30.6724672,104.0789696
199523,,366.0,366.0,1086.0,1086.0,False,2.55,11.1,3541422907,30.7025958,104.0615786
20215,,366.0,366.0,1086.0,1086.0,False,2.55,11.1,1504196628,30.71046,104.09737
202515,,366.0,366.0,1086.0,1086.0,False,0.13,8.0,1072704360,30.7027829,104.0773547
39190,,366.0,366.0,1086.0,1086.0,False,0.26,8.0,4779165781,30.6360577,104.0730284
8326,,366.0,366.0,1086.0,1086.0,False,2.55,11.1,2366952977,30.6478698,104.1091083
84836,,366.0,366.0,1086.0,1086.0,False,0.13,8.0,1493146462,30.6164939,104.0648599
86283,,366.0,366.0,1086.0,1086.0,False,0.59,8.0,5367317627,30.6588996,103.979849
113899,,367.0,367.0,1087.0,1087.0,False,0.96,8.0,1159149349,30.6567378,104.0509692
130610,,367.0,367.0,1087.0,1087.0,False,1.37,8.74,1301933046,30.6536255,104.0702472
13226,,367.0,367.0,1087.0,1087.0,False,1.64,9.28,3390819397,30.6417956,104.0509898
16861,,367.0,367.0,1087.0,1087.0,False,2.68,11.36,3582230413,30.6459318,103.970247
197754,,367.0,367.0,1087.0,1087.0,False,1.33,8.66,4967265745,30.6998298,104.0071361
202391,,367.0,367.0,1087.0,1087.0,False,1.64,9.28,4106681964,30.6307147,103.9931944
60312,,367.0,367.0,1087.0,1087.0,False,0.09,8.0,4106682124,30.644609,103.9855675
68266,,367.0,367.0,1087.0,1087.0,False,0.96,8.0,3633008407,30.6716102,104.0178538
98507,,367.0,367.0,1087.0,1087.0,False,1.33,8.66,2039550424,30.67732,104.11646
134437,,368.0,368.0,1088.0,1088.0,False,1.32,8.64,3541401925,30.6967002,104.0100125
139273,,368.0,368.0,1088.0,1088.0,False,0.93,8.0,4693609813,30.6348708,104.0708702
146539,,368.0,368.0,1088.0,1088.0,False,0.66,8.0,1159488308,30.69019,104.073746
24001,,368.0,368.0,1088.0,1088.0,False,1.14,8.28,5053143857,30.7080048,104.0028033
28422,,368.0,368.0,1088.0,1088.0,False,1.14,8.28,4601261198,30.6605339,104.0758418
5068,,368.0,368.0,1088.0,1088.0,False,2.89,11.78,3582245793,30.7233609,103.9909702
6367,,368.0,368.0,1088.0,1088.0,False,1.25,8.5,2956775834,30.71065,104.03741
6827,,368.0,368.0,1088.0,1088.0,False,1.29,8.58,2653570473,30.6676255,104.0941546
76568,,368.0,368.0,1088.0,1088.0,False,2.89,11.78,4580802314,30.6337973,104.0400349
80342,,368.0,368.0,1088.0,1088.0,False,0.34,8.0,2712338398,30.7073784,104.0390462
83559,,368.0,368.0,1088.0,1088.0,False,0.67,8.0,4550568568,30.635882,104.0648714
116295,,369.0,369.0,1089.0,1089.0,False,2.91,11.82,1159225754,30.7046,104.04969
162637,,369.0,369.0,1089.0,1089.0,False,0.98,8.0,4550769605,30.6330559,104.103782
178552,,369.0,369.0,1089.0,1089.0,False,1.29,8.58,5213238547,30.6388162,104.0460927
191831,,369.0,369.0,1089.0,1089.0,False,2.68,11.36,4934383651,30.620852,104.1146
64252,,369.0,369.0,1089.0,1089.0,False,1.53,9.06,4585469574,30.6552558,104.0615122
78775,,369.0,369.0,1089.0,1089.0,False,0.75,8.0,465203714,30.701319,104.1028
116575,,370.0,370.0,1090.0,1090.0,False,2.47,10.94,288416379,30.6897712,104.083921
157532,,370.0,370.0,1090.0,1090.0,False,0.48,8.0,1458995148,30.6596791,104.0982134
201035,,370.0,370.0,1090.0,1090.0,False,1.21,8.42,4550568568,30.635882,104.0648714
203461,,370.0,370.0,1090.0,1090.0,False,0.63,8.0,3087817521,30.6761614,104.0116948
21151,,370.0,370.0,1090.0,1090.0,False,2.32,10.64,432442960,30.6777315,104.0139493
3705,,370.0,370.0,1090.0,1090.0,False,0.52,8.0,441187404,30.6849954,104.0618106
104698,,371.0,371.0,1091.0,1091.0,False,1.11,8.22,4779165712,30.6366168,104.0250542
14458,,371.0,371.0,1091.0,1091.0,False,0.48,8.0,4779165773,30.6381677,104.0735962
152241,,371.0,371.0,1091.0,1091.0,False,0.76,8.0,4218012539,30.6250297,104.0420657
160951,,371.0,371.0,1091.0,1091.0,False,0.79,8.0,5436627811,30.6971374,104.0706254
166143,,371.0,371.0,1091.0,1091.0,False,0.51,8.0,1159131825,30.66415,104.07795
172891,,371.0,371.0,1091.0,1091.0,False,2.0,10.0,1956567320,30.6795793,104.1121713
178614,,371.0,371.0,1091.0,1091.0,False,0.76,8.0,2411594433,30.6217358,104.100452
193610,,371.0,371.0,1091.0,1091.0,False,2.0,10.0,4585443316,30.6648806,104.048076
30818,,371.0,371.0,1091.0,1091.0,False,0.67,8.0,2081197481,30.6230266,104.1096315
41486,,371.0,371.0,1091.0,1091.0,False,0.67,8.0,4548259363,30.7038352,104.0422663
6695,,371.0,371.0,1091.0,1091.0,False,0.11,8.0,1156126864,30.678,104.07537
77666,,371.0,371.0,1091.0,1091.0,False,2.07,10.14,4981594500,30.633124,103.9979585
101010,,372.0,372.0,1092.0,1092.0,False,0.08,8.0,3176012317,30.7050203,104.0719481
101761,,372.0,372.0,1092.0,1092.0,False,0.14,8.0,2282013888,30.6210077,103.9722222
103258,,372.0,372.0,1092.0,1092.0,False,1.3,8.6,1500780814,30.6601105,104.010444
112951,,372.0,372.0,1092.0,1092.0,False,2.02,10.04,4294771687,30.6203847,104.0327104
119745,,372.0,372.0,1092.0,1092.0,False,2.22,10.44,432442971,30.6806612,104.0153467
142716,,372.0,372.0,1092.0,1092.0,False,1.24,8.48,4779165760,30.63338,104.0516044
171808,,372.0,372.0,1092.0,1092.0,False,1.18,8.36,2933855153,30.6092679,103.9763125
182085,,372.0,372.0,1092.0,1092.0,False,1.51,9.02,1492607688,30.6221993,104.0644785
182282,,372.0,372.0,1092.0,1092.0,False,1.44,8.88,2039528344,30.666975,104.1102303
184641,,372.0,372.0,1092.0,1092.0,False,1.15,8.3,2315717685,30.6295811,104.0975905
192785,,372.0,372.0,1092.0,1092.0,False,1.65,9.3,4987536553,30.6404953,103.9914348
202646,,372.0,372.0,1092.0,1092.0,False,1.65,9.3,1159502916,30.6897875,104.0318126
204704,,372.0,372.0,1092.0,1092.0,False,1.84,9.68,2560005422,30.6325866,104.0236106
43419,,372.0,372.0,1092.0,1092.0,False,0.08,8.0,441187228,30.6694666,104.0631212
66060,,372.0,372.0,1092.0,1092.0,False,1.3,8.6,4546940819,30.6133134,104.0967073
84554,,372.0,372.0,1092.0,1092.0,False,2.02,10.04,2456925108,30.6390946,104.1032228
88831,,372.0,372.0,1092.0,1092.0,False,0.54,8.0,3582245806,30.7226642,104.0050797
105044,,373.0,373.0,1093.0,1093.0,False,1.58,9.16,504315329,30.6953326,104.1053691
119458,,373.0,373.0,1093.0,1093.0,False,2.73,11.46,4972894323,30.6102292,104.0463125
143495,,373.0,373.0,1093.0,1093.0,False,0.06,8.0,432432551,30.6588313,104.0436132
144179,,373.0,373.0,1093.0,1093.0,False,1.23,8.46,3034330083,30.66158,104.08445
147035,,373.0,373.0,1093.0,1093.0,False,1.62,9.24,4548211251,30.66777,104.03597
149267,,373.0,373.0,1093.0,1093.0,False,0.03,8.0,432442934,30.6617623,104.0234309
188347,,373.0,373.0,1093.0,1093.0,False,1.73,9.46,3541393462,30.6893606,104.0231184
194152,,373.0,373.0,1093.0,1093.0,False,1.79,9.58,4773199387,30.6717511,104.0147643
3105,,373.0,373.0,1093.0,1093.0,False,2.73,11.46,1947583834,30.6887158,104.086253
39122,,373.0,373.0,1093.0,1093.0,False,1.73,9.46,4550018750,30.6111333,103.9800135
70374,,373.0,373.0,1093.0,1093.0,False,1.62,9.24,2651588762,30.6690205,104.100634
77677,,373.0,373.0,1093.0,1093.0,False,0.06,8.0,5218240005,30.7020668,104.05384
8309,,373.0,373.0,1093.0,1093.0,False,1.1,8.2,2039550415,30.6374329,104.1107572
107031,,374.0,374.0,1094.0,1094.0,False,0.97,8.0,3541393465,30.694506,104.0086983
14255,,374.0,374.0,1094.0,1094.0,False,1.85,9.7,4548259535,30.699642,104.04532
145073,,374.0,374.0,1094.0,1094.0,False,1.45,8.9,4106681949,30.6260866,104.0023914
150076,,374.0,374.0,1094.0,1094.0,False,0.4,8.0,4703149495,30.6117216,104.0671848
159700,,374.0,374.0,1094.0,1094.0,False,1.08,8.16,4934383638,30.6138388,104.1152966
161396,,374.0,374.0,1094.0,1094.0,False,2.96,11.92,1159452242,30.66873,104.044892
208005,,374.0,374.0,1094.0,1094.0,False,0.97,8.0,4902294945,30.6786828,104.0737647
26145,,374.0,374.0,1094.0,1094.0,False,0.22,8.0,5375783765,30.6323951,104.0114961
78882,,374.0,374.0,1094.0,1094.0,False,0.34,8.0,1305816676,30.6460208,104.0850432
85960,,374.0,374.0,1094.0,1094.0,False,0.22,8.0,3562047407,30.7106548,104.0448547
101709,,375.0,375.0,1095.0,1095.0,False,1.2,8.4,3034330079,30.6587488,104.0836754
110821,,375.0,375.0,1095.0,1095.0,False,1.28,8.56,5141326918,30.6102677,104.0584906
140539,,375.0,375.0,1095.0,1095.0,False,1.2,8.4,4992013276,30.6219523,104.0745864
159086,,375.0,375.0,1095.0,1095.0,False,1.2,8.4,1492620056,30.6222892,104.0621231
1725,,375.0,375.0,1095.0,1095.0,False,1.73,9.46,5283966122,30.6507739,104.096601
176670,,375.0,375.0,1095.0,1095.0,False,0.7,8.0,1159223968,30.717783,104.0315493
185157,,375.0,375.0,1095.0,1095.0,False,0.92,8.0,1445515788,30.649938,104.0638246
186980,,375.0,375.0,1095.0,1095.0,False,1.04,8.08,1159502913,30.6910067,104.0324542
19787,,375.0,375.0,1095.0,1095.0,False,1.2,8.4,672360898,30.657263,104.07597
20083,,375.0,375.0,1095.0,1095.0,False,2.18,10.36,4699007404,30.6178769,104.0431712
206079,,375.0,375.0,1095.0,1095.0,False,2.18,10.36,2653330901,30.65723,104.11051
32701,,375.0,375.0,1095.0,1095.0,False,1.05,8.1,1312615944,30.6497721,104.0579498
52807,,375.0,375.0,1095.0,1095.0,False,1.04,8.08,1815741549,30.68813,104.07701
55421,,375.0,375.0,1095.0,1095.0,False,1.2,8.4,1492574993,30.6251745,104.0642359
58350,,375.0,375.0,1095.0,1095.0,False,2.71,11.42,4772463273,30.6601789,104.0463071
72195,,375.0,375.0,1095.0,1095.0,False,0.03,8.0,4638050363,30.7114765,104.0609239
73981,,375.0,375.0,1095.0,1095.0,False,1.2,8.4,432442620,30.6848778,104.015336
110539,,376.0,376.0,1096.0,1096.0,False,1.48,8.96,4701400692,30.6134241,104.0647008
116665,,376.0,376.0,1096.0,1096.0,False,1.53,9.06,441221454,30.6476882,104.0253336
130928,,376.0,376.0,1096.0,1096.0,False,1.53,9.06,5211337145,30.6512391,103.9895957
153383,,376.0,376.0,1096.0,1096.0,False,1.32,8.64,672406316,30.65243,104.06837
198948,,376.0,376.0,1096.0,1096.0,False,1.17,8.34,5375783832,30.6488797,104.0008405
68012,,376.0,376.0,1096.0,1096.0,False,1.28,8.56,5375784264,30.6281865,104.0045589
97986,,376.0,376.0,1096.0,1096.0,False,2.53,11.06,3680455709,30.6592723,104.0171903
107073,,377.0,377.0,1097.0,1097.0,False,0.0,8.0,4230611259,30.6508031,104.0727452
151553,,377.0,377.0,1097.0,1097.0,False,1.69,9.38,2997203347,30.6969061,104.0739085
173939,,377.0,377.0,1097.0,1097.0,False,1.58,9.16,2712421553,30.6357703,104.0573059
193143,,377.0,377.0,1097.0,1097.0,False,1.39,8.78,5257005055,30.6759555,104.0936109
198904,,377.0,377.0,1097.0,1097.0,False,0.62,8.0,5283966219,30.701835,104.0995628
86801,,377.0,377.0,1097.0,1097.0,False,0.41,8.0,962955219,30.6098424,104.1163879
88826,,377.0,377.0,1097.0,1097.0,False,0.46,8.0,1902099167,30.7146807,104.0645839
95341,,377.0,377.0,1097.0,1097.0,False,0.0,8.0,5257056293,30.6766968,104.09604
98223,,377.0,377.0,1097.0,1097.0,False,1.39,8.78,1159149348,30.6557151,104.0531378
126063,,378.0,378.0,1098.0,1098.0,False,2.03,10.06,3742070460,30.64994,104.08345
136971,,378.0,378.0,1098.0,1098.0,False,2.76,11.52,4549759292,30.66751,104.05801
154387,,378.0,378.0,1098.0,1098.0,False,0.64,8.0,3113656970,30.6662,104.04739
197111,,378.0,378.0,1098.0,1098.0,False,0.64,8.0,4154368798,30.6764701,104.0582862
62772,,378.0,378.0,1098.0,1098.0,False,1.23,8.46,4548259333,30.6865395,104.0479931
90783,,378.0,378.0,1098.0,1098.0,False,0.73,8.0,3633006579,30.65959,104.05903
156421,,379.0,379.0,1099.0,1099.0,False,0.61,8.0,4548259598,30.6864249,104.0480012
167663,,379.0,379.0,1099.0,1099.0,False,0.33,8.0,5213253216,30.7060875,104.0947103
35146,,379.0,379.0,1099.0,1099.0,False,2.57,11.14,432442645,30.684753,104.0155585
40103,,379.0,379.0,1099.0,1099.0,False,0.55,8.0,4782067658,30.62424,104.02749
10415,,380.0,380.0,1100.0,1100.0,False,1.77,9.54,2472055935,30.6999896,104.05011
124451,,380.0,380.0,1100.0,1100.0,False,2.52,11.04,1492389309,30.657488,104.058876
135479,,380.0,380.0,1100.0,1100.0,False,0.48,8.0,432442542,30.6921482,104.0120852
137384,,380.0,380.0,1100.0,1100.0,False,0.9,8.0,4693647117,30.6337605,104.0718971
171015,,380.0,380.0,1100.0,1100.0,False,2.34,10.68,3541389061,30.68407,104.03148
171503,,380.0,380.0,1100.0,1100.0,False,1.0,8.0,4230611275,30.65266,104.0692
187308,,380.0,380.0,1100.0,1100.0,False,0.89,8.0,5375783424,30.62574,104.0023166
199442,,380.0,380.0,1100.0,1100.0,False,2.34,10.68,4987536572,30.6424125,103.9960101
26042,,380.0,380.0,1100.0,1100.0,False,0.82,8.0,4748173618,30.6230928,104.0188087
27583,,380.0,380.0,1100.0,1100.0,False,0.82,8.0,441221413,30.6461291,104.0229906
38268,,380.0,380.0,1100.0,1100.0,False,2.54,11.08,5375784147,30.6470354,103.9992305
85107,,380.0,380.0,1100.0,1100.0,False,1.77,9.54,1756176918,30.6762655,104.0710256
126431,,381.0,381.0,1101.0,1101.0,False,1.22,8.44,5436627800,30.6969059,104.0706449
157553,,381.0,381.0,1101.0,1101.0,False,3.63,13.26,1072698672,30.7206637,104.0647446
181391,,381.0,381.0,1101.0,1101.0,False,2.3,10.6,3680412780,30.6579193,104.0162888
202228,,381.0,381.0,1101.0,1101.0,False,2.71,11.42,1159131458,30.6693289,104.059788
27163,,381.0,381.0,1101.0,1101.0,False,2.71,11.42,3541401922,30.7018149,104.0085222
43369,,381.0,381.0,1101.0,1101.0,False,0.65,8.0,1159491568,30.6830528,104.0755012
8109,,381.0,381.0,1101.0,1101.0,False,0.54,8.0,3069351961,30.6281566,103.9820995
111216,,382.0,382.0,1102.0,1102.0,False,1.05,8.1,1312615973,30.6470462,104.0475745
122455,,382.0,382.0,1102.0,1102.0,False,0.46,8.0,5375783452,30.622144,104.0092796
36249,,382.0,382.0,1102.0,1102.0,False,0.54,8.0,1457814237,30.6949216,104.1078686
91410,,382.0,382.0,1102.0,1102.0,False,1.27,8.54,4548211467,30.6309116,104.022645
99816,,382.0,382.0,1102.0,1102.0,False,2.03,10.06,4963999563,30.7172978,104.0314568
115437,,383.0,383.0,1103.0,1103.0,False,2.4,10.8,2709067531,30.6260426,104.0826781
11754,,383.0,383.0,1103.0,1103.0,False,0.09,8.0,3562047416,30.7102355,104.0449075
133167,,383.0,383.0,1103.0,1103.0,False,0.52,8.0,2039522713,30.6742398,104.1073282
13650,,383.0,383.0,1103.0,1103.0,False,0.01,8.0,432452995,30.6607427,104.0684023
177617,,383.0,383.0,1103.0,1103.0,False,1.78,9.56,439751669,30.6999826,104.0009998
5520,,383.0,383.0,1103.0,1103.0,False,0.74,8.0,3742070457,30.6481855,104.0903968
69248,,383.0,383.0,1103.0,1103.0,False,2.36,10.72,4699007270,30.6140118,104.0362833
104130,,384.0,384.0,1104.0,1104.0,False,0.66,8.0,2731951966,30.6143063,104.0803072
207603,,384.0,384.0,1104.0,1104.0,False,1.69,9.38,1947584007,30.68408,104.09324
40899,,384.0,384.0,1104.0,1104.0,False,0.8,8.0,3089029141,30.662193,104.048386
5911,,384.0,384.0,1104.0,1104.0,False,2.12,10.24,3034409142,30.71728,104.10377
72290,,384.0,384.0,1104.0,1104.0,False,0.8,8.0,5375783940,30.6590906,103.9952409
80915,,384.0,384.0,1104.0,1104.0,False,0.27,8.0,4550770092,30.6305628,104.1012908
93520,,384.0,384.0,1104.0,1104.0,False,2.17,10.34,4505485130,30.6326868,104.084008
117496,,385.0,385.0,1105.0,1105.0,False,2.32,10.64,439751609,30.6653518,103.9836538
120672,,385.0,385.0,1105.0,1105.0,False,0.39,8.0,4548259684,30.7118238,104.0360404
127047,,385.0,385.0,1105.0,1105.0,False,1.5,9.0,1445528674,30.6499,104.06951
156235,,385.0,385.0,1105.0,1105.0,False,1.22,8.44,3691268079,30.6285256,104.0422881
175866,,385.0,385.0,1105.0,1105.0,False,0.25,8.0,4772216123,30.6781556,104.0068845
178638,,385.0,385.0,1105.0,1105.0,False,0.3,8.0,2160900160,30.6850638,104.1018361
2777,,385.0,385.0,1105.0,1105.0,False,0.8,8.0,4703149483,30.611085,104.0681825
57603,,385.0,385.0,1105.0,1105.0,False,0.27,8.0,1305816735,30.66706,104.06812
94729,,385.0,385.0,1105.0,1105.0,False,0.08,8.0,2717786570,30.6252646,104.0775698
155398,,386.0,386.0,1106.0,1106.0,False,1.94,9.88,4772216819,30.6797083,104.0068793
55435,,386.0,386.0,1106.0,1106.0,False,2.31,10.62,671587313,30.6393549,104.0704479
5618,,386.0,386.0,1106.0,1106.0,False,1.13,8.26,4772214790,30.6802677,104.0069733
114869,,387.0,387.0,1107.0,1107.0,False,1.68,9.36,1159491545,30.6864438,104.0757988
11535,,387.0,387.0,1107.0,1107.0,False,2.14,10.28,1159234110,30.69513,104.07243
149738,,387.0,387.0,1107.0,1107.0,False,1.88,9.76,4242372867,30.6869342,104.0229302
42489,,387.0,387.0,1107.0,1107.0,False,0.58,8.0,4548318423,30.6298222,104.0916942
52000,,387.0,387.0,1107.0,1107.0,False,1.34,8.68,4934383689,30.6160087,104.1156346
68939,,387.0,387.0,1107.0,1107.0,False,1.68,9.36,1159512572,30.649774,104.0759772
96700,,387.0,387.0,1107.0,1107.0,False,2.72,11.44,5141326920,30.6109741,104.0587846
99395,,387.0,387.0,1107.0,1107.0,False,0.58,8.0,4548211251,30.66777,104.03597
137827,,388.0,388.0,1108.0,1108.0,False,2.67,11.34,2160890931,30.705024,104.0699789
155360,,388.0,388.0,1108.0,1108.0,False,1.14,8.28,4548209365,30.6230395,104.0837609
162851,,388.0,388.0,1108.0,1108.0,False,0.69,8.0,1827955129,30.66337,104.05616
180534,,388.0,388.0,1108.0,1108.0,False,1.21,8.42,3445813119,30.6595065,104.079037
19492,,388.0,388.0,1108.0,1108.0,False,1.14,8.28,872833768,30.6589036,104.0669358
56961,,388.0,388.0,1108.0,1108.0,False,1.79,9.58,5100157874,30.6331505,104.0804283
80726,,388.0,388.0,1108.0,1108.0,False,1.79,9.58,4967265757,30.7036214,104.0051032
90490,,388.0,388.0,1108.0,1108.0,False,0.69,8.0,1964325479,30.6726221,104.0966472
110320,,389.0,389.0,1109.0,1109.0,False,0.63,8.0,4444112344,30.7209222,104.1061392
184586,,389.0,389.0,1109.0,1109.0,False,0.71,8.0,4118527280,30.6829899,104.0634187
18798,,389.0,389.0,1109.0,1109.0,False,0.63,8.0,4550568575,30.6358316,104.0641539
195895,,389.0,389.0,1109.0,1109.0,False,0.61,8.0,4549993311,30.69676,104.04835
34688,,389.0,389.0,1109.0,1109.0,False,0.63,8.0,4701577781,30.6232535,104.0760322
39311,,389.0,389.0,1109.0,1109.0,False,0.97,8.0,872835364,30.6587458,104.0582087
45942,,389.0,389.0,1109.0,1109.0,False,0.03,8.0,5375783934,30.6571053,103.9967878
50581,,389.0,389.0,1109.0,1109.0,False,2.89,11.78,432442882,30.6860971,103.9813332
89371,,389.0,389.0,1109.0,1109.0,False,0.63,8.0,432442941,30.67951,104.02806
89972,,389.0,389.0,1109.0,1109.0,False,1.64,9.28,3691268079,30.6285256,104.0422881
95258,,389.0,389.0,1109.0,1109.0,False,3.18,12.36,4550018628,30.6522772,104.0555128
187928,,390.0,390.0,1110.0,1110.0,False,0.67,8.0,3541376393,30.7160356,104.10067
196949,,390.0,390.0,1110.0,1110.0,False,2.47,10.94,4106682094,30.6426409,103.9832551
32423,,390.0,390.0,1110.0,1110.0,False,0.84,8.0,3562015379,30.6631522,104.0814488
49624,,390.0,390.0,1110.0,1110.0,False,0.84,8.0,4794975972,30.6456471,104.0567283
57391,,390.0,390.0,1110.0,1110.0,False,2.1,10.2,5354813690,30.659428,104.06038
98925,,390.0,390.0,1110.0,1110.0,False,0.65,8.0,1458911516,30.6773932,104.0909244
103830,,391.0,391.0,1111.0,1111.0,False,0.44,8.0,432452887,30.6183134,104.0517222
107455,,391.0,391.0,1111.0,1111.0,False,2.03,10.06,2401092870,30.6891685,104.0973014
125550,,391.0,391.0,1111.0,1111.0,False,1.02,8.04,671600406,30.6701426,104.0350098
145959,,391.0,391.0,1111.0,1111.0,False,2.03,10.06,1458570754,30.689943,104.09519
170033,,391.0,391.0,1111.0,1111.0,False,2.03,10.06,5375784031,30.6561326,103.9898336
32845,,391.0,391.0,1111.0,1111.0,False,2.03,10.06,1815855036,30.6764043,103.9846018
44499,,391.0,391.0,1111.0,1111.0,False,0.28,8.0,1159143853,30.67635,104.08552
52502,,391.0,391.0,1111.0,1111.0,False,2.31,10.62,4548211443,30.6733783,104.068844
108590,,392.0,392.0,1112.0,1112.0,False,0.46,8.0,4701464751,30.615852,104.0596613
121631,,392.0,392.0,1112.0,1112.0,False,2.77,11.54,5141468805,30.6294733,104.0984475
130842,,392.0,392.0,1112.0,1112.0,False,2.77,11.54,3516900114,30.6680637,104.0802444
201479,,392.0,392.0,1112.0,1112.0,False,1.45,8.9,3541371613,30.66781,104.0487
37411,,392.0,392.0,1112.0,1112.0,False,0.34,8.0,3541420742,30.6927173,104.0671622
38971,,392.0,392.0,1112.0,1112.0,False,0.34,8.0,838319891,30.6451434,104.1070365
96327,,392.0,392.0,1112.0,1112.0,False,0.47,8.0,1159502905,30.692526,104.03234
140090,,393.0,393.0,1113.0,1113.0,False,0.2,8.0,2564226627,30.6398379,104.0185183
151903,,393.0,393.0,1113.0,1113.0,False,1.25,8.5,1159131458,30.66903,104.05924
199060,,393.0,393.0,1113.0,1113.0,False,0.48,8.0,5213238351,30.6434127,104.1128764
75243,,393.0,393.0,1113.0,1113.0,False,1.7,9.4,3113656969,30.6649154,104.0519756
98782,,393.0,393.0,1113.0,1113.0,False,1.07,8.14,3691342450,30.6587,104.0171431
101981,,394.0,394.0,1114.0,1114.0,False,3.33,12.66,1159136176,30.6595442,104.0888811
119255,,394.0,394.0,1114.0,1114.0,False,1.88,9.76,439751905,30.6743165,103.9868492
16128,,394.0,394.0,1114.0,1114.0,False,1.2,8.4,441159367,30.7225522,104.0853578
185215,,394.0,394.0,1114.0,1114.0,False,1.2,8.4,1339762127,30.71662,104.04572
189290,,394.0,394.0,1114.0,1114.0,False,3.33,12.66,4779165800,30.6358011,104.0735412
60172,,394.0,394.0,1114.0,1114.0,False,3.33,12.66,4549759367,30.6945439,104.0335267
64743,,394.0,394.0,1114.0,1114.0,False,0.31,8.0,3516900112,30.67231,104.06901
89287,,394.0,394.0,1114.0,1114.0,False,0.42,8.0,432442523,30.6853485,104.0142524
110166,,395.0,395.0,1115.0,1115.0,False,2.22,10.44,628641734,30.6905232,104.0489147
117891,,395.0,395.0,1115.0,1115.0,False,2.42,10.84,5367321387,30.6637218,104.0024897
160459,,395.0,395.0,1115.0,1115.0,False,1.85,9.7,672405808,30.65718,104.08169
174935,,395.0,395.0,1115.0,1115.0,False,1.68,9.36,2039561240,30.689213,104.10798
43903,,395.0,395.0,1115.0,1115.0,False,0.27,8.0,5141328630,30.611602,104.0588268
79309,,395.0,395.0,1115.0,1115.0,False,1.85,9.7,1492645720,30.6218905,104.0647449
104198,,396.0,396.0,1116.0,1116.0,False,1.18,8.36,4106681969,30.6358956,103.9875688
118726,,396.0,396.0,1116.0,1116.0,False,0.19,8.0,4772214788,30.6793795,104.006257
118843,,396.0,396.0,1116.0,1116.0,False,1.45,8.9,2907361696,30.642479,104.091034
137517,,396.0,396.0,1116.0,1116.0,False,0.32,8.0,4548211609,30.6261413,104.0474114
138262,,396.0,396.0,1116.0,1116.0,False,0.44,8.0,1301932975,30.6550718,104.0712822
158889,,396.0,396.0,1116.0,1116.0,False,1.02,8.04,1305816705,30.6646012,104.0662925
198100,,396.0,396.0,1116.0,1116.0,False,1.2,8.4,4550764057,30.6253733,104.1024878
19881,,396.0,396.0,1116.0,1116.0,False,0.74,8.0,4136052364,30.6121648,104.0470362
20623,,396.0,396.0,1116.0,1116.0,False,0.57,8.0,4695700250,30.6181665,104.0190086
22192,,396.0,396.0,1116.0,1116.0,False,1.84,9.68,5141326920,30.6109741,104.0587846
32118,,396.0,396.0,1116.0,1116.0,False,0.07,8.0,2852225599,30.6383419,104.0601673
43869,,396.0,396.0,1116.0,1116.0,False,1.02,8.04,2847758682,30.6669625,104.1117503
52557,,396.0,396.0,1116.0,1116.0,False,0.34,8.0,4772463319,30.6635597,104.0450095
65040,,396.0,396.0,1116.0,1116.0,False,1.18,8.36,3523308807,30.6350645,104.0799302
67755,,396.0,396.0,1116.0,1116.0,False,0.57,8.0,1159231421,30.6921475,104.0786212
87062,,396.0,396.0,1116.0,1116.0,False,0.19,8.0,5154977850,30.6344596,104.0701666
120021,,397.0,397.0,1117.0,1117.0,False,0.92,8.0,5055911222,30.7145696,104.1119178
120795,,397.0,397.0,1117.0,1117.0,False,0.09,8.0,4548142591,30.6229001,104.0721579
132508,,397.0,397.0,1117.0,1117.0,False,2.41,10.82,4437994405,30.6900887,104.0958689
142508,,397.0,397.0,1117.0,1117.0,False,0.65,8.0,1916520528,30.6329462,104.0022149
152163,,397.0,397.0,1117.0,1117.0,False,0.27,8.0,5375783441,30.6200935,104.0073266
160727,,397.0,397.0,1117.0,1117.0,False,0.52,8.0,4505485129,30.63432,104.08495
174115,,397.0,397.0,1117.0,1117.0,False,1.55,9.1,1159452242,30.66799,104.045
30057,,397.0,397.0,1117.0,1117.0,False,0.67,8.0,5141468744,30.6307457,104.09434
7460,,397.0,397.0,1117.0,1117.0,False,0.59,8.0,4550701366,30.6165608,103.9842508
75719,,397.0,397.0,1117.0,1117.0,False,0.65,8.0,5256947454,30.6769636,104.0948991
81030,,397.0,397.0,1117.0,1117.0,False,0.17,8.0,2560005438,30.6311063,104.0270216
88029,,397.0,397.0,1117.0,1117.0,False,0.92,8.0,1339701419,30.6976551,104.0444187
97715,,397.0,397.0,1117.0,1117.0,False,0.59,8.0,3742070443,30.65313,104.07876
9792,,397.0,397.0,1117.0,1117.0,False,0.27,8.0,1458570760,30.6933855,104.0887586
127701,,398.0,398.0,1118.0,1118.0,False,0.14,8.0,5211343339,30.6444063,104.0141564
13573,,398.0,398.0,1118.0,1118.0,False,1.16,8.32,1492597857,30.6226874,104.066872
149490,,398.0,398.0,1118.0,1118.0,False,0.25,8.0,1159935140,30.6705902,103.9977122
154085,,398.0,398.0,1118.0,1118.0,False,1.1,8.2,1819305271,30.6396884,104.1082506
160273,,398.0,398.0,1118.0,1118.0,False,0.16,8.0,1072704341,30.7206098,104.056618
198539,,398.0,398.0,1118.0,1118.0,False,1.69,9.38,1305816711,30.6398407,104.0789439
26174,,398.0,398.0,1118.0,1118.0,False,1.36,8.72,5375783920,30.6571479,103.9965859
55982,,398.0,398.0,1118.0,1118.0,False,1.94,9.88,4394309249,30.6298845,104.0388088
71471,,398.0,398.0,1118.0,1118.0,False,1.67,9.34,4550018755,30.611289,104.0467318
8732,,398.0,398.0,1118.0,1118.0,False,0.16,8.0,5300465518,30.725,104.0748769
94613,,398.0,398.0,1118.0,1118.0,False,0.05,8.0,4699007417,30.6124391,104.0449239
100525,,399.0,399.0,1119.0,1119.0,False,2.84,11.68,4772430835,30.678527,104.0049938
11144,,399.0,399.0,1119.0,1119.0,False,0.39,8.0,4701400363,30.6110717,104.0334202
186498,,399.0,399.0,1119.0,1119.0,False,0.73,8.0,1459047527,30.6451948,104.1087318
201306,,399.0,399.0,1119.0,1119.0,False,0.76,8.0,3541427572,30.7090968,104.0356339
71225,,399.0,399.0,1119.0,1119.0,False,1.43,8.86,4548211322,30.6261544,104.0465852
86643,,399.0,399.0,1119.0,1119.0,False,2.06,10.12,5213238443,30.6561566,104.0854272
103349,,400.0,400.0,1120.0,1120.0,False,1.0,8.0,3516892731,30.6662803,104.0579399
141543,,400.0,400.0,1120.0,1120.0,False,0.79,8.0,5053143846,30.7238487,104.0036091
154354,,400.0,400.0,1120.0,1120.0,False,1.07,8.14,2908410482,30.6444211,104.0845908
160946,,400.0,400.0,1120.0,1120.0,False,1.59,9.18,1459047527,30.6451948,104.1087318
29462,,400.0,400.0,1120.0,1120.0,False,0.18,8.0,5218239999,30.6976768,104.0519257
51534,,400.0,400.0,1120.0,1120.0,False,0.53,8.0,5359113200,30.6775517,104.0090264
76421,,400.0,400.0,1120.0,1120.0,False,0.6,8.0,1500638719,30.7080075,104.0885952
85964,,400.0,400.0,1120.0,1120.0,False,0.18,8.0,314622954,30.6506182,104.0541871
97219,,400.0,400.0,1120.0,1120.0,False,1.07,8.14,1947138487,30.6854,104.08539
97586,,400.0,400.0,1120.0,1120.0,False,1.73,9.46,3031031600,30.6818163,104.1089397
100636,,401.0,401.0,1121.0,1121.0,False,0.1,8.0,2134782159,30.624434,104.0057238
117495,,401.0,401.0,1121.0,1121.0,False,2.88,11.76,5375784155,30.65132,104.0011
171747,,401.0,401.0,1121.0,1121.0,False,0.74,8.0,4548211231,30.66256,104.05918
190573,,401.0,401.0,1121.0,1121.0,False,0.15,8.0,4695640651,30.6110298,104.0253013
207191,,401.0,401.0,1121.0,1121.0,False,0.58,8.0,4549993126,30.6988926,104.028733
37122,,401.0,401.0,1121.0,1121.0,False,1.01,8.02,5211393926,30.6694518,103.9823034
39523,,401.0,401.0,1121.0,1121.0,False,0.15,8.0,4136052220,30.6097219,104.0482176
40407,,401.0,401.0,1121.0,1121.0,False,0.31,8.0,4505488419,30.6356156,104.076879
57455,,401.0,401.0,1121.0,1121.0,False,1.44,8.88,4548259554,30.6763906,103.9764911
124991,,402.0,402.0,1122.0,1122.0,False,1.66,9.32,2712314631,30.7073306,104.0370666
138386,,402.0,402.0,1122.0,1122.0,False,0.57,8.0,3927876944,30.6759877,103.9882606
142643,,402.0,402.0,1122.0,1122.0,False,1.66,9.32,5375784246,30.6360458,104.0053877
164193,,402.0,402.0,1122.0,1122.0,False,1.66,9.32,3199773578,30.7003426,104.1038023
185751,,402.0,402.0,1122.0,1122.0,False,0.57,8.0,1492367286,30.6549253,104.0634586
67659,,402.0,402.0,1122.0,1122.0,False,1.22,8.44,1506395061,30.7051043,104.0755349
81215,,402.0,402.0,1122.0,1122.0,False,0.91,8.0,5382831169,30.6758218,104.0974266
106643,,403.0,403.0,1123.0,1123.0,False,2.87,11.74,4748166167,30.6172082,104.0217789
115894,,403.0,403.0,1123.0,1123.0,False,0.07,8.0,4695601334,30.6096643,104.0300392
148367,,403.0,403.0,1123.0,1123.0,False,2.12,10.24,432442517,30.6790649,104.0095531
173995,,403.0,403.0,1123.0,1123.0,False,2.87,11.74,4900292688,30.669514,104.064354
20543,,403.0,403.0,1123.0,1123.0,False,0.42,8.0,1159131461,30.66724,104.060326
206554,,403.0,403.0,1123.0,1123.0,False,0.71,8.0,1302807417,30.6427652,104.0877375
207119,,403.0,403.0,1123.0,1123.0,False,2.12,10.24,1159131856,30.6674563,104.0775802
33080,,403.0,403.0,1123.0,1123.0,False,2.15,10.3,4703149494,30.6125541,104.0671311
36982,,403.0,403.0,1123.0,1123.0,False,1.34,8.68,4701400690,30.6110509,104.0645522
69458,,403.0,403.0,1123.0,1123.0,False,2.81,11.62,1159447656,30.6837739,104.0361967
85078,,403.0,403.0,1123.0,1123.0,False,1.34,8.68,5213253216,30.7060875,104.0947103
86140,,403.0,403.0,1123.0,1123.0,False,2.85,11.7,4799195775,30.6136924,103.996444
87863,,403.0,403.0,1123.0,1123.0,False,0.03,8.0,3613983372,30.66629,104.05198
112289,,404.0,404.0,1124.0,1124.0,False,1.3,8.6,2956775866,30.7059456,104.0407825
152199,,404.0,404.0,1124.0,1124.0,False,0.55,8.0,3562028073,30.66026,104.08545
163757,,404.0,404.0,1124.0,1124.0,False,0.36,8.0,3203414179,30.6368523,104.033278
165743,,404.0,404.0,1124.0,1124.0,False,1.29,8.58,4701577743,30.6488808,104.0721412
178325,,404.0,404.0,1124.0,1124.0,False,1.71,9.42,4550018716,30.6461425,104.0555598
182223,,404.0,404.0,1124.0,1124.0,False,0.2,8.0,4794944084,30.64648,104.05954
200159,,404.0,404.0,1124.0,1124.0,False,0.39,8.0,3597689716,30.71283,103.9841
26397,,404.0,404.0,1124.0,1124.0,False,1.3,8.6,2729378355,30.6166419,104.0485311
81965,,404.0,404.0,1124.0,1124.0,False,0.54,8.0,1918491705,30.6422139,104.0015439
1938,,405.0,405.0,1125.0,1125.0,False,1.24,8.48,1506537735,30.7166217,104.0720665
51462,,405.0,405.0,1125.0,1125.0,False,2.09,10.18,439751609,30.6653518,103.9836538
79023,,405.0,405.0,1125.0,1125.0,False,1.24,8.48,1459915728,30.6475007,104.1037665
83549,,405.0,405.0,1125.0,1125.0,False,2.09,10.18,4721452999,30.7039015,104.0833417
92098,,405.0,405.0,1125.0,1125.0,False,1.91,9.82,4242373753,30.6869936,104.0220627
118619,,406.0,406.0,1126.0,1126.0,False,2.89,11.78,439751903,30.67316,103.98516
149515,,406.0,406.0,1126.0,1126.0,False,1.13,8.26,1458588160,30.6825273,104.0952077
207110,,406.0,406.0,1126.0,1126.0,False,0.59,8.0,3979164228,30.6840565,104.0962674
179371,,407.0,407.0,1127.0,1127.0,False,1.42,8.84,3681180644,30.65639,104.06631
56769,,407.0,407.0,1127.0,1127.0,False,0.45,8.0,1918491721,30.6447292,103.9995215
63808,,407.0,407.0,1127.0,1127.0,False,0.45,8.0,4695640523,30.6158361,104.023608
82792,,407.0,407.0,1127.0,1127.0,False,1.21,8.42,5375783788,30.6547059,104.000337
10237,,408.0,408.0,1128.0,1128.0,False,2.58,11.16,2211353126,30.6937149,104.0817129
103790,,408.0,408.0,1128.0,1128.0,False,0.3,8.0,2726869945,30.6784606,104.0389184
110221,,408.0,408.0,1128.0,1128.0,False,1.2,8.4,4549993011,30.6970288,104.0471477
123228,,408.0,408.0,1128.0,1128.0,False,2.45,10.9,1156126793,30.681287,104.0534015
12525,,408.0,408.0,1128.0,1128.0,False,1.86,9.72,4548211649,30.6912378,104.0367322
151230,,408.0,408.0,1128.0,1128.0,False,1.86,9.72,2691023100,30.7096762,103.9981083
181415,,408.0,408.0,1128.0,1128.0,False,1.86,9.72,1457841605,30.6902973,104.1011128
194322,,408.0,408.0,1128.0,1128.0,False,0.43,8.0,3979164227,30.6839901,104.0963479
48506,,408.0,408.0,1128.0,1128.0,False,0.07,8.0,5213238496,30.6402486,104.0431373
116198,,409.0,409.0,1129.0,1129.0,False,0.6,8.0,1159148556,30.6630951,104.0744606
125736,,409.0,409.0,1129.0,1129.0,False,0.07,8.0,4550019014,30.6470922,104.0561723
13050,,409.0,409.0,1129.0,1129.0,False,0.47,8.0,2366952977,30.6478698,104.1091083
157052,,409.0,409.0,1129.0,1129.0,False,1.6,9.2,5141328731,30.6115807,104.0639168
158014,,409.0,409.0,1129.0,1129.0,False,0.63,8.0,3523308816,30.6482732,104.058538
167291,,409.0,409.0,1129.0,1129.0,False,0.44,8.0,3633008400,30.66658,104.04015
171600,,409.0,409.0,1129.0,1129.0,False,0.47,8.0,1313065832,30.6413566,104.0808135
179033,,409.0,409.0,1129.0,1129.0,False,0.6,8.0,318090562,30.668192,103.9980864
34305,,409.0,409.0,1129.0,1129.0,False,0.41,8.0,5141458212,30.636502,104.0797903
60760,,409.0,409.0,1129.0,1129.0,False,3.24,12.48,4549993310,30.6510165,103.9886428
70227,,409.0,409.0,1129.0,1129.0,False,1.73,9.46,4550018626,30.6270272,104.0183428
73915,,409.0,409.0,1129.0,1129.0,False,0.41,8.0,1459000907,30.6578566,104.0969043
98011,,409.0,409.0,1129.0,1129.0,False,0.47,8.0,672360797,30.65344,104.07603
111786,,410.0,410.0,1130.0,1130.0,False,0.55,8.0,4217837097,30.6262553,104.0466306
115644,,410.0,410.0,1130.0,1130.0,False,1.91,9.82,1159149121,30.6544621,104.0723536
119919,,410.0,410.0,1130.0,1130.0,False,1.05,8.1,4548318325,30.6320282,104.0924014
132939,,410.0,410.0,1130.0,1130.0,False,1.56,9.12,1159227850,30.6913669,104.0523676
147122,,410.0,410.0,1130.0,1130.0,False,1.51,9.02,4964134669,30.720329,104.0296511
200747,,410.0,410.0,1130.0,1130.0,False,1.87,9.74,1459047523,30.6450532,104.1090139
37133,,410.0,410.0,1130.0,1130.0,False,1.91,9.82,4359390803,30.7144629,104.1134412
42264,,410.0,410.0,1130.0,1130.0,False,0.03,8.0,1500638635,30.6922961,104.0303781
5883,,410.0,410.0,1130.0,1130.0,False,0.89,8.0,3538771906,30.6437752,104.1121135
70542,,410.0,410.0,1130.0,1130.0,False,1.01,8.02,4550764002,30.6221814,104.1126046
113731,,411.0,411.0,1131.0,1131.0,False,2.01,10.02,4548259685,30.69052,104.04734
18518,,411.0,411.0,1131.0,1131.0,False,1.17,8.34,2722829587,30.7026297,104.0681699
191106,,411.0,411.0,1131.0,1131.0,False,0.14,8.0,441187401,30.6861604,104.063251
33127,,411.0,411.0,1131.0,1131.0,False,1.1,8.2,1458588156,30.68051,104.095
84931,,411.0,411.0,1131.0,1131.0,False,0.46,8.0,4548318430,30.621471,104.095825
9680,,411.0,411.0,1131.0,1131.0,False,1.91,9.82,4772430856,30.6779194,104.0052314
139469,,412.0,412.0,1132.0,1132.0,False,0.99,8.0,3541420733,30.691794,104.0818843
143893,,412.0,412.0,1132.0,1132.0,False,2.87,11.74,4106682090,30.6424517,103.9802362
152366,,412.0,412.0,1132.0,1132.0,False,0.83,8.0,4701577747,30.6199344,104.0817949
199537,,412.0,412.0,1132.0,1132.0,False,1.03,8.06,288416372,30.7249372,104.104235
57615,,412.0,412.0,1132.0,1132.0,False,1.03,8.06,4703149493,30.6131297,104.0671097
70116,,412.0,412.0,1132.0,1132.0,False,1.03,8.06,4220546257,30.6546878,104.0758999
83903,,412.0,412.0,1132.0,1132.0,False,0.83,8.0,4548211638,30.66473,104.0623
101697,,413.0,413.0,1133.0,1133.0,False,0.21,8.0,4987536556,30.6443371,103.9951947
115625,,413.0,413.0,1133.0,1133.0,False,1.35,8.7,4695640694,30.6149107,104.0278084
123630,,413.0,413.0,1133.0,1133.0,False,0.51,8.0,314655170,30.628819,104.0491371
15136,,413.0,413.0,1133.0,1133.0,False,0.43,8.0,5141328421,30.6109628,104.0600138
194052,,413.0,413.0,1133.0,1133.0,False,0.43,8.0,1916386506,30.6333933,104.0182052
34978,,413.0,413.0,1133.0,1133.0,False,0.21,8.0,5257005063,30.6768951,104.0930533
74887,,413.0,413.0,1133.0,1133.0,False,0.48,8.0,1159144966,30.6625746,104.0663991
77851,,413.0,413.0,1133.0,1133.0,False,1.43,8.86,4572409877,30.6888,104.06968
92598,,413.0,413.0,1133.0,1133.0,False,0.32,8.0,3436489823,30.6405095,104.0452117
94125,,413.0,413.0,1133.0,1133.0,False,0.48,8.0,2722829585,30.7011424,104.0681748
129663,,414.0,414.0,1134.0,1134.0,False,1.65,9.3,1072704370,30.6952583,104.0774509
148160,,414.0,414.0,1134.0,1134.0,False,0.87,8.0,5211337159,30.6342088,104.0011536
153699,,414.0,414.0,1134.0,1134.0,False,0.67,8.0,3541389065,30.68873,104.03643
18811,,414.0,414.0,1134.0,1134.0,False,2.24,10.48,1458975864,30.66243,104.09257
3471,,414.0,414.0,1134.0,1134.0,False,2.06,10.12,1956554705,30.67529,104.1099
39433,,414.0,414.0,1134.0,1134.0,False,1.65,9.3,3069351956,30.6280116,103.9877324
48992,,414.0,414.0,1134.0,1134.0,False,2.06,10.12,4548211190,30.6294211,104.0210117
110915,,415.0,415.0,1135.0,1135.0,False,0.41,8.0,2852215059,30.717982,104.0866281
141401,,415.0,415.0,1135.0,1135.0,False,0.86,8.0,3562047405,30.7179001,104.0328223
194293,,415.0,415.0,1135.0,1135.0,False,2.27,10.54,1459924112,30.6397091,104.1059377
76526,,415.0,415.0,1135.0,1135.0,False,3.58,13.16,1159155733,30.6409198,104.0925105
107899,,416.0,416.0,1136.0,1136.0,False,0.28,8.0,4701464386,30.6173746,104.0632787
164569,,416.0,416.0,1136.0,1136.0,False,0.62,8.0,2282016051,30.6109499,103.9681329
195633,,416.0,416.0,1136.0,1136.0,False,0.62,8.0,1156126856,30.6688818,104.0913585
49972,,416.0,416.0,1136.0,1136.0,False,0.39,8.0,2729395914,30.6296384,104.0450455
113168,,417.0,417.0,1137.0,1137.0,False,0.93,8.0,3562099189,30.6524666,104.0064191
117374,,417.0,417.0,1137.0,1137.0,False,2.13,10.26,432442854,30.6661921,103.9916253
129676,,417.0,417.0,1137.0,1137.0,False,0.93,8.0,1159139099,30.6641889,104.1037315
162059,,417.0,417.0,1137.0,1137.0,False,0.2,8.0,1159227452,30.69486,104.05426
170869,,417.0,417.0,1137.0,1137.0,False,1.34,8.68,4703149486,30.6115743,104.0682118
195081,,417.0,417.0,1137.0,1137.0,False,2.13,10.26,432432564,30.6481238,104.0415155
54249,,417.0,417.0,1137.0,1137.0,False,0.74,8.0,1159490053,30.6905324,104.0707845
59335,,417.0,417.0,1137.0,1137.0,False,1.71,9.42,4964134719,30.7086875,104.0185822
66501,,417.0,417.0,1137.0,1137.0,False,3.07,12.14,5261581872,30.6764626,104.0963832
87368,,417.0,417.0,1137.0,1137.0,False,0.2,8.0,1918491704,30.6462307,103.9945166
88030,,417.0,417.0,1137.0,1137.0,False,1.32,8.64,1947583867,30.685756,104.0865277
105842,,418.0,418.0,1138.0,1138.0,False,0.31,8.0,3562004416,30.6377822,104.0480217
117110,,418.0,418.0,1138.0,1138.0,False,2.57,11.14,4444112337,30.718907,104.101845
124464,,418.0,418.0,1138.0,1138.0,False,1.33,8.66,3633001073,30.6656921,104.0310534
132463,,418.0,418.0,1138.0,1138.0,False,2.08,10.16,1861145360,30.67045,104.11032
160408,,418.0,418.0,1138.0,1138.0,False,0.96,8.0,1507357789,30.697117,104.0787323
178287,,418.0,418.0,1138.0,1138.0,False,2.08,10.16,1504184877,30.7133046,104.0780528
36370,,418.0,418.0,1138.0,1138.0,False,0.02,8.0,4695701803,30.6121302,104.0197721
6969,,418.0,418.0,1138.0,1138.0,False,0.13,8.0,1159229568,30.6704077,104.0975317
186628,,419.0,419.0,1139.0,1139.0,False,1.08,8.16,4987536537,30.6273855,104.0004538
22888,,419.0,419.0,1139.0,1139.0,False,0.64,8.0,3562110268,30.648929,104.0291174
48855,,419.0,419.0,1139.0,1139.0,False,2.86,11.72,1159224813,30.6946555,104.0336862
50883,,419.0,419.0,1139.0,1139.0,False,1.34,8.68,5254240651,30.6256965,103.9829199
53228,,419.0,419.0,1139.0,1139.0,False,1.22,8.44,1159143909,30.6751758,104.0816892
56653,,419.0,419.0,1139.0,1139.0,False,1.9,9.8,4638050365,30.7147891,104.0631517
63619,,419.0,419.0,1139.0,1139.0,False,0.64,8.0,1301933003,30.649632,104.07984
70995,,419.0,419.0,1139.0,1139.0,False,1.9,9.8,2041527426,30.6889,104.09485
72145,,419.0,419.0,1139.0,1139.0,False,0.08,8.0,432429420,30.6358259,104.0359135
93771,,419.0,419.0,1139.0,1139.0,False,1.08,8.16,441221495,30.65079,104.0217
12164,,420.0,420.0,1140.0,1140.0,False,0.96,8.0,1458937214,30.6779189,104.0935893
123739,,420.0,420.0,1140.0,1140.0,False,0.97,8.0,4548211488,30.66282,104.05684
134470,,420.0,420.0,1140.0,1140.0,False,0.96,8.0,3561962958,30.6577658,104.0033947
181566,,420.0,420.0,1140.0,1140.0,False,1.4,8.8,4772430835,30.678527,104.0049938
203559,,420.0,420.0,1140.0,1140.0,False,1.4,8.8,1159148557,30.66396,104.07217
95411,,420.0,420.0,1140.0,1140.0,False,0.88,8.0,4695601443,30.611256,104.0278807
105179,,421.0,421.0,1141.0,1141.0,False,1.44,8.88,3523308822,30.6437176,104.0542421
71899,,421.0,421.0,1141.0,1141.0,False,2.59,11.18,2651598888,30.6849992,104.0773832
87751,,421.0,421.0,1141.0,1141.0,False,0.2,8.0,3742070429,30.6559164,104.0732989
106368,,422.0,422.0,1142.0,1142.0,False,0.24,8.0,432442631,30.6840198,104.0189945
125207,,422.0,422.0,1142.0,1142.0,False,0.84,8.0,4549759306,30.692312,104.0359777
144059,,422.0,422.0,1142.0,1142.0,False,1.31,8.62,4964134668,30.7198592,104.030137
173875,,422.0,422.0,1142.0,1142.0,False,1.59,9.18,4230839437,30.65588,104.06578
196195,,422.0,422.0,1142.0,1142.0,False,1.31,8.62,2843294150,30.69903,104.04704
20476,,422.0,422.0,1142.0,1142.0,False,1.82,9.64,4695700255,30.6148213,104.0208085
24290,,422.0,422.0,1142.0,1142.0,False,0.35,8.0,4981594490,30.6340672,104.0004999
44743,,422.0,422.0,1142.0,1142.0,False,0.84,8.0,672405808,30.65807,104.08013
55501,,422.0,422.0,1142.0,1142.0,False,0.43,8.0,3582961906,30.638167,104.0442319
66214,,422.0,422.0,1142.0,1142.0,False,0.61,8.0,1493185374,30.6142971,104.0649015
69786,,422.0,422.0,1142.0,1142.0,False,0.52,8.0,1301933011,30.6427095,104.0789494
97752,,422.0,422.0,1142.0,1142.0,False,0.61,8.0,2843294152,30.697362,104.0479453
127708,,423.0,423.0,1143.0,1143.0,False,0.47,8.0,4136052208,30.6103344,104.0471966
204317,,423.0,423.0,1143.0,1143.0,False,0.47,8.0,4695601292,30.6117877,104.0289365
27980,,423.0,423.0,1143.0,1143.0,False,0.88,8.0,4903105801,30.6594577,104.079126
65443,,423.0,423.0,1143.0,1143.0,False,0.88,8.0,5312164202,30.66749,104.09947
116371,,424.0,424.0,1144.0,1144.0,False,1.14,8.28,5218239987,30.6979349,104.0525637
130054,,424.0,424.0,1144.0,1144.0,False,0.25,8.0,4992013262,30.6115309,104.0747797
169631,,424.0,424.0,1144.0,1144.0,False,1.19,8.38,2847176001,30.6655647,104.1084621
172409,,424.0,424.0,1144.0,1144.0,False,1.14,8.28,1947584056,30.6834598,104.0834872
174062,,424.0,424.0,1144.0,1144.0,False,2.17,10.34,4701400369,30.6120083,104.0648531
184703,,424.0,424.0,1144.0,1144.0,False,2.17,10.34,5375783426,30.6250323,104.0039095
188079,,424.0,424.0,1144.0,1144.0,False,2.98,11.96,441187228,30.6703,104.06338
26736,,424.0,424.0,1144.0,1144.0,False,2.17,10.34,3761409982,30.6319717,104.0690619
41637,,424.0,424.0,1144.0,1144.0,False,1.19,8.38,1159143909,30.6751758,104.0816892
43669,,424.0,424.0,1144.0,1144.0,False,0.83,8.0,4701577708,30.6174884,104.0715606
49948,,424.0,424.0,1144.0,1144.0,False,0.51,8.0,5375784155,30.651375,104.0027903
101723,,425.0,425.0,1145.0,1145.0,False,0.07,8.0,2981056908,30.62963,104.0767
107525,,425.0,425.0,1145.0,1145.0,False,0.68,8.0,2081197489,30.6231996,104.1052598
188964,,425.0,425.0,1145.0,1145.0,False,0.07,8.0,3943038365,30.6435267,104.0646167
68149,,425.0,425.0,1145.0,1145.0,False,0.38,8.0,4699007186,30.6142352,104.0316066
128355,,426.0,426.0,1146.0,1146.0,False,0.49,8.0,4505485126,30.6351228,104.0839511
1592,,426.0,426.0,1146.0,1146.0,False,1.0,8.0,4779165778,30.636525,104.0734961
54200,,426.0,426.0,1146.0,1146.0,False,0.06,8.0,1072698538,30.717676,104.0701695
77046,,426.0,426.0,1146.0,1146.0,False,2.22,10.44,4106682225,30.6745183,103.9964567
161203,,427.0,427.0,1147.0,1147.0,False,1.42,8.84,3445813552,30.66775,104.07296
174666,,427.0,427.0,1147.0,1147.0,False,1.12,8.24,338246744,30.6533948,104.0297587
205445,,427.0,427.0,1147.0,1147.0,False,1.12,8.24,672360898,30.6549348,104.0756717
205773,,427.0,427.0,1147.0,1147.0,False,1.15,8.3,2217699757,30.6609329,104.0695824
206003,,427.0,427.0,1147.0,1147.0,False,1.56,9.12,432453006,30.65541,104.0842
60773,,427.0,427.0,1147.0,1147.0,False,1.04,8.08,4550018723,30.6487749,104.0719861
11076,,428.0,428.0,1148.0,1148.0,False,0.38,8.0,479902231,30.6230481,104.0904002
148107,,428.0,428.0,1148.0,1148.0,False,1.66,9.32,3034330086,30.665876,104.07837
32682,,428.0,428.0,1148.0,1148.0,False,1.66,9.32,5141328650,30.6123614,104.0629625
36544,,428.0,428.0,1148.0,1148.0,False,0.08,8.0,2041527427,30.6900383,104.0915495
52887,,428.0,428.0,1148.0,1148.0,False,1.66,9.32,3034393462,30.68332,104.04652
90215,,428.0,428.0,1148.0,1148.0,False,0.08,8.0,5213238455,30.6356461,104.0559934
203137,,429.0,429.0,1149.0,1149.0,False,0.77,8.0,1156126883,30.668247,104.0757688
205295,,429.0,429.0,1149.0,1149.0,False,1.64,9.28,1861145350,30.67125,104.10976
24107,,429.0,429.0,1149.0,1149.0,False,0.34,8.0,672360528,30.6495659,104.0917898
104462,,430.0,430.0,1150.0,1150.0,False,0.67,8.0,4546939439,30.6195278,104.1083009
118493,,430.0,430.0,1150.0,1150.0,False,1.5,9.0,4106681977,30.6418401,103.9777605
123754,,430.0,430.0,1150.0,1150.0,False,0.97,8.0,3445794968,30.663383,104.0738577
123788,,430.0,430.0,1150.0,1150.0,False,0.06,8.0,1192818265,30.6714991,104.0865323
166386,,430.0,430.0,1150.0,1150.0,False,0.93,8.0,1301932996,30.653893,104.0719969
196943,,430.0,430.0,1150.0,1150.0,False,1.5,9.0,3445813127,30.6704,104.07687
199702,,430.0,430.0,1150.0,1150.0,False,1.76,9.52,4222812804,30.6417196,104.0167533
30423,,430.0,430.0,1150.0,1150.0,False,0.87,8.0,1159231408,30.684149,104.087395
40367,,430.0,430.0,1150.0,1150.0,False,1.55,9.1,4106682099,30.6429631,103.9801004
6680,,430.0,430.0,1150.0,1150.0,False,0.97,8.0,2717970034,30.6294597,104.0598276
72997,,430.0,430.0,1150.0,1150.0,False,1.12,8.24,4748173619,30.6227748,104.0183999
103888,,431.0,431.0,1151.0,1151.0,False,2.31,10.62,5213253213,30.7181618,104.0714319
124568,,431.0,431.0,1151.0,1151.0,False,1.95,9.9,432441918,30.6265201,104.0256893
134999,,431.0,431.0,1151.0,1151.0,False,1.99,9.98,4548211410,30.6785644,104.0488985
147781,,431.0,431.0,1151.0,1151.0,False,1.24,8.48,4534007627,30.7034448,104.1031529
206072,,431.0,431.0,1151.0,1151.0,False,2.31,10.62,1339701407,30.7097361,104.0429594
209211,,431.0,431.0,1151.0,1151.0,False,1.95,9.9,5375784026,30.6595843,103.9866471
5871,,431.0,431.0,1151.0,1151.0,False,2.38,10.76,5234592652,30.672348,104.006905
11728,,432.0,432.0,1152.0,1152.0,False,0.12,8.0,2134792096,30.6488344,103.9840809
133513,,432.0,432.0,1152.0,1152.0,False,0.14,8.0,3927877864,30.6765218,103.9906479
134384,,432.0,432.0,1152.0,1152.0,False,1.8,9.6,314622996,30.6500439,103.9848469
134559,,432.0,432.0,1152.0,1152.0,False,0.56,8.0,2041532105,30.66755,104.086624
166148,,432.0,432.0,1152.0,1152.0,False,1.63,9.26,4989782374,30.6838942,104.0603392
176919,,432.0,432.0,1152.0,1152.0,False,3.23,12.46,2532979496,30.7059,104.09153
28578,,432.0,432.0,1152.0,1152.0,False,0.74,8.0,1457858414,30.68688,104.1009464
30906,,432.0,432.0,1152.0,1152.0,False,1.36,8.72,2041314668,30.6811532,104.0961062
34589,,432.0,432.0,1152.0,1152.0,False,3.23,12.46,4548141055,30.6110152,104.0756402
69869,,432.0,432.0,1152.0,1152.0,False,0.47,8.0,2135942424,30.6114113,104.0230496
73699,,432.0,432.0,1152.0,1152.0,False,1.8,9.6,2276187310,30.68464,104.08305
74595,,432.0,432.0,1152.0,1152.0,False,0.12,8.0,4548211454,30.6687264,104.0579499
85138,,432.0,432.0,1152.0,1152.0,False,2.09,10.18,3516896165,30.6652913,104.0717077
140634,,433.0,433.0,1153.0,1153.0,False,0.99,8.0,5375783911,30.6582347,103.9964534
152460,,433.0,433.0,1153.0,1153.0,False,0.32,8.0,2204171386,30.7211716,104.0979283
191386,,433.0,433.0,1153.0,1153.0,False,0.58,8.0,1500638693,30.7116934,104.0221779
173583,,434.0,434.0,1154.0,1154.0,False,1.36,8.72,2041527417,30.6855559,104.0947533
207615,,434.0,434.0,1154.0,1154.0,False,4.3,14.6,3445813550,30.66547,104.07055
138878,,435.0,435.0,1155.0,1155.0,False,0.54,8.0,1492615691,30.6242323,104.0643304
145344,,435.0,435.0,1155.0,1155.0,False,2.32,10.64,5211343344,30.6476004,104.0136879
162142,,435.0,435.0,1155.0,1155.0,False,1.79,9.58,4548211626,30.6684361,104.0383665
182783,,435.0,435.0,1155.0,1155.0,False,0.79,8.0,1845199172,30.6788,104.06963
35227,,435.0,435.0,1155.0,1155.0,False,1.71,9.42,2041527471,30.6913485,104.0974473
55123,,435.0,435.0,1155.0,1155.0,False,1.37,8.74,3579522897,30.66315,104.0558
60643,,435.0,435.0,1155.0,1155.0,False,0.2,8.0,1815741549,30.68814,104.07772
63411,,435.0,435.0,1155.0,1155.0,False,0.38,8.0,3436486479,30.641661,104.0466145
110186,,436.0,436.0,1156.0,1156.0,False,1.09,8.18,4695601620,30.6097956,104.0356402
121155,,436.0,436.0,1156.0,1156.0,False,1.5,9.0,4972899565,30.625032,104.04958
138043,,436.0,436.0,1156.0,1156.0,False,1.36,8.72,1956554705,30.67574,104.11092
164751,,436.0,436.0,1156.0,1156.0,False,1.08,8.16,1492574993,30.62492,104.06354
194718,,436.0,436.0,1156.0,1156.0,False,2.22,10.44,3680361240,30.6588392,104.0262574
209087,,436.0,436.0,1156.0,1156.0,False,2.48,10.96,4903105802,30.65809,104.07849
69188,,436.0,436.0,1156.0,1156.0,False,2.22,10.44,4524499991,30.7142699,104.1069589
74380,,436.0,436.0,1156.0,1156.0,False,1.5,9.0,1459011374,30.6551462,104.1082391
83219,,436.0,436.0,1156.0,1156.0,False,3.32,12.64,3089029125,30.6607572,104.0496751
115524,,437.0,437.0,1157.0,1157.0,False,3.73,13.46,3196147287,30.7110254,104.0212773
125209,,437.0,437.0,1157.0,1157.0,False,1.7,9.4,4548211379,30.6228922,104.0831872
134043,,437.0,437.0,1157.0,1157.0,False,1.12,8.24,1301933046,30.65442,104.07005
148951,,437.0,437.0,1157.0,1157.0,False,1.96,9.92,4550018865,30.6232731,104.0152825
164445,,437.0,437.0,1157.0,1157.0,False,1.29,8.58,1845199172,30.6794249,104.0705325
166768,,437.0,437.0,1157.0,1157.0,False,0.82,8.0,3541427579,30.7099241,104.0328295
17498,,437.0,437.0,1157.0,1157.0,False,1.96,9.92,432442942,30.682359,104.0276313
193748,,437.0,437.0,1157.0,1157.0,False,1.29,8.58,4772463305,30.6631339,104.0454958
25602,,437.0,437.0,1157.0,1157.0,False,0.17,8.0,4701464360,30.6145801,104.0561065
92666,,437.0,437.0,1157.0,1157.0,False,2.24,10.48,432453013,30.6552907,104.0872423
122963,,438.0,438.0,1158.0,1158.0,False,1.9,9.8,432453013,30.65416,104.08686
132781,,438.0,438.0,1158.0,1158.0,False,1.59,9.18,504315317,30.6972544,104.1052658
167056,,438.0,438.0,1158.0,1158.0,False,1.75,9.5,1301933039,30.6437094,104.0811201
172572,,438.0,438.0,1158.0,1158.0,False,2.68,11.36,3516896165,30.6652913,104.0717077
193724,,438.0,438.0,1158.0,1158.0,False,0.64,8.0,5141468747,30.6322155,104.0954862
76154,,438.0,438.0,1158.0,1158.0,False,1.18,8.36,1458907151,30.6808312,104.0891866
79995,,438.0,438.0,1158.0,1158.0,False,0.66,8.0,1460307830,30.6558563,104.1123162
109570,,439.0,439.0,1159.0,1159.0,False,1.91,9.82,4549759293,30.6672498,104.0580772
110185,,439.0,439.0,1159.0,1159.0,False,0.46,8.0,5002301679,30.6595942,104.0191651
143255,,439.0,439.0,1159.0,1159.0,False,0.47,8.0,2118995449,30.6949772,104.0331321
151039,,439.0,439.0,1159.0,1159.0,False,1.91,9.82,4505485114,30.6366175,104.0748642
201235,,439.0,439.0,1159.0,1159.0,False,0.47,8.0,3445813550,30.6663,104.06921
68293,,439.0,439.0,1159.0,1159.0,False,1.91,9.82,432442534,30.6964659,104.0160548
130011,,440.0,440.0,1160.0,1160.0,False,2.52,11.04,1159228848,30.68451,104.10715
175274,,440.0,440.0,1160.0,1160.0,False,1.23,8.46,4230611280,30.6547707,104.0663872
193291,,440.0,440.0,1160.0,1160.0,False,1.69,9.38,4880298880,30.6220867,104.101142
56822,,440.0,440.0,1160.0,1160.0,False,0.1,8.0,3925309355,30.6915443,104.1097703
94304,,440.0,440.0,1160.0,1160.0,False,1.33,8.66,3562055468,30.7173908,104.0346189
135943,,441.0,441.0,1161.0,1161.0,False,2.79,11.58,1313998789,30.6349883,104.0875847
145095,,441.0,441.0,1161.0,1161.0,False,1.04,8.08,1458755501,30.6798,104.09063
151788,,441.0,441.0,1161.0,1161.0,False,0.59,8.0,672349217,30.7266503,104.0721605
186733,,441.0,441.0,1161.0,1161.0,False,0.63,8.0,1947584007,30.6827161,104.0928508
47231,,441.0,441.0,1161.0,1161.0,False,0.18,8.0,5436607841,30.6358327,104.0642721
503,,441.0,441.0,1161.0,1161.0,False,1.2,8.4,504315289,30.69936,104.10192
54240,,441.0,441.0,1161.0,1161.0,False,0.56,8.0,4549759291,30.6731327,104.0594903
74300,,441.0,441.0,1161.0,1161.0,False,1.04,8.08,5211337155,30.6359661,104.0040411
87857,,441.0,441.0,1161.0,1161.0,False,0.78,8.0,1457814243,30.6949972,104.1077621
88664,,441.0,441.0,1161.0,1161.0,False,0.78,8.0,4549759318,30.6919457,104.0362771
101806,,442.0,442.0,1162.0,1162.0,False,2.11,10.22,5211343336,30.6406239,104.0102297
180103,,442.0,442.0,1162.0,1162.0,False,2.11,10.22,3445777694,30.6403579,104.1047148
31053,,442.0,442.0,1162.0,1162.0,False,0.98,8.0,4779165789,30.6357646,104.0737879
99263,,442.0,442.0,1162.0,1162.0,False,1.31,8.62,1459051731,30.64597,104.10448
140746,,443.0,443.0,1163.0,1163.0,False,0.77,8.0,4393217190,30.6224495,104.0562435
154899,,443.0,443.0,1163.0,1163.0,False,0.09,8.0,4693609806,30.633016,104.0684419
170863,,443.0,443.0,1163.0,1163.0,False,0.15,8.0,4782097014,30.6266887,104.0243054
175624,,443.0,443.0,1163.0,1163.0,False,3.01,12.02,432442878,30.6798472,103.9950756
179975,,443.0,443.0,1163.0,1163.0,False,1.03,8.06,432442623,30.6848301,104.0154209
201941,,443.0,443.0,1163.0,1163.0,False,0.32,8.0,3031031600,30.6818163,104.1089397
21509,,443.0,443.0,1163.0,1163.0,False,0.77,8.0,1499189794,30.7182601,104.1016472
59731,,443.0,443.0,1163.0,1163.0,False,0.15,8.0,432452986,30.6272956,104.057672
77980,,443.0,443.0,1163.0,1163.0,False,0.72,8.0,2081197492,30.6196162,104.1083648
117622,,444.0,444.0,1164.0,1164.0,False,0.19,8.0,2081197474,30.6288588,104.0970974
124725,,444.0,444.0,1164.0,1164.0,False,1.38,8.76,3927877864,30.6765218,103.9906479
153056,,444.0,444.0,1164.0,1164.0,False,1.36,8.72,1156126856,30.6688818,104.0913585
16218,,444.0,444.0,1164.0,1164.0,False,1.58,9.16,4548211199,30.6747842,104.0379887
23010,,444.0,444.0,1164.0,1164.0,False,0.19,8.0,2039561244,30.6840697,104.1024574
26423,,444.0,444.0,1164.0,1164.0,False,0.5,8.0,4548259613,30.708376,104.0387369
40627,,444.0,444.0,1164.0,1164.0,False,1.08,8.16,1159462937,30.6767289,104.0235973
41499,,444.0,444.0,1164.0,1164.0,False,0.14,8.0,2868588324,30.66307,104.08447
113997,,445.0,445.0,1165.0,1165.0,False,0.96,8.0,4693610106,30.6346591,104.0721713
121033,,445.0,445.0,1165.0,1165.0,False,0.96,8.0,4547074365,30.6107864,104.0780786
123001,,445.0,445.0,1165.0,1165.0,False,1.72,9.44,3033986301,30.6607829,104.0264952
139515,,445.0,445.0,1165.0,1165.0,False,1.55,9.1,3742070456,30.648038,104.0907351
166247,,445.0,445.0,1165.0,1165.0,False,2.22,10.44,1159143637,30.6673365,104.1027215
168149,,445.0,445.0,1165.0,1165.0,False,0.96,8.0,5382831169,30.6758218,104.0974266
177552,,445.0,445.0,1165.0,1165.0,False,2.22,10.44,1912247134,30.6133435,104.0968211
202672,,445.0,445.0,1165.0,1165.0,False,0.47,8.0,4444112344,30.7209222,104.1061392
51027,,445.0,445.0,1165.0,1165.0,False,1.36,8.72,4903105811,30.6567,104.0824
66917,,445.0,445.0,1165.0,1165.0,False,0.47,8.0,3582242993,30.7257458,103.9990477
69411,,445.0,445.0,1165.0,1165.0,False,0.9,8.0,432452986,30.6272956,104.057672
7275,,445.0,445.0,1165.0,1165.0,False,0.96,8.0,4987535052,30.6360258,104.0041525
8172,,445.0,445.0,1165.0,1165.0,False,0.08,8.0,2041527433,30.6906512,104.0970227
157227,,446.0,446.0,1166.0,1166.0,False,1.47,8.94,3034330083,30.66152,104.08441
127760,,447.0,447.0,1167.0,1167.0,False,1.15,8.3,3541401927,30.6880636,104.0134868
141057,,447.0,447.0,1167.0,1167.0,False,1.36,8.72,2041527416,30.691367,104.095795
158971,,447.0,447.0,1167.0,1167.0,False,2.55,11.1,1159945485,30.658653,104.0558
162303,,447.0,447.0,1167.0,1167.0,False,2.68,11.36,1159478530,30.67711,104.05071
190623,,447.0,447.0,1167.0,1167.0,False,2.27,10.54,1458998773,30.6598021,104.0979504
5005,,447.0,447.0,1167.0,1167.0,False,1.15,8.3,4548211644,30.6232301,104.0872938
83245,,447.0,447.0,1167.0,1167.0,False,1.76,9.52,5375784005,30.6558788,103.9937979
98591,,447.0,447.0,1167.0,1167.0,False,0.7,8.0,2112261971,30.620255,104.0996867
19653,,448.0,448.0,1168.0,1168.0,False,3.12,12.24,3742070431,30.6572722,104.070432
207881,,448.0,448.0,1168.0,1168.0,False,1.67,9.34,1159230108,30.6756378,104.089449
26348,,448.0,448.0,1168.0,1168.0,False,1.67,9.34,4799195773,30.6145905,103.9944132
4342,,448.0,448.0,1168.0,1168.0,False,1.08,8.16,432442957,30.6813532,104.019252
68989,,448.0,448.0,1168.0,1168.0,False,0.49,8.0,4550701194,30.6238498,104.0339028
86504,,448.0,448.0,1168.0,1168.0,False,0.49,8.0,1504232582,30.6981113,104.0892389
107056,,449.0,449.0,1169.0,1169.0,False,0.18,8.0,1902099081,30.7231748,104.0661476
109863,,449.0,449.0,1169.0,1169.0,False,1.98,9.96,3445813551,30.6672277,104.070585
115443,,449.0,449.0,1169.0,1169.0,False,2.77,11.54,1815855067,30.6766497,103.9732604
130748,,449.0,449.0,1169.0,1169.0,False,1.48,8.96,2041314658,30.6797848,104.099203
159950,,449.0,449.0,1169.0,1169.0,False,2.62,11.24,1459047523,30.6450532,104.1090139
107580,,450.0,450.0,1170.0,1170.0,False,1.96,9.92,439752000,30.7251238,104.0406087
112360,,450.0,450.0,1170.0,1170.0,False,0.1,8.0,4118527431,30.6999658,104.0850319
118095,,450.0,450.0,1170.0,1170.0,False,0.99,8.0,1072704360,30.7024,104.076
140899,,450.0,450.0,1170.0,1170.0,False,0.99,8.0,4548259328,30.6532886,104.0297813
154406,,450.0,450.0,1170.0,1170.0,False,1.25,8.5,4548211663,30.6352767,104.0323699
167608,,450.0,450.0,1170.0,1170.0,False,1.11,8.22,5375783939,30.6601104,103.9962333
46490,,450.0,450.0,1170.0,1170.0,False,0.13,8.0,1159176910,30.6299161,104.0522837
55519,,450.0,450.0,1170.0,1170.0,False,1.48,8.96,4136052205,30.6094791,104.0471433
75330,,450.0,450.0,1170.0,1170.0,False,0.13,8.0,1504208166,30.7074515,104.0956203
115928,,451.0,451.0,1171.0,1171.0,False,2.39,10.78,3541393465,30.694506,104.0086983
124681,,451.0,451.0,1171.0,1171.0,False,0.6,8.0,1457841123,30.6983327,104.1044663
144459,,451.0,451.0,1171.0,1171.0,False,1.39,8.78,1159136176,30.6595442,104.0888811
167478,,451.0,451.0,1171.0,1171.0,False,0.53,8.0,1311904446,30.6417883,104.072733
172922,,451.0,451.0,1171.0,1171.0,False,2.24,10.48,1457866135,30.6882866,104.0990903
181666,,451.0,451.0,1171.0,1171.0,False,2.56,11.12,3599790537,30.701641,104.1058871
70259,,451.0,451.0,1171.0,1171.0,False,0.92,8.0,1918491708,30.6316005,104.0069373
95060,,451.0,451.0,1171.0,1171.0,False,0.53,8.0,2472046178,30.6580308,104.0625608
128337,,452.0,452.0,1172.0,1172.0,False,1.78,9.56,3979164207,30.6751625,104.0891486
142435,,452.0,452.0,1172.0,1172.0,False,1.38,8.76,3742070461,30.65101,104.08611
143812,,452.0,452.0,1172.0,1172.0,False,2.27,10.54,1159452250,30.6718953,104.038139
154788,,452.0,452.0,1172.0,1172.0,False,0.8,8.0,4106682230,30.6772401,104.0002265
167223,,452.0,452.0,1172.0,1172.0,False,2.12,10.24,5211337094,30.6478855,104.0016635
186690,,452.0,452.0,1172.0,1172.0,False,1.68,9.36,4582821477,30.6591562,104.0497539
197939,,452.0,452.0,1172.0,1172.0,False,1.05,8.1,1458570758,30.6923,104.08907
202789,,452.0,452.0,1172.0,1172.0,False,1.78,9.56,4572410288,30.6603868,104.0422218
202945,,452.0,452.0,1172.0,1172.0,False,0.48,8.0,1458995150,30.6597666,104.0982723
40909,,452.0,452.0,1172.0,1172.0,False,0.48,8.0,4703149502,30.6121048,104.0705107
53355,,452.0,452.0,1172.0,1172.0,False,0.48,8.0,3582245806,30.72191,104.00669
91325,,452.0,452.0,1172.0,1172.0,False,0.81,8.0,4548259667,30.6904299,104.0489385
9609,,452.0,452.0,1172.0,1172.0,False,0.8,8.0,4794944084,30.6455207,104.0595186
174077,,453.0,453.0,1173.0,1173.0,False,0.75,8.0,4548211466,30.6368072,104.0267682
190889,,453.0,453.0,1173.0,1173.0,False,2.37,10.74,439752001,30.7266154,104.0425152
64845,,453.0,453.0,1173.0,1173.0,False,0.37,8.0,1159224808,30.6964918,104.0361089
66083,,453.0,453.0,1173.0,1173.0,False,2.37,10.74,2039561240,30.6899056,104.1065284
87030,,453.0,453.0,1173.0,1173.0,False,2.37,10.74,3034409014,30.7083025,104.0963422
1008,,454.0,454.0,1174.0,1174.0,False,0.34,8.0,4294975855,30.6510741,103.990069
125719,,454.0,454.0,1174.0,1174.0,False,3.2,12.4,1455005339,30.6972717,104.1036925
146672,,454.0,454.0,1174.0,1174.0,False,0.39,8.0,504315305,30.689825,104.1008426
175778,,454.0,454.0,1174.0,1174.0,False,2.51,11.02,4550019081,30.6488218,104.0727666
42104,,454.0,454.0,1174.0,1174.0,False,1.08,8.16,4107377052,30.6471796,103.9893877
57308,,454.0,454.0,1174.0,1174.0,False,2.82,11.64,5211337161,30.635819,104.0045626
76267,,454.0,454.0,1174.0,1174.0,False,1.92,9.84,4550018783,30.6520369,104.0594294
106264,,455.0,455.0,1175.0,1175.0,False,1.72,9.44,3562028082,30.6606917,104.0842097
111300,,455.0,455.0,1175.0,1175.0,False,2.3,10.6,4524499991,30.7142699,104.1069589
114814,,455.0,455.0,1175.0,1175.0,False,1.5,9.0,2847176002,30.6660674,104.108572
139761,,455.0,455.0,1175.0,1175.0,False,2.29,10.58,314623155,30.6695681,104.0698006
192579,,455.0,455.0,1175.0,1175.0,False,1.72,9.44,4585443311,30.665359,104.0444208
142019,,456.0,456.0,1176.0,1176.0,False,1.97,9.94,1458570758,30.69263,104.0888
14462,,456.0,456.0,1176.0,1176.0,False,0.45,8.0,1499133847,30.7249099,104.1043082
149865,,456.0,456.0,1176.0,1176.0,False,2.99,11.98,3562047399,30.7210672,104.063031
158627,,456.0,456.0,1176.0,1176.0,False,1.53,9.06,3614070493,30.6719,104.05415
168189,,456.0,456.0,1176.0,1176.0,False,1.57,9.14,4934383718,30.610447,104.1112777
199245,,456.0,456.0,1176.0,1176.0,False,1.97,9.94,2560005422,30.6325866,104.0236106
28688,,456.0,456.0,1176.0,1176.0,False,1.57,9.14,4773916794,30.6604012,104.0058858
36993,,456.0,456.0,1176.0,1176.0,False,2.99,11.98,1156126882,30.6721011,104.0715837
119703,,457.0,457.0,1177.0,1177.0,False,1.92,9.84,288416379,30.6897712,104.083921
122007,,457.0,457.0,1177.0,1177.0,False,2.05,10.1,1500638719,30.7080075,104.0885952
12835,,457.0,457.0,1177.0,1177.0,False,0.07,8.0,439751772,30.7246602,104.040425
184705,,457.0,457.0,1177.0,1177.0,False,1.37,8.74,5002301705,30.6921862,104.0370619
185278,,457.0,457.0,1177.0,1177.0,False,1.1,8.2,1458705451,30.6774,104.0910727
38458,,457.0,457.0,1177.0,1177.0,False,0.17,8.0,441187228,30.6694666,104.0631212
52771,,457.0,457.0,1177.0,1177.0,False,0.07,8.0,3089029129,30.66174,104.04959
59529,,457.0,457.0,1177.0,1177.0,False,1.92,9.84,2041527402,30.6905958,104.0943714
81499,,457.0,457.0,1177.0,1177.0,False,1.29,8.58,4601261200,30.66011,104.0766
126107,,458.0,458.0,1178.0,1178.0,False,1.33,8.66,3089029139,30.6626863,104.0507625
196389,,458.0,458.0,1178.0,1178.0,False,1.28,8.56,3562015382,30.6621508,104.0808192
34463,,458.0,458.0,1178.0,1178.0,False,1.21,8.42,5375783990,30.6527223,103.9902627
56239,,458.0,458.0,1178.0,1178.0,False,1.04,8.08,1159471913,30.6889471,104.0385997
70192,,458.0,458.0,1178.0,1178.0,False,0.23,8.0,432429423,30.6374689,104.0326523
103215,,459.0,459.0,1179.0,1179.0,False,1.27,8.54,2907361696,30.64183,104.09121
12404,,459.0,459.0,1179.0,1179.0,False,0.11,8.0,4972899580,30.6331037,104.0482294
125481,,459.0,459.0,1179.0,1179.0,False,0.21,8.0,1311904446,30.6417883,104.072733
198909,,459.0,459.0,1179.0,1179.0,False,1.65,9.3,3541427561,30.7068375,104.043257
203347,,459.0,459.0,1179.0,1179.0,False,1.24,8.48,3034409136,30.7195895,104.0900763
36078,,459.0,459.0,1179.0,1179.0,False,1.24,8.48,441187491,30.6882423,104.060791
36357,,459.0,459.0,1179.0,1179.0,False,0.74,8.0,4106682201,30.6589521,103.9710179
110291,,460.0,460.0,1180.0,1180.0,False,1.47,8.94,2534035138,30.6758238,104.0718857
113736,,460.0,460.0,1180.0,1180.0,False,0.36,8.0,1492410931,30.6361406,104.0639683
122064,,460.0,460.0,1180.0,1180.0,False,0.16,8.0,4779165717,30.6368502,104.0242215
147356,,460.0,460.0,1180.0,1180.0,False,2.27,10.54,4550018626,30.6270272,104.0183428
155115,,460.0,460.0,1180.0,1180.0,False,0.1,8.0,3562110274,30.6716,104.06648
164355,,460.0,460.0,1180.0,1180.0,False,0.63,8.0,4548211454,30.66854,104.05848
172432,,460.0,460.0,1180.0,1180.0,False,1.86,9.72,4967265774,30.7058479,104.0076694
189630,,460.0,460.0,1180.0,1180.0,False,1.27,8.54,5375784055,30.6563586,103.9989238
199832,,460.0,460.0,1180.0,1180.0,False,0.9,8.0,3087817519,30.6769597,104.0078925
204971,,460.0,460.0,1180.0,1180.0,False,1.27,8.54,1916386553,30.6395429,104.0574268
61216,,460.0,460.0,1180.0,1180.0,False,0.27,8.0,1314184376,30.6412517,104.0768911
64774,,460.0,460.0,1180.0,1180.0,False,2.28,10.56,4548259595,30.7066073,104.0201394
74680,,460.0,460.0,1180.0,1180.0,False,0.27,8.0,1305816715,30.640764,104.0796301
81927,,460.0,460.0,1180.0,1180.0,False,0.84,8.0,3541389073,30.681524,104.03471
17829,,461.0,461.0,1181.0,1181.0,False,1.53,9.06,2956775834,30.7102364,104.0374852
182588,,461.0,461.0,1181.0,1181.0,False,1.85,9.7,1459896462,30.6431175,104.1058752
197407,,461.0,461.0,1181.0,1181.0,False,0.53,8.0,4723840159,30.65494,104.08519
37781,,461.0,461.0,1181.0,1181.0,False,2.26,10.52,1958204265,30.6736638,104.0840451
62263,,461.0,461.0,1181.0,1181.0,False,0.3,8.0,3680455717,30.6586496,104.012914
94228,,461.0,461.0,1181.0,1181.0,False,1.85,9.7,2733352548,30.6168435,104.0797026
109207,,462.0,462.0,1182.0,1182.0,False,0.57,8.0,314635488,30.6577,104.07111
180088,,462.0,462.0,1182.0,1182.0,False,1.68,9.36,3562047399,30.7210672,104.063031
188236,,462.0,462.0,1182.0,1182.0,False,1.66,9.32,4548258434,30.6867,104.0498408
72991,,462.0,462.0,1182.0,1182.0,False,0.82,8.0,1339701411,30.7044,104.04573
110448,,463.0,463.0,1183.0,1183.0,False,0.42,8.0,4136052366,30.6124202,104.049531
120741,,463.0,463.0,1183.0,1183.0,False,0.03,8.0,5367294203,30.6840034,103.9924717
144397,,463.0,463.0,1183.0,1183.0,False,1.83,9.66,4724343814,30.6303061,104.0668326
2533,,463.0,463.0,1183.0,1183.0,False,1.58,9.16,2823785853,30.678634,104.0771324
90544,,463.0,463.0,1183.0,1183.0,False,2.93,11.86,3562047398,30.7176251,104.0653454
93971,,463.0,463.0,1183.0,1183.0,False,0.03,8.0,2041527412,30.68926,104.0942
111852,,464.0,464.0,1184.0,1184.0,False,1.08,8.16,4548317428,30.643304,104.0867434
167298,,464.0,464.0,1184.0,1184.0,False,0.37,8.0,2081197471,30.6184332,104.1106035
178966,,464.0,464.0,1184.0,1184.0,False,0.02,8.0,1159143889,30.6750002,104.0805541
202566,,464.0,464.0,1184.0,1184.0,False,1.59,9.18,1504213664,30.7039317,104.1006345
205829,,464.0,464.0,1184.0,1184.0,False,1.08,8.16,1506537735,30.7166217,104.0720665
114557,,465.0,465.0,1185.0,1185.0,False,0.64,8.0,432442939,30.6774502,104.0262043
144077,,465.0,465.0,1185.0,1185.0,False,1.15,8.3,4572409866,30.688183,104.0705932
146687,,465.0,465.0,1185.0,1185.0,False,0.45,8.0,432429383,30.6392966,104.0528762
200484,,465.0,465.0,1185.0,1185.0,False,0.25,8.0,1458909660,30.6805536,104.0897182
47720,,465.0,465.0,1185.0,1185.0,False,0.64,8.0,3028924407,30.617833,104.0375877
81271,,465.0,465.0,1185.0,1185.0,False,1.56,9.12,1159488308,30.689272,104.073524
105647,,466.0,466.0,1186.0,1186.0,False,1.21,8.42,3562045362,30.72307,104.062
13826,,466.0,466.0,1186.0,1186.0,False,0.91,8.0,4549993411,30.6925901,104.037526
138359,,466.0,466.0,1186.0,1186.0,False,1.03,8.06,1947584056,30.68272,104.08352
148944,,466.0,466.0,1186.0,1186.0,False,0.08,8.0,4107377015,30.6321849,104.0007438
157858,,466.0,466.0,1186.0,1186.0,False,2.96,11.92,2135942432,30.6108656,104.0240882
173729,,466.0,466.0,1186.0,1186.0,False,0.07,8.0,5436607834,30.6359382,104.0633514
184717,,466.0,466.0,1186.0,1186.0,False,1.38,8.76,5375783940,30.6590906,103.9952409
194211,,466.0,466.0,1186.0,1186.0,False,3.36,12.72,1301933007,30.65147,104.07781
198126,,466.0,466.0,1186.0,1186.0,False,2.96,11.92,4548259613,30.708376,104.0387369
201104,,466.0,466.0,1186.0,1186.0,False,0.68,8.0,1159474712,30.6954127,104.0441001
207415,,466.0,466.0,1186.0,1186.0,False,1.39,8.78,4222812805,30.64214,104.01777
29211,,466.0,466.0,1186.0,1186.0,False,2.96,11.92,4136052220,30.6097219,104.0482176
70673,,466.0,466.0,1186.0,1186.0,False,0.76,8.0,2692990558,30.7052192,104.0929317
71498,,466.0,466.0,1186.0,1186.0,False,3.36,12.72,5213253142,30.6656392,104.1094973
72243,,466.0,466.0,1186.0,1186.0,False,3.36,12.72,1504210130,30.7068069,104.0951122
106481,,467.0,467.0,1187.0,1187.0,False,2.14,10.28,4699007150,30.6116533,104.0361209
121931,,467.0,467.0,1187.0,1187.0,False,1.08,8.16,1159230079,30.67911,104.08023
178628,,467.0,467.0,1187.0,1187.0,False,0.85,8.0,1918491760,30.6425369,104.0041939
53323,,467.0,467.0,1187.0,1187.0,False,0.97,8.0,3681180642,30.655028,104.0688991
86184,,467.0,467.0,1187.0,1187.0,False,0.97,8.0,4695700262,30.6170371,104.0162441
100960,,468.0,468.0,1188.0,1188.0,False,0.98,8.0,1159155247,30.6466194,104.0934495
178823,,468.0,468.0,1188.0,1188.0,False,0.98,8.0,4964134681,30.7167355,104.0296671
181762,,468.0,468.0,1188.0,1188.0,False,2.78,11.56,3927876942,30.6756045,103.9873979
21112,,468.0,468.0,1188.0,1188.0,False,1.4,8.8,5367321408,30.6639201,103.9890214
2965,,468.0,468.0,1188.0,1188.0,False,2.67,11.34,2823785861,30.6793921,104.0754163
4083,,468.0,468.0,1188.0,1188.0,False,1.7,9.4,1159143853,30.67755,104.08717
4579,,468.0,468.0,1188.0,1188.0,False,1.3,8.6,2823785826,30.65985,104.05676
68371,,468.0,468.0,1188.0,1188.0,False,1.3,8.6,3541404998,30.6841,104.05071
103971,,469.0,469.0,1189.0,1189.0,False,0.02,8.0,314622964,30.64654,104.06399
112520,,469.0,469.0,1189.0,1189.0,False,0.77,8.0,4699007237,30.6094711,104.0409588
115704,,469.0,469.0,1189.0,1189.0,False,0.02,8.0,4695601645,30.6144441,104.0353952
192718,,469.0,469.0,1189.0,1189.0,False,0.99,8.0,4874328011,30.6226652,104.10345
59465,,469.0,469.0,1189.0,1189.0,False,1.59,9.18,1457862040,30.6877575,104.0997681
68943,,469.0,469.0,1189.0,1189.0,False,0.66,8.0,2309311970,30.6253398,104.0943359
75063,,469.0,469.0,1189.0,1189.0,False,0.02,8.0,3562086848,30.6732419,104.0595487
143295,,470.0,470.0,1190.0,1190.0,False,1.05,8.1,1815729252,30.71227,104.06673
194177,,470.0,470.0,1190.0,1190.0,False,2.49,10.98,4779165713,30.6363545,104.0246969
198244,,470.0,470.0,1190.0,1190.0,False,0.31,8.0,4548211258,30.6625876,104.0538497
95911,,470.0,470.0,1190.0,1190.0,False,0.26,8.0,432432542,30.6555513,104.0386174
97297,,470.0,470.0,1190.0,1190.0,False,0.15,8.0,3436486411,30.641432,104.0482625
116848,,471.0,471.0,1191.0,1191.0,False,0.44,8.0,1445522773,30.6493805,104.0655802
145840,,471.0,471.0,1191.0,1191.0,False,0.77,8.0,5141328740,30.6120674,104.0643424
163808,,471.0,471.0,1191.0,1191.0,False,0.55,8.0,2981319500,30.7142472,104.0049102
172145,,471.0,471.0,1191.0,1191.0,False,1.08,8.16,1916386555,30.6405831,104.0551372
89320,,471.0,471.0,1191.0,1191.0,False,1.55,9.1,4550701369,30.61831,103.9791734
146911,,472.0,472.0,1192.0,1192.0,False,0.75,8.0,1902099158,30.7173872,104.0652464
179526,,472.0,472.0,1192.0,1192.0,False,0.18,8.0,3562047416,30.7102355,104.0449075
182592,,472.0,472.0,1192.0,1192.0,False,1.23,8.46,4550568575,30.6358316,104.0641539
59644,,472.0,472.0,1192.0,1192.0,False,1.25,8.5,4550018628,30.6522772,104.0555128
114875,,473.0,473.0,1193.0,1193.0,False,0.63,8.0,4548211254,30.6609773,104.0685613
115197,,473.0,473.0,1193.0,1193.0,False,2.22,10.44,3034029050,30.6809159,104.0055829
158702,,473.0,473.0,1193.0,1193.0,False,2.22,10.44,3614069301,30.6632756,104.0535045
17511,,473.0,473.0,1193.0,1193.0,False,0.78,8.0,1159234180,30.694905,104.0671903
183571,,473.0,473.0,1193.0,1193.0,False,0.09,8.0,1159511641,30.65396,104.06582
199759,,473.0,473.0,1193.0,1193.0,False,0.79,8.0,5141468805,30.6294733,104.0984475
21296,,473.0,473.0,1193.0,1193.0,False,0.02,8.0,1445484327,30.6398761,104.0640846
51201,,473.0,473.0,1193.0,1193.0,False,0.23,8.0,4701577750,30.6225999,104.0812573
63024,,473.0,473.0,1193.0,1193.0,False,0.79,8.0,4987536576,30.6426473,103.9968231
70112,,473.0,473.0,1193.0,1193.0,False,1.29,8.58,480012029,30.6201496,104.0684115
89487,,473.0,473.0,1193.0,1193.0,False,0.95,8.0,2662847700,30.6784339,103.994226
116763,,474.0,474.0,1194.0,1194.0,False,0.76,8.0,529952563,30.7023399,104.0640217
126510,,474.0,474.0,1194.0,1194.0,False,0.4,8.0,3541427566,30.7175511,104.0397509
137534,,474.0,474.0,1194.0,1194.0,False,1.98,9.96,4693610005,30.6286307,104.0725916
153404,,474.0,474.0,1194.0,1194.0,False,2.64,11.28,4550764070,30.648136,104.1133549
153510,,474.0,474.0,1194.0,1194.0,False,1.56,9.12,4107377030,30.6384798,103.9990926
177591,,474.0,474.0,1194.0,1194.0,False,1.43,8.86,4695700254,30.6133529,104.0205173
195803,,474.0,474.0,1194.0,1194.0,False,1.43,8.86,1159475863,30.6938,104.044
205272,,474.0,474.0,1194.0,1194.0,False,0.8,8.0,1159230080,30.6812421,104.0782844
37657,,474.0,474.0,1194.0,1194.0,False,0.15,8.0,4550018602,30.6507017,104.0541435
98584,,474.0,474.0,1194.0,1194.0,False,2.17,10.34,1159480331,30.6751864,104.0692694
10942,,475.0,475.0,1195.0,1195.0,False,0.25,8.0,5375783836,30.6493223,104.0008859
149780,,475.0,475.0,1195.0,1195.0,False,0.53,8.0,4967265420,30.7045843,104.0033762
152575,,475.0,475.0,1195.0,1195.0,False,0.87,8.0,4524499991,30.71422,104.10683
194672,,475.0,475.0,1195.0,1195.0,False,1.59,9.18,4359390976,30.7233,104.0561053
25051,,475.0,475.0,1195.0,1195.0,False,0.36,8.0,3445813130,30.672287,104.076744
62252,,475.0,475.0,1195.0,1195.0,False,1.67,9.34,4934383671,30.6188761,104.1123169
64540,,475.0,475.0,1195.0,1195.0,False,0.53,8.0,4991425501,30.6490634,103.9833258
70911,,475.0,475.0,1195.0,1195.0,False,0.26,8.0,1492405937,30.6497248,104.0580098
86563,,475.0,475.0,1195.0,1195.0,False,0.79,8.0,1159511641,30.65344,104.06613
87022,,475.0,475.0,1195.0,1195.0,False,2.41,10.82,4772430866,30.6777595,104.0068035
126665,,476.0,476.0,1196.0,1196.0,False,0.12,8.0,5213253123,30.697374,104.0889572
126809,,476.0,476.0,1196.0,1196.0,False,1.02,8.04,3541401911,30.700611,104.0094449
33723,,476.0,476.0,1196.0,1196.0,False,0.12,8.0,1159227850,30.6913669,104.0523676
68673,,476.0,476.0,1196.0,1196.0,False,0.76,8.0,4548259344,30.6543109,104.0198388
87147,,476.0,476.0,1196.0,1196.0,False,2.6,11.2,3541371606,30.6648707,104.0579684
126353,,477.0,477.0,1197.0,1197.0,False,0.52,8.0,4896843831,30.6284734,104.1022402
152999,,477.0,477.0,1197.0,1197.0,False,0.94,8.0,1159941201,30.67059,104.02007
189875,,477.0,477.0,1197.0,1197.0,False,0.87,8.0,4505485116,30.6351107,104.0758277
193687,,477.0,477.0,1197.0,1197.0,False,0.61,8.0,672282785,30.65519,104.09921
203787,,477.0,477.0,1197.0,1197.0,False,1.17,8.34,4779165707,30.6362652,104.0217983
64905,,477.0,477.0,1197.0,1197.0,False,0.19,8.0,1159229836,30.6746432,104.0850109
75435,,477.0,477.0,1197.0,1197.0,False,1.51,9.02,3632988778,30.6647262,104.0326162
110827,,478.0,478.0,1198.0,1198.0,False,1.61,9.22,672360898,30.6549348,104.0756717
113729,,478.0,478.0,1198.0,1198.0,False,1.54,9.08,1312615939,30.6405721,104.0801374
125913,,478.0,478.0,1198.0,1198.0,False,0.09,8.0,4695601643,30.6129557,104.0384861
148430,,478.0,478.0,1198.0,1198.0,False,0.09,8.0,1916386454,30.6473557,104.0068671
152874,,478.0,478.0,1198.0,1198.0,False,1.54,9.08,5283966206,30.7016672,104.1045249
199830,,478.0,478.0,1198.0,1198.0,False,1.08,8.16,3680400062,30.6591888,104.0162372
201833,,478.0,478.0,1198.0,1198.0,False,1.61,9.22,436603352,30.6179024,104.0374434
58740,,478.0,478.0,1198.0,1198.0,False,0.09,8.0,5218239994,30.6982821,104.0524691
106116,,479.0,479.0,1199.0,1199.0,False,0.82,8.0,3033986268,30.6609585,104.0314765
14107,,479.0,479.0,1199.0,1199.0,False,1.29,8.58,1072704384,30.70629,104.07592
1492,,479.0,479.0,1199.0,1199.0,False,0.82,8.0,2817580742,30.6595634,104.1111657
161558,,479.0,479.0,1199.0,1199.0,False,1.57,9.14,803149470,30.6618889,104.0994413
181091,,479.0,479.0,1199.0,1199.0,False,1.29,8.58,2041527424,30.6916682,104.0967891
19282,,479.0,479.0,1199.0,1199.0,False,1.63,9.26,1492633088,30.6201262,104.0645187
208944,,479.0,479.0,1199.0,1199.0,False,1.23,8.46,1504210130,30.7068069,104.0951122
44258,,479.0,479.0,1199.0,1199.0,False,0.57,8.0,4989152045,30.664,104.1146656
55279,,479.0,479.0,1199.0,1199.0,False,1.44,8.88,3562111924,30.66569,104.08273
78603,,479.0,479.0,1199.0,1199.0,False,0.19,8.0,3562045362,30.72383,104.06189
126156,,480.0,480.0,1200.0,1200.0,False,3.28,12.56,4548259362,30.654276,104.015725
179895,,480.0,480.0,1200.0,1200.0,False,3.28,12.56,5213253214,30.66701,104.11207
61336,,480.0,480.0,1200.0,1200.0,False,3.26,12.52,5016208000,30.7252163,103.992042
95631,,480.0,480.0,1200.0,1200.0,False,1.1,8.2,3516900121,30.67039,104.08145
126065,,481.0,481.0,1201.0,1201.0,False,0.85,8.0,479902270,30.631099,104.0982514
129489,,481.0,481.0,1201.0,1201.0,False,1.0,8.0,4549993385,30.6970365,104.0473082
160615,,481.0,481.0,1201.0,1201.0,False,0.71,8.0,2331442713,30.70466,104.00848
174954,,481.0,481.0,1201.0,1201.0,False,0.02,8.0,2204171375,30.7253223,104.0765603
186240,,481.0,481.0,1201.0,1201.0,False,1.66,9.32,4549993277,30.6496412,103.9838074
189284,,481.0,481.0,1201.0,1201.0,False,2.42,10.84,5213252904,30.6777361,104.1060013
190951,,481.0,481.0,1201.0,1201.0,False,1.66,9.32,4550701366,30.6165608,103.9842508
24669,,481.0,481.0,1201.0,1201.0,False,0.01,8.0,5436607828,30.6358806,104.0633516
36415,,481.0,481.0,1201.0,1201.0,False,0.85,8.0,1305816693,30.661844,104.10794
51274,,481.0,481.0,1201.0,1201.0,False,0.1,8.0,3562086847,30.6801323,104.0442623
59188,,481.0,481.0,1201.0,1201.0,False,0.95,8.0,4064178140,30.6685405,103.9794451
64566,,481.0,481.0,1201.0,1201.0,False,0.99,8.0,4154368798,30.6764701,104.0582862
65603,,481.0,481.0,1201.0,1201.0,False,0.99,8.0,432432591,30.66149,104.03577
97983,,481.0,481.0,1201.0,1201.0,False,0.1,8.0,4069514800,30.7222298,103.9742026
40561,,482.0,482.0,1202.0,1202.0,False,0.01,8.0,3069351956,30.6280116,103.9877324
56540,,482.0,482.0,1202.0,1202.0,False,0.8,8.0,2041337974,30.6766401,104.1026365
6956,,482.0,482.0,1202.0,1202.0,False,1.0,8.0,4703149460,30.6110835,104.0660773
85105,,482.0,482.0,1202.0,1202.0,False,0.01,8.0,432442932,30.6621038,104.0234792
17035,,483.0,483.0,1203.0,1203.0,False,1.41,8.82,1469167604,30.6480474,104.0909611
188245,,483.0,483.0,1203.0,1203.0,False,0.47,8.0,4695601310,30.6117815,104.02873
96523,,483.0,483.0,1203.0,1203.0,False,0.9,8.0,1159131854,30.665865,104.07394
190733,,484.0,484.0,1204.0,1204.0,False,0.5,8.0,1159134927,30.6650969,104.0940662
63520,,484.0,484.0,1204.0,1204.0,False,1.52,9.04,3691362658,30.6406279,104.047805
182853,,485.0,485.0,1205.0,1205.0,False,1.95,9.9,3943038370,30.6435175,104.069155
99021,,485.0,485.0,1205.0,1205.0,False,0.06,8.0,5436607833,30.6354732,104.0639735
124189,,486.0,486.0,1206.0,1206.0,False,1.04,8.08,5436607859,30.6339166,104.0738202
143059,,486.0,486.0,1206.0,1206.0,False,0.67,8.0,5283966206,30.70115,104.10492
143228,,486.0,486.0,1206.0,1206.0,False,1.16,8.32,1916386527,30.6418483,104.0584766
149393,,486.0,486.0,1206.0,1206.0,False,0.69,8.0,1159131810,30.6723637,104.06596
170168,,486.0,486.0,1206.0,1206.0,False,2.0,10.0,4701464322,30.6109189,104.064557
175127,,486.0,486.0,1206.0,1206.0,False,1.9,9.8,314622901,30.644379,104.0389705
190678,,486.0,486.0,1206.0,1206.0,False,1.54,9.08,2134782156,30.6253497,104.004523
5654,,486.0,486.0,1206.0,1206.0,False,0.67,8.0,1159447628,30.6710271,104.029627
80219,,486.0,486.0,1206.0,1206.0,False,2.0,10.0,4748166167,30.6172082,104.0217789
107995,,487.0,487.0,1207.0,1207.0,False,0.23,8.0,4242373176,30.6876968,104.0217106
155027,,487.0,487.0,1207.0,1207.0,False,1.13,8.26,5300465518,30.725,104.0748769
188043,,487.0,487.0,1207.0,1207.0,False,1.76,9.52,2344329070,30.6523,104.0554635
190170,,487.0,487.0,1207.0,1207.0,False,2.69,11.38,4064178180,30.6739262,104.0018024
27838,,487.0,487.0,1207.0,1207.0,False,0.97,8.0,3516896169,30.6626026,104.0705061
57288,,487.0,487.0,1207.0,1207.0,False,0.2,8.0,4106682236,30.6808464,104.0025244
71515,,487.0,487.0,1207.0,1207.0,False,0.63,8.0,1918491763,30.6504012,103.97786
128497,,488.0,488.0,1208.0,1208.0,False,1.41,8.82,4106681899,30.6091898,103.991653
97191,,488.0,488.0,1208.0,1208.0,False,0.66,8.0,5053143822,30.71274,104.0064
209017,,489.0,489.0,1209.0,1209.0,False,0.36,8.0,1159173347,30.6261886,104.0726987
84307,,489.0,489.0,1209.0,1209.0,False,1.07,8.14,2344329063,30.65566,104.05455
143579,,490.0,490.0,1210.0,1210.0,False,1.24,8.48,1918491702,30.6517349,103.9786164
154674,,490.0,490.0,1210.0,1210.0,False,0.61,8.0,5141328653,30.6135957,104.0629076
189329,,490.0,490.0,1210.0,1210.0,False,0.66,8.0,5375784155,30.651375,104.0027903
194283,,490.0,490.0,1210.0,1210.0,False,0.61,8.0,4549993124,30.7049732,104.0388722
63305,,490.0,490.0,1210.0,1210.0,False,0.46,8.0,4549993425,30.705588,104.0381527
80691,,490.0,490.0,1210.0,1210.0,False,1.04,8.08,3541389071,30.674309,104.05516
11951,,491.0,491.0,1211.0,1211.0,False,1.35,8.7,5213238401,30.6361338,104.0731063
135582,,491.0,491.0,1211.0,1211.0,False,0.37,8.0,1159176757,30.6319075,104.0535691
151880,,491.0,491.0,1211.0,1211.0,False,1.35,8.7,1457870720,30.6879038,104.0994127
163397,,491.0,491.0,1211.0,1211.0,False,2.27,10.54,4723840159,30.6559384,104.0856737
168294,,491.0,491.0,1211.0,1211.0,False,0.65,8.0,3266784227,30.6194413,104.0493543
17723,,491.0,491.0,1211.0,1211.0,False,0.58,8.0,1507263105,30.71048,104.07155
38728,,491.0,491.0,1211.0,1211.0,False,0.58,8.0,2691023134,30.7177496,103.9865264
61665,,491.0,491.0,1211.0,1211.0,False,0.09,8.0,3523308828,30.6392301,104.0740073
89415,,491.0,491.0,1211.0,1211.0,False,0.07,8.0,1916386479,30.6359473,104.004491
89708,,491.0,491.0,1211.0,1211.0,False,1.36,8.72,4118527295,30.6837702,104.0601183
95347,,491.0,491.0,1211.0,1211.0,False,1.65,9.3,1159143853,30.67724,104.08723
143975,,492.0,492.0,1212.0,1212.0,False,1.47,8.94,1159227452,30.69447,104.05379
151130,,492.0,492.0,1212.0,1212.0,False,1.97,9.94,1425996106,30.6692948,104.1093148
169710,,492.0,492.0,1212.0,1212.0,False,1.43,8.86,672406316,30.6524299,104.0693456
171915,,492.0,492.0,1212.0,1212.0,False,0.84,8.0,3633018388,30.66705,104.06637
52003,,492.0,492.0,1212.0,1212.0,False,1.41,8.82,432432598,30.6565756,104.0324485
62334,,492.0,492.0,1212.0,1212.0,False,1.47,8.94,4400595034,30.6741326,104.0752209
100054,,493.0,493.0,1213.0,1213.0,False,1.5,9.0,4973209504,30.6143625,104.042181
106030,,493.0,493.0,1213.0,1213.0,False,0.58,8.0,4548211618,30.6339961,104.0242876
115303,,493.0,493.0,1213.0,1213.0,False,0.65,8.0,1458981267,30.66231,104.09661
146579,,493.0,493.0,1213.0,1213.0,False,0.95,8.0,2843289945,30.70182,104.05731
146634,,493.0,493.0,1213.0,1213.0,False,1.09,8.18,4693610170,30.6340732,104.0708935
190126,,493.0,493.0,1213.0,1213.0,False,1.5,9.0,2041314658,30.6797848,104.099203
28307,,493.0,493.0,1213.0,1213.0,False,2.66,11.32,3199773573,30.7002508,104.1103633
39294,,493.0,493.0,1213.0,1213.0,False,0.96,8.0,4772216927,30.6781214,104.0077421
3976,,493.0,493.0,1213.0,1213.0,False,0.58,8.0,1159140553,30.6589102,104.0999026
54498,,493.0,493.0,1213.0,1213.0,False,0.65,8.0,3445813550,30.6661485,104.0697948
54521,,493.0,493.0,1213.0,1213.0,False,0.58,8.0,4701464356,30.6141202,104.0561229
75583,,493.0,493.0,1213.0,1213.0,False,1.01,8.02,1947583813,30.6924,104.07998
189378,,494.0,494.0,1214.0,1214.0,False,0.27,8.0,2472030045,30.6624706,104.0649106
55352,,494.0,494.0,1214.0,1214.0,False,2.34,10.68,314614375,30.6219189,104.0399447
106699,,495.0,495.0,1215.0,1215.0,False,1.07,8.14,432432589,30.6584676,104.0317297
118999,,495.0,495.0,1215.0,1215.0,False,1.45,8.9,1156126792,30.68183,104.05334
121563,,495.0,495.0,1215.0,1215.0,False,0.55,8.0,2472030043,30.66215,104.06254
138789,,495.0,495.0,1215.0,1215.0,False,2.32,10.64,4548259341,30.6749354,104.0072019
31298,,495.0,495.0,1215.0,1215.0,False,0.44,8.0,2718635888,30.6707393,103.9886401
43532,,495.0,495.0,1215.0,1215.0,False,1.32,8.64,4987536534,30.6284653,104.0028014
3294,,496.0,496.0,1216.0,1216.0,False,0.67,8.0,1819305372,30.6369329,104.1056596
6983,,496.0,496.0,1216.0,1216.0,False,3.18,12.36,3562047448,30.70877,104.06528
72461,,496.0,496.0,1216.0,1216.0,False,2.92,11.84,1916520528,30.6329462,104.0022149
109259,,497.0,497.0,1217.0,1217.0,False,0.37,8.0,3562110284,30.65499,104.08005
109531,,497.0,497.0,1217.0,1217.0,False,0.66,8.0,2852215057,30.71528,104.11245
137852,,497.0,497.0,1217.0,1217.0,False,0.37,8.0,1159502924,30.6888689,104.0309874
167165,,497.0,497.0,1217.0,1217.0,False,1.64,9.28,2217746798,30.6608141,104.0601502
16753,,497.0,497.0,1217.0,1217.0,False,1.27,8.54,1916386467,30.6162257,104.0416001
192289,,497.0,497.0,1217.0,1217.0,False,1.55,9.1,4695601345,30.6104245,104.029536
37274,,497.0,497.0,1217.0,1217.0,False,1.03,8.06,441187228,30.6694666,104.0631212
73958,,497.0,497.0,1217.0,1217.0,False,0.61,8.0,4548141029,30.6228164,104.072907
95241,,497.0,497.0,1217.0,1217.0,False,1.81,9.62,4548259622,30.6474083,104.0067419
113419,,498.0,498.0,1218.0,1218.0,False,0.59,8.0,1912247155,30.6134327,104.1020412
1619,,498.0,498.0,1218.0,1218.0,False,0.59,8.0,1947584145,30.6907175,104.088283
197058,,498.0,498.0,1218.0,1218.0,False,1.34,8.68,5218133434,30.655242,104.1133119
49689,,498.0,498.0,1218.0,1218.0,False,0.08,8.0,4989152045,30.664,104.1146656
51145,,498.0,498.0,1218.0,1218.0,False,2.32,10.64,4548259667,30.6904299,104.0489385
117226,,499.0,499.0,1219.0,1219.0,False,1.42,8.84,796679604,30.7095801,103.9982199
198532,,499.0,499.0,1219.0,1219.0,False,0.68,8.0,3562047436,30.7221178,104.0563417
201604,,499.0,499.0,1219.0,1219.0,False,0.8,8.0,441221450,30.6466367,104.023808
34616,,499.0,499.0,1219.0,1219.0,False,0.95,8.0,5141328428,30.6102285,104.0611614
44580,,499.0,499.0,1219.0,1219.0,False,0.89,8.0,4549993123,30.7022539,104.0343397
149971,,500.0,500.0,1220.0,1220.0,False,2.11,10.22,3562110274,30.67163,104.0667
156618,,500.0,500.0,1220.0,1220.0,False,1.16,8.32,2039517044,30.6775009,104.0967332
166268,,500.0,500.0,1220.0,1220.0,False,2.11,10.22,504315313,30.7000149,104.1035364
186750,,500.0,500.0,1220.0,1220.0,False,0.79,8.0,5283966340,30.7029682,104.0883238
34120,,500.0,500.0,1220.0,1220.0,False,1.44,8.88,1916386465,30.6107309,104.0781483
72317,,500.0,500.0,1220.0,1220.0,False,1.15,8.3,5375784000,30.6526715,103.9923924
91903,,500.0,500.0,1220.0,1220.0,False,0.79,8.0,1159488324,30.69315,104.07344
146071,,501.0,501.0,1221.0,1221.0,False,2.33,10.66,432453013,30.65424,104.0869
161657,,501.0,501.0,1221.0,1221.0,False,1.09,8.18,5102886113,30.6863806,103.9939947
18383,,501.0,501.0,1221.0,1221.0,False,1.09,8.18,4972894322,30.6101299,104.0463128
200800,,501.0,501.0,1221.0,1221.0,False,0.2,8.0,5314457254,30.6929502,104.0546678
21571,,501.0,501.0,1221.0,1221.0,False,2.23,10.46,5213238526,30.6354076,104.0487645
68674,,501.0,501.0,1221.0,1221.0,False,0.2,8.0,3087817494,30.6638981,103.9995346
94768,,501.0,501.0,1221.0,1221.0,False,1.2,8.4,2081197476,30.6220848,104.1125497
102564,,502.0,502.0,1222.0,1222.0,False,1.02,8.04,5141328443,30.6117013,104.0558576
126459,,502.0,502.0,1222.0,1222.0,False,1.24,8.48,5218132872,30.642216,104.110112
127814,,502.0,502.0,1222.0,1222.0,False,1.86,9.72,3034330078,30.6625911,104.0881223
136519,,502.0,502.0,1222.0,1222.0,False,1.38,8.76,3562047436,30.7227,104.05685
148745,,502.0,502.0,1222.0,1222.0,False,1.86,9.72,4748166162,30.6138824,104.0234089
158815,,502.0,502.0,1222.0,1222.0,False,0.83,8.0,5375783870,30.65386,103.9909842
174008,,502.0,502.0,1222.0,1222.0,False,1.38,8.76,2712338396,30.7080265,104.038763
174656,,502.0,502.0,1222.0,1222.0,False,2.58,11.16,4701400365,30.6110054,104.0333785
61187,,502.0,502.0,1222.0,1222.0,False,1.36,8.72,803149470,30.662231,104.099
69457,,502.0,502.0,1222.0,1222.0,False,0.83,8.0,3034409015,30.7084608,104.0960167
70376,,502.0,502.0,1222.0,1222.0,False,1.27,8.54,2214043180,30.6285207,104.087315
106888,,503.0,503.0,1223.0,1223.0,False,0.53,8.0,1507357789,30.697117,104.0787323
163044,,503.0,503.0,1223.0,1223.0,False,0.53,8.0,1159455179,30.6603304,104.0463317
184387,,503.0,503.0,1223.0,1223.0,False,1.46,8.92,2180630939,30.6990716,104.0511989
195095,,503.0,503.0,1223.0,1223.0,False,0.53,8.0,803149786,30.67946,104.0919
42663,,503.0,503.0,1223.0,1223.0,False,0.31,8.0,3541376587,30.72226,104.06012
8429,,503.0,503.0,1223.0,1223.0,False,0.16,8.0,1313998737,30.6344134,104.085936
140857,,504.0,504.0,1224.0,1224.0,False,1.01,8.02,4987536536,30.627223,104.0007015
180521,,504.0,504.0,1224.0,1224.0,False,1.38,8.76,4106682233,30.6797038,104.0017987
195380,,504.0,504.0,1224.0,1224.0,False,2.67,11.34,2981319492,30.7109051,104.0104793
195737,,504.0,504.0,1224.0,1224.0,False,1.86,9.72,5213238546,30.6556258,104.0862469
203648,,504.0,504.0,1224.0,1224.0,False,2.02,10.04,4550018780,30.650239,104.0581381
51319,,504.0,504.0,1224.0,1224.0,False,1.86,9.72,439751746,30.713669,104.02754
65404,,504.0,504.0,1224.0,1224.0,False,1.75,9.5,1339701407,30.7097361,104.0429594
112885,,505.0,505.0,1225.0,1225.0,False,0.86,8.0,4934383671,30.6188761,104.1123169
115659,,505.0,505.0,1225.0,1225.0,False,0.89,8.0,4586722653,30.68441,104.03884
137747,,505.0,505.0,1225.0,1225.0,False,0.73,8.0,2956775225,30.71366,104.04904
138391,,505.0,505.0,1225.0,1225.0,False,2.1,10.2,3541401933,30.7003532,104.0090962
73207,,505.0,505.0,1225.0,1225.0,False,0.11,8.0,4695662942,30.6117038,104.0326833
89935,,505.0,505.0,1225.0,1225.0,False,0.86,8.0,3089029129,30.66177,104.04938
153291,,506.0,506.0,1226.0,1226.0,False,0.57,8.0,4934383638,30.6138388,104.1152966
159472,,506.0,506.0,1226.0,1226.0,False,0.25,8.0,2217790314,30.6616101,104.0583183
173715,,506.0,506.0,1226.0,1226.0,False,0.3,8.0,3815508518,30.6094335,104.0581403
182388,,506.0,506.0,1226.0,1226.0,False,0.11,8.0,4987536554,30.6402255,103.9916128
38687,,506.0,506.0,1226.0,1226.0,False,1.81,9.62,4548211639,30.68397,104.04094
14910,,507.0,507.0,1227.0,1227.0,False,0.37,8.0,1313998740,30.6354039,104.0864149
159955,,507.0,507.0,1227.0,1227.0,False,2.37,10.74,4136052365,30.612087,104.0494364
182046,,507.0,507.0,1227.0,1227.0,False,1.04,8.08,3516887954,30.7199701,104.0348136
81351,,507.0,507.0,1227.0,1227.0,False,1.04,8.08,2722829585,30.700806,104.06906
10011,,508.0,508.0,1228.0,1228.0,False,0.97,8.0,1305816693,30.661736,104.106285
109391,,508.0,508.0,1228.0,1228.0,False,2.75,11.5,1506424273,30.71113,104.0678
136455,,508.0,508.0,1228.0,1228.0,False,0.03,8.0,3599790543,30.711943,104.10446
150841,,508.0,508.0,1228.0,1228.0,False,0.39,8.0,5213253193,30.6664935,104.1103019
195607,,508.0,508.0,1228.0,1228.0,False,1.83,9.66,1460293504,30.6518606,104.1112427
70817,,508.0,508.0,1228.0,1228.0,False,1.01,8.02,1958204086,30.6736133,104.0726127
97601,,508.0,508.0,1228.0,1228.0,False,1.93,9.86,1304795058,30.6441343,104.0749078
106857,,509.0,509.0,1229.0,1229.0,False,1.47,8.94,1301932988,30.6532428,104.0675152
121640,,509.0,509.0,1229.0,1229.0,False,1.02,8.04,4695601301,30.6110054,104.0300442
17395,,509.0,509.0,1229.0,1229.0,False,1.36,8.72,4069514823,30.7267124,103.9745137
188747,,509.0,509.0,1229.0,1229.0,False,1.86,9.72,1506424273,30.711193,104.0668
194629,,509.0,509.0,1229.0,1229.0,False,0.38,8.0,5053143849,30.7261406,104.0006113
87333,,509.0,509.0,1229.0,1229.0,False,1.36,8.72,2118977304,30.69981,104.0069367
92793,,509.0,509.0,1229.0,1229.0,False,0.54,8.0,2039561238,30.6889265,104.111324
109194,,510.0,510.0,1230.0,1230.0,False,1.1,8.2,4548211453,30.6752746,104.0553758
14293,,510.0,510.0,1230.0,1230.0,False,0.47,8.0,3613960020,30.6720396,104.0495155
144403,,510.0,510.0,1230.0,1230.0,False,2.75,11.5,1072704360,30.70315,104.07789
161049,,510.0,510.0,1230.0,1230.0,False,0.38,8.0,672282820,30.6576313,104.1025681
18892,,510.0,510.0,1230.0,1230.0,False,0.47,8.0,4772430867,30.6779795,104.0063048
36922,,510.0,510.0,1230.0,1230.0,False,2.84,11.68,4136052242,30.610244,104.0477421
48330,,510.0,510.0,1230.0,1230.0,False,1.1,8.2,4695640658,30.6179966,104.0276779
54891,,510.0,510.0,1230.0,1230.0,False,1.04,8.08,3034393451,30.66861,104.04278
70827,,510.0,510.0,1230.0,1230.0,False,0.47,8.0,3597820284,30.7003536,104.0216861
158184,,511.0,511.0,1231.0,1231.0,False,1.24,8.48,3087817510,30.665932,103.9951649
176808,,511.0,511.0,1231.0,1231.0,False,0.66,8.0,5141326918,30.6102677,104.0584906
3962,,511.0,511.0,1231.0,1231.0,False,1.53,9.06,3582230413,30.6459318,103.970247
52520,,511.0,511.0,1231.0,1231.0,False,0.36,8.0,1493202760,30.6112677,104.058124
155825,,512.0,512.0,1232.0,1232.0,False,0.64,8.0,1964309339,30.6776321,104.1060754
180790,,512.0,512.0,1232.0,1232.0,False,0.11,8.0,4136052364,30.6121648,104.0470362
67030,,512.0,512.0,1232.0,1232.0,False,0.72,8.0,4773199375,30.6718697,104.0140332
101256,,513.0,513.0,1233.0,1233.0,False,2.47,10.94,1918491708,30.6316005,104.0069373
152946,,513.0,513.0,1233.0,1233.0,False,0.38,8.0,432442961,30.6781429,104.012142
162760,,513.0,513.0,1233.0,1233.0,False,2.04,10.08,3516900117,30.6718171,104.0804158
165537,,513.0,513.0,1233.0,1233.0,False,0.61,8.0,1159471913,30.6889471,104.0385997
180664,,513.0,513.0,1233.0,1233.0,False,0.61,8.0,3562099599,30.6520884,104.0197281
21675,,513.0,513.0,1233.0,1233.0,False,0.61,8.0,5034783235,30.6258899,103.9692247
31104,,513.0,513.0,1233.0,1233.0,False,0.61,8.0,4106682157,30.649973,103.9800562
8214,,513.0,513.0,1233.0,1233.0,False,3.03,12.06,5213253213,30.7181618,104.0714319
130935,,514.0,514.0,1234.0,1234.0,False,1.01,8.02,3541427576,30.70409,104.03364
141523,,514.0,514.0,1234.0,1234.0,False,1.46,8.92,3034409137,30.708359,104.093315
145684,,514.0,514.0,1234.0,1234.0,False,1.46,8.92,1492396690,30.6552064,104.0614654
203930,,514.0,514.0,1234.0,1234.0,False,0.66,8.0,5283966195,30.7018488,104.1144818
45129,,514.0,514.0,1234.0,1234.0,False,1.08,8.16,1492619187,30.6228305,104.0667893
7364,,514.0,514.0,1234.0,1234.0,False,2.46,10.92,5218133609,30.6385827,104.1071122
10093,,515.0,515.0,1235.0,1235.0,False,1.16,8.32,3562086848,30.6732419,104.0595487
139453,,515.0,515.0,1235.0,1235.0,False,0.2,8.0,1493202239,30.6110118,104.0628904
100316,,516.0,516.0,1236.0,1236.0,False,2.59,11.18,1964325479,30.6726221,104.0966472
147598,,516.0,516.0,1236.0,1236.0,False,1.23,8.46,2078704441,30.6186999,104.101349
174413,,516.0,516.0,1236.0,1236.0,False,1.61,9.22,4972899578,30.6327338,104.0490138
23913,,516.0,516.0,1236.0,1236.0,False,1.61,9.22,2135946728,30.6134597,104.0194917
68428,,516.0,516.0,1236.0,1236.0,False,1.46,8.92,1156126861,30.6748679,104.0815632
112433,,517.0,517.0,1237.0,1237.0,False,0.97,8.0,4136052363,30.6124754,104.0466566
147594,,517.0,517.0,1237.0,1237.0,False,2.05,10.1,1492645720,30.6218905,104.0647449
185303,,517.0,517.0,1237.0,1237.0,False,3.13,12.26,1313066159,30.6360451,104.0726805
24882,,517.0,517.0,1237.0,1237.0,False,1.4,8.8,1918491753,30.6329153,103.974869
36311,,517.0,517.0,1237.0,1237.0,False,1.16,8.32,1459074845,30.6462622,104.1076544
45303,,517.0,517.0,1237.0,1237.0,False,1.45,8.9,4230593029,30.6426155,104.0877824
66783,,517.0,517.0,1237.0,1237.0,False,0.97,8.0,432432545,30.66161,104.03949
82632,,517.0,517.0,1237.0,1237.0,False,0.91,8.0,5141458214,30.6347453,104.0817783
165173,,518.0,518.0,1238.0,1238.0,False,0.05,8.0,4550769600,30.6232735,104.1051174
170119,,518.0,518.0,1238.0,1238.0,False,1.15,8.3,1964394675,30.66989,104.10609
184609,,518.0,518.0,1238.0,1238.0,False,1.16,8.32,4106682206,30.6625537,103.9777476
29042,,518.0,518.0,1238.0,1238.0,False,1.16,8.32,5283966192,30.7032928,104.116391
75695,,518.0,518.0,1238.0,1238.0,False,0.92,8.0,5213237277,30.6608521,104.0695973
76089,,518.0,518.0,1238.0,1238.0,False,1.87,9.74,1492619520,30.6225365,104.0616524
78475,,518.0,518.0,1238.0,1238.0,False,0.68,8.0,4521001281,30.6528119,104.0849112
82354,,518.0,518.0,1238.0,1238.0,False,0.05,8.0,1072698668,30.7124066,104.0904658
11405,,519.0,519.0,1239.0,1239.0,False,0.39,8.0,672360506,30.6656659,104.0853876
164538,,519.0,519.0,1239.0,1239.0,False,0.85,8.0,4220546243,30.6503084,104.0724947
173958,,519.0,519.0,1239.0,1239.0,False,0.81,8.0,1916386454,30.6473557,104.0068671
3556,,519.0,519.0,1239.0,1239.0,False,1.76,9.52,1460296424,30.6498096,104.1097822
40645,,519.0,519.0,1239.0,1239.0,False,0.32,8.0,504315329,30.6953326,104.1053691
67844,,519.0,519.0,1239.0,1239.0,False,0.32,8.0,432442877,30.6784313,103.998065
159252,,520.0,520.0,1240.0,1240.0,False,2.15,10.3,4695640651,30.6110298,104.0253013
178628,,520.0,520.0,1240.0,1240.0,False,1.58,9.16,4972899551,30.6180476,104.0455301
30612,,520.0,520.0,1240.0,1240.0,False,1.58,9.16,4699007151,30.6120738,104.0360599
93480,,520.0,520.0,1240.0,1240.0,False,0.93,8.0,1885342901,30.6777248,104.0995149
100253,,521.0,521.0,1241.0,1241.0,False,0.74,8.0,2907361696,30.6426299,104.0909818
102960,,521.0,521.0,1241.0,1241.0,False,1.81,9.62,4748166150,30.6138941,104.0240145
112317,,521.0,521.0,1241.0,1241.0,False,0.16,8.0,1159230558,30.680696,104.0891155
123059,,521.0,521.0,1241.0,1241.0,False,0.24,8.0,963638438,30.70136,104.04474
157459,,521.0,521.0,1241.0,1241.0,False,0.74,8.0,5141468657,30.63893,104.09919
199842,,521.0,521.0,1241.0,1241.0,False,2.12,10.24,3523298662,30.6298946,104.0558158
205429,,521.0,521.0,1241.0,1241.0,False,1.81,9.62,1507225954,30.7131908,104.078101
22980,,521.0,521.0,1241.0,1241.0,False,0.24,8.0,5375784147,30.6470354,103.9992305
57441,,521.0,521.0,1241.0,1241.0,False,0.16,8.0,2564226619,30.623285,104.015294
67131,,521.0,521.0,1241.0,1241.0,False,0.16,8.0,3780408668,30.6307365,104.0597697
68313,,521.0,521.0,1241.0,1241.0,False,3.15,12.3,1458937214,30.6779189,104.0935893
102328,,522.0,522.0,1242.0,1242.0,False,2.51,11.02,3436486397,30.6387646,104.0460612
134726,,522.0,522.0,1242.0,1242.0,False,2.05,10.1,2214043190,30.628318,104.0900676
153,,522.0,522.0,1242.0,1242.0,False,0.64,8.0,432452879,30.6133839,104.0485856
160143,,522.0,522.0,1242.0,1242.0,False,2.09,10.18,4118527468,30.7003199,104.0825418
178849,,522.0,522.0,1242.0,1242.0,False,2.05,10.1,4242369820,30.6868729,104.0229988
181879,,522.0,522.0,1242.0,1242.0,False,2.09,10.18,2217714926,30.66136,104.07225
52629,,522.0,522.0,1242.0,1242.0,False,0.38,8.0,2712338390,30.702562,104.0641021
68223,,522.0,522.0,1242.0,1242.0,False,0.64,8.0,1459003960,30.658985,104.10154
857,,522.0,522.0,1242.0,1242.0,False,2.05,10.1,4447921441,30.7254157,104.0468639
95923,,522.0,522.0,1242.0,1242.0,False,0.64,8.0,4106682093,30.6426156,103.9745464
200893,,523.0,523.0,1243.0,1243.0,False,0.06,8.0,5382831215,30.6812188,104.0960747
65800,,523.0,523.0,1243.0,1243.0,False,1.94,9.88,4118527531,30.7031403,104.0984403
103400,,524.0,524.0,1244.0,1244.0,False,0.95,8.0,5367294202,30.685622,103.9889479
118675,,524.0,524.0,1244.0,1244.0,False,1.26,8.52,1159148929,30.658749,104.071884
121043,,524.0,524.0,1244.0,1244.0,False,0.41,8.0,4773916459,30.6579268,104.0016249
15427,,524.0,524.0,1244.0,1244.0,False,0.51,8.0,4779165767,30.636357,104.0742559
175511,,524.0,524.0,1244.0,1244.0,False,0.41,8.0,2564226633,30.641217,104.0236026
25367,,524.0,524.0,1244.0,1244.0,False,2.21,10.42,4699007119,30.6099239,104.0381682
30253,,524.0,524.0,1244.0,1244.0,False,0.06,8.0,5436627804,30.6978288,104.0705175
39533,,524.0,524.0,1244.0,1244.0,False,1.26,8.52,1815741564,30.6882144,104.0637223
143114,,525.0,525.0,1245.0,1245.0,False,2.49,10.98,5016209424,30.7266505,103.9857982
1691,,525.0,525.0,1245.0,1245.0,False,1.04,8.08,4572409999,30.6858435,103.9732577
178347,,525.0,525.0,1245.0,1245.0,False,0.93,8.0,2039550405,30.67204,104.1127
185338,,525.0,525.0,1245.0,1245.0,False,0.38,8.0,439751965,30.7051379,104.0066309
46653,,525.0,525.0,1245.0,1245.0,False,1.21,8.42,276556799,30.6495476,104.0636064
96182,,525.0,525.0,1245.0,1245.0,False,1.6,9.2,1312616016,30.6437566,104.0425232
127831,,526.0,526.0,1246.0,1246.0,False,1.03,8.06,3562045362,30.7246826,104.0624409
166700,,526.0,526.0,1246.0,1246.0,False,1.73,9.46,1458575267,30.6866235,104.0984555
65690,,526.0,526.0,1246.0,1246.0,False,1.1,8.2,1504210129,30.706758,104.0951811
147321,,527.0,527.0,1247.0,1247.0,False,2.12,10.24,1459907360,30.6407992,104.1043205
160183,,527.0,527.0,1247.0,1247.0,False,0.49,8.0,672360698,30.6502109,104.0726291
21359,,527.0,527.0,1247.0,1247.0,False,0.59,8.0,3562086848,30.67475,104.05961
39552,,527.0,527.0,1247.0,1247.0,False,1.13,8.26,3034330085,30.6647971,104.0780862
45964,,527.0,527.0,1247.0,1247.0,False,0.96,8.0,4987535018,30.6248157,104.0090078
65087,,527.0,527.0,1247.0,1247.0,False,0.96,8.0,1313998770,30.6357405,104.082223
72346,,527.0,527.0,1247.0,1247.0,False,0.85,8.0,4548211190,30.6294211,104.0210117
84198,,527.0,527.0,1247.0,1247.0,False,0.34,8.0,4779165735,30.6267044,104.0402194
100893,,528.0,528.0,1248.0,1248.0,False,0.61,8.0,2559969507,30.6290644,104.0353366
111838,,528.0,528.0,1248.0,1248.0,False,0.54,8.0,3516887965,30.7091539,104.0183206
13615,,528.0,528.0,1248.0,1248.0,False,2.55,11.1,4586532063,30.688965,104.01973
177663,,528.0,528.0,1248.0,1248.0,False,0.09,8.0,3034330086,30.66707,104.07996
181744,,528.0,528.0,1248.0,1248.0,False,0.09,8.0,4878041007,30.6233003,104.1022404
82615,,528.0,528.0,1248.0,1248.0,False,0.54,8.0,5283966200,30.705189,104.10468
82961,,528.0,528.0,1248.0,1248.0,False,1.46,8.92,4550701373,30.6145575,103.976073
130409,,529.0,529.0,1249.0,1249.0,False,2.64,11.28,1987226884,30.6667057,104.0490266
135831,,529.0,529.0,1249.0,1249.0,False,1.5,9.0,4695700268,30.6140921,104.0182043
146898,,529.0,529.0,1249.0,1249.0,False,0.25,8.0,5375783758,30.6322589,104.011485
185410,,529.0,529.0,1249.0,1249.0,False,1.5,9.0,432442905,30.6718581,104.0248203
190843,,529.0,529.0,1249.0,1249.0,False,0.3,8.0,1425996106,30.67056,104.10847
25235,,529.0,529.0,1249.0,1249.0,False,2.64,11.28,1339762127,30.71479,104.04659
44026,,529.0,529.0,1249.0,1249.0,False,0.05,8.0,1159230552,30.6865185,104.0928859
55377,,529.0,529.0,1249.0,1249.0,False,2.64,11.28,2843286545,30.6916797,104.0605877
99261,,529.0,529.0,1249.0,1249.0,False,1.67,9.34,1159131461,30.6677127,104.0598937
133499,,530.0,530.0,1250.0,1250.0,False,0.46,8.0,4778922967,30.647709,103.97561
17007,,530.0,530.0,1250.0,1250.0,False,0.67,8.0,1156126864,30.6775673,104.0758689
177601,,530.0,530.0,1250.0,1250.0,False,1.27,8.54,441187183,30.6588635,104.0650026
181467,,530.0,530.0,1250.0,1250.0,False,0.03,8.0,432442584,30.6884916,104.0220553
183395,,530.0,530.0,1250.0,1250.0,False,2.25,10.5,4521001284,30.6548,104.08472
37219,,530.0,530.0,1250.0,1250.0,False,1.39,8.78,2039563300,30.6926965,104.1058387
43545,,530.0,530.0,1250.0,1250.0,False,0.03,8.0,4548211210,30.6752271,104.055483
71003,,530.0,530.0,1250.0,1250.0,False,1.22,8.44,1159149361,30.6483997,104.0753447
89335,,530.0,530.0,1250.0,1250.0,False,2.25,10.5,4548211199,30.6747842,104.0379887
9115,,530.0,530.0,1250.0,1250.0,False,0.67,8.0,1504206289,30.7117334,104.0982027
104877,,531.0,531.0,1251.0,1251.0,False,0.21,8.0,432442981,30.6755493,104.0151322
106614,,531.0,531.0,1251.0,1251.0,False,0.07,8.0,3562055468,30.7173908,104.0346189
131383,,531.0,531.0,1251.0,1251.0,False,1.13,8.26,1987226884,30.66707,104.04811
157869,,531.0,531.0,1251.0,1251.0,False,0.56,8.0,4701577764,30.6230437,104.0808033
161727,,531.0,531.0,1251.0,1251.0,False,0.21,8.0,2135942436,30.6118331,104.0233543
170947,,531.0,531.0,1251.0,1251.0,False,1.57,9.14,3680361285,30.6550449,104.0223873
112010,,532.0,532.0,1252.0,1252.0,False,1.89,9.78,1159454544,30.6593986,104.0436513
29411,,532.0,532.0,1252.0,1252.0,False,0.58,8.0,1159224813,30.69433,104.03389
58703,,532.0,532.0,1252.0,1252.0,False,1.88,9.76,803149456,30.664726,104.09961
82667,,532.0,532.0,1252.0,1252.0,False,1.89,9.78,4967265770,30.7055098,104.0073112
102443,,533.0,533.0,1253.0,1253.0,False,2.87,11.74,4136052358,30.61309,104.04829
188295,,533.0,533.0,1253.0,1253.0,False,2.19,10.38,2868588323,30.6650458,104.0826394
19303,,533.0,533.0,1253.0,1253.0,False,2.19,10.38,2908601186,30.64259,104.0887
199780,,533.0,533.0,1253.0,1253.0,False,2.16,10.32,1312620347,30.6443668,104.0742666
72827,,533.0,533.0,1253.0,1253.0,False,2.16,10.32,3541427561,30.706854,104.04348
17319,,534.0,534.0,1254.0,1254.0,False,1.45,8.9,3979164235,30.6789,104.10674
141767,,535.0,535.0,1255.0,1255.0,False,1.07,8.14,1987226881,30.6663436,104.0488578
30018,,535.0,535.0,1255.0,1255.0,False,1.3,8.6,3742070429,30.6559164,104.0732989
31091,,535.0,535.0,1255.0,1255.0,False,0.32,8.0,4550769349,30.6497496,104.1100896
4582,,535.0,535.0,1255.0,1255.0,False,1.3,8.6,4772430867,30.6779795,104.0063048
57869,,535.0,535.0,1255.0,1255.0,False,1.07,8.14,4069514815,30.726312,103.9726629
74898,,535.0,535.0,1255.0,1255.0,False,1.07,8.14,4964134711,30.7075479,104.0135389
91543,,535.0,535.0,1255.0,1255.0,False,1.28,8.56,2651588758,30.66798,104.10039
107186,,536.0,536.0,1256.0,1256.0,False,1.47,8.94,3597807847,30.7142127,104.0047842
113940,,536.0,536.0,1256.0,1256.0,False,0.11,8.0,4799100440,30.6501769,104.030402
119933,,536.0,536.0,1256.0,1256.0,False,1.34,8.68,3582243030,30.7108284,104.001331
136889,,536.0,536.0,1256.0,1256.0,False,1.54,9.08,2722829577,30.7005531,104.0662637
138526,,536.0,536.0,1256.0,1256.0,False,1.86,9.72,3541401922,30.7018149,104.0085222
140486,,536.0,536.0,1256.0,1256.0,False,1.64,9.28,5218240018,30.7002269,104.0477465
25096,,536.0,536.0,1256.0,1256.0,False,0.87,8.0,1459062204,30.6449174,104.1079486
50983,,536.0,536.0,1256.0,1256.0,False,1.39,8.78,4548259333,30.68659,104.04676
6028,,536.0,536.0,1256.0,1256.0,False,2.77,11.54,4548259378,30.6532955,104.029674
61674,,536.0,536.0,1256.0,1256.0,False,1.54,9.08,4601260485,30.6367392,104.0653218
9063,,536.0,536.0,1256.0,1256.0,False,0.56,8.0,2908404375,30.64542,104.09361
94665,,536.0,536.0,1256.0,1256.0,False,0.35,8.0,3680455716,30.6569365,104.0132599
98244,,536.0,536.0,1256.0,1256.0,False,0.56,8.0,2729373178,30.6133087,104.0447277
99742,,536.0,536.0,1256.0,1256.0,False,1.86,9.72,1492598619,30.6224754,104.0621445
111826,,537.0,537.0,1257.0,1257.0,False,0.95,8.0,2131996474,30.6234285,104.1050717
132258,,537.0,537.0,1257.0,1257.0,False,0.28,8.0,4693610142,30.6355976,104.0685435
188067,,537.0,537.0,1257.0,1257.0,False,1.08,8.16,1492389323,30.6588591,104.0583988
46632,,537.0,537.0,1257.0,1257.0,False,0.14,8.0,2041531471,30.6798058,104.0744654
4989,,537.0,537.0,1257.0,1257.0,False,1.15,8.3,4549993097,30.6494605,103.9838758
122851,,538.0,538.0,1258.0,1258.0,False,3.33,12.66,4548211344,30.68208,104.0611
166043,,538.0,538.0,1258.0,1258.0,False,2.07,10.14,3742070461,30.65066,104.08593
173124,,538.0,538.0,1258.0,1258.0,False,1.4,8.8,1458560482,30.6810556,104.1001035
194203,,538.0,538.0,1258.0,1258.0,False,1.4,8.8,2956775834,30.709505,104.038216
206848,,538.0,538.0,1258.0,1258.0,False,2.46,10.92,4550701364,30.6146715,103.9817885
48247,,538.0,538.0,1258.0,1258.0,False,0.09,8.0,4679104229,30.66439,104.11268
58758,,538.0,538.0,1258.0,1258.0,False,1.27,8.54,3034040785,30.7004902,104.0186486
70343,,538.0,538.0,1258.0,1258.0,False,2.46,10.92,2039550405,30.67206,104.11278
126354,,539.0,539.0,1259.0,1259.0,False,0.87,8.0,1159927565,30.6767936,103.9870327
136216,,539.0,539.0,1259.0,1259.0,False,0.63,8.0,3034029050,30.6809159,104.0055829
14751,,539.0,539.0,1259.0,1259.0,False,0.9,8.0,3614070502,30.67272,104.0527
190612,,539.0,539.0,1259.0,1259.0,False,0.82,8.0,3541376561,30.7247608,104.0558022
2599,,539.0,539.0,1259.0,1259.0,False,1.61,9.22,1305816742,30.65228,104.07867
112347,,540.0,540.0,1260.0,1260.0,False,0.61,8.0,2039563300,30.6926965,104.1058387
113510,,540.0,540.0,1260.0,1260.0,False,3.18,12.36,4572410029,30.6650461,104.0447106
60580,,540.0,540.0,1260.0,1260.0,False,3.18,12.36,2329063773,30.6441531,104.1066749
77936,,540.0,540.0,1260.0,1260.0,False,2.36,10.72,4903105801,30.6594577,104.079126
80663,,540.0,540.0,1260.0,1260.0,False,2.29,10.58,4136052208,30.6103344,104.0471966
137312,,541.0,541.0,1261.0,1261.0,False,0.17,8.0,3087817486,30.665038,104.0142181
101986,,542.0,542.0,1262.0,1262.0,False,1.12,8.24,5141328443,30.6117013,104.0558576
105071,,542.0,542.0,1262.0,1262.0,False,0.9,8.0,4230611280,30.6547707,104.0663872
112359,,542.0,542.0,1262.0,1262.0,False,0.57,8.0,3541427578,30.717154,104.04392
197325,,542.0,542.0,1262.0,1262.0,False,1.07,8.14,4548211256,30.6228593,104.0830701
199445,,542.0,542.0,1262.0,1262.0,False,0.16,8.0,5367321408,30.6639201,103.9890214
28603,,542.0,542.0,1262.0,1262.0,False,1.12,8.24,2041527389,30.695286,104.09458
42281,,542.0,542.0,1262.0,1262.0,False,0.9,8.0,2729395914,30.6296384,104.0450455
49940,,542.0,542.0,1262.0,1262.0,False,0.58,8.0,2441172206,30.6763576,103.9947253
10254,,543.0,543.0,1263.0,1263.0,False,1.59,9.18,5336411861,30.646812,104.0472629
119123,,543.0,543.0,1263.0,1263.0,False,1.42,8.84,3445813551,30.66672,104.07107
130895,,543.0,543.0,1263.0,1263.0,False,0.95,8.0,1500638622,30.6878,104.07892
21804,,543.0,543.0,1263.0,1263.0,False,1.18,8.36,1492374043,30.6549228,104.0636717
22481,,543.0,543.0,1263.0,1263.0,False,1.81,9.62,5375783864,30.6624543,103.9978549
30787,,543.0,543.0,1263.0,1263.0,False,2.04,10.08,314623160,30.66978,104.06787
92307,,543.0,543.0,1263.0,1263.0,False,1.81,9.62,2843286568,30.692036,104.05716
131475,,544.0,544.0,1264.0,1264.0,False,0.77,8.0,5053143860,30.7090096,103.9988467
132571,,544.0,544.0,1264.0,1264.0,False,1.47,8.94,4550769155,30.6253,104.1026023
14192,,544.0,544.0,1264.0,1264.0,False,0.77,8.0,4447946474,30.65332,104.1120082
14215,,544.0,544.0,1264.0,1264.0,False,0.21,8.0,432432531,30.6541962,104.0450917
151063,,544.0,544.0,1264.0,1264.0,False,0.79,8.0,1458570754,30.6901935,104.095233
152293,,544.0,544.0,1264.0,1264.0,False,0.93,8.0,2564227756,30.6422622,104.0145531
168960,,544.0,544.0,1264.0,1264.0,False,2.09,10.18,1493146462,30.6164939,104.0648599
179922,,544.0,544.0,1264.0,1264.0,False,0.58,8.0,4701577767,30.6230711,104.0819533
20351,,544.0,544.0,1264.0,1264.0,False,1.24,8.48,1504174271,30.7177656,104.0702637
6302,,544.0,544.0,1264.0,1264.0,False,1.47,8.94,2532969464,30.7039148,104.0930384
66188,,544.0,544.0,1264.0,1264.0,False,0.74,8.0,4934383678,30.6154639,104.1126949
83461,,544.0,544.0,1264.0,1264.0,False,0.58,8.0,4294975866,30.6480272,103.9928105
86913,,544.0,544.0,1264.0,1264.0,False,0.04,8.0,2081197489,30.6231996,104.1052598
100202,,545.0,545.0,1265.0,1265.0,False,1.62,9.24,1500638622,30.686871,104.080278
138739,,545.0,545.0,1265.0,1265.0,False,2.16,10.32,838319885,30.6473933,104.1084131
147370,,545.0,545.0,1265.0,1265.0,False,1.2,8.4,4972893895,30.6107597,104.0504943
24944,,545.0,545.0,1265.0,1265.0,False,1.84,9.68,4693610149,30.6351322,104.0669106
41627,,545.0,545.0,1265.0,1265.0,False,0.83,8.0,3562099594,30.6468583,104.0332341
51000,,545.0,545.0,1265.0,1265.0,False,1.45,8.9,2041314680,30.6805811,104.0969216
117235,,546.0,546.0,1266.0,1266.0,False,2.1,10.2,5213238442,30.6469098,104.0388103
165094,,546.0,546.0,1266.0,1266.0,False,0.84,8.0,3541389073,30.6818708,104.034434
166183,,546.0,546.0,1266.0,1266.0,False,0.7,8.0,3523314177,30.6272052,104.0539713
197066,,546.0,546.0,1266.0,1266.0,False,1.78,9.56,4695700278,30.6102494,104.0225995
56143,,546.0,546.0,1266.0,1266.0,False,0.18,8.0,5213252912,30.704098,104.09421
110027,,547.0,547.0,1267.0,1267.0,False,2.79,11.58,672360527,30.6518623,104.0932051
132067,,547.0,547.0,1267.0,1267.0,False,1.67,9.34,4900292688,30.669855,104.06437
167918,,547.0,547.0,1267.0,1267.0,False,0.03,8.0,1159227282,30.6875091,104.0526724
79705,,547.0,547.0,1267.0,1267.0,False,0.84,8.0,4548211425,30.6605728,104.0581527
137583,,548.0,548.0,1268.0,1268.0,False,0.61,8.0,314622931,30.6487504,104.0512656
137675,,548.0,548.0,1268.0,1268.0,False,0.76,8.0,432442961,30.6781429,104.012142
208955,,548.0,548.0,1268.0,1268.0,False,1.76,9.52,1445522773,30.6493805,104.0655802
32965,,548.0,548.0,1268.0,1268.0,False,3.86,13.72,5218240018,30.7002269,104.0477465
43554,,548.0,548.0,1268.0,1268.0,False,1.16,8.32,1504208933,30.7121505,104.0984302
76895,,548.0,548.0,1268.0,1268.0,False,2.62,11.24,1312615939,30.6405721,104.0801374
93485,,548.0,548.0,1268.0,1268.0,False,2.12,10.24,4964134669,30.720329,104.0296511
95219,,548.0,548.0,1268.0,1268.0,False,3.02,12.04,4550764057,30.6253733,104.1024878
110604,,549.0,549.0,1269.0,1269.0,False,1.82,9.64,4548211415,30.6229694,104.0837823
117348,,549.0,549.0,1269.0,1269.0,False,1.05,8.1,4549992877,30.646014,103.9701757
141502,,549.0,549.0,1269.0,1269.0,False,1.05,8.1,1445516614,30.649811,104.0636048
173939,,549.0,549.0,1269.0,1269.0,False,1.03,8.06,4634806780,30.6511503,104.1108874
37186,,549.0,549.0,1269.0,1269.0,False,1.9,9.8,5141468663,30.6391251,104.0929038
38510,,549.0,549.0,1269.0,1269.0,False,0.91,8.0,441187199,30.6588009,104.0617679
119882,,550.0,550.0,1270.0,1270.0,False,0.02,8.0,1947138487,30.6862855,104.0853675
142882,,550.0,550.0,1270.0,1270.0,False,0.55,8.0,1296102309,30.6430196,104.0731153
153887,,550.0,550.0,1270.0,1270.0,False,0.03,8.0,2564226627,30.6402,104.01889
161357,,550.0,550.0,1270.0,1270.0,False,0.55,8.0,3203414180,30.6376953,104.0343917
195535,,550.0,550.0,1270.0,1270.0,False,0.55,8.0,1156126794,30.679098,104.04709
36115,,550.0,550.0,1270.0,1270.0,False,0.55,8.0,3034040783,30.6994514,104.016822
100243,,551.0,551.0,1271.0,1271.0,False,1.65,9.3,4724343815,30.6302412,104.06442
131091,,551.0,551.0,1271.0,1271.0,False,0.35,8.0,2847176002,30.66734,104.10814
21568,,551.0,551.0,1271.0,1271.0,False,0.65,8.0,5422574961,30.6883373,104.0671693
88427,,551.0,551.0,1271.0,1271.0,False,1.56,9.12,3562045366,30.70248,104.04139
10641,,552.0,552.0,1272.0,1272.0,False,0.61,8.0,1756193230,30.6394057,104.0282731
108540,,552.0,552.0,1272.0,1272.0,False,0.11,8.0,439751640,30.6766898,103.9885935
119283,,552.0,552.0,1272.0,1272.0,False,1.35,8.7,2653330901,30.656782,104.11079
156935,,552.0,552.0,1272.0,1272.0,False,1.4,8.8,1159173784,30.6320216,104.0709797
200833,,552.0,552.0,1272.0,1272.0,False,0.7,8.0,3943038384,30.6400695,104.069163
44796,,552.0,552.0,1272.0,1272.0,False,1.16,8.32,2204171388,30.724718,104.0785156
46015,,552.0,552.0,1272.0,1272.0,False,1.16,8.32,1458570056,30.69359,104.09031
54478,,552.0,552.0,1272.0,1272.0,False,0.0,8.0,432442879,30.6828279,103.9884511
56630,,552.0,552.0,1272.0,1272.0,False,0.77,8.0,4548211661,30.6741327,104.0577152
7263,,552.0,552.0,1272.0,1272.0,False,1.89,9.78,1156126861,30.6748679,104.0815632
78111,,552.0,552.0,1272.0,1272.0,False,1.4,8.8,5375784150,30.6460674,104.0018445
112421,,553.0,553.0,1273.0,1273.0,False,1.43,8.86,1301932972,30.6530952,104.0745884
152010,,553.0,553.0,1273.0,1273.0,False,0.5,8.0,5375783809,30.656241,104.0016326
201071,,553.0,553.0,1273.0,1273.0,False,1.35,8.7,1159173118,30.625134,104.0719
50429,,553.0,553.0,1273.0,1273.0,False,1.81,9.62,4799195760,30.6252866,103.9963939
122044,,554.0,554.0,1274.0,1274.0,False,2.0,10.0,1918491711,30.6486406,103.980874
143808,,554.0,554.0,1274.0,1274.0,False,0.34,8.0,5367317629,30.6625857,103.979658
153072,,554.0,554.0,1274.0,1274.0,False,1.27,8.54,1159140553,30.6589102,104.0999026
174307,,554.0,554.0,1274.0,1274.0,False,0.7,8.0,2997203349,30.70031,104.07466
187781,,554.0,554.0,1274.0,1274.0,False,1.27,8.54,3541393465,30.694506,104.0086983
188256,,554.0,554.0,1274.0,1274.0,False,2.2,10.4,4772451025,30.6813865,104.0084979
24042,,554.0,554.0,1274.0,1274.0,False,1.44,8.88,1916386543,30.6355588,104.0160384
126140,,555.0,555.0,1275.0,1275.0,False,1.68,9.36,4772463301,30.6623382,104.0450365
182851,,555.0,555.0,1275.0,1275.0,False,2.33,10.66,314623091,30.6463693,104.0312716
196560,,555.0,555.0,1275.0,1275.0,False,1.44,8.88,3541389061,30.6833039,104.0322131
36358,,555.0,555.0,1275.0,1275.0,False,0.56,8.0,3633018901,30.6669404,104.0647786
5462,,555.0,555.0,1275.0,1275.0,False,1.37,8.74,1159947333,30.6560249,104.0733693
58019,,555.0,555.0,1275.0,1275.0,False,3.06,12.12,5213238443,30.65657,104.08588
78363,,555.0,555.0,1275.0,1275.0,False,0.92,8.0,4359391023,30.72488,104.11005
108143,,556.0,556.0,1276.0,1276.0,False,0.92,8.0,1301932981,30.65176,104.08109
160118,,556.0,556.0,1276.0,1276.0,False,2.6,11.2,3541371612,30.6660645,104.0537222
205991,,556.0,556.0,1276.0,1276.0,False,1.82,9.64,2651588762,30.669474,104.10003
24632,,556.0,556.0,1276.0,1276.0,False,2.6,11.2,3541376411,30.7250318,104.0469322
75527,,556.0,556.0,1276.0,1276.0,False,2.6,11.2,4106682206,30.6625537,103.9777476
107677,,557.0,557.0,1277.0,1277.0,False,1.46,8.92,4151571132,30.632757,104.1132772
124294,,557.0,557.0,1277.0,1277.0,False,0.79,8.0,4693647117,30.6337605,104.0718971
19086,,557.0,557.0,1277.0,1277.0,False,0.87,8.0,1916386533,30.6449414,104.0160681
49811,,557.0,557.0,1277.0,1277.0,False,2.64,11.28,2718635888,30.6707393,103.9886401
64607,,557.0,557.0,1277.0,1277.0,False,1.89,9.78,4572409840,30.7258333,104.0068709
71762,,557.0,557.0,1277.0,1277.0,False,2.18,10.36,1964337171,30.6745296,104.1032295
13184,,558.0,558.0,1278.0,1278.0,False,0.93,8.0,1469163951,30.6429274,104.0873072
165047,,558.0,558.0,1278.0,1278.0,False,0.96,8.0,3087817458,30.6502531,104.0244444
172842,,558.0,558.0,1278.0,1278.0,False,0.71,8.0,4572410201,30.668487,103.9744311
204979,,558.0,558.0,1278.0,1278.0,False,2.53,11.06,1156126861,30.6748679,104.0815632
27311,,558.0,558.0,1278.0,1278.0,False,0.93,8.0,3927877862,30.6765267,103.9887115
29710,,558.0,558.0,1278.0,1278.0,False,0.65,8.0,4437947520,30.6886246,104.0987463
41077,,558.0,558.0,1278.0,1278.0,False,0.64,8.0,1159941938,30.667213,104.0192048
83147,,558.0,558.0,1278.0,1278.0,False,0.65,8.0,4773199368,30.6718599,104.0092109
96463,,558.0,558.0,1278.0,1278.0,False,1.08,8.16,4359390924,30.718777,104.110664
138483,,559.0,559.0,1279.0,1279.0,False,0.08,8.0,3033986301,30.66238,104.02729
190208,,559.0,559.0,1279.0,1279.0,False,2.15,10.3,4550018882,30.6141469,104.034959
37835,,559.0,559.0,1279.0,1279.0,False,2.79,11.58,4106682220,30.6705084,103.9986556
82063,,559.0,559.0,1279.0,1279.0,False,2.33,10.66,3034040785,30.7004902,104.0186486
121111,,560.0,560.0,1280.0,1280.0,False,1.26,8.52,3742070429,30.655243,104.07402
134956,,560.0,560.0,1280.0,1280.0,False,1.88,9.76,4695662941,30.6124329,104.0313215
146974,,560.0,560.0,1280.0,1280.0,False,2.01,10.02,4964137427,30.7087684,104.0175681
30440,,560.0,560.0,1280.0,1280.0,False,1.87,9.74,2843294275,30.6784459,104.0667463
38789,,560.0,560.0,1280.0,1280.0,False,1.56,9.12,2041530108,30.6917482,104.0851926
72431,,560.0,560.0,1280.0,1280.0,False,2.01,10.02,1947583808,30.69426,104.0801
100935,,561.0,561.0,1281.0,1281.0,False,1.8,9.6,4550019080,30.6486274,104.0725405
113799,,561.0,561.0,1281.0,1281.0,False,0.03,8.0,432442944,30.680532,104.0255391
129383,,561.0,561.0,1281.0,1281.0,False,1.01,8.02,1156126794,30.67935,104.04707
196639,,561.0,561.0,1281.0,1281.0,False,0.36,8.0,3541422909,30.709345,104.06717
70640,,561.0,561.0,1281.0,1281.0,False,0.88,8.0,1305816715,30.640764,104.0796301
71388,,561.0,561.0,1281.0,1281.0,False,2.13,10.26,3680077524,30.6577854,104.0162789
10149,,562.0,562.0,1282.0,1282.0,False,1.57,9.14,2135944707,30.6168238,104.0156946
113051,,562.0,562.0,1282.0,1282.0,False,0.46,8.0,432432544,30.65888,104.04035
117295,,562.0,562.0,1282.0,1282.0,False,1.04,8.08,2217768445,30.6550821,104.0614252
186707,,562.0,562.0,1282.0,1282.0,False,2.54,11.08,2039528348,30.67084,104.10874
202396,,562.0,562.0,1282.0,1282.0,False,1.13,8.26,1159519336,30.6486787,104.063615
85956,,562.0,562.0,1282.0,1282.0,False,1.13,8.26,4548211351,30.6608106,104.0557714
98775,,562.0,562.0,1282.0,1282.0,False,0.21,8.0,4548211469,30.6599405,104.0685921
103131,,564.0,564.0,1284.0,1284.0,False,0.92,8.0,5213238352,30.6408679,104.0419308
146383,,564.0,564.0,1284.0,1284.0,False,1.52,9.04,4874328011,30.6226652,104.10345
163453,,564.0,564.0,1284.0,1284.0,False,1.52,9.04,4547074309,30.6106663,104.0781508
163559,,564.0,564.0,1284.0,1284.0,False,0.78,8.0,1159131854,30.6674,104.0749
167566,,564.0,564.0,1284.0,1284.0,False,0.63,8.0,2843286575,30.6963703,104.0574894
179574,,564.0,564.0,1284.0,1284.0,False,2.61,11.22,1507363096,30.6969953,104.0801864
1815,,564.0,564.0,1284.0,1284.0,False,1.52,9.04,3034330083,30.66152,104.08441
186351,,564.0,564.0,1284.0,1284.0,False,1.56,9.12,1159502924,30.6888689,104.0309874
28451,,564.0,564.0,1284.0,1284.0,False,1.52,9.04,4987536539,30.627694,104.0011409
68033,,564.0,564.0,1284.0,1284.0,False,1.35,8.7,2441172197,30.6748274,104.0074372
84239,,564.0,564.0,1284.0,1284.0,False,0.63,8.0,5213238513,30.6608611,104.0746718
104106,,565.0,565.0,1285.0,1285.0,False,0.09,8.0,4794975945,30.639873,104.0639714
14107,,565.0,565.0,1285.0,1285.0,False,1.17,8.34,4548259363,30.7038352,104.0422663
201107,,565.0,565.0,1285.0,1285.0,False,0.15,8.0,1964388817,30.66909,104.10337
25347,,565.0,565.0,1285.0,1285.0,False,2.91,11.82,4550018932,30.6488257,104.0572581
43681,,565.0,565.0,1285.0,1285.0,False,0.51,8.0,1072704360,30.7027829,104.0773547
46935,,565.0,565.0,1285.0,1285.0,False,1.89,9.78,441265746,30.64607,104.02886
6615,,565.0,565.0,1285.0,1285.0,False,0.09,8.0,1159169336,30.637245,104.08348
69711,,565.0,565.0,1285.0,1285.0,False,1.6,9.2,441187228,30.67007,104.06344
87994,,565.0,565.0,1285.0,1285.0,False,1.89,9.78,3034409150,30.7192989,104.0819162
93510,,565.0,565.0,1285.0,1285.0,False,0.67,8.0,3541427579,30.7099241,104.0328295
123147,,566.0,566.0,1286.0,1286.0,False,1.72,9.44,1159225485,30.69999,104.04216
140541,,566.0,566.0,1286.0,1286.0,False,0.25,8.0,2997203344,30.6969552,104.0672581
161527,,566.0,566.0,1286.0,1286.0,False,1.47,8.94,3089029130,30.66102,104.0545
169984,,566.0,566.0,1286.0,1286.0,False,1.72,9.44,3562047424,30.7224241,104.0492476
73172,,566.0,566.0,1286.0,1286.0,False,0.06,8.0,4880298882,30.6222069,104.1011411
94033,,566.0,566.0,1286.0,1286.0,False,1.72,9.44,4695640573,30.6120091,104.0293296
117470,,567.0,567.0,1287.0,1287.0,False,0.68,8.0,1157121785,30.6546471,104.0062203
134828,,567.0,567.0,1287.0,1287.0,False,0.27,8.0,1159176574,30.6305504,104.0581825
62502,,567.0,567.0,1287.0,1287.0,False,0.03,8.0,3780408673,30.630479,104.057504
63909,,567.0,567.0,1287.0,1287.0,False,1.23,8.46,2981319501,30.7148915,104.0115645
80830,,567.0,567.0,1287.0,1287.0,False,0.79,8.0,4779165800,30.6358011,104.0735412
84924,,567.0,567.0,1287.0,1287.0,False,0.26,8.0,2956775865,30.7223456,104.0377228
18154,,568.0,568.0,1288.0,1288.0,False,1.06,8.12,432442971,30.6806612,104.0153467
18705,,568.0,568.0,1288.0,1288.0,False,1.05,8.1,5375783835,30.6491272,104.0008199
64840,,568.0,568.0,1288.0,1288.0,False,0.46,8.0,314623091,30.6463693,104.0312716
65105,,568.0,568.0,1288.0,1288.0,False,0.79,8.0,4106682174,30.6518118,103.9757154
69942,,568.0,568.0,1288.0,1288.0,False,1.05,8.1,1159143438,30.6643061,104.1015089
70289,,568.0,568.0,1288.0,1288.0,False,0.81,8.0,3541427576,30.7050616,104.0339721
108877,,569.0,569.0,1289.0,1289.0,False,0.17,8.0,1312615955,30.639853,104.0801604
109317,,569.0,569.0,1289.0,1289.0,False,0.17,8.0,4550701395,30.616269,103.9750526
122710,,569.0,569.0,1289.0,1289.0,False,0.03,8.0,4550769335,30.6322317,104.0992324
157297,,569.0,569.0,1289.0,1289.0,False,0.17,8.0,1916530818,30.6193991,103.9686301
16591,,569.0,569.0,1289.0,1289.0,False,2.36,10.72,1506537735,30.7166217,104.0720665
37248,,569.0,569.0,1289.0,1289.0,False,0.46,8.0,4548317901,30.6443749,104.0845691
88211,,569.0,569.0,1289.0,1289.0,False,0.17,8.0,4972899561,30.62021,104.04889
164342,,570.0,570.0,1290.0,1290.0,False,2.36,10.72,1159945476,30.6552583,104.0574386
188598,,570.0,570.0,1290.0,1290.0,False,1.54,9.08,2135946735,30.6246646,104.0047638
193359,,570.0,570.0,1290.0,1290.0,False,0.09,8.0,1455132183,30.6950393,104.1079886
27695,,570.0,570.0,1290.0,1290.0,False,0.44,8.0,1493146458,30.6161989,104.0647223
6187,,570.0,570.0,1290.0,1290.0,False,2.36,10.72,2080650542,30.6469992,104.0563483
83335,,570.0,570.0,1290.0,1290.0,False,2.36,10.72,2560005433,30.62993,104.02588
91139,,570.0,570.0,1290.0,1290.0,False,2.36,10.72,441221408,30.6459042,104.0229053
121371,,571.0,571.0,1291.0,1291.0,False,2.35,10.7,2910354673,30.64792,104.08216
170127,,571.0,571.0,1291.0,1291.0,False,1.94,9.88,3176000070,30.7050308,104.0665443
179841,,571.0,571.0,1291.0,1291.0,False,1.73,9.46,4695701795,30.6134716,104.0185451
193097,,571.0,571.0,1291.0,1291.0,False,2.35,10.7,4794992619,30.6398884,104.0676252
2865,,571.0,571.0,1291.0,1291.0,False,0.47,8.0,1159176757,30.6319075,104.0535691
59098,,571.0,571.0,1291.0,1291.0,False,0.63,8.0,2041314679,30.6804953,104.0974006
76497,,571.0,571.0,1291.0,1291.0,False,1.94,9.88,1507257626,30.7120905,104.0719313
79643,,571.0,571.0,1291.0,1291.0,False,0.63,8.0,1815741542,30.69,104.0765
97371,,571.0,571.0,1291.0,1291.0,False,0.22,8.0,2217768450,30.6562508,104.0589844
112137,,572.0,572.0,1292.0,1292.0,False,0.55,8.0,2981056910,30.6322883,104.0787406
123147,,572.0,572.0,1292.0,1292.0,False,0.52,8.0,5053143823,30.7137434,104.0089683
151520,,572.0,572.0,1292.0,1292.0,False,1.05,8.1,432442584,30.6884916,104.0220553
168448,,572.0,572.0,1292.0,1292.0,False,1.33,8.66,5141468762,30.6243139,104.0922521
175949,,572.0,572.0,1292.0,1292.0,False,1.12,8.24,5283966217,30.705777,104.0986108
191838,,572.0,572.0,1292.0,1292.0,False,1.81,9.62,4550018716,30.6461425,104.0555598
21607,,572.0,572.0,1292.0,1292.0,False,1.05,8.1,2329062682,30.70827,104.01249
5007,,572.0,572.0,1292.0,1292.0,False,1.05,8.1,3516887954,30.71961,104.0355
53691,,572.0,572.0,1292.0,1292.0,False,1.2,8.4,4703149493,30.6131297,104.0671097
74019,,572.0,572.0,1292.0,1292.0,False,0.93,8.0,2653570475,30.67033,104.0919
146946,,573.0,573.0,1293.0,1293.0,False,1.98,9.96,4987534979,30.6174179,104.0147686
153474,,573.0,573.0,1293.0,1293.0,False,0.08,8.0,4701400720,30.6226922,104.0678739
16847,,573.0,573.0,1293.0,1293.0,False,0.54,8.0,1159445859,30.6856384,104.0334788
17998,,573.0,573.0,1293.0,1293.0,False,3.07,12.14,1159145919,30.6691126,104.0698482
19932,,573.0,573.0,1293.0,1293.0,False,2.25,10.5,4548211370,30.6708997,104.057974
200300,,573.0,573.0,1293.0,1293.0,False,0.45,8.0,4548259523,30.7140417,104.0342378
29995,,573.0,573.0,1293.0,1293.0,False,0.72,8.0,603415287,30.711018,104.10243
30538,,573.0,573.0,1293.0,1293.0,False,0.45,8.0,4550018961,30.6451526,104.0551296
51591,,573.0,573.0,1293.0,1293.0,False,0.4,8.0,4548211657,30.66568,104.03708
78564,,573.0,573.0,1293.0,1293.0,False,0.54,8.0,5375783894,30.6558234,103.9917165
98595,,573.0,573.0,1293.0,1293.0,False,0.5,8.0,4549993311,30.69681,104.04819
103560,,574.0,574.0,1294.0,1294.0,False,3.65,13.3,432442506,30.6676618,104.0058956
148613,,574.0,574.0,1294.0,1294.0,False,3.65,13.3,2309311911,30.6295001,104.0973287
150127,,574.0,574.0,1294.0,1294.0,False,3.65,13.3,1301933029,30.6533746,104.0700676
154812,,574.0,574.0,1294.0,1294.0,False,1.76,9.52,1492586175,30.6274052,104.064489
20039,,574.0,574.0,1294.0,1294.0,False,0.74,8.0,1156126882,30.67225,104.07111
39334,,574.0,574.0,1294.0,1294.0,False,0.17,8.0,4773199375,30.6718697,104.0140332
46640,,574.0,574.0,1294.0,1294.0,False,0.17,8.0,1916386555,30.6405831,104.0551372
66137,,574.0,574.0,1294.0,1294.0,False,1.28,8.56,3523298667,30.6334082,104.0476509
71257,,574.0,574.0,1294.0,1294.0,False,0.17,8.0,3541371609,30.6667124,104.053658
74572,,574.0,574.0,1294.0,1294.0,False,2.22,10.44,1301933029,30.6533746,104.0700676
154291,,575.0,575.0,1295.0,1295.0,False,2.17,10.34,1815741571,30.68585,104.0734
198291,,575.0,575.0,1295.0,1295.0,False,1.56,9.12,4699007269,30.613724,104.0362258
103571,,576.0,576.0,1296.0,1296.0,False,3.15,12.3,2039561230,30.6825509,104.1090115
140198,,576.0,576.0,1296.0,1296.0,False,2.29,10.58,4799100440,30.6501769,104.030402
149127,,576.0,576.0,1296.0,1296.0,False,0.32,8.0,5141468730,30.6358411,104.0963416
159423,,576.0,576.0,1296.0,1296.0,False,0.32,8.0,1305816742,30.65271,104.07898
44147,,576.0,576.0,1296.0,1296.0,False,2.03,10.06,4106681900,30.6095268,103.9954435
47652,,576.0,576.0,1296.0,1296.0,False,3.15,12.3,439752001,30.7266154,104.0425152
86700,,576.0,576.0,1296.0,1296.0,False,2.29,10.58,2676903521,30.6780823,103.9950907
7144,,577.0,577.0,1297.0,1297.0,False,0.98,8.0,1815855093,30.6665658,103.9745613
71596,,577.0,577.0,1297.0,1297.0,False,1.69,9.38,4549993224,30.6499123,103.9848337
89863,,577.0,577.0,1297.0,1297.0,False,1.95,9.9,1506557663,30.7165589,104.0721612
112864,,578.0,578.0,1298.0,1298.0,False,1.63,9.26,5375783431,30.623058,104.0027511
133218,,578.0,578.0,1298.0,1298.0,False,0.99,8.0,5213237274,30.6605933,104.059619
133436,,578.0,578.0,1298.0,1298.0,False,0.51,8.0,3087817493,30.6639983,104.0119996
135967,,578.0,578.0,1298.0,1298.0,False,0.16,8.0,4695701802,30.6126623,104.0198619
153846,,578.0,578.0,1298.0,1298.0,False,1.15,8.3,1311904408,30.6429752,104.0781897
157824,,578.0,578.0,1298.0,1298.0,False,0.74,8.0,2214043181,30.6243233,104.0874931
16064,,578.0,578.0,1298.0,1298.0,False,2.4,10.8,1159157712,30.6347269,104.1004368
167769,,578.0,578.0,1298.0,1298.0,False,0.18,8.0,314622901,30.644379,104.0389705
106228,,579.0,579.0,1299.0,1299.0,False,2.7,11.4,439751991,30.7147716,104.0275532
159915,,579.0,579.0,1299.0,1299.0,False,0.43,8.0,1305816733,30.647623,104.087326
170601,,579.0,579.0,1299.0,1299.0,False,1.22,8.44,4107377009,30.6310655,104.0041742
173035,,579.0,579.0,1299.0,1299.0,False,0.75,8.0,2696407816,30.621048,104.11199
18110,,579.0,579.0,1299.0,1299.0,False,0.69,8.0,1159136176,30.6595442,104.0888811
185842,,579.0,579.0,1299.0,1299.0,False,0.26,8.0,4701400718,30.6226227,104.0672305
193036,,579.0,579.0,1299.0,1299.0,False,0.42,8.0,1159143637,30.6673365,104.1027215
203371,,579.0,579.0,1299.0,1299.0,False,1.22,8.44,963638438,30.7017,104.04472
207246,,579.0,579.0,1299.0,1299.0,False,0.09,8.0,432442897,30.6650629,104.0266552
34031,,579.0,579.0,1299.0,1299.0,False,0.43,8.0,2712314631,30.7084,104.03679
105785,,580.0,580.0,1300.0,1300.0,False,1.66,9.32,2981319486,30.7081174,104.0085289
114472,,580.0,580.0,1300.0,1300.0,False,0.9,8.0,1819305278,30.638507,104.1071951
1773,,580.0,580.0,1300.0,1300.0,False,2.8,11.6,1916524774,30.6136126,104.0056424
186844,,580.0,580.0,1300.0,1300.0,False,2.8,11.6,4693609876,30.6319966,104.0696843
20162,,580.0,580.0,1300.0,1300.0,False,0.88,8.0,5053143846,30.7238487,104.0036091
21041,,580.0,580.0,1300.0,1300.0,False,1.62,9.24,5375783869,30.6540408,103.991111
12370,,581.0,581.0,1301.0,1301.0,False,0.52,8.0,3516887965,30.7091539,104.0183206
165226,,581.0,581.0,1301.0,1301.0,False,1.59,9.18,4989782356,30.6836681,104.0590065
28271,,581.0,581.0,1301.0,1301.0,False,0.48,8.0,1159134910,30.6613379,104.0909038
46825,,581.0,581.0,1301.0,1301.0,False,0.52,8.0,5213253123,30.697374,104.0889572
109814,,582.0,582.0,1302.0,1302.0,False,2.4,10.8,1159170633,30.6329783,104.0866246
135217,,582.0,582.0,1302.0,1302.0,False,0.33,8.0,2041527416,30.691367,104.095795
155737,,582.0,582.0,1302.0,1302.0,False,1.09,8.18,432442847,30.6692858,103.9955816
183176,,582.0,582.0,1302.0,1302.0,False,1.36,8.72,2727022874,30.6186808,104.0472214
196616,,582.0,582.0,1302.0,1302.0,False,0.65,8.0,432442882,30.6860971,103.9813332
206158,,582.0,582.0,1302.0,1302.0,False,1.68,9.36,3087817519,30.6769597,104.0078925
33591,,582.0,582.0,1302.0,1302.0,False,0.84,8.0,1159134910,30.6613379,104.0909038
55285,,582.0,582.0,1302.0,1302.0,False,2.44,10.88,2441172198,30.6749063,104.0074496
67028,,582.0,582.0,1302.0,1302.0,False,1.03,8.06,2923196175,30.7259467,104.0067958
8959,,582.0,582.0,1302.0,1302.0,False,1.95,9.9,4106681906,30.6128716,103.9924123
104539,,583.0,583.0,1303.0,1303.0,False,1.63,9.26,4695640584,30.6127957,104.0259355
106464,,583.0,583.0,1303.0,1303.0,False,0.11,8.0,2651714404,30.6687621,104.1160292
15429,,583.0,583.0,1303.0,1303.0,False,1.58,9.16,2712338399,30.7075724,104.0380361
161422,,583.0,583.0,1303.0,1303.0,False,0.4,8.0,432452910,30.631696,104.0690668
95280,,583.0,583.0,1303.0,1303.0,False,0.14,8.0,2981319492,30.7109051,104.0104793
107663,,584.0,584.0,1304.0,1304.0,False,1.42,8.84,5055911221,30.715029,104.104034
115783,,584.0,584.0,1304.0,1304.0,False,1.55,9.1,3034330085,30.66555,104.07799
169000,,584.0,584.0,1304.0,1304.0,False,0.94,8.0,3562099600,30.6520949,104.0268643
175743,,584.0,584.0,1304.0,1304.0,False,0.3,8.0,5141468721,30.6352058,104.093093
96458,,584.0,584.0,1304.0,1304.0,False,1.55,9.1,2539837357,30.705918,104.0933321
100726,,585.0,585.0,1305.0,1305.0,False,2.16,10.32,314623104,30.6469959,104.0389359
11817,,585.0,585.0,1305.0,1305.0,False,0.52,8.0,5141328772,30.6157441,104.0622497
167393,,585.0,585.0,1305.0,1305.0,False,0.53,8.0,4106681945,30.6258889,103.9904727
178215,,585.0,585.0,1305.0,1305.0,False,0.73,8.0,1159143437,30.66206,104.10124
60527,,585.0,585.0,1305.0,1305.0,False,2.16,10.32,4638105423,30.7093856,104.062371
75001,,585.0,585.0,1305.0,1305.0,False,2.1,10.2,4550769855,30.6318329,104.0996223
80364,,585.0,585.0,1305.0,1305.0,False,2.8,11.6,4550769468,30.6233807,104.1050183
121824,,586.0,586.0,1306.0,1306.0,False,0.1,8.0,1504208166,30.7074515,104.0956203
12243,,586.0,586.0,1306.0,1306.0,False,0.35,8.0,3633008400,30.666126,104.04059
169789,,586.0,586.0,1306.0,1306.0,False,0.68,8.0,1159170633,30.6329783,104.0866246
195872,,586.0,586.0,1306.0,1306.0,False,0.24,8.0,4699007259,30.6094835,104.0410273
200828,,586.0,586.0,1306.0,1306.0,False,0.68,8.0,5213238352,30.6408679,104.0419308
27579,,586.0,586.0,1306.0,1306.0,False,0.23,8.0,3069351793,30.6341013,103.977463
35430,,586.0,586.0,1306.0,1306.0,False,2.45,10.9,4294010428,30.7132945,104.0780989
41426,,586.0,586.0,1306.0,1306.0,False,2.62,11.24,3436486403,30.6402757,104.0470832
89944,,586.0,586.0,1306.0,1306.0,False,0.23,8.0,4693609813,30.6348708,104.0708702
93805,,586.0,586.0,1306.0,1306.0,False,0.35,8.0,5213253177,30.6629897,104.1116731
94835,,586.0,586.0,1306.0,1306.0,False,0.68,8.0,4550701397,30.62142,103.98069
147579,,587.0,587.0,1307.0,1307.0,False,1.83,9.66,672405830,30.656914,104.08045
149500,,587.0,587.0,1307.0,1307.0,False,1.09,8.18,288416399,30.6809746,104.0336018
192842,,587.0,587.0,1307.0,1307.0,False,1.09,8.18,1492604722,30.6224104,104.064625
54461,,587.0,587.0,1307.0,1307.0,False,2.79,11.58,4136052214,30.609436,104.0478919
6509,,587.0,587.0,1307.0,1307.0,False,1.09,8.18,1313065812,30.6294501,104.087285
127501,,588.0,588.0,1308.0,1308.0,False,0.98,8.0,1159176576,30.6273008,104.0583112
144932,,588.0,588.0,1308.0,1308.0,False,0.98,8.0,4693609807,30.6319618,104.0685098
162271,,588.0,588.0,1308.0,1308.0,False,1.4,8.8,2709174916,30.6290032,104.0791633
23954,,588.0,588.0,1308.0,1308.0,False,0.42,8.0,2039561228,30.688943,104.1165114
49213,,588.0,588.0,1308.0,1308.0,False,2.4,10.8,1459039172,30.6456299,104.1075605
70103,,588.0,588.0,1308.0,1308.0,False,0.61,8.0,5213253123,30.697374,104.0889572
92986,,588.0,588.0,1308.0,1308.0,False,2.19,10.38,4693610174,30.6359215,104.0662787
181235,,589.0,589.0,1309.0,1309.0,False,1.5,9.0,1159231411,30.68681,104.08274
187279,,589.0,589.0,1309.0,1309.0,False,0.69,8.0,2041527427,30.6900383,104.0915495
192585,,589.0,589.0,1309.0,1309.0,False,1.66,9.32,2823785851,30.6777102,104.0732137
195828,,589.0,589.0,1309.0,1309.0,False,1.06,8.12,4701464356,30.6141202,104.0561229
9893,,589.0,589.0,1309.0,1309.0,False,1.86,9.72,1492343256,30.6515882,104.0638064
208334,,590.0,590.0,1310.0,1310.0,False,1.78,9.56,5436607842,30.635981,104.0645143
32593,,590.0,590.0,1310.0,1310.0,False,1.37,8.74,4548259509,30.6709259,104.0296032
60640,,590.0,590.0,1310.0,1310.0,False,0.36,8.0,5375783994,30.6537375,103.9904559
11726,,591.0,591.0,1311.0,1311.0,False,1.44,8.88,4701577738,30.6486566,104.0721736
140595,,591.0,591.0,1311.0,1311.0,False,1.72,9.44,1159149121,30.65489,104.07317
157154,,591.0,591.0,1311.0,1311.0,False,2.23,10.46,504315336,30.7036181,104.1011062
80576,,591.0,591.0,1311.0,1311.0,False,1.72,9.44,4359390978,30.723514,104.0587727
104475,,592.0,592.0,1312.0,1312.0,False,0.51,8.0,4695640672,30.6178241,104.0260072
121821,,592.0,592.0,1312.0,1312.0,False,0.07,8.0,3691342454,30.6559007,104.0161812
2108,,592.0,592.0,1312.0,1312.0,False,0.28,8.0,4772430856,30.6779194,104.0052314
36839,,592.0,592.0,1312.0,1312.0,False,0.54,8.0,4548211488,30.6626513,104.0580698
57897,,592.0,592.0,1312.0,1312.0,False,1.95,9.9,432432525,30.6541574,104.0509847
68721,,592.0,592.0,1312.0,1312.0,False,1.95,9.9,4107377005,30.630086,104.0028101
115444,,593.0,593.0,1313.0,1313.0,False,0.96,8.0,2560005511,30.6295021,104.0209116
196903,,593.0,593.0,1313.0,1313.0,False,1.45,8.9,1313998761,30.63819,104.08571
206700,,593.0,593.0,1313.0,1313.0,False,2.0,10.0,3538911124,30.6260096,104.0879165
54419,,593.0,593.0,1313.0,1313.0,False,0.94,8.0,1460311248,30.6550785,104.1123548
157076,,594.0,594.0,1314.0,1314.0,False,0.6,8.0,5283966217,30.705777,104.0986108
165345,,594.0,594.0,1314.0,1314.0,False,0.67,8.0,4572407364,30.6940679,103.9763436
19089,,594.0,594.0,1314.0,1314.0,False,1.02,8.04,3069351952,30.6273042,103.980142
31684,,594.0,594.0,1314.0,1314.0,False,0.43,8.0,3680400071,30.6587536,104.0135099
119451,,595.0,595.0,1315.0,1315.0,False,2.29,10.58,4693647106,30.632803,104.0719674
19929,,595.0,595.0,1315.0,1315.0,False,0.23,8.0,4548211410,30.6785644,104.0488985
205227,,595.0,595.0,1315.0,1315.0,False,2.64,11.28,2956775867,30.6988103,104.0287998
38731,,595.0,595.0,1315.0,1315.0,False,1.45,8.9,4107389529,30.7217129,104.0136409
40715,,595.0,595.0,1315.0,1315.0,False,0.59,8.0,3199773576,30.7002634,104.1144517
76510,,595.0,595.0,1315.0,1315.0,False,1.72,9.44,1506395061,30.7051043,104.0755349
84091,,595.0,595.0,1315.0,1315.0,False,2.14,10.28,2041314680,30.68131,104.09725
175204,,596.0,596.0,1316.0,1316.0,False,1.45,8.9,4772216819,30.6797083,104.0068793
197271,,596.0,596.0,1316.0,1316.0,False,1.54,9.08,1159230555,30.68253,104.09073
206255,,596.0,596.0,1316.0,1316.0,False,0.46,8.0,1156126797,30.6699,104.04604
24004,,596.0,596.0,1316.0,1316.0,False,1.33,8.66,4549993076,30.6487446,103.9809058
108418,,597.0,597.0,1317.0,1317.0,False,0.41,8.0,4106682213,30.6666111,103.9778255
208273,,597.0,597.0,1317.0,1317.0,False,2.94,11.88,2690137358,30.7096802,104.0182155
47883,,597.0,597.0,1317.0,1317.0,False,1.69,9.38,3562047425,30.702148,104.07229
61907,,597.0,597.0,1317.0,1317.0,False,1.35,8.7,1305816733,30.64789,104.08814
138790,,598.0,598.0,1318.0,1318.0,False,2.13,10.26,4548258452,30.6874085,104.0522069
161236,,598.0,598.0,1318.0,1318.0,False,1.94,9.88,4106682207,30.6625883,103.9798102
19780,,598.0,598.0,1318.0,1318.0,False,1.72,9.44,2712272987,30.6882776,104.0577278
47076,,598.0,598.0,1318.0,1318.0,False,0.76,8.0,432442959,30.6827096,104.0142846
50997,,598.0,598.0,1318.0,1318.0,False,0.31,8.0,4394309249,30.6298845,104.0388088
14358,,599.0,599.0,1319.0,1319.0,False,1.63,9.26,4547074363,30.6091938,104.074839
147560,,599.0,599.0,1319.0,1319.0,False,1.39,8.78,3541389061,30.6833039,104.0322131
172883,,599.0,599.0,1319.0,1319.0,False,0.1,8.0,4695640636,30.6114832,104.0243946
185973,,599.0,599.0,1319.0,1319.0,False,1.32,8.64,1159477627,30.6743851,104.0517283
187421,,599.0,599.0,1319.0,1319.0,False,0.49,8.0,1445519247,30.6487037,104.0635151
484,,599.0,599.0,1319.0,1319.0,False,1.32,8.64,3562028074,30.6801297,104.1137765
51343,,599.0,599.0,1319.0,1319.0,False,1.23,8.46,4550018885,30.646439,104.01223
78119,,599.0,599.0,1319.0,1319.0,False,1.77,9.54,5422574961,30.6883373,104.0671693
98027,,599.0,599.0,1319.0,1319.0,False,0.49,8.0,1458981267,30.66232,104.09593
10956,,600.0,600.0,1320.0,1320.0,False,0.41,8.0,2135944704,30.6161217,104.0165029
142651,,600.0,600.0,1320.0,1320.0,False,0.48,8.0,1159149121,30.65428,104.07265
149563,,600.0,600.0,1320.0,1320.0,False,0.67,8.0,1500638622,30.68793,104.07956
180907,,600.0,600.0,1320.0,1320.0,False,0.26,8.0,5055911223,30.712507,104.11555
192087,,600.0,600.0,1320.0,1320.0,False,2.23,10.46,1159131458,30.66928,104.06032
39199,,600.0,600.0,1320.0,1320.0,False,2.23,10.46,1916530818,30.6193991,103.9686301
50706,,600.0,600.0,1320.0,1320.0,False,2.19,10.38,4748173617,30.623765,104.018185
